vendor,kind,gpu_family_id,family,series,segment,codename,arch,model,model_full,cores,p_cores,e_cores,threads,base_clock,boost_clock,all_core_boost,l2_cache,l3_cache,tdp,tdp_config_up,process,socket,socket_count,pcie_gen,pcie_lanes,mem_type,mem_channels,mem_speed,mem_max_capacity,ecc,cxl,upi_links,igpu_model,igpu_cores,igpu_clock,npu_tops,launch_date,launch_price_usd,part_number,source_url,source_tier,confidence,notes
AMD,cpu,,EPYC,EPYC 9006 Series,datacenter,Venice SP7,EPYC 9006 Series,EPYC 9996,AMD EPYC 9996,256,,,512,2.55 GHz,4.10 GHz,,,1024 MB,600W,,,SP7,1P / 2P,6.0,,DDR5 RDIMM | MRDIMM,16,8000 MT/s / 12800 MT/s,,yes,,,,,,,,14904,100-000001041,https://www.amd.com/en/products/specifications/server-processor.html,1,high,1024 GB/s / 1638 GB/s
AMD,cpu,,EPYC,EPYC 9006 Series,datacenter,Venice SP7,EPYC 9006 Series,EPYC 9966,AMD EPYC 9966,192,,,384,2.90 GHz,4.00 GHz,,,768 MB,600W,,,SP7,1P / 2P,6.0,,DDR5 RDIMM | MRDIMM,16,8000 MT/s / 12800 MT/s,,yes,,,,,,,,14079,100-000002189,https://www.amd.com/en/products/specifications/server-processor.html,1,high,1024 GB/s / 1638 GB/s
AMD,cpu,,EPYC,EPYC 9006 Series,datacenter,Venice SP7,EPYC 9006 Series,EPYC 9846,AMD EPYC 9846,168,,,336,2.85 GHz,3.70 GHz,,,768 MB,500W,,,SP7,1P / 2P,6.0,,DDR5 RDIMM | MRDIMM,16,8000 MT/s / 12800 MT/s,,yes,,,,,,,,13114,100-000001044,https://www.amd.com/en/products/specifications/server-processor.html,1,high,1024 GB/s / 1638 GB/s
AMD,cpu,,EPYC,EPYC 9006 Series,datacenter,Venice SP7,EPYC 9006 Series,EPYC 9756,AMD EPYC 9756,128,,,256,3.15 GHz,4.00 GHz,,,512 MB,500W,,,SP7,1P / 2P,6.0,,DDR5 RDIMM | MRDIMM,16,8000 MT/s / 12800 MT/s,,yes,,,,,,,,12498,100-000001046,https://www.amd.com/en/products/specifications/server-processor.html,1,high,1024 GB/s / 1638 GB/s
AMD,cpu,,EPYC,EPYC 9006 Series,datacenter,Venice SP7,EPYC 9006 Series,EPYC 9G76,AMD EPYC 9G76,96,,,192,3.40 GHz,4.80 GHz,,,384 MB,500W,,,SP7,1P / 2P,6.0,,DDR5 RDIMM | MRDIMM,16,8000 MT/s / 12800 MT/s,,yes,,,,,,,,11622,100-000002120,https://www.amd.com/en/products/specifications/server-processor.html,1,high,1024 GB/s / 1638 GB/s
AMD,cpu,,EPYC,EPYC 9006 Series,datacenter,Venice SP7,EPYC 9006 Series,EPYC 9656,AMD EPYC 9656,96,,,192,3.05 GHz,3.70 GHz,,,512 MB,400W,,,SP7,1P / 2P,6.0,,DDR5 RDIMM | MRDIMM,16,8000 MT/s / 12800 MT/s,,yes,,,,,,,,9713,100-000001048,https://www.amd.com/en/products/specifications/server-processor.html,1,high,1024 GB/s / 1638 GB/s
AMD,cpu,,EPYC,EPYC 9006 Series,datacenter,Venice SP7,EPYC 9006 Series,EPYC 9686F,AMD EPYC 9686F,96,,,192,3.40 GHz,5.00 GHz,,,384 MB,500W,,,SP7,1P / 2P,6.0,,DDR5 RDIMM | MRDIMM,16,8000 MT/s / 12800 MT/s,,yes,,,,,,,,11434,100-000001644,https://www.amd.com/en/products/specifications/server-processor.html,1,high,1024 GB/s / 1638 GB/s
AMD,cpu,,EPYC,EPYC 9006 Series,datacenter,Venice SP7,EPYC 9006 Series,EPYC 9556,AMD EPYC 9556,64,,,128,2.75 GHz,4.30 GHz,,,384 MB,300W,,,SP7,1P / 2P,6.0,,DDR5 RDIMM | MRDIMM,16,8000 MT/s / 12800 MT/s,,yes,,,,,,,,8008,100-000001647,https://www.amd.com/en/products/specifications/server-processor.html,1,high,1024 GB/s / 1638 GB/s
AMD,cpu,,EPYC,EPYC 9006 Series,datacenter,Venice SP7,EPYC 9006 Series,EPYC 9586F,AMD EPYC 9586F,64,,,128,3.75 GHz,5.00 GHz,,,384 MB,500W,,,SP7,1P / 2P,6.0,,DDR5 RDIMM | MRDIMM,16,8000 MT/s / 12800 MT/s,,yes,,,,,,,,9701,100-000001645,https://www.amd.com/en/products/specifications/server-processor.html,1,high,1024 GB/s / 1628 GB/s
AMD,cpu,,EPYC,EPYC 9006 Series,datacenter,Venice SP8,EPYC 9006 Series,EPYC 9746,AMD EPYC 9746,128,,,256,2.90 GHz,4.00 GHz,,,512 MB,400W,,,SP8,1P / 2P,6.0,,DDR5 RDIMM | MRDIMM,8,8000 MT/s / 12800 MT/s,,yes,,,,,,,,11679,100-000001261,https://www.amd.com/en/products/specifications/server-processor.html,1,high,512 GB/s / 819.2 GB/s
AMD,cpu,,EPYC,EPYC 9006 Series,datacenter,Venice SP8,EPYC 9006 Series,EPYC 9736P,AMD EPYC 9736P,128,,,256,2.70 GHz,3.70 GHz,,,256 MB,360W,,,SP8,1P,6.0,,DDR5 RDIMM | MRDIMM,8,8000 MT/s / 12800 MT/s,,yes,,,,,,,,9989,100-000002104,https://www.amd.com/en/products/specifications/server-processor.html,1,high,512 GB/s / 819.2 GB/s
AMD,cpu,,EPYC,EPYC 9006 Series,datacenter,Venice SP8,EPYC 9006 Series,EPYC 9736,AMD EPYC 9736,128,,,256,2.70 GHz,3.70 GHz,,,256 MB,360W,,,SP8,1P / 2P,6.0,,DDR5 RDIMM | MRDIMM,8,8000 MT/s / 12800 MT/s,,yes,,,,,,,,10639,100-000002103,https://www.amd.com/en/products/specifications/server-processor.html,1,high,512 GB/s / 819.2 GB/s
AMD,cpu,,EPYC,EPYC 9006 Series,datacenter,Venice SP8,EPYC 9006 Series,EPYC 9676F,AMD EPYC 9676F,96,,,192,3.10 GHz,5.00 GHz,,,384 MB,400W,,,SP8,1P / 2P,6.0,,DDR5 RDIMM | MRDIMM,8,8000 MT/s / 12800 MT/s,,yes,,,,,,,,10116,100-000001660,https://www.amd.com/en/products/specifications/server-processor.html,1,high,512 GB/s / 819.2 GB/s
AMD,cpu,,EPYC,EPYC 9006 Series,datacenter,Venice SP8,EPYC 9006 Series,EPYC 9646P,AMD EPYC 9646P,96,,,192,2.80 GHz,3.70 GHz,,,256 MB,300W,,,SP8,1P,6.0,,DDR5 RDIMM | MRDIMM,8,8000 MT/s / 12800 MT/s,,yes,,,,,,,,8001,100-000001896,https://www.amd.com/en/products/specifications/server-processor.html,1,high,512 GB/s / 819.2 GB/s
AMD,cpu,,EPYC,EPYC 9006 Series,datacenter,Venice SP8,EPYC 9006 Series,EPYC 9646,AMD EPYC 9646,96,,,192,2.80 GHz,3.70 GHz,,,256 MB,300W,,,SP8,1P / 2P,6.0,,DDR5 RDIMM | MRDIMM,8,8000 MT/s / 12800 MT/s,,yes,,,,,,,,8904,100-000001262,https://www.amd.com/en/products/specifications/server-processor.html,1,high,512 GB/s / 819.2 GB/s
AMD,cpu,,EPYC,EPYC 9006 Series,datacenter,Venice SP8,EPYC 9006 Series,EPYC 9576F,AMD EPYC 9576F,64,,,128,3.55 GHz,5.00 GHz,,,384 MB,400W,,,SP8,1P / 2P,6.0,,DDR5 RDIMM | MRDIMM,8,8000 MT/s / 12800 MT/s,,yes,,,,,,,,9431,100-000001661,https://www.amd.com/en/products/specifications/server-processor.html,1,high,512 GB/s / 819.2 GB/s
AMD,cpu,,EPYC,EPYC 9006 Series,datacenter,Venice SP8,EPYC 9006 Series,EPYC 9536P,AMD EPYC 9536P,64,,,128,3.25 GHz,4.00 GHz,,,256 MB,300W,,,SP8,1P,6.0,,DDR5 RDIMM | MRDIMM,8,8000 MT/s / 12800 MT/s,,yes,,,,,,,,6595,100-000002105,https://www.amd.com/en/products/specifications/server-processor.html,1,high,512 GB/s / 819.2 GB/s
AMD,cpu,,EPYC,EPYC 9006 Series,datacenter,Venice SP8,EPYC 9006 Series,EPYC 9536,AMD EPYC 9536,64,,,128,3.25 GHz,4.00 GHz,,,256 MB,300W,,,SP8,1P / 2P,6.0,,DDR5 RDIMM | MRDIMM,8,8000 MT/s / 12800 MT/s,,yes,,,,,,,,7837,100-000001263,https://www.amd.com/en/products/specifications/server-processor.html,1,high,512 GB/s / 819.2 GB/s
AMD,cpu,,EPYC,EPYC 9006 Series,datacenter,Venice SP8,EPYC 9006 Series,EPYC 9526,AMD EPYC 9526,64,,,128,2.75 GHz,3.70 GHz,,,256 MB,220W,,,SP8,1P / 2P,6.0,,DDR5 RDIMM | MRDIMM,8,8000 MT/s / 12800 MT/s,,yes,,,,,,,,7123,100-000001264,https://www.amd.com/en/products/specifications/server-processor.html,1,high,512 GB/s / 819.2 GB/s
AMD,cpu,,EPYC,EPYC 9006 Series,datacenter,Venice SP8,EPYC 9006 Series,EPYC 9476F,AMD EPYC 9476F,48,,,96,3.65 GHz,5.00 GHz,,,192 MB,330W,,,SP8,1P / 2P,6.0,,DDR5 RDIMM | MRDIMM,8,8000 MT/s / 12800 MT/s,,yes,,,,,,,,6695,100-000002099,https://www.amd.com/en/products/specifications/server-processor.html,1,high,512 GB/s / 819.2 GB/s
AMD,cpu,,EPYC,EPYC 9006 Series,datacenter,Venice SP8,EPYC 9006 Series,EPYC 9456P,AMD EPYC 9456P,48,,,96,3.20 GHz,3.70 GHz,,,256 MB,265W,,,SP8,1P,6.0,,DDR5 RDIMM | MRDIMM,8,8000 MT/s / 12800 MT/s,,yes,,,,,,,,4628,100-000001890,https://www.amd.com/en/products/specifications/server-processor.html,1,high,512 GB/s / 819.2 GB/s
AMD,cpu,,EPYC,EPYC 9006 Series,datacenter,Venice SP8,EPYC 9006 Series,EPYC 9456,AMD EPYC 9456,48,,,96,3.20 GHz,3.70 GHz,,,256 MB,265W,,,SP8,1P / 2P,6.0,,DDR5 RDIMM | MRDIMM,8,8000 MT/s / 12800 MT/s,,yes,,,,,,,,5252,100-000001666,https://www.amd.com/en/products/specifications/server-processor.html,1,high,512 GB/s / 819.2 GB/s
AMD,cpu,,EPYC,EPYC 9006 Series,datacenter,Venice SP8,EPYC 9006 Series,EPYC 9376F,AMD EPYC 9376F,32,,,64,3.80 GHz,5.00 GHz,,,192 MB,285W,,,SP8,1P / 2P,6.0,,DDR5 RDIMM | MRDIMM,8,8000 MT/s / 12800 MT/s,,yes,,,,,,,,4849,100-000001663,https://www.amd.com/en/products/specifications/server-processor.html,1,high,512 GB/s / 819.2 GB/s
AMD,cpu,,EPYC,EPYC 9006 Series,datacenter,Venice SP8,EPYC 9006 Series,EPYC 9356P,AMD EPYC 9356P,32,,,64,3.60 GHz,4.50 GHz,,,192 MB,250W,,,SP8,1P,6.0,,DDR5 RDIMM | MRDIMM,8,8000 MT/s / 12800 MT/s,,yes,,,,,,,,2795,100-000001891,https://www.amd.com/en/products/specifications/server-processor.html,1,high,512 GB/s / 819.2 GB/s
AMD,cpu,,EPYC,EPYC 9006 Series,datacenter,Venice SP8,EPYC 9006 Series,EPYC 9356,AMD EPYC 9356,32,,,64,3.60 GHz,4.50 GHz,,,192 MB,250W,,,SP8,1P / 2P,6.0,,DDR5 RDIMM | MRDIMM,8,8000 MT/s / 12800 MT/s,,yes,,,,,,,,3789,100-000001667,https://www.amd.com/en/products/specifications/server-processor.html,1,high,512 GB/s / 819.2 GB/s
AMD,cpu,,EPYC,EPYC 9006 Series,datacenter,Venice SP8,EPYC 9006 Series,EPYC 9336,AMD EPYC 9336,32,,,64,3.15 GHz,3.70 GHz,,,128 MB,195W,,,SP8,1P / 2P,6.0,,DDR5 RDIMM | MRDIMM,8,8000 MT/s / 12800 MT/s,,yes,,,,,,,,3320,100-000001265,https://www.amd.com/en/products/specifications/server-processor.html,1,high,512 GB/s / 819.2 GB/s
AMD,cpu,,EPYC,EPYC 9006 Series,datacenter,Venice SP8,EPYC 9006 Series,EPYC 9276F,AMD EPYC 9276F,24,,,48,3.80 GHz,5.00 GHz,,,96 MB,230W,,,SP8,1P / 2P,6.0,,DDR5 RDIMM | MRDIMM,8,8000 MT/s / 12800 MT/s,,yes,,,,,,,,3512,100-000002100,https://www.amd.com/en/products/specifications/server-processor.html,1,high,512 GB/s / 819.2 GB/s
AMD,cpu,,EPYC,EPYC 9006 Series,datacenter,Venice SP8,EPYC 9006 Series,EPYC 9256,AMD EPYC 9256,24,,,48,2.85 GHz,4.50 GHz,,,96 MB,190W,,,SP8,1P / 2P,6.0,,DDR5 RDIMM | MRDIMM,8,8000 MT/s / 12800 MT/s,,yes,,,,,,,,2501,100-000001669,https://www.amd.com/en/products/specifications/server-processor.html,1,high,512 GB/s / 819.2 GB/s
AMD,cpu,,EPYC,EPYC 9006 Series,datacenter,Venice SP8,EPYC 9006 Series,EPYC 9176F,AMD EPYC 9176F,16,,,32,3.90 GHz,5.00 GHz,,,192 MB,200W,,,SP8,1P / 2P,6.0,,DDR5 RDIMM | MRDIMM,8,8000 MT/s / 12800 MT/s,,yes,,,,,,,,3787,100-000001664,https://www.amd.com/en/products/specifications/server-processor.html,1,high,512 GB/s / 819.2 GB/s
AMD,cpu,,EPYC,EPYC 9006 Series,datacenter,Venice SP8,EPYC 9006 Series,EPYC 9116,AMD EPYC 9116,16,,,32,2.85 GHz,4.50 GHz,,,48 MB,160W,,,SP8,1P / 2P,6.0,,DDR5 RDIMM | MRDIMM,8,8000 MT/s / 12800 MT/s,,yes,,,,,,,,1200,100-000001665,https://www.amd.com/en/products/specifications/server-processor.html,1,high,512 GB/s / 819.2 GB/s
AMD,cpu,,EPYC,EPYC 9006 Series,datacenter,Venice SP8,EPYC 9006 Series,EPYC 9016,AMD EPYC 9016,8,,,16,3.05 GHz,4.80 GHz,,,48 MB,130W,,,SP8,1P / 2P,6.0,,DDR5 RDIMM | MRDIMM,8,8000 MT/s / 12800 MT/s,,yes,,,,,,,,700,100-000001671,https://www.amd.com/en/products/specifications/server-processor.html,1,high,512 GB/s / 819.2 GB/s
AMD,cpu,,EPYC,EPYC 9005 Series,datacenter,Turin Dense,EPYC 9005 Series,EPYC 9965,AMD EPYC 9965,192,,,384,2.25 GHz,3.70 GHz,3.35 GHz,,384 MB,500W,,,SP5,1P / 2P,5.0,,DDR5,12,Up to 6400 MT/s,,yes,,,,,,,2024-Q4,11988,100-000000976,https://www.amd.com/en/products/specifications/server-processor.html,1,high,614 GB/s
AMD,cpu,,EPYC,EPYC 9005 Series,datacenter,Turin Dense,EPYC 9005 Series,EPYC 9845,AMD EPYC 9845,160,,,320,2.10 GHz,3.70 GHz,3.25 GHz,,320 MB,390W,,,SP5,1P / 2P,5.0,,DDR5,12,Up to 6400 MT/s,,yes,,,,,,,2024-Q4,11411,100-000001458,https://www.amd.com/en/products/specifications/server-processor.html,1,high,614 GB/s
AMD,cpu,,EPYC,EPYC 9005 Series,datacenter,Turin Dense,EPYC 9005 Series,EPYC 9825,AMD EPYC 9825,144,,,288,2.20 GHz,3.70 GHz,3.30 GHz,,384 MB,390W,,,SP5,1P / 2P,5.0,,DDR5,12,Up to 6400 MT/s,,yes,,,,,,,2024-Q4,11053,100-000000837,https://www.amd.com/en/products/specifications/server-processor.html,1,high,614 GB/s
AMD,cpu,,EPYC,EPYC 9005 Series,datacenter,Turin,EPYC 9005 Series,EPYC 9755,AMD EPYC 9755,128,,,256,2.70 GHz,4.10 GHz,4.10 GHz,,512 MB,500W,,,SP5,1P / 2P,5.0,,DDR5,12,Up to 6400 MT/s,,yes,,,,,,,2024-Q4,10931,100-000001443,https://www.amd.com/en/products/specifications/server-processor.html,1,high,614 GB/s
AMD,cpu,,EPYC,EPYC 9005 Series,datacenter,Turin Dense,EPYC 9005 Series,EPYC 9745,AMD EPYC 9745,128,,,256,2.40 GHz,3.70 GHz,3.45 GHz,,256 MB,400W,,,SP5,1P / 2P,5.0,,DDR5,12,Up to 6400 MT/s,,yes,,,,,,,2024-Q4,10588,100-000001460,https://www.amd.com/en/products/specifications/server-processor.html,1,high,614 GB/s
AMD,cpu,,EPYC,EPYC 9005 Series,datacenter,Turin,EPYC 9005 Series,EPYC 9655P,AMD EPYC 9655P,96,,,192,2.60 GHz,4.50 GHz,4.10 GHz,,384 MB,400W,,,SP5,1P,5.0,,DDR5,12,Up to 6400 MT/s,,yes,,,,,,,2024-Q4,7958,100-000001522,https://www.amd.com/en/products/specifications/server-processor.html,1,high,614 GB/s
AMD,cpu,,EPYC,EPYC 9005 Series,datacenter,Turin,EPYC 9005 Series,EPYC 9655,AMD EPYC 9655,96,,,192,2.60 GHz,4.50 GHz,4.10 GHz,,384 MB,400W,,,SP5,1P / 2P,5.0,,DDR5,12,Up to 6400 MT/s,,yes,,,,,,,2024-Q4,8999,100-000000674,https://www.amd.com/en/products/specifications/server-processor.html,1,high,614 GB/s
AMD,cpu,,EPYC,EPYC 9005 Series,datacenter,Turin Dense,EPYC 9005 Series,EPYC 9645,AMD EPYC 9645,96,,,192,2.30 GHz,3.70 GHz,3.30 GHz,,256 MB,320W,,,SP5,1P / 2P,5.0,,DDR5,12,Up to 6400 MT/s,,yes,,,,,,,2024-Q4,8495,100-000001461,https://www.amd.com/en/products/specifications/server-processor.html,1,high,614 GB/s
AMD,cpu,,EPYC,EPYC 9005 Series,datacenter,Turin,EPYC 9005 Series,EPYC 9575F,AMD EPYC 9575F,64,,,128,3.30 GHz,5.00 GHz,4.50 GHz,,256 MB,400W,,,SP5,1P / 2P,5.0,,DDR5,12,Up to 6400 MT/s,,yes,,,,,,,2024-Q4,9238,100-000001554,https://www.amd.com/en/products/specifications/server-processor.html,1,high,614 GB/s
AMD,cpu,,EPYC,EPYC 9005 Series,datacenter,Turin,EPYC 9005 Series,EPYC 9565,AMD EPYC 9565,72,,,144,3.15 GHz,4.30 GHz,4.20 GHz,,384 MB,400W,,,SP5,1P / 2P,5.0,,DDR5,12,Up to 6400 MT/s,,yes,,,,,,,2024-Q4,8233,100-000001447,https://www.amd.com/en/products/specifications/server-processor.html,1,high,614 GB/s
AMD,cpu,,EPYC,EPYC 9005 Series,datacenter,Turin,EPYC 9005 Series,EPYC 9555P,AMD EPYC 9555P,64,,,128,3.20 GHz,4.40 GHz,4.20 GHz,,256 MB,360W,,,SP5,1P,5.0,,DDR5,12,Up to 6400 MT/s,,yes,,,,,,,2024-Q4,6130,100-000001523,https://www.amd.com/en/products/specifications/server-processor.html,1,high,614 GB/s
AMD,cpu,,EPYC,EPYC 9005 Series,datacenter,Turin,EPYC 9005 Series,EPYC 9555,AMD EPYC 9555,64,,,128,3.20 GHz,4.40 GHz,4.20 GHz,,256 MB,360W,,,SP5,1P / 2P,5.0,,DDR5,12,Up to 6400 MT/s,,yes,,,,,,,2024-Q4,7973,100-000001142,https://www.amd.com/en/products/specifications/server-processor.html,1,high,614 GB/s
AMD,cpu,,EPYC,EPYC 9005 Series,datacenter,Turin,EPYC 9005 Series,EPYC 9535,AMD EPYC 9535,64,,,128,2.40 GHz,4.30 GHz,3.50 GHz,,256 MB,300W,,,SP5,1P / 2P,5.0,,DDR5,12,Up to 6400 MT/s,,yes,,,,,,,2024-Q4,7439,100-000001147,https://www.amd.com/en/products/specifications/server-processor.html,1,high,614 GB/s
AMD,cpu,,EPYC,EPYC 9005 Series,datacenter,Turin,EPYC 9005 Series,EPYC 9475F,AMD EPYC 9475F,48,,,96,3.65 GHz,4.80 GHz,4.40 GHz,,256 MB,400W,,,SP5,1P / 2P,5.0,,DDR5,12,Up to 6400 MT/s,,yes,,,,,,,2024-Q4,6539,100-000001143,https://www.amd.com/en/products/specifications/server-processor.html,1,high,614 GB/s
AMD,cpu,,EPYC,EPYC 9005 Series,datacenter,Turin,EPYC 9005 Series,EPYC 9455P,AMD EPYC 9455P,48,,,96,3.15 GHz,4.40 GHz,4.10 GHz,,256 MB,300W,,,SP5,1P,5.0,,DDR5,12,Up to 6400 MT/s,,yes,,,,,,,2024-Q4,4366,100-000001563,https://www.amd.com/en/products/specifications/server-processor.html,1,high,614 GB/s
AMD,cpu,,EPYC,EPYC 9005 Series,datacenter,Turin,EPYC 9005 Series,EPYC 9455,AMD EPYC 9455,48,,,96,3.15 GHz,4.40 GHz,4.10 GHz,,256 MB,300W,,,SP5,1P / 2P,5.0,,DDR5,12,Up to 6400 MT/s,,yes,,,,,,,2024-Q4,4959,100-000001542,https://www.amd.com/en/products/specifications/server-processor.html,1,high,614 GB/s
AMD,cpu,,EPYC,EPYC 9005 Series,datacenter,Turin,EPYC 9005 Series,EPYC 9375F,AMD EPYC 9375F,32,,,64,3.80 GHz,4.80 GHz,4.40 GHz,,256 MB,320W,,,SP5,1P / 2P,5.0,,DDR5,12,Up to 6400 MT/s,,yes,,,,,,,2024-Q4,4753,100-000001197,https://www.amd.com/en/products/specifications/server-processor.html,1,high,614 GB/s
AMD,cpu,,EPYC,EPYC 9005 Series,datacenter,Turin,EPYC 9005 Series,EPYC 9365,AMD EPYC 9365,36,,,72,3.40 GHz,4.30 GHz,4.15 GHz,,192 MB,300W,,,SP5,1P / 2P,5.0,,DDR5,12,Up to 6400 MT/s,,yes,,,,,,,2024-Q4,3788,100-000001448,https://www.amd.com/en/products/specifications/server-processor.html,1,high,614 GB/s
AMD,cpu,,EPYC,EPYC 9005 Series,datacenter,Turin,EPYC 9005 Series,EPYC 9355P,AMD EPYC 9355P,32,,,64,3.55 GHz,4.40 GHz,4.20 GHz,,256 MB,280W,,,SP5,1P,5.0,,DDR5,12,Up to 6400 MT/s,,yes,,,,,,,2024-Q4,2598,100-000001521,https://www.amd.com/en/products/specifications/server-processor.html,1,high,614 GB/s
AMD,cpu,,EPYC,EPYC 9005 Series,datacenter,Turin,EPYC 9005 Series,EPYC 9355,AMD EPYC 9355,32,,,64,3.55 GHz,4.40 GHz,4.20 GHz,,256 MB,280W,,,SP5,1P / 2P,5.0,,DDR5,12,Up to 6400 MT/s,,yes,,,,,,,2024-Q4,3694,100-000001148,https://www.amd.com/en/products/specifications/server-processor.html,1,high,614 GB/s
AMD,cpu,,EPYC,EPYC 9005 Series,datacenter,Turin,EPYC 9005 Series,EPYC 9335,AMD EPYC 9335,32,,,64,3.00 GHz,4.40 GHz,4.00 GHz,,128 MB,210W,,,SP5,1P / 2P,5.0,,DDR5,12,Up to 6400 MT/s,,yes,,,,,,,2024-Q4,3178,100-000001149,https://www.amd.com/en/products/specifications/server-processor.html,1,high,614 GB/s
AMD,cpu,,EPYC,EPYC 9005 Series,datacenter,Turin,EPYC 9005 Series,EPYC 9275F,AMD EPYC 9275F,24,,,48,4.10 GHz,4.80 GHz,4.50 GHz,,256 MB,320W,,,SP5,1P / 2P,5.0,,DDR5,12,Up to 6400 MT/s,,yes,,,,,,,2024-Q4,3439,100-000001144,https://www.amd.com/en/products/specifications/server-processor.html,1,high,614 GB/s
AMD,cpu,,EPYC,EPYC 9005 Series,datacenter,Turin,EPYC 9005 Series,EPYC 9255,AMD EPYC 9255,24,,,48,3.20 GHz,4.30 GHz,4.00 GHz,,128 MB,200W,,,SP5,1P / 2P,5.0,,DDR5,12,Up to 6400 MT/s,,yes,,,,,,,2024-Q4,2495,100-000000694,https://www.amd.com/en/products/specifications/server-processor.html,1,high,614 GB/s
AMD,cpu,,EPYC,EPYC 9005 Series,datacenter,Turin,EPYC 9005 Series,EPYC 9175F,AMD EPYC 9175F,16,,,32,4.20 GHz,5.00 GHz,4.55 GHz,,512 MB,320W,,,SP5,1P / 2P,5.0,,DDR5,12,Up to 6400 MT/s,,yes,,,,,,,2024-Q4,3703,100-000001145,https://www.amd.com/en/products/specifications/server-processor.html,1,high,614 GB/s
AMD,cpu,,EPYC,EPYC 9005 Series,datacenter,Turin,EPYC 9005 Series,EPYC 9135,AMD EPYC 9135,16,,,32,3.65 GHz,4.30 GHz,4.25 GHz,,64 MB,200W,,,SP5,1P / 2P,5.0,,DDR5,12,Up to 6400 MT/s,,yes,,,,,,,2024-Q4,1214,100-000001150,https://www.amd.com/en/products/specifications/server-processor.html,1,high,614 GB/s
AMD,cpu,,EPYC,EPYC 9005 Series,datacenter,Turin,EPYC 9005 Series,EPYC 9115,AMD EPYC 9115,16,,,32,2.60 GHz,4.10 GHz,3.30 GHz,,64 MB,125W,,,SP5,1P / 2P,5.0,,DDR5,12,Up to 6400 MT/s,,yes,,,,,,,2024-Q4,726,100-000001552,https://www.amd.com/en/products/specifications/server-processor.html,1,high,614 GB/s
AMD,cpu,,EPYC,EPYC 9005 Series,datacenter,Turin,EPYC 9005 Series,EPYC 9015,AMD EPYC 9015,8,,,16,3.60 GHz,4.10 GHz,3.95 GHz,,64 MB,125W,,,SP5,1P / 2P,5.0,,DDR5,12,Up to 6400 MT/s,,yes,,,,,,,2024-Q4,527,100-000001553,https://www.amd.com/en/products/specifications/server-processor.html,1,high,614 GB/s
AMD,cpu,,EPYC,EPYC 8005 Series,datacenter,Sorano,EPYC 8005 Series,EPYC 8635P,AMD EPYC 8635P,84,,,168,1.60 GHz,4.50 GHz,3.45 GHz,,384 MB,225W,,,SP6,1P,5.0,96,DDR5,6,Up to 6400 MT/s,,yes,,,,,,,2026-Q2,5799,100-000002157,https://www.amd.com/en/products/specifications/server-processor.html,1,high,307 GB/s
AMD,cpu,,EPYC,EPYC 8005 Series,datacenter,Sorano,EPYC 8005 Series,EPYC 8535P,AMD EPYC 8535P,64,,,128,2.00 GHz,4.50 GHz,3.75 GHz,,256 MB,210W,,,SP6,1P,5.0,96,DDR5,6,Up to 6400 MT/s,,yes,,,,,,,2026-Q2,5499,100-000002158,https://www.amd.com/en/products/specifications/server-processor.html,1,high,307 GB/s
AMD,cpu,,EPYC,EPYC 8005 Series,datacenter,Sorano,EPYC 8005 Series,EPYC 8435P,AMD EPYC 8435P,48,,,96,2.45 GHz,4.50 GHz,3.85 GHz,,256 MB,200W,,,SP6,1P,5.0,96,DDR5,6,Up to 6400 MT/s,,yes,,,,,,,2026-Q2,3099,100-000002159,https://www.amd.com/en/products/specifications/server-processor.html,1,high,307 GB/s
AMD,cpu,,EPYC,EPYC 8005 Series,datacenter,Sorano,EPYC 8005 Series,EPYC 8325P,AMD EPYC 8325P,32,,,64,2.70 GHz,4.50 GHz,3.85 GHz,,256 MB,175W,,,SP6,1P,5.0,96,DDR5,6,Up to 6400 MT/s,,yes,,,,,,,2026-Q2,2299,100-000002160,https://www.amd.com/en/products/specifications/server-processor.html,1,high,307 GB/s
AMD,cpu,,EPYC,EPYC 8005 Series,datacenter,Sorano,EPYC 8005 Series,EPYC 8225P,AMD EPYC 8225P,24,,,48,2.95 GHz,4.50 GHz,4.10 GHz,,128 MB,160W,,,SP6,1P,5.0,96,DDR5,6,Up to 6400 MT/s,,yes,,,,,,,2026-Q2,1079,100-000002161,https://www.amd.com/en/products/specifications/server-processor.html,1,high,307 GB/s
AMD,cpu,,EPYC,EPYC 8005 Series,datacenter,Sorano,EPYC 8005 Series,EPYC 8125P,AMD EPYC 8125P,16,,,32,2.65 GHz,4.50 GHz,3.80 GHz,,128 MB,125W,,,SP6,1P,5.0,96,DDR5,6,Up to 6400 MT/s,,yes,,,,,,,2026-Q2,799,100-000002162,https://www.amd.com/en/products/specifications/server-processor.html,1,high,307 GB/s
AMD,cpu,,EPYC,EPYC 8005 Series,datacenter,Sorano,EPYC 8005 Series,EPYC 8025P,AMD EPYC 8025P,8,,,16,2.90 GHz,4.50 GHz,4.25 GHz,,64 MB,95W,,,SP6,1P,5.0,96,DDR5,6,Up to 6400 MT/s,,yes,,,,,,,2026-Q2,529,100-000002163,https://www.amd.com/en/products/specifications/server-processor.html,1,high,307 GB/s
AMD,cpu,,EPYC,EPYC 4005 Series,datacenter,Grado,EPYC 4005 Series,EPYC 4585PX,AMD EPYC 4585PX,16,,,32,4.30 GHz,5.70 GHz,,,128 MB,170W,,,AM5,1P,5.0,28,DDR5,2,Up to 5600 MT/s,,yes,,,,,,,2025-Q2,699,100-000001561,https://www.amd.com/en/products/specifications/server-processor.html,1,high,89.6 GB/s
AMD,cpu,,EPYC,EPYC 4005 Series,datacenter,Grado,EPYC 4005 Series,EPYC 4565P,AMD EPYC 4565P,16,,,32,4.30 GHz,5.70 GHz,,,64 MB,170W,,,AM5,1P,5.0,28,DDR5,2,Up to 5600 MT/s,,yes,,,,,,,2025-Q2,589,100-000001559,https://www.amd.com/en/products/specifications/server-processor.html,1,high,89.6 GB/s
AMD,cpu,,EPYC,EPYC 4005 Series,datacenter,Grado,EPYC 4005 Series,EPYC 4545P,AMD EPYC 4545P,16,,,32,3.00 GHz,5.40 GHz,,,64 MB,65W,,,AM5,1P,5.0,28,DDR5,2,Up to 5600 MT/s,,yes,,,,,,,2025-Q2,549,100-000001764,https://www.amd.com/en/products/specifications/server-processor.html,1,high,89.6 GB/s
AMD,cpu,,EPYC,EPYC 4005 Series,datacenter,Grado,EPYC 4005 Series,EPYC 4465P,AMD EPYC 4465P,12,,,24,3.40 GHz,5.40 GHz,,,64 MB,65W,,,AM5,1P,5.0,28,DDR5,2,Up to 5600 MT/s,,yes,,,,,,,2025-Q2,399,100-000001558,https://www.amd.com/en/products/specifications/server-processor.html,1,high,89.6 GB/s
AMD,cpu,,EPYC,EPYC 4005 Series,datacenter,Grado,EPYC 4005 Series,EPYC 4345P,AMD EPYC 4345P,8,,,16,3.80 GHz,5.50 GHz,,,32 MB,65W,,,AM5,1P,5.0,28,DDR5,2,Up to 5600 MT/s,,yes,,,,,,,2025-Q2,329,100-000001556,https://www.amd.com/en/products/specifications/server-processor.html,1,high,89.6 GB/s
AMD,cpu,,EPYC,EPYC 4005 Series,datacenter,Grado,EPYC 4005 Series,EPYC 4245P,AMD EPYC 4245P,6,,,12,3.90 GHz,5.40 GHz,,,32 MB,65W,,,AM5,1P,5.0,28,DDR5,2,Up to 5600 MT/s,,yes,,,,,,,2025-Q2,239,100-000001555,https://www.amd.com/en/products/specifications/server-processor.html,1,high,89.6 GB/s
AMD,cpu,,EPYC,EPYC 9004 Series,datacenter,Bergamo,EPYC 9004 Series,EPYC 9754S,AMD EPYC 9754S,128,,,128,2.25 GHz,3.10 GHz,3.10 GHz,,256 MB,360W,,,SP5,1P / 2P,5.0,,DDR5,12,Up to 4800 MT/s,,yes,,,,,,,2023-Q2,10200,100-000001371,https://www.amd.com/en/products/specifications/server-processor.html,1,high,460.8 GB/s
AMD,cpu,,EPYC,EPYC 9004 Series,datacenter,Bergamo,EPYC 9004 Series,EPYC 9754,AMD EPYC 9754,128,,,256,2.25 GHz,3.10 GHz,3.10 GHz,,256 MB,360W,,,SP5,1P / 2P,5.0,,DDR5,12,Up to 4800 MT/s,,yes,,,,,,,2023-Q2,10631,100-000001234,https://www.amd.com/en/products/specifications/server-processor.html,1,high,460.8 GB/s
AMD,cpu,,EPYC,EPYC 9004 Series,datacenter,Bergamo,EPYC 9004 Series,EPYC 9734,AMD EPYC 9734,112,,,224,2.20 GHz,3.00 GHz,3.00 GHz,,256 MB,340W,,,SP5,1P / 2P,5.0,,DDR5,12,Up to 4800 MT/s,,yes,,,,,,,2023-Q2,9600,100-000001235,https://www.amd.com/en/products/specifications/server-processor.html,1,high,460.8 GB/s
AMD,cpu,,EPYC,EPYC 9004 Series,datacenter,Genoa-X,EPYC 9004 Series,EPYC 9684X,AMD EPYC 9684X,96,,,192,2.55 GHz,3.70 GHz,3.42 GHz,,1152 MB,400W,,,SP5,1P / 2P,5.0,,DDR5,12,Up to 4800 MT/s,,yes,,,,,,,2023-Q2,14756,100-000001254,https://www.amd.com/en/products/specifications/server-processor.html,1,high,460.8 GB/s
AMD,cpu,,EPYC,EPYC 9004 Series,datacenter,Genoa,EPYC 9004 Series,EPYC 9654P,AMD EPYC 9654P,96,,,192,2.40 GHz,3.70 GHz,3.55 GHz,,384 MB,360W,,,SP5,1P,5.0,,DDR5,12,Up to 4800 MT/s,,yes,,,,,,,2022-Q4,7272,100-000000803,https://www.amd.com/en/products/specifications/server-processor.html,1,high,460.8 GB/s
AMD,cpu,,EPYC,EPYC 9004 Series,datacenter,Genoa,EPYC 9004 Series,EPYC 9654,AMD EPYC 9654,96,,,192,2.40 GHz,3.70 GHz,3.55 GHz,,384 MB,360W,,,SP5,1P / 2P,5.0,,DDR5,12,Up to 4800 MT/s,,yes,,,,,,,2022-Q4,8452,100-000000789,https://www.amd.com/en/products/specifications/server-processor.html,1,high,460.8 GB/s
AMD,cpu,,EPYC,EPYC 9004 Series,datacenter,Genoa,EPYC 9004 Series,EPYC 9634,AMD EPYC 9634,84,,,168,2.25 GHz,3.70 GHz,3.10 GHz,,384 MB,290W,,,SP5,1P / 2P,5.0,,DDR5,12,Up to 4800 MT/s,,yes,,,,,,,2022-Q4,7951,100-000000797,https://www.amd.com/en/products/specifications/server-processor.html,1,high,460.8 GB/s
AMD,cpu,,EPYC,EPYC 9004 Series,datacenter,Genoa,EPYC 9004 Series,EPYC 9554P,AMD EPYC 9554P,64,,,128,3.10 GHz,3.75 GHz,3.75 GHz,,256 MB,360W,,,SP5,1P,5.0,,DDR5,12,Up to 4800 MT/s,,yes,,,,,,,2022-Q4,5951,100-000000804,https://www.amd.com/en/products/specifications/server-processor.html,1,high,460.8 GB/s
AMD,cpu,,EPYC,EPYC 9004 Series,datacenter,Genoa,EPYC 9004 Series,EPYC 9554,AMD EPYC 9554,64,,,128,3.10 GHz,3.75 GHz,3.75 GHz,,256 MB,360W,,,SP5,1P / 2P,5.0,,DDR5,12,Up to 4800 MT/s,,yes,,,,,,,2022-Q4,7934,100-000000790,https://www.amd.com/en/products/specifications/server-processor.html,1,high,460.8 GB/s
AMD,cpu,,EPYC,EPYC 9004 Series,datacenter,Genoa,EPYC 9004 Series,EPYC 9534,AMD EPYC 9534,64,,,128,2.45 GHz,3.70 GHz,3.55 GHz,,256 MB,280W,,,SP5,1P / 2P,5.0,,DDR5,12,Up to 4800 MT/s,,yes,,,,,,,2022-Q4,7250,100-000000799,https://www.amd.com/en/products/specifications/server-processor.html,1,high,460.8 GB/s
AMD,cpu,,EPYC,EPYC 9004 Series,datacenter,Genoa,EPYC 9004 Series,EPYC 9474F,AMD EPYC 9474F,48,,,96,3.60 GHz,4.10 GHz,3.95 GHz,,256 MB,360W,,,SP5,1P / 2P,5.0,,DDR5,12,Up to 4800 MT/s,,yes,,,,,,,2022-Q4,5727,100-000000788,https://www.amd.com/en/products/specifications/server-processor.html,1,high,460.8 GB/s
AMD,cpu,,EPYC,EPYC 9004 Series,datacenter,Genoa,EPYC 9004 Series,EPYC 9454P,AMD EPYC 9454P,48,,,96,2.75 GHz,3.80 GHz,3.65 GHz,,256 MB,290W,,,SP5,1P,5.0,,DDR5,12,Up to 4800 MT/s,,yes,,,,,,,2022-Q4,4245,100-000000873,https://www.amd.com/en/products/specifications/server-processor.html,1,high,460.8 GB/s
AMD,cpu,,EPYC,EPYC 9004 Series,datacenter,Genoa,EPYC 9004 Series,EPYC 9454,AMD EPYC 9454,48,,,96,2.75 GHz,3.80 GHz,3.65 GHz,,256 MB,290W,,,SP5,1P / 2P,5.0,,DDR5,12,Up to 4800 MT/s,,yes,,,,,,,2022-Q4,4872,100-000000478,https://www.amd.com/en/products/specifications/server-processor.html,1,high,460.8 GB/s
AMD,cpu,,EPYC,EPYC 9004 Series,datacenter,Genoa-X,EPYC 9004 Series,EPYC 9384X,AMD EPYC 9384X,32,,,64,3.10 GHz,3.90 GHz,3.50 GHz,,768 MB,320W,,,SP5,1P / 2P,5.0,,DDR5,12,Up to 4800 MT/s,,yes,,,,,,,2023-Q2,5529,100-000001256,https://www.amd.com/en/products/specifications/server-processor.html,1,high,460.8 GB/s
AMD,cpu,,EPYC,EPYC 9004 Series,datacenter,Genoa,EPYC 9004 Series,EPYC 9374F,AMD EPYC 9374F,32,,,64,3.85 GHz,4.30 GHz,4.10 GHz,,256 MB,320W,,,SP5,1P / 2P,5.0,,DDR5,12,Up to 4800 MT/s,,yes,,,,,,,2022-Q4,4297,100-000000792,https://www.amd.com/en/products/specifications/server-processor.html,1,high,460.8 GB/s
AMD,cpu,,EPYC,EPYC 9004 Series,datacenter,Genoa,EPYC 9004 Series,EPYC 9354P,AMD EPYC 9354P,32,,,64,3.25 GHz,3.80 GHz,3.75 GHz,,256 MB,280W,,,SP5,1P,5.0,,DDR5,12,Up to 4800 MT/s,,yes,,,,,,,2022-Q4,2730,100-000000805,https://www.amd.com/en/products/specifications/server-processor.html,1,high,460.8 GB/s
AMD,cpu,,EPYC,EPYC 9004 Series,datacenter,Genoa,EPYC 9004 Series,EPYC 9354,AMD EPYC 9354,32,,,64,3.25 GHz,3.80 GHz,3.75 GHz,,256 MB,280W,,,SP5,1P / 2P,5.0,,DDR5,12,Up to 4800 MT/s,,yes,,,,,,,2022-Q4,3420,100-000000798,https://www.amd.com/en/products/specifications/server-processor.html,1,high,460.8 GB/s
AMD,cpu,,EPYC,EPYC 9004 Series,datacenter,Genoa,EPYC 9004 Series,EPYC 9334,AMD EPYC 9334,32,,,64,2.70 GHz,3.90 GHz,3.85 GHz,,128 MB,210W,,,SP5,1P / 2P,5.0,,DDR5,12,Up to 4800 MT/s,,yes,,,,,,,2022-Q4,2990,100-000000800,https://www.amd.com/en/products/specifications/server-processor.html,1,high,460.8 GB/s
AMD,cpu,,EPYC,EPYC 9004 Series,datacenter,Genoa,EPYC 9004 Series,EPYC 9274F,AMD EPYC 9274F,24,,,48,4.05 GHz,4.30 GHz,4.10 GHz,,256 MB,320W,,,SP5,1P / 2P,5.0,,DDR5,12,Up to 4800 MT/s,,yes,,,,,,,2022-Q4,3060,100-000000794,https://www.amd.com/en/products/specifications/server-processor.html,1,high,460.8 GB/s
AMD,cpu,,EPYC,EPYC 9004 Series,datacenter,Genoa,EPYC 9004 Series,EPYC 9254,AMD EPYC 9254,24,,,48,2.90 GHz,4.15 GHz,3.90 GHz,,128 MB,200W,,,SP5,1P / 2P,5.0,,DDR5,12,Up to 4800 MT/s,,yes,,,,,,,2022-Q4,2299,100-000000480,https://www.amd.com/en/products/specifications/server-processor.html,1,high,460.8 GB/s
AMD,cpu,,EPYC,EPYC 9004 Series,datacenter,Genoa,EPYC 9004 Series,EPYC 9224,AMD EPYC 9224,24,,,48,2.50 GHz,3.70 GHz,3.65 GHz,,64 MB,200W,,,SP5,1P / 2P,5.0,,DDR5,12,Up to 4800 MT/s,,yes,,,,,,,2022-Q4,1825,100-000000939,https://www.amd.com/en/products/specifications/server-processor.html,1,high,460.8 GB/s
AMD,cpu,,EPYC,EPYC 9004 Series,datacenter,Genoa-X,EPYC 9004 Series,EPYC 9184X,AMD EPYC 9184X,16,,,32,3.55 GHz,4.20 GHz,3.85 GHz,,768 MB,320W,,,SP5,1P / 2P,5.0,,DDR5,12,Up to 4800 MT/s,,yes,,,,,,,2023-Q2,4928,100-000001255,https://www.amd.com/en/products/specifications/server-processor.html,1,high,460.8 GB/s
AMD,cpu,,EPYC,EPYC 9004 Series,datacenter,Genoa,EPYC 9004 Series,EPYC 9174F,AMD EPYC 9174F,16,,,32,4.10 GHz,4.40 GHz,4.15 GHz,,256 MB,320W,,,SP5,1P / 2P,5.0,,DDR5,12,Up to 4800 MT/s,,yes,,,,,,,2022-Q4,3927,100-000000796,https://www.amd.com/en/products/specifications/server-processor.html,1,high,460.8 GB/s
AMD,cpu,,EPYC,EPYC 9004 Series,datacenter,Genoa,EPYC 9004 Series,EPYC 9124,AMD EPYC 9124,16,,,32,3.00 GHz,3.70 GHz,3.60 GHz,,64 MB,200W,,,SP5,1P / 2P,5.0,,DDR5,12,Up to 4800 MT/s,,yes,,,,,,,2022-Q4,1083,100-000000802,https://www.amd.com/en/products/specifications/server-processor.html,1,high,460.8 GB/s
AMD,cpu,,EPYC,EPYC 8004 Series,datacenter,Siena,EPYC 8004 Series,EPYC 8534PN,AMD EPYC 8534PN,64,,,128,2.00 GHz,3.10 GHz,3.05 GHz,,128 MB,175W,,,SP6,1P,5.0,,DDR5,6,Up to 4800 MT/s,,yes,,,,,,,2023-Q3,5450,100-000001172,https://www.amd.com/en/products/specifications/server-processor.html,1,high,230.4 GB/s
AMD,cpu,,EPYC,EPYC 8004 Series,datacenter,Siena,EPYC 8004 Series,EPYC 8534P,AMD EPYC 8534P,64,,,128,2.30 GHz,3.10 GHz,3.10 GHz,,128 MB,200W,,,SP6,1P,5.0,,DDR5,6,Up to 4800 MT/s,,yes,,,,,,,2023-Q3,4950,100-000000875,https://www.amd.com/en/products/specifications/server-processor.html,1,high,230.4 GB/s
AMD,cpu,,EPYC,EPYC 8004 Series,datacenter,Siena,EPYC 8004 Series,EPYC 8434PN,AMD EPYC 8434PN,48,,,96,2.00 GHz,3.00 GHz,3.00 GHz,,128 MB,155W,,,SP6,1P,5.0,,DDR5,6,Up to 4800 MT/s,,yes,,,,,,,2023-Q3,3150,100-000001174,https://www.amd.com/en/products/specifications/server-processor.html,1,high,230.4 GB/s
AMD,cpu,,EPYC,EPYC 8004 Series,datacenter,Siena,EPYC 8004 Series,EPYC 8434P,AMD EPYC 8434P,48,,,96,2.50 GHz,3.10 GHz,3.10 GHz,,128 MB,200W,,,SP6,1P,5.0,,DDR5,6,Up to 4800 MT/s,,yes,,,,,,,2023-Q3,2700,100-000000877,https://www.amd.com/en/products/specifications/server-processor.html,1,high,230.4 GB/s
AMD,cpu,,EPYC,EPYC 8004 Series,datacenter,Siena,EPYC 8004 Series,EPYC 8324PN,AMD EPYC 8324PN,32,,,64,2.05 GHz,3.00 GHz,3.00 GHz,,128 MB,130W,,,SP6,1P,5.0,,DDR5,6,Up to 4800 MT/s,,yes,,,,,,,2023-Q3,2125,100-000001162,https://www.amd.com/en/products/specifications/server-processor.html,1,high,230.4 GB/s
AMD,cpu,,EPYC,EPYC 8004 Series,datacenter,Siena,EPYC 8004 Series,EPYC 8324P,AMD EPYC 8324P,32,,,64,2.65 GHz,3.00 GHz,3.00 GHz,,128 MB,180W,,,SP6,1P,5.0,,DDR5,6,Up to 4800 MT/s,,yes,,,,,,,2023-Q3,1895,100-000001133,https://www.amd.com/en/products/specifications/server-processor.html,1,high,230.4 GB/s
AMD,cpu,,EPYC,EPYC 8004 Series,datacenter,Siena,EPYC 8004 Series,EPYC 8224PN,AMD EPYC 8224PN,24,,,48,2.00 GHz,3.00 GHz,2.90 GHz,,64 MB,120W,,,SP6,1P,5.0,,DDR5,6,Up to 4800 MT/s,,yes,,,,,,,2023-Q3,1015,100-000001164,https://www.amd.com/en/products/specifications/server-processor.html,1,high,230.4 GB/s
AMD,cpu,,EPYC,EPYC 8004 Series,datacenter,Siena,EPYC 8004 Series,EPYC 8224P,AMD EPYC 8224P,24,,,48,2.55 GHz,3.00 GHz,3.00 GHz,,64 MB,160W,,,SP6,1P,5.0,,DDR5,6,Up to 4800 MT/s,,yes,,,,,,,2023-Q3,855,100-000001134,https://www.amd.com/en/products/specifications/server-processor.html,1,high,230.4 GB/s
AMD,cpu,,EPYC,EPYC 8004 Series,datacenter,Siena,EPYC 8004 Series,EPYC 8124PN,AMD EPYC 8124PN,16,,,32,2.00 GHz,3.00 GHz,2.90 GHz,,64 MB,100W,,,SP6,1P,5.0,,DDR5,6,Up to 4800 MT/s,,yes,,,,,,,2023-Q3,790,100-000001166,https://www.amd.com/en/products/specifications/server-processor.html,1,high,230.4 GB/s
AMD,cpu,,EPYC,EPYC 8004 Series,datacenter,Siena,EPYC 8004 Series,EPYC 8124P,AMD EPYC 8124P,16,,,32,2.45 GHz,3.00 GHz,2.95 GHz,,64 MB,125W,,,SP6,1P,5.0,,DDR5,6,Up to 4800 MT/s,,yes,,,,,,,2023-Q3,639,100-000001135,https://www.amd.com/en/products/specifications/server-processor.html,1,high,230.4 GB/s
AMD,cpu,,EPYC,EPYC 8004 Series,datacenter,Siena,EPYC 8004 Series,EPYC 8024PN,AMD EPYC 8024PN,8,,,16,2.05 GHz,3.00 GHz,2.95 GHz,,32 MB,80W,,,SP6,1P,5.0,,DDR5,6,Up to 4800 MT/s,,yes,,,,,,,2023-Q3,525,100-000001170,https://www.amd.com/en/products/specifications/server-processor.html,1,high,230.4 GB/s
AMD,cpu,,EPYC,EPYC 8004 Series,datacenter,Siena,EPYC 8004 Series,EPYC 8024P,AMD EPYC 8024P,8,,,16,2.40 GHz,3.00 GHz,2.95 GHz,,32 MB,90W,,,SP6,1P,5.0,,DDR5,6,Up to 4800 MT/s,,yes,,,,,,,2023-Q3,409,100-000001136,https://www.amd.com/en/products/specifications/server-processor.html,1,high,230.4 GB/s
AMD,cpu,,EPYC,EPYC 7003 Series,datacenter,Milan,EPYC 7003 Series,EPYC 7203P,AMD EPYC 7203P,8,,,16,2.80 GHz,3.40 GHz,,,64 MB,120W,,,SP3,1P,4.0,,DDR4,8,Up to 3200 MT/s,,yes,,,,,,,2023-Q3,338,100-000001287,https://www.amd.com/en/products/specifications/server-processor.html,1,high,204.8 GB/s
AMD,cpu,,EPYC,EPYC 7003 Series,datacenter,Milan,EPYC 7003 Series,EPYC 7203,AMD EPYC 7203,8,,,16,2.80 GHz,3.40 GHz,,,64 MB,120W,,,SP3,1P / 2P,4.0,,DDR4,8,Up to 3200 MT/s,,yes,,,,,,,2023-Q3,348,100-000001286,https://www.amd.com/en/products/specifications/server-processor.html,1,high,204.8 GB/s
AMD,cpu,,EPYC,EPYC 7003 Series,datacenter,Milan,EPYC 7003 Series,EPYC 7303P,AMD EPYC 7303P,16,,,32,2.40 GHz,3.40 GHz,,,64 MB,130W,,,SP3,1P,4.0,,DDR4,8,Up to 3200 MT/s,,yes,,,,,,,2023-Q3,594,100-000001289,https://www.amd.com/en/products/specifications/server-processor.html,1,high,204.8 GB/s
AMD,cpu,,EPYC,EPYC 7003 Series,datacenter,Milan,EPYC 7003 Series,EPYC 7303,AMD EPYC 7303,16,,,32,2.40 GHz,3.40 GHz,,,64 MB,130W,,,SP3,1P / 2P,4.0,,DDR4,8,Up to 3200 MT/s,,yes,,,,,,,2023-Q3,604,100-000001288,https://www.amd.com/en/products/specifications/server-processor.html,1,high,204.8 GB/s
AMD,cpu,,EPYC,EPYC 7003 Series,datacenter,Milan,EPYC 7003 Series,EPYC 7643P,AMD EPYC 7643P,48,,,96,2.30 GHz,3.60 GHz,,,256 MB,225W,,,SP3,1P,4.0,,DDR4,8,Up to 3200 MT/s,,yes,,,,,,,2023-Q3,2722,100-000001285,https://www.amd.com/en/products/specifications/server-processor.html,1,high,204.8 GB/s
AMD,cpu,,EPYC,EPYC 7003 Series,datacenter,Milan-X,EPYC 7003 Series,EPYC 7773X,AMD EPYC 7773X,64,,,128,2.20 GHz,3.50 GHz,,,768 MB,280W,,,SP3,1P / 2P,4.0,,DDR4,8,Up to 3200 MT/s,,yes,,,,,,,2021-Q1,8800,100-000000504,https://www.amd.com/en/products/specifications/server-processor.html,1,high,204.8 GB/s
AMD,cpu,,EPYC,EPYC 7003 Series,datacenter,Milan,EPYC 7003 Series,EPYC 7763,AMD EPYC 7763,64,,,128,2.45 GHz,3.50 GHz,,,256 MB,280W,,,SP3,1P / 2P,4.0,,DDR4,8,Up to 3200 MT/s,,yes,,,,,,,2021-Q1,7890,100-000000312,https://www.amd.com/en/products/specifications/server-processor.html,1,high,204.8 GB/s
AMD,cpu,,EPYC,EPYC 7003 Series,datacenter,Milan,EPYC 7003 Series,EPYC 7713P,AMD EPYC 7713P,64,,,128,2.00 GHz,3.67 GHz,,,256 MB,225W,,,SP3,1P,4.0,,DDR4,8,Up to 3200 MT/s,,yes,,,,,,,2021-Q1,5010,100-000000337,https://www.amd.com/en/products/specifications/server-processor.html,1,high,204.8 GB/s
AMD,cpu,,EPYC,EPYC 7003 Series,datacenter,Milan,EPYC 7003 Series,EPYC 7713,AMD EPYC 7713,64,,,128,2.00 GHz,3.67 GHz,,,256 MB,225W,,,SP3,1P / 2P,4.0,,DDR4,8,Up to 3200 MT/s,,yes,,,,,,,2021-Q1,7060,100-000000344,https://www.amd.com/en/products/specifications/server-processor.html,1,high,204.8 GB/s
AMD,cpu,,EPYC,EPYC 7003 Series,datacenter,Milan,EPYC 7003 Series,EPYC 7663,AMD EPYC 7663,56,,,112,2.00 GHz,3.50 GHz,,,256 MB,240W,,,SP3,1P / 2P,4.0,,DDR4,8,Up to 3200 MT/s,,yes,,,,,,,2021-Q1,6366,100-000000318,https://www.amd.com/en/products/specifications/server-processor.html,1,high,204.8 GB/s
AMD,cpu,,EPYC,EPYC 7003 Series,datacenter,Milan,EPYC 7003 Series,EPYC 7643,AMD EPYC 7643,48,,,96,2.30 GHz,3.60 GHz,,,256 MB,225W,,,SP3,1P / 2P,4.0,,DDR4,8,Up to 3200 MT/s,,yes,,,,,,,2021-Q1,4995,100-000000326,https://www.amd.com/en/products/specifications/server-processor.html,1,high,204.8 GB/s
AMD,cpu,,EPYC,EPYC 7003 Series,datacenter,Milan,EPYC 7003 Series,EPYC 7663P,AMD EPYC 7663P,56,,,112,2.00 GHz,3.50 GHz,,,256 MB,240W,,,SP3,1P,4.0,,DDR4,8,Up to 3200 MT/s,,yes,,,,,,,2023-Q3,3139,100-000001284,https://www.amd.com/en/products/specifications/server-processor.html,1,high,204.8 GB/s
AMD,cpu,,EPYC,EPYC 7003 Series,datacenter,Milan,EPYC 7003 Series,EPYC 75F3,AMD EPYC 75F3,32,,,64,2.95 GHz,4.00 GHz,,,256 MB,280W,,,SP3,1P / 2P,4.0,,DDR4,8,Up to 3200 MT/s,,yes,,,,,,,2021-Q1,4860,100-000000313,https://www.amd.com/en/products/specifications/server-processor.html,1,high,204.8 GB/s
AMD,cpu,,EPYC,EPYC 7003 Series,datacenter,Milan-X,EPYC 7003 Series,EPYC 7573X,AMD EPYC 7573X,32,,,64,2.80 GHz,3.60 GHz,,,768 MB,280W,,,SP3,1P / 2P,4.0,,DDR4,8,Up to 3200 MT/s,,yes,,,,,,,2021-Q1,5590,100-000000506,https://www.amd.com/en/products/specifications/server-processor.html,1,high,204.8 GB/s
AMD,cpu,,EPYC,EPYC 7003 Series,datacenter,Milan,EPYC 7003 Series,EPYC 7543P,AMD EPYC 7543P,32,,,64,2.80 GHz,3.70 GHz,,,256 MB,225W,,,SP3,1P,4.0,,DDR4,8,Up to 3200 MT/s,,yes,,,,,,,2021-Q1,2730,100-000000341,https://www.amd.com/en/products/specifications/server-processor.html,1,high,204.8 GB/s
AMD,cpu,,EPYC,EPYC 7003 Series,datacenter,Milan,EPYC 7003 Series,EPYC 7543,AMD EPYC 7543,32,,,64,2.80 GHz,3.70 GHz,,,256 MB,225W,,,SP3,1P / 2P,4.0,,DDR4,8,Up to 3200 MT/s,,yes,,,,,,,2021-Q1,3761,100-000000345,https://www.amd.com/en/products/specifications/server-processor.html,1,high,204.8 GB/s
AMD,cpu,,EPYC,EPYC 7003 Series,datacenter,Milan,EPYC 7003 Series,EPYC 7513,AMD EPYC 7513,32,,,64,2.60 GHz,3.65 GHz,,,128 MB,200W,,,SP3,1P / 2P,4.0,,DDR4,8,Up to 3200 MT/s,,yes,,,,,,,2021-Q1,2840,100-000000334,https://www.amd.com/en/products/specifications/server-processor.html,1,high,204.8 GB/s
AMD,cpu,,EPYC,EPYC 7003 Series,datacenter,Milan,EPYC 7003 Series,EPYC 74F3,AMD EPYC 74F3,24,,,48,3.20 GHz,4.00 GHz,,,256 MB,240W,,,SP3,1P / 2P,4.0,,DDR4,8,Up to 3200 MT/s,,yes,,,,,,,2021-Q1,2900,100-000000317,https://www.amd.com/en/products/specifications/server-processor.html,1,high,204.8 GB/s
AMD,cpu,,EPYC,EPYC 7003 Series,datacenter,Milan-X,EPYC 7003 Series,EPYC 7473X,AMD EPYC 7473X,24,,,48,2.80 GHz,3.70 GHz,,,768 MB,240W,,,SP3,1P / 2P,4.0,,DDR4,8,Up to 3200 MT/s,,yes,,,,,,,2021-Q1,3900,100-000000507,https://www.amd.com/en/products/specifications/server-processor.html,1,high,204.8 GB/s
AMD,cpu,,EPYC,EPYC 7003 Series,datacenter,Milan,EPYC 7003 Series,EPYC 7453,AMD EPYC 7453,28,,,56,2.75 GHz,3.45 GHz,,,64 MB,225W,,,SP3,1P / 2P,4.0,,DDR4,8,Up to 3200 MT/s,,yes,,,,,,,2021-Q1,1570,100-000000319,https://www.amd.com/en/products/specifications/server-processor.html,1,high,204.8 GB/s
AMD,cpu,,EPYC,EPYC 7003 Series,datacenter,Milan,EPYC 7003 Series,EPYC 7443P,AMD EPYC 7443P,24,,,48,2.85 GHz,4.00 GHz,,,128 MB,200W,,,SP3,1P,4.0,,DDR4,8,Up to 3200 MT/s,,yes,,,,,,,2021-Q1,1337,100-000000342,https://www.amd.com/en/products/specifications/server-processor.html,1,high,204.8 GB/s
AMD,cpu,,EPYC,EPYC 7003 Series,datacenter,Milan,EPYC 7003 Series,EPYC 7443,AMD EPYC 7443,24,,,48,2.85 GHz,4.00 GHz,,,128 MB,200W,,,SP3,1P / 2P,4.0,,DDR4,8,Up to 3200 MT/s,,yes,,,,,,,2021-Q1,2010,100-000000340,https://www.amd.com/en/products/specifications/server-processor.html,1,high,204.8 GB/s
AMD,cpu,,EPYC,EPYC 7003 Series,datacenter,Milan,EPYC 7003 Series,EPYC 7413,AMD EPYC 7413,24,,,48,2.65 GHz,3.60 GHz,,,128 MB,180W,,,SP3,1P / 2P,4.0,,DDR4,8,Up to 3200 MT/s,,yes,,,,,,,2021-Q1,1825,100-000000323,https://www.amd.com/en/products/specifications/server-processor.html,1,high,204.8 GB/s
AMD,cpu,,EPYC,EPYC 7003 Series,datacenter,Milan,EPYC 7003 Series,EPYC 73F3,AMD EPYC 73F3,16,,,32,3.50 GHz,4.00 GHz,,,256 MB,240W,,,SP3,1P / 2P,4.0,,DDR4,8,Up to 3200 MT/s,,yes,,,,,,,2021-Q1,3521,100-000000321,https://www.amd.com/en/products/specifications/server-processor.html,1,high,204.8 GB/s
AMD,cpu,,EPYC,EPYC 7003 Series,datacenter,Milan-X,EPYC 7003 Series,EPYC 7373X,AMD EPYC 7373X,16,,,32,3.05 GHz,3.80 GHz,,,768 MB,240W,,,SP3,1P / 2P,4.0,,DDR4,8,Up to 3200 MT/s,,yes,,,,,,,2021-Q1,4185,100-000000508,https://www.amd.com/en/products/specifications/server-processor.html,1,high,204.8 GB/s
AMD,cpu,,EPYC,EPYC 7003 Series,datacenter,Milan,EPYC 7003 Series,EPYC 7343,AMD EPYC 7343,16,,,32,3.20 GHz,3.90 GHz,,,128 MB,190W,,,SP3,1P / 2P,4.0,,DDR4,8,Up to 3200 MT/s,,yes,,,,,,,2021-Q1,1565,100-000000338,https://www.amd.com/en/products/specifications/server-processor.html,1,high,204.8 GB/s
AMD,cpu,,EPYC,EPYC 7003 Series,datacenter,Milan,EPYC 7003 Series,EPYC 7313P,AMD EPYC 7313P,16,,,32,3.00 GHz,3.70 GHz,,,128 MB,155W,,,SP3,1P,4.0,,DDR4,8,Up to 3200 MT/s,,yes,,,,,,,2021-Q1,913,100-000000339,https://www.amd.com/en/products/specifications/server-processor.html,1,high,204.8 GB/s
AMD,cpu,,EPYC,EPYC 7003 Series,datacenter,Milan,EPYC 7003 Series,EPYC 7313,AMD EPYC 7313,16,,,32,3.00 GHz,3.70 GHz,,,128 MB,155W,,,SP3,1P / 2P,4.0,,DDR4,8,Up to 3200 MT/s,,yes,,,,,,,2021-Q1,1083,100-000000329,https://www.amd.com/en/products/specifications/server-processor.html,1,high,204.8 GB/s
AMD,cpu,,EPYC,EPYC 7003 Series,datacenter,Milan,EPYC 7003 Series,EPYC 72F3,AMD EPYC 72F3,8,,,16,3.70 GHz,4.10 GHz,,,256 MB,180W,,,SP3,1P / 2P,4.0,,DDR4,8,Up to 3200 MT/s,,yes,,,,,,,2021-Q1,2468,100-000000327,https://www.amd.com/en/products/specifications/server-processor.html,1,high,204.8 GB/s
AMD,cpu,,EPYC,EPYC 7002 Series,datacenter,Rome,EPYC 7002 Series,EPYC 7H12,AMD EPYC 7H12,64,,,128,2.60 GHz,3.30 GHz,,,256 MB,280W,,,SP3,1P / 2P,4.0,,DDR4,8,Up to 3200 MT/s,,yes,,,,,,,,7250,100-000000055,https://www.amd.com/en/products/specifications/server-processor.html,1,high,204.8 GB/s
AMD,cpu,,EPYC,EPYC 7002 Series,datacenter,Rome,EPYC 7002 Series,EPYC 7F72,AMD EPYC 7F72,24,,,48,3.20 GHz,3.70 GHz,,,192 MB,240W,,,SP3,1P / 2P,4.0,,DDR4,8,Up to 3200 MT/s,,yes,,,,,,,,2450,100-000000141,https://www.amd.com/en/products/specifications/server-processor.html,1,high,204.8 GB/s
AMD,cpu,,EPYC,EPYC 7002 Series,datacenter,Rome,EPYC 7002 Series,EPYC 7F52,AMD EPYC 7F52,16,,,32,3.50 GHz,3.90 GHz,,,256 MB,240W,,,SP3,1P / 2P,4.0,,DDR4,8,Up to 3200 MT/s,,yes,,,,,,,,3100,100-000000140,https://www.amd.com/en/products/specifications/server-processor.html,1,high,204.8 GB/s
AMD,cpu,,EPYC,EPYC 7002 Series,datacenter,Rome,EPYC 7002 Series,EPYC 7F32,AMD EPYC 7F32,8,,,16,3.70 GHz,3.90 GHz,,,128 MB,180W,,,SP3,1P / 2P,4.0,,DDR4,8,Up to 3200 MT/s,,yes,,,,,,,,2100,100-000000139,https://www.amd.com/en/products/specifications/server-processor.html,1,high,204.8 GB/s
AMD,cpu,,EPYC,EPYC 7002 Series,datacenter,Rome,EPYC 7002 Series,EPYC 7742,AMD EPYC 7742,64,,,128,2.25 GHz,3.40 GHz,,,256 MB,225W,,,SP3,1P / 2P,4.0,,DDR4,8,Up to 3200 MT/s,,yes,,,,,,,,6950,100-000000053,https://www.amd.com/en/products/specifications/server-processor.html,1,high,204.8 GB/s
AMD,cpu,,EPYC,EPYC 7002 Series,datacenter,Rome,EPYC 7002 Series,EPYC 7702P,AMD EPYC 7702P,64,,,128,2.00 GHz,3.35 GHz,,,256 MB,200W,,,SP3,1P,4.0,,DDR4,8,Up to 3200 MT/s,,yes,,,,,,,,4425,100-000000047,https://www.amd.com/en/products/specifications/server-processor.html,1,high,204.8 GB/s
AMD,cpu,,EPYC,EPYC 7002 Series,datacenter,Rome,EPYC 7002 Series,EPYC 7702,AMD EPYC 7702,64,,,128,2.00 GHz,3.35 GHz,,,256 MB,200W,,,SP3,1P / 2P,4.0,,DDR4,8,Up to 3200 MT/s,,yes,,,,,,,,6450,100-000000038,https://www.amd.com/en/products/specifications/server-processor.html,1,high,204.8 GB/s
AMD,cpu,,EPYC,EPYC 7002 Series,datacenter,Rome,EPYC 7002 Series,EPYC 7662,AMD EPYC 7662,64,,,128,2.00 GHz,3.30 GHz,,,256 MB,225W,,,SP3,1P / 2P,4.0,,DDR4,8,Up to 3200 MT/s,,yes,,,,,,,,6150,100-000000137,https://www.amd.com/en/products/specifications/server-processor.html,1,high,204.8 GB/s
AMD,cpu,,EPYC,EPYC 7002 Series,datacenter,Rome,EPYC 7002 Series,EPYC 7642,AMD EPYC 7642,48,,,96,2.30 GHz,3.30 GHz,,,256 MB,225W,,,SP3,1P / 2P,4.0,,DDR4,8,Up to 3200 MT/s,,yes,,,,,,,,4775,100-000000074,https://www.amd.com/en/products/specifications/server-processor.html,1,high,204.8 GB/s
AMD,cpu,,EPYC,EPYC 7002 Series,datacenter,Rome,EPYC 7002 Series,EPYC 7552,AMD EPYC 7552,48,,,96,2.20 GHz,3.30 GHz,,,192 MB,200W,,,SP3,1P / 2P,4.0,,DDR4,8,Up to 3200 MT/s,,yes,,,,,,,,4025,100-000000076,https://www.amd.com/en/products/specifications/server-processor.html,1,high,204.8 GB/s
AMD,cpu,,EPYC,EPYC 7002 Series,datacenter,Rome,EPYC 7002 Series,EPYC 7542,AMD EPYC 7542,32,,,64,2.90 GHz,3.40 GHz,,,128 MB,225W,,,SP3,1P / 2P,4.0,,DDR4,8,Up to 3200 MT/s,,yes,,,,,,,,3400,100-000000075,https://www.amd.com/en/products/specifications/server-processor.html,1,high,204.8 GB/s
AMD,cpu,,EPYC,EPYC 7002 Series,datacenter,Rome,EPYC 7002 Series,EPYC 7532,AMD EPYC 7532,32,,,64,2.40 GHz,3.30 GHz,,,256 MB,200W,,,SP3,1P / 2P,4.0,,DDR4,8,Up to 3200 MT/s,,yes,,,,,,,,2380,100-000000136,https://www.amd.com/en/products/specifications/server-processor.html,1,high,204.8 GB/s
AMD,cpu,,EPYC,EPYC 7002 Series,datacenter,Rome,EPYC 7002 Series,EPYC 7502P,AMD EPYC 7502P,32,,,64,2.50 GHz,3.35 GHz,,,128 MB,180W,,,SP3,1P,4.0,,DDR4,8,Up to 3200 MT/s,,yes,,,,,,,,2300,100-000000045,https://www.amd.com/en/products/specifications/server-processor.html,1,high,204.8 GB/s
AMD,cpu,,EPYC,EPYC 7002 Series,datacenter,Rome,EPYC 7002 Series,EPYC 7502,AMD EPYC 7502,32,,,64,2.50 GHz,3.35 GHz,,,128 MB,180W,,,SP3,1P / 2P,4.0,,DDR4,8,Up to 3200 MT/s,,yes,,,,,,,,2600,100-000000054,https://www.amd.com/en/products/specifications/server-processor.html,1,high,204.8 GB/s
AMD,cpu,,EPYC,EPYC 7002 Series,datacenter,Rome,EPYC 7002 Series,EPYC 7452,AMD EPYC 7452,32,,,64,2.35 GHz,3.35 GHz,,,128 MB,155W,,,SP3,1P / 2P,4.0,,DDR4,8,Up to 3200 MT/s,,yes,,,,,,,,2025,100-000000057,https://www.amd.com/en/products/specifications/server-processor.html,1,high,204.8 GB/s
AMD,cpu,,EPYC,EPYC 7002 Series,datacenter,Rome,EPYC 7002 Series,EPYC 7402P,AMD EPYC 7402P,24,,,48,2.80 GHz,3.35 GHz,,,128 MB,180W,,,SP3,1P,4.0,,DDR4,8,Up to 3200 MT/s,,yes,,,,,,,,1250,100-000000048,https://www.amd.com/en/products/specifications/server-processor.html,1,high,204.8 GB/s
AMD,cpu,,EPYC,EPYC 7002 Series,datacenter,Rome,EPYC 7002 Series,EPYC 7402,AMD EPYC 7402,24,,,48,2.80 GHz,3.35 GHz,,,128 MB,180W,,,SP3,1P / 2P,4.0,,DDR4,8,Up to 3200 MT/s,,yes,,,,,,,,1783,100-000000046,https://www.amd.com/en/products/specifications/server-processor.html,1,high,204.8 GB/s
AMD,cpu,,EPYC,EPYC 7002 Series,datacenter,Rome,EPYC 7002 Series,EPYC 7352,AMD EPYC 7352,24,,,48,2.30 GHz,3.20 GHz,,,128 MB,155W,,,SP3,1P / 2P,4.0,,DDR4,8,Up to 3200 MT/s,,yes,,,,,,,,1080,100-000000077,https://www.amd.com/en/products/specifications/server-processor.html,1,high,204.8 GB/s
AMD,cpu,,EPYC,EPYC 7002 Series,datacenter,Rome,EPYC 7002 Series,EPYC 7302P,AMD EPYC 7302P,16,,,32,3.00 GHz,3.30 GHz,,,128 MB,155W,,,SP3,1P,4.0,,DDR4,8,Up to 3200 MT/s,,yes,,,,,,,,825,100-000000049,https://www.amd.com/en/products/specifications/server-processor.html,1,high,204.8 GB/s
AMD,cpu,,EPYC,EPYC 7002 Series,datacenter,Rome,EPYC 7002 Series,EPYC 7302,AMD EPYC 7302,16,,,32,3.00 GHz,3.30 GHz,,,128 MB,155W,,,SP3,1P / 2P,4.0,,DDR4,8,Up to 3200 MT/s,,yes,,,,,,,,978,100-000000043,https://www.amd.com/en/products/specifications/server-processor.html,1,high,204.8 GB/s
AMD,cpu,,EPYC,EPYC 7002 Series,datacenter,Rome,EPYC 7002 Series,EPYC 7282,AMD EPYC 7282,16,,,32,2.80 GHz,3.20 GHz,,,64 MB,120W,,,SP3,1P / 2P,4.0,,DDR4,8,Up to 3200 MT/s,,yes,,,,,,,,604,100-000000078,https://www.amd.com/en/products/specifications/server-processor.html,1,high,85.3 GB/s
AMD,cpu,,EPYC,EPYC 7002 Series,datacenter,Rome,EPYC 7002 Series,EPYC 7272,AMD EPYC 7272,12,,,24,2.90 GHz,3.20 GHz,,,64 MB,120W,,,SP3,1P / 2P,4.0,,DDR4,8,Up to 3200 MT/s,,yes,,,,,,,,549,100-000000079,https://www.amd.com/en/products/specifications/server-processor.html,1,high,85.3 GB/s
AMD,cpu,,EPYC,EPYC 7002 Series,datacenter,Rome,EPYC 7002 Series,EPYC 7262,AMD EPYC 7262,8,,,16,3.20 GHz,3.40 GHz,,,128 MB,155W,,,SP3,1P / 2P,4.0,,DDR4,8,Up to 3200 MT/s,,yes,,,,,,,,505,100-000000041,https://www.amd.com/en/products/specifications/server-processor.html,1,high,204.8 GB/s
AMD,cpu,,EPYC,EPYC 7002 Series,datacenter,Rome,EPYC 7002 Series,EPYC 7252,AMD EPYC 7252,8,,,16,3.10 GHz,3.20 GHz,,,64 MB,120W,,,SP3,1P / 2P,4.0,,DDR4,8,Up to 3200 MT/s,,yes,,,,,,,,348,100-000000080,https://www.amd.com/en/products/specifications/server-processor.html,1,high,85.3 GB/s
AMD,cpu,,EPYC,EPYC 7002 Series,datacenter,Rome,EPYC 7002 Series,EPYC 7232P,AMD EPYC 7232P,8,,,16,3.10 GHz,3.20 GHz,,,32 MB,120W,,,SP3,1P,4.0,,DDR4,8,Up to 3200 MT/s,,yes,,,,,,,,338,100-000000081,https://www.amd.com/en/products/specifications/server-processor.html,1,high,85.3 GB/s
AMD,cpu,,EPYC,EPYC 7001 Series,datacenter,Naples,EPYC 7001 Series,EPYC 7601,AMD EPYC 7601,32,,,64,2.20 GHz,3.20 GHz,,,64 MB,180W,,,SP3,1P / 2P,3.0,,DDR4,8,Up to 2666 MT/s,,yes,,,,,,,,3270,PS7601BDVIHAF,https://www.amd.com/en/products/specifications/server-processor.html,1,high,170.6 GB/s
AMD,cpu,,EPYC,EPYC 7001 Series,datacenter,Naples,EPYC 7001 Series,EPYC 7551P,AMD EPYC 7551P,32,,,64,2.00 GHz,3.00 GHz,,,64 MB,180W,,,SP3,1P,3.0,,DDR4,8,Up to 2666 MT/s,,yes,,,,,,,,1830,PS755PBDVIHAF,https://www.amd.com/en/products/specifications/server-processor.html,1,high,170.6 GB/s
AMD,cpu,,EPYC,EPYC 7001 Series,datacenter,Naples,EPYC 7001 Series,EPYC 7551,AMD EPYC 7551,32,,,64,2.00 GHz,3.00 GHz,,,64 MB,180W,,,SP3,1P / 2P,3.0,,DDR4,8,Up to 2666 MT/s,,yes,,,,,,,,2660,PS7551BDVIHAF,https://www.amd.com/en/products/specifications/server-processor.html,1,high,170.6 GB/s
AMD,cpu,,EPYC,EPYC 7001 Series,datacenter,Naples,EPYC 7001 Series,EPYC 7501,AMD EPYC 7501,32,,,64,2.00 GHz,3.00 GHz,,,64 MB,155W,170W,,SP3,1P / 2P,3.0,,DDR4,8,2400 MT/s / 2666 MT/s,,yes,,,,,,,,2870,PS7501BEVIHAF,https://www.amd.com/en/products/specifications/server-processor.html,1,high,153.6 GB/s / 170.6 GB/s
AMD,cpu,,EPYC,EPYC 7001 Series,datacenter,Naples,EPYC 7001 Series,EPYC 7451,AMD EPYC 7451,24,,,48,2.30 GHz,3.20 GHz,,,64 MB,180W,,,SP3,1P / 2P,3.0,,DDR4,8,Up to 2666 MT/s,,yes,,,,,,,,1880,PS7451BDVHCAF,https://www.amd.com/en/products/specifications/server-processor.html,1,high,170.6 GB/s
AMD,cpu,,EPYC,EPYC 7001 Series,datacenter,Naples,EPYC 7001 Series,EPYC 7401P,AMD EPYC 7401P,24,,,48,2.00 GHz,3.00 GHz,,,64 MB,155W,170W,,SP3,1P,3.0,,DDR4,8,2400 MT/s / 2666 MT/s,,yes,,,,,,,,920,PS740PBEVHCAF,https://www.amd.com/en/products/specifications/server-processor.html,1,high,153.6 GB/s / 170.6 GB/s
AMD,cpu,,EPYC,EPYC 7001 Series,datacenter,Naples,EPYC 7001 Series,EPYC 7401,AMD EPYC 7401,24,,,48,2.00 GHz,3.00 GHz,,,64 MB,155W,170W,,SP3,1P / 2P,3.0,,DDR4,8,2400 MT/s / 2666 MT/s,,yes,,,,,,,,1620,PS7401BEVHCAF,https://www.amd.com/en/products/specifications/server-processor.html,1,high,153.6 GB/s / 170.6 GB/s
AMD,cpu,,EPYC,EPYC 7001 Series,datacenter,Naples,EPYC 7001 Series,EPYC 7371,AMD EPYC 7371,16,,,32,3.10 GHz,3.80 GHz,,,64 MB,200W,,,SP3,1P / 2P,3.0,,DDR4,8,Up to 2666 MT/s,,yes,,,,,,,,1550,,https://www.amd.com/en/products/specifications/server-processor.html,1,high,170.6 GB/s
AMD,cpu,,EPYC,EPYC 7001 Series,datacenter,Naples,EPYC 7001 Series,EPYC 7351P,AMD EPYC 7351P,16,,,32,2.40 GHz,2.90 GHz,,,64 MB,155W,170W,,SP3,1P,3.0,,DDR4,8,2400 MT/s / 2666 MT/s,,yes,,,,,,,,660,PS735PBEVGPAF,https://www.amd.com/en/products/specifications/server-processor.html,1,high,153.6 GB/s / 170.6 GB/s
AMD,cpu,,EPYC,EPYC 7001 Series,datacenter,Naples,EPYC 7001 Series,EPYC 7351,AMD EPYC 7351,16,,,32,2.40 GHz,2.90 GHz,,,64 MB,155W,170W,,SP3,1P / 2P,3.0,,DDR4,8,2400 MT/s / 2666 MT/s,,yes,,,,,,,,890,PS7351BEVGPAF,https://www.amd.com/en/products/specifications/server-processor.html,1,high,153.6 GB/s / 170.6 GB/s
AMD,cpu,,EPYC,EPYC 7001 Series,datacenter,Naples,EPYC 7001 Series,EPYC 7301,AMD EPYC 7301,16,,,32,2.20 GHz,2.70 GHz,,,64 MB,155W,170W,,SP3,1P / 2P,3.0,,DDR4,8,2400 MT/s / 2666 MT/s,,yes,,,,,,,,740,PS7301BEVGPAF,https://www.amd.com/en/products/specifications/server-processor.html,1,high,153.6 GB/s / 170.6 GB/s
AMD,cpu,,EPYC,EPYC 7001 Series,datacenter,Naples,EPYC 7001 Series,EPYC 7281,AMD EPYC 7281,16,,,32,2.10 GHz,2.70 GHz,,,32 MB,155W,170W,,SP3,1P / 2P,3.0,,DDR4,8,2400 MT/s / 2666 MT/s,,yes,,,,,,,,580,PS7281BEVGAAF,https://www.amd.com/en/products/specifications/server-processor.html,1,high,153.6 GB/s / 170.6 GB/s
AMD,cpu,,EPYC,EPYC 7001 Series,datacenter,Naples,EPYC 7001 Series,EPYC 7261,AMD EPYC 7261,8,,,16,2.50 GHz,2.90 GHz,,,64 MB,155W,170W,,SP3,1P / 2P,,,DDR4,8,2400 MT/s / 2666 MT/s,,yes,,,,,,,,570,PS7261BEV8RAF,https://www.amd.com/en/products/specifications/server-processor.html,1,high,153.6 GB/s / 170.6 GB/s
AMD,cpu,,EPYC,EPYC 7001 Series,datacenter,Naples,EPYC 7001 Series,EPYC 7251,AMD EPYC 7251,8,,,16,2.10 GHz,2.90 GHz,,,32 MB,120W,,,SP3,1P / 2P,3.0,,DDR4,8,Up to 2400 MT/s,,yes,,,,,,,,400,PS7251BFV8SAF,https://www.amd.com/en/products/specifications/server-processor.html,1,high,153.6 GB/s
AMD,cpu,,EPYC,EPYC 4004 Series,datacenter,Raphael,EPYC 4004 Series,EPYC 4584PX,AMD EPYC 4584PX,16,,,32,4.20 GHz,5.70 GHz,,,128 MB,120W,,,AM5,1P,5.0,,DDR5,2,Up to 5200 MT/s,,yes,,,,,,,,699,100-000001481,https://www.amd.com/en/products/specifications/server-processor.html,1,high,
AMD,cpu,,EPYC,EPYC 4004 Series,datacenter,Raphael,EPYC 4004 Series,EPYC 4564P,AMD EPYC 4564P,16,,,32,4.50 GHz,5.70 GHz,,,64 MB,170W,,,AM5,1P,5.0,,DDR5,2,Up to 5200 MT/s,,yes,,,,,,,,699,100-000001476,https://www.amd.com/en/products/specifications/server-processor.html,1,high,
AMD,cpu,,EPYC,EPYC 4004 Series,datacenter,Raphael,EPYC 4004 Series,EPYC 4484PX,AMD EPYC 4484PX,12,,,24,4.40 GHz,5.60 GHz,,,128 MB,120W,,,AM5,1P,5.0,,DDR5,2,Up to 5200 MT/s,,yes,,,,,,,,599,100-000001482,https://www.amd.com/en/products/specifications/server-processor.html,1,high,
AMD,cpu,,EPYC,EPYC 4004 Series,datacenter,Raphael,EPYC 4004 Series,EPYC 4464P,AMD EPYC 4464P,12,,,24,3.70 GHz,5.40 GHz,,,64 MB,65W,,,AM5,1P,5.0,,DDR5,2,Up to 5200 MT/s,,yes,,,,,,,,429,100-000001478,https://www.amd.com/en/products/specifications/server-processor.html,1,high,
AMD,cpu,,EPYC,EPYC 4004 Series,datacenter,Raphael,EPYC 4004 Series,EPYC 4364P,AMD EPYC 4364P,8,,,16,4.50 GHz,5.40 GHz,,,32 MB,105W,,,AM5,1P,5.0,,DDR5,2,Up to 5200 MT/s,,yes,,,,,,,,399,100-000001477,https://www.amd.com/en/products/specifications/server-processor.html,1,high,
AMD,cpu,,EPYC,EPYC 4004 Series,datacenter,Raphael,EPYC 4004 Series,EPYC 4344P,AMD EPYC 4344P,8,,,16,3.80 GHz,5.30 GHz,,,32 MB,65W,,,AM5,1P,5.0,,DDR5,2,Up to 5200 MT/s,,yes,,,,,,,,329,100-000001479,https://www.amd.com/en/products/specifications/server-processor.html,1,high,
AMD,cpu,,EPYC,EPYC 4004 Series,datacenter,Raphael,EPYC 4004 Series,EPYC 4244P,AMD EPYC 4244P,6,,,12,3.80 GHz,5.10 GHz,,,32 MB,65W,,,AM5,1P,5.0,,DDR5,2,Up to 5200 MT/s,,yes,,,,,,,,229,100-000001480,https://www.amd.com/en/products/specifications/server-processor.html,1,high,
AMD,cpu,,EPYC,EPYC 4004 Series,datacenter,Raphael,EPYC 4004 Series,EPYC 4124P,AMD EPYC 4124P,4,,,8,3.80 GHz,5.10 GHz,,,16 MB,65W,,,AM5,1P,5.0,,DDR5,2,Up to 5200 MT/s,,yes,,,,,,,,149,100-000001570,https://www.amd.com/en/products/specifications/server-processor.html,1,high,
AMD,cpu,,EPYC,Opteron X2100 Series APU,datacenter,Kyoto,Opteron X2100 Series APU,Opteron X2170 APU,AMD Opteron X2170 APU,4,,,4,2.40 GHz,,,,,25W,,,FT3,,,,DDR3,,Up to 1866 MT/s,,yes,,,,,,,,,,https://www.amd.com/en/products/specifications/server-processor.html,1,medium,"codename medium-confidence (researched, not on AMD spec sheet)"
AMD,cpu,,EPYC,Opteron X2100 Series APU,datacenter,Kyoto,Opteron X2100 Series APU,Opteron X2150 APU,AMD Opteron X2150 APU,4,,,4,1.90 GHz,,,,,22W,,,FT3,,,,DDR3,,,,yes,,,,,,,,,OX2150IAJ44HM,https://www.amd.com/en/products/specifications/server-processor.html,1,high,
AMD,cpu,,EPYC,Opteron X1100 Series,datacenter,Kyoto,Opteron X1100 Series,Opteron X1150,AMD Opteron X1150,4,,,4,2.00 GHz,,,,,17W,,,FT3,,,,DDR3,,Up to 800 MT/s,,yes,,,,,,,,,OX1150IPJ44HM,https://www.amd.com/en/products/specifications/server-processor.html,1,high,
AMD,cpu,,EPYC,Opteron 6300 Series,datacenter,Abu Dhabi,Opteron 6300 Series,Opteron 6386 SE,AMD Opteron 6386 SE,16,,,16,2.80 GHz,3.50 GHz,,,16 MB,140W,,,G34,,,,DDR3,,Up to 2000 MT/s,,yes,,,,,,,,,OS6386YETGGHK,https://www.amd.com/en/products/specifications/server-processor.html,1,high,
AMD,cpu,,EPYC,Opteron 6300 Series,datacenter,Warsaw,Opteron 6300 Series,Opteron 6370P,AMD Opteron 6370P,16,,,16,2.00 GHz,2.50 GHz,,,16 MB,99W,,,G34,,,,DDR3,,Up to 2000 MT/s,,yes,,,,,,,,,OS6370WQTGGHK,https://www.amd.com/en/products/specifications/server-processor.html,1,high,
AMD,cpu,,EPYC,Opteron 6300 Series,datacenter,Abu Dhabi,Opteron 6300 Series,Opteron 6366 HE,AMD Opteron 6366 HE,16,,,16,1.80 GHz,3.10 GHz,,,16 MB,85W,,,G34,,,,DDR3,,Up to 1800 MT/s,,yes,,,,,,,,,OS6366VATGGHK,https://www.amd.com/en/products/specifications/server-processor.html,1,high,
AMD,cpu,,EPYC,Opteron 6300 Series,datacenter,Warsaw,Opteron 6300 Series,Opteron 6338P,AMD Opteron 6338P,12,,,12,2.30 GHz,2.80 GHz,,,16 MB,99W,,,G34,,,,DDR3,,Up to 2000 MT/s,,yes,,,,,,,,,OS6338WQTCGHK,https://www.amd.com/en/products/specifications/server-processor.html,1,high,
AMD,cpu,,EPYC,Opteron 6300 Series,datacenter,Abu Dhabi,Opteron 6300 Series,Opteron 6380,AMD Opteron 6380,16,,,16,2.50 GHz,3.40 GHz,,,16 MB,115W,,,G34,,,,DDR3,,Up to 2000 MT/s,,yes,,,,,,,,,OS6380WKTGGHK,https://www.amd.com/en/products/specifications/server-processor.html,1,high,
AMD,cpu,,EPYC,Opteron 6300 Series,datacenter,Abu Dhabi,Opteron 6300 Series,Opteron 6378,AMD Opteron 6378,16,,,16,2.40 GHz,3.30 GHz,,,16 MB,115W,,,G34,,,,DDR3,,Up to 2000 MT/s,,yes,,,,,,,,,OS6378WKTGGHK,https://www.amd.com/en/products/specifications/server-processor.html,1,high,
AMD,cpu,,EPYC,Opteron 6300 Series,datacenter,Abu Dhabi,Opteron 6300 Series,Opteron 6376,AMD Opteron 6376,16,,,16,2.30 GHz,2.00 GHz,,,16 MB,115W,,,G34,,,,DDR3,,Up to 2000 MT/s,,yes,,,,,,,,,OS6376WKTGGHK,https://www.amd.com/en/products/specifications/server-processor.html,1,high,
AMD,cpu,,EPYC,Opteron 6300 Series,datacenter,Abu Dhabi,Opteron 6300 Series,Opteron 6348,AMD Opteron 6348,12,,,12,2.80 GHz,3.40 GHz,,,16 MB,115W,,,G34,,,,DDR3,,Up to 2000 MT/s,,yes,,,,,,,,,OS6348WKTCGHK,https://www.amd.com/en/products/specifications/server-processor.html,1,high,
AMD,cpu,,EPYC,Opteron 6300 Series,datacenter,Abu Dhabi,Opteron 6300 Series,Opteron 6344,AMD Opteron 6344,12,,,12,2.60 GHz,2.00 GHz,,,16 MB,115W,,,G34,,,,DDR3,,Up to 2000 MT/s,,yes,,,,,,,,,OS6344WKTCGHK,https://www.amd.com/en/products/specifications/server-processor.html,1,high,
AMD,cpu,,EPYC,Opteron 6300 Series,datacenter,Abu Dhabi,Opteron 6300 Series,Opteron 6328,AMD Opteron 6328,8,,,8,3.20 GHz,3.80 GHz,,,16 MB,115W,,,G34,,,,DDR3,,Up to 2000 MT/s,,yes,,,,,,,,,OS6328WKT8GHK,https://www.amd.com/en/products/specifications/server-processor.html,1,high,
AMD,cpu,,EPYC,Opteron 6300 Series,datacenter,Abu Dhabi,Opteron 6300 Series,Opteron 6320,AMD Opteron 6320,8,,,8,2.80 GHz,3.30 GHz,,,16 MB,115W,,,G34,,,,DDR3,,Up to 2000 MT/s,,yes,,,,,,,,,OS6320WKT8GHK,https://www.amd.com/en/products/specifications/server-processor.html,1,high,
AMD,cpu,,EPYC,Opteron 6300 Series,datacenter,Abu Dhabi,Opteron 6300 Series,Opteron 6308,AMD Opteron 6308,4,,,4,3.50 GHz,,,,16 MB,115W,,,G34,,,,DDR3,,Up to 2000 MT/s,,yes,,,,,,,,,OS6308WKT4GHK,https://www.amd.com/en/products/specifications/server-processor.html,1,high,
AMD,cpu,,EPYC,Opteron 4300 Series,datacenter,Seoul,Opteron 4300 Series,Opteron 4376 HE,AMD Opteron 4376 HE,8,,,8,2.60 GHz,3.60 GHz,,,8 MB,65W,,,C32,,,,DDR3,,Up to 2000 MT/s,,yes,,,,,,,,,OS4376OFU8KHK,https://www.amd.com/en/products/specifications/server-processor.html,1,high,
AMD,cpu,,EPYC,Opteron 4300 Series,datacenter,Seoul,Opteron 4300 Series,Opteron 4332 HE,AMD Opteron 4332 HE,6,,,6,3.00 GHz,3.70 GHz,,,8 MB,65W,,,C32,,,,DDR3,,Up to 2000 MT/s,,yes,,,,,,,,,OS4332OFU6KHK,https://www.amd.com/en/products/specifications/server-processor.html,1,high,
AMD,cpu,,EPYC,Opteron 4300 Series,datacenter,Seoul,Opteron 4300 Series,Opteron 4310 EE,AMD Opteron 4310 EE,6,,,6,2.20 GHz,3.00 GHz,,,8 MB,35W,,,C32,,,,DDR3,,Up to 1600 MT/s,,yes,,,,,,,,,OS4310HPU4KHK,https://www.amd.com/en/products/specifications/server-processor.html,1,high,
AMD,cpu,,EPYC,Opteron 4300 Series,datacenter,Seoul,Opteron 4300 Series,Opteron 4386,AMD Opteron 4386,8,,,8,3.10 GHz,3.80 GHz,,,8 MB,95W,,,C32,,,,DDR3,,Up to 2200 MT/s,,yes,,,,,,,,,OS4386WLU8KHK,https://www.amd.com/en/products/specifications/server-processor.html,1,high,
AMD,cpu,,EPYC,Opteron 4300 Series,datacenter,Seoul,Opteron 4300 Series,Opteron 4365,AMD Opteron 4365,8,,,8,2.00 GHz,2.80 GHz,,,8 MB,40W,,,C32,,,,DDR3,,Up to 1600 MT/s,,yes,,,,,,,,,n/a,https://www.amd.com/en/products/specifications/server-processor.html,1,high,
AMD,cpu,,EPYC,Opteron 4300 Series,datacenter,Seoul,Opteron 4300 Series,Opteron 4340,AMD Opteron 4340,6,,,6,3.50 GHz,3.80 GHz,,,8 MB,95W,,,C32,,,,DDR3,,Up to 2200 MT/s,,yes,,,,,,,,,OS4340WLU6KHK,https://www.amd.com/en/products/specifications/server-processor.html,1,high,
AMD,cpu,,EPYC,Opteron 4300 Series,datacenter,Seoul,Opteron 4300 Series,Opteron 4334,AMD Opteron 4334,6,,,6,3.10 GHz,3.50 GHz,,,8 MB,95W,,,C32,,,,DDR3,,Up to 2000 MT/s,,yes,,,,,,,,,OS4334WLU6KHK,https://www.amd.com/en/products/specifications/server-processor.html,1,high,
AMD,cpu,,EPYC,Opteron 3300 Series,datacenter,Delhi,Opteron 3300 Series,Opteron 3350 HE,AMD Opteron 3350 HE,4,,,4,2.80 GHz,3.80 GHz,,,8 MB,45W,,,AM3+,,,,DDR3,,Up to 2000 MT/s,,yes,,,,,,,,,OS3350HOW4KHK,https://www.amd.com/en/products/specifications/server-processor.html,1,high,
AMD,cpu,,EPYC,Opteron 3300 Series,datacenter,Delhi,Opteron 3300 Series,Opteron 3320 EE,AMD Opteron 3320 EE,4,,,4,1.90 GHz,2.50 GHz,,,8 MB,25W,,,AM3+,,,,DDR3,,Up to 1400 MT/s,,yes,,,,,,,,,OS3320SJW4KHK,https://www.amd.com/en/products/specifications/server-processor.html,1,high,
AMD,cpu,,EPYC,Opteron 3300 Series,datacenter,Delhi,Opteron 3300 Series,Opteron 3380,AMD Opteron 3380,8,,,8,2.60 GHz,3.60 GHz,,,8 MB,65W,,,AM3+,,,,DDR3,,Up to 2000 MT/s,,yes,,,,,,,,,OS3380OLW8KHK,https://www.amd.com/en/products/specifications/server-processor.html,1,high,
AMD,cpu,,EPYC,Opteron 3300 Series,datacenter,Delhi,Opteron 3300 Series,Opteron 3365,AMD Opteron 3365,8,,,8,2.30 GHz,3.30 GHz,,,8 MB,65W,,,AM3+,,,,DDR3,,Up to 2000 MT/s,,yes,,,,,,,,,OS3365OLW8KHK,https://www.amd.com/en/products/specifications/server-processor.html,1,high,
AMD,cpu,,EPYC,Opteron 6200 Series,datacenter,Interlagos,Opteron 6200 Series,Opteron 6284 SE,AMD Opteron 6284 SE,16,,,16,2.70 GHz,3.40 GHz,,,16 MB,140W,,,G34,,,,DDR3,,Up to 2000 MT/s,,yes,,,,,,,,,OS6284YETGGGU,https://www.amd.com/en/products/specifications/server-processor.html,1,high,
AMD,cpu,,EPYC,Opteron 6200 Series,datacenter,Interlagos,Opteron 6200 Series,Opteron 6282 SE,AMD Opteron 6282 SE,16,,,16,2.60 GHz,3.30 GHz,,,16 MB,140W,,,G34,,,,DDR3,,Up to 2000 MT/s,,yes,,,,,,,,,OS6282YETGGGU,https://www.amd.com/en/products/specifications/server-processor.html,1,high,
AMD,cpu,,EPYC,Opteron 6200 Series,datacenter,Interlagos,Opteron 6200 Series,Opteron 6262 HE,AMD Opteron 6262 HE,16,,,16,1.60 GHz,2.90 GHz,,,16 MB,85W,,,G34,,,,DDR3,,Up to 1800 MT/s,,yes,,,,,,,,,OS6262VATGGGU,https://www.amd.com/en/products/specifications/server-processor.html,1,high,
AMD,cpu,,EPYC,Opteron 6200 Series,datacenter,Interlagos,Opteron 6200 Series,Opteron 6278,AMD Opteron 6278,16,,,16,2.40 GHz,3.30 GHz,,,16 MB,115W,,,G34,,,,DDR3,,Up to 2000 MT/s,,yes,,,,,,,,,OS6278WKTGGGU,https://www.amd.com/en/products/specifications/server-processor.html,1,high,
AMD,cpu,,EPYC,Opteron 6200 Series,datacenter,Interlagos,Opteron 6200 Series,Opteron 6276,AMD Opteron 6276,16,,,16,2.30 GHz,3.20 GHz,,,16 MB,115W,,,G34,,,,DDR3,,Up to 2000 MT/s,,yes,,,,,,,,,OS6276WKTGGGU,https://www.amd.com/en/products/specifications/server-processor.html,1,high,
AMD,cpu,,EPYC,Opteron 6200 Series,datacenter,Interlagos,Opteron 6200 Series,Opteron 6274,AMD Opteron 6274,16,,,16,2.20 GHz,3.10 GHz,,,16 MB,115W,,,G34,,,,DDR3,,Up to 2000 MT/s,,yes,,,,,,,,,OS6274WKTGGGU,https://www.amd.com/en/products/specifications/server-processor.html,1,high,
AMD,cpu,,EPYC,Opteron 6200 Series,datacenter,Interlagos,Opteron 6200 Series,Opteron 6272,AMD Opteron 6272,16,,,16,2.10 GHz,3.00 GHz,,,16 MB,115W,,,G34,,,,DDR3,,Up to 2000 MT/s,,yes,,,,,,,,,OS6272WKTGGGU,https://www.amd.com/en/products/specifications/server-processor.html,1,high,
AMD,cpu,,EPYC,Opteron 6200 Series,datacenter,Interlagos,Opteron 6200 Series,Opteron 6238,AMD Opteron 6238,12,,,12,2.60 GHz,3.20 GHz,,,16 MB,115W,,,G34,,,,DDR3,,Up to 2000 MT/s,,yes,,,,,,,,,OS6238WKTCGGU,https://www.amd.com/en/products/specifications/server-processor.html,1,high,
AMD,cpu,,EPYC,Opteron 6200 Series,datacenter,Interlagos,Opteron 6200 Series,Opteron 6234,AMD Opteron 6234,12,,,12,2.40 GHz,3.00 GHz,,,16 MB,115W,,,G34,,,,DDR3,,Up to 2000 MT/s,,yes,,,,,,,,,OS6234WKTCGGU,https://www.amd.com/en/products/specifications/server-processor.html,1,high,
AMD,cpu,,EPYC,Opteron 6200 Series,datacenter,Interlagos,Opteron 6200 Series,Opteron 6220,AMD Opteron 6220,8,,,8,3.00 GHz,3.60 GHz,,,16 MB,115W,,,G34,,,,DDR3,,Up to 2000 MT/s,,yes,,,,,,,,,OS6220WKT8GGU,https://www.amd.com/en/products/specifications/server-processor.html,1,high,
AMD,cpu,,EPYC,Opteron 6200 Series,datacenter,Interlagos,Opteron 6200 Series,Opteron 6212,AMD Opteron 6212,8,,,8,2.60 GHz,3.20 GHz,,,16 MB,115W,,,G34,,,,DDR3,,Up to 2000 MT/s,,yes,,,,,,,,,OS6212WKT8GGU,https://www.amd.com/en/products/specifications/server-processor.html,1,high,
AMD,cpu,,EPYC,Opteron 6200 Series,datacenter,Interlagos,Opteron 6200 Series,Opteron 6204,AMD Opteron 6204,4,,,4,3.30 GHz,,,,16 MB,115W,,,G34,,,,DDR3,,Up to 2000 MT/s,,yes,,,,,,,,,OS6204WKT4GGU,https://www.amd.com/en/products/specifications/server-processor.html,1,high,
AMD,cpu,,EPYC,Opteron 4200 Series,datacenter,Valencia,Opteron 4200 Series,Opteron 4276 HE,AMD Opteron 4276 HE,8,,,8,2.60 GHz,3.60 GHz,,,8 MB,65W,,,C32,,,,DDR3,,Up to 2000 MT/s,,yes,,,,,,,,,OS4276OFU8KGU,https://www.amd.com/en/products/specifications/server-processor.html,1,high,
AMD,cpu,,EPYC,Opteron 4200 Series,datacenter,Valencia,Opteron 4200 Series,Opteron 4274 HE,AMD Opteron 4274 HE,8,,,8,2.50 GHz,3.50 GHz,,,8 MB,65W,,,C32,,,,DDR3,,Up to 2000 MT/s,,yes,,,,,,,,,OS4274OFU8KGU,https://www.amd.com/en/products/specifications/server-processor.html,1,high,
AMD,cpu,,EPYC,Opteron 4200 Series,datacenter,Valencia,Opteron 4200 Series,Opteron 4256 EE,AMD Opteron 4256 EE,8,,,8,1.60 GHz,2.80 GHz,,,8 MB,35W,,,C32,,,,DDR3,,Up to 1600 MT/s,,yes,,,,,,,,,OS4256HJU8KGU,https://www.amd.com/en/products/specifications/server-processor.html,1,high,
AMD,cpu,,EPYC,Opteron 4200 Series,datacenter,Valencia,Opteron 4200 Series,Opteron 4230 HE,AMD Opteron 4230 HE,6,,,6,2.90 GHz,3.70 GHz,,,8 MB,65W,,,C32,,,,DDR3,,Up to 2000 MT/s,,yes,,,,,,,,,OS4230OFU6KGU,https://www.amd.com/en/products/specifications/server-processor.html,1,high,
AMD,cpu,,EPYC,Opteron 4200 Series,datacenter,Valencia,Opteron 4200 Series,Opteron 4228 HE,AMD Opteron 4228 HE,6,,,6,2.80 GHz,3.60 GHz,,,8 MB,65W,,,C32,,,,DDR3,,Up to 2000 MT/s,,yes,,,,,,,,,OS4228OFU6KGU,https://www.amd.com/en/products/specifications/server-processor.html,1,high,
AMD,cpu,,EPYC,Opteron 4200 Series,datacenter,Valencia,Opteron 4200 Series,Opteron 4284,AMD Opteron 4284,8,,,8,3.00 GHz,3.70 GHz,,,8 MB,95W,,,C32,,,,DDR3,,Up to 2200 MT/s,,yes,,,,,,,,,OS4284WLU8KGU,https://www.amd.com/en/products/specifications/server-processor.html,1,high,
AMD,cpu,,EPYC,Opteron 4200 Series,datacenter,Valencia,Opteron 4200 Series,Opteron 4280,AMD Opteron 4280,8,,,8,2.80 GHz,2.20 GHz,,,8 MB,95W,,,C32,,,,DDR3,,Up to 2200 MT/s,,yes,,,,,,,,,OS4280WLU8KGU,https://www.amd.com/en/products/specifications/server-processor.html,1,high,
AMD,cpu,,EPYC,Opteron 4200 Series,datacenter,Valencia,Opteron 4200 Series,Opteron 4240,AMD Opteron 4240,6,,,6,3.40 GHz,3.80 GHz,,,8 MB,95W,,,C32,,,,DDR3,,,,yes,,,,,,,,,OS4240WLU6KGU,https://www.amd.com/en/products/specifications/server-processor.html,1,high,
AMD,cpu,,EPYC,Opteron 4200 Series,datacenter,Valencia,Opteron 4200 Series,Opteron 4238,AMD Opteron 4238,6,,,6,3.30 GHz,3.70 GHz,,,8 MB,95W,,,C32,,,,DDR3,,Up to 2200 MT/s,,yes,,,,,,,,,OS4238WLU6KGU,https://www.amd.com/en/products/specifications/server-processor.html,1,high,
AMD,cpu,,EPYC,Opteron 4200 Series,datacenter,Valencia,Opteron 4200 Series,Opteron 4234,AMD Opteron 4234,6,,,6,3.10 GHz,3.50 GHz,,,8 MB,95W,,,C32,,,,DDR3,,Up to 2200 MT/s,,yes,,,,,,,,,OS4234WLU6KGU,https://www.amd.com/en/products/specifications/server-processor.html,1,high,
AMD,cpu,,EPYC,Opteron 4200 Series,datacenter,Valencia,Opteron 4200 Series,Opteron 4226,AMD Opteron 4226,6,,,6,2.70 GHz,3.10 GHz,,,8 MB,95W,,,C32,,,,DDR3,,Up to 2000 MT/s,,yes,,,,,,,,,OS4226WLU6KGU,https://www.amd.com/en/products/specifications/server-processor.html,1,high,
AMD,cpu,,EPYC,Opteron 3200 Series,datacenter,Zurich,Opteron 3200 Series,Opteron 3260 HE,AMD Opteron 3260 HE,4,,,4,2.70 GHz,3.70 GHz,,,4 MB,45W,,,AM3+,,,,DDR3,,Up to 2000 MT/s,,yes,,,,,,,,,OS3260HOW4MGU,https://www.amd.com/en/products/specifications/server-processor.html,1,high,
AMD,cpu,,EPYC,Opteron 3200 Series,datacenter,Zurich,Opteron 3200 Series,Opteron 3250 HE,AMD Opteron 3250 HE,,,,,2.50 GHz,3.50 GHz,,,4 MB,45W,,,AM3+,,,,DDR3,,Up to 2000 MT/s,,yes,,,,,,,,,OS3250HOW4MGU,https://www.amd.com/en/products/specifications/server-processor.html,1,high,
AMD,cpu,,EPYC,Opteron 3200 Series,datacenter,Zurich,Opteron 3200 Series,Opteron 3280,AMD Opteron 3280,8,,,8,2.40 GHz,3.40 GHz,,,8 MB,65W,,,AM3+,,,,DDR3,,Up to 2000 MT/s,,yes,,,,,,,,,OS3280OLW8KGU,https://www.amd.com/en/products/specifications/server-processor.html,1,high,
AMD,cpu,,EPYC,Opteron 6100 Series,datacenter,Magny-Cours,Opteron 6100 Series,Opteron 6180 SE,AMD Opteron 6180 SE,12,,,12,2.50 GHz,,,,12 MB,140W,,,G34,,,,DDR3,,Up to 1800 MT/s,,yes,,,,,,,,,OS6180YETCEGO,https://www.amd.com/en/products/specifications/server-processor.html,1,high,
AMD,cpu,,EPYC,Opteron 6100 Series,datacenter,Magny-Cours,Opteron 6100 Series,Opteron 6166 HE,AMD Opteron 6166 HE,12,,,12,1.80 GHz,,,,12 MB,85W,,,G34,,,,DDR3,,Up to 1800 MT/s,,yes,,,,,,,,,OS6166VATCEGO,https://www.amd.com/en/products/specifications/server-processor.html,1,high,
AMD,cpu,,EPYC,Opteron 6100 Series,datacenter,Magny-Cours,Opteron 6100 Series,Opteron 6132 HE,AMD Opteron 6132 HE,8,,,8,2.20 GHz,,,,12 MB,85W,,,G34,,,,DDR3,,Up to 1800 MT/s,,yes,,,,,,,,,OS6132VAT8EGO,https://www.amd.com/en/products/specifications/server-processor.html,1,high,
AMD,cpu,,EPYC,Opteron 6100 Series,datacenter,Magny-Cours,Opteron 6100 Series,Opteron 6176,AMD Opteron 6176,12,,,12,2.30 GHz,,,,12 MB,115W,,,G34,,,,DDR3,,Up to 1800 MT/s,,yes,,,,,,,,,OS6176WKTCEGO,https://www.amd.com/en/products/specifications/server-processor.html,1,high,
AMD,cpu,,EPYC,Opteron 6100 Series,datacenter,Magny-Cours,Opteron 6100 Series,Opteron 6140,AMD Opteron 6140,8,,,8,2.60 GHz,,,,12 MB,115W,,,G34,,,,DDR3,,Up to 1800 MT/s,,yes,,,,,,,,,OS6140WKT8EGO,https://www.amd.com/en/products/specifications/server-processor.html,1,high,
AMD,cpu,,Ryzen,Ryzen 400 Series,mobile,Gorgon Point,TSMC 4nm FinFET,Ryzen 7 449,AMD Ryzen 7 449,8,,,16,2.00 GHz,5.00 GHz,,8 MB,16 MB,28W,,,FP8,1,4.0,,"DDR5 (FP8) , LPDDR5X (FP8)",2,,,,,,AMD Radeon 860M,8,2.80 GHz,,,,100-000001939,https://www.amd.com/en/products/specifications/processors.html,1,high,
AMD,cpu,,Ryzen,Ryzen 400 Series,mobile,Gorgon Point,TSMC 4nm FinFET,Ryzen 5 439,AMD Ryzen 5 439,6,,,12,2.00 GHz,4.60 GHz,,6 MB,8 MB,28W,,,FP8,1,4.0,,"DDR5 (FP8) , LPDDR5X (FP8)",2,,,,,,AMD Radeon 840M,4,2.80 GHz,,,,100-000001605,https://www.amd.com/en/products/specifications/processors.html,1,high,
AMD,cpu,,Ryzen PRO,Ryzen AI Max PRO 400 Series,mobile,Gorgon Halo,TSMC 4nm FinFET,RyzenAI Max+ PRO 495,AMD RyzenAI Max+ PRO 495,16,,,32,3.10 GHz,5.20 GHz,,16 MB,64 MB,55W,,,,1,4.0,,256-bit LPDDR5x,,,,,,,Radeon 8065S Graphics,40,3.00 GHz,,,,100-000002124,https://www.amd.com/en/products/specifications/processors.html,1,high,
AMD,cpu,,Ryzen PRO,Ryzen AI Max PRO 400 Series,mobile,Gorgon Halo,TSMC 4nm FinFET,Ryzen AI Max PRO 490,AMD Ryzen AI Max PRO 490,12,,,24,3.20 GHz,5.00 GHz,,12 MB,64 MB,55W,,,,1,4.0,,256-bit LPDDR5x,,,,,,,Radeon 8050S Graphics,32,2.80 GHz,,,,100-000002141,https://www.amd.com/en/products/specifications/processors.html,1,high,
AMD,cpu,,Ryzen PRO,Ryzen AI Max PRO 400 Series,mobile,Gorgon Halo,TSMC 4nm FinFET,Ryzen AI Max PRO 485,AMD Ryzen AI Max PRO 485,8,,,16,3.60 GHz,5.00 GHz,,8 MB,32 MB,55W,,,,1,4.0,,256-bit LPDDR5x,,,,,,,Radeon 8050S Graphics,32,2.80 GHz,,,,100-000002144,https://www.amd.com/en/products/specifications/processors.html,1,high,
AMD,cpu,,Ryzen PRO,Ryzen AI PRO 400 Series,mobile,Gorgon Point,TSMC 4nm FinFET,Ryzen AI 9 HX PRO 475,AMD Ryzen AI 9 HX PRO 475,12,,,24,2.00 GHz,5.20 GHz,,12 MB,24 MB,28W,,,FP8,1,4.0,,"DDR5 (FP8) , LPDDR5X (FP8)",2,,,,,,AMD Radeon 890M,16,3.10 GHz,,2026-Q1,,100-000001860,https://www.amd.com/en/products/specifications/processors.html,1,high,
AMD,cpu,,Ryzen PRO,Ryzen AI PRO 400 Series,mobile,Gorgon Point,TSMC 4nm FinFET,Ryzen AI 9 HX PRO 470,AMD Ryzen AI 9 HX PRO 470,12,,,24,2.00 GHz,5.20 GHz,,12 MB,24 MB,28W,,,FP8,1,4.0,,"DDR5 (FP8) , LPDDR5X (FP8)",2,,,,,,AMD Radeon 890M,16,3.10 GHz,,2026-Q1,,100-000001937,https://www.amd.com/en/products/specifications/processors.html,1,high,
AMD,cpu,,Ryzen PRO,Ryzen AI PRO 400 Series,mobile,Gorgon Point,TSMC 4nm FinFET,Ryzen AI 9 PRO 465,AMD Ryzen AI 9 PRO 465,10,,,20,2.00 GHz,5.00 GHz,,10 MB,24 MB,28W,,,FP8,1,4.0,,"DDR5 (FP8) , LPDDR5X (FP8)",2,,,,,,AMD Radeon 890M,12,2.90 GHz,,2026-Q1,,100-000001862,https://www.amd.com/en/products/specifications/processors.html,1,high,
AMD,cpu,,Ryzen PRO,Ryzen AI PRO 400 Series,desktop,Gorgon Point AM5,TSMC 4nm FinFET,Ryzen AI 7 PRO 450GE,AMD Ryzen AI 7 PRO 450GE,8,,,16,2.00 GHz,5.10 GHz,,8 MB,16 MB,35W,,,AM5,1,4.0,,DDR5,2,,,,,,AMD Radeon 860M graphics,8,3.10 GHz,,2026-Q1,,100-000001921,https://www.amd.com/en/products/specifications/processors.html,1,high,
AMD,cpu,,Ryzen PRO,Ryzen AI PRO 400 Series,desktop,Gorgon Point AM5,TSMC 4nm FinFET,Ryzen AI 7 PRO 450G,AMD Ryzen AI 7 PRO 450G,8,,,16,2.00 GHz,5.10 GHz,,8 MB,16 MB,65W,,,AM5,1,4.0,,DDR5,2,,,,,,AMD Radeon 860M graphics,8,3.10 GHz,,2026-Q1,,100-000001914,https://www.amd.com/en/products/specifications/processors.html,1,high,
AMD,cpu,,Ryzen PRO,Ryzen AI PRO 400 Series,mobile,Gorgon Point,TSMC 4nm FinFET,Ryzen AI 7 PRO 450,AMD Ryzen AI 7 PRO 450,8,,,16,2.00 GHz,5.10 GHz,,8 MB,16 MB,28W,,,FP8,1,4.0,,"DDR5 (FP8) , LPDDR5X (FP8)",2,,,,,,AMD Radeon 860M,8,3.10 GHz,,2026-Q1,,100-000001865,https://www.amd.com/en/products/specifications/processors.html,1,high,
AMD,cpu,,Ryzen PRO,Ryzen AI PRO 400 Series,desktop,Gorgon Point AM5,TSMC 4nm FinFET,Ryzen AI 5 PRO 440GE,AMD Ryzen AI 5 PRO 440GE,6,,,12,2.00 GHz,4.80 GHz,,6 MB,16 MB,35W,,,AM5,1,4.0,,DDR5,2,,,,,,AMD Radeon 840M graphics,4,2.90 GHz,,2026-Q1,,100-000001922,https://www.amd.com/en/products/specifications/processors.html,1,high,
AMD,cpu,,Ryzen PRO,Ryzen AI PRO 400 Series,desktop,Gorgon Point AM5,TSMC 4nm FinFET,Ryzen AI 5 PRO 440G,AMD Ryzen AI 5 PRO 440G,6,,,12,2.00 GHz,4.80 GHz,,6 MB,16 MB,65W,,,AM5,1,4.0,,DDR5,2,,,,,,AMD Radeon 840M graphics,4,2.90 GHz,,2026-Q1,,100-000001915,https://www.amd.com/en/products/specifications/processors.html,1,high,
AMD,cpu,,Ryzen PRO,Ryzen AI PRO 400 Series,mobile,Gorgon Point,TSMC 4nm FinFET,Ryzen AI 5 PRO 440,AMD Ryzen AI 5 PRO 440,6,,,12,2.00 GHz,4.80 GHz,,6 MB,16 MB,28W,,,FP8,1,4.0,,"DDR5 (FP8) , LPDDR5X (FP8)",2,,,,,,AMD Radeon 840M,4,2.90 GHz,,2026-Q1,,100-000001866,https://www.amd.com/en/products/specifications/processors.html,1,high,
AMD,cpu,,Ryzen PRO,Ryzen AI PRO 400 Series,desktop,Gorgon Point AM5,TSMC 4nm FinFET,Ryzen AI 5 PRO 435GE,AMD Ryzen AI 5 PRO 435GE,6,,,12,2.00 GHz,4.50 GHz,,6 MB,8 MB,35W,,,AM5,1,4.0,,DDR5,2,,,,,,AMD Radeon 840M graphics,4,2.80 GHz,,2026-Q1,,100-000001781,https://www.amd.com/en/products/specifications/processors.html,1,high,
AMD,cpu,,Ryzen PRO,Ryzen AI PRO 400 Series,desktop,Gorgon Point AM5,TSMC 4nm FinFET,Ryzen AI 5 PRO 435G,AMD Ryzen AI 5 PRO 435G,6,,,12,2.00 GHz,4.50 GHz,,6 MB,8 MB,65W,,,AM5,1,4.0,,DDR5,2,,,,,,AMD Radeon 840M graphics,4,2.80 GHz,,2026-Q1,,100-000001783,https://www.amd.com/en/products/specifications/processors.html,1,high,
AMD,cpu,,Ryzen PRO,Ryzen AI PRO 400 Series,mobile,Gorgon Point,TSMC 4nm FinFET,Ryzen AI 5 PRO 435,AMD Ryzen AI 5 PRO 435,6,,,12,2.00 GHz,4.50 GHz,,6 MB,8 MB,28W,,,FP8,1,4.0,,"DDR5 (FP8) , LPDDR5X (FP8)",2,,,,,,AMD Radeon 840M,4,2.80 GHz,,2026-Q1,,100-000001788,https://www.amd.com/en/products/specifications/processors.html,1,high,
AMD,cpu,,Ryzen,Ryzen AI 400 Series,mobile,Gorgon Point,TSMC 4nm FinFET,Ryzen AI 9 HX 475,AMD Ryzen AI 9 HX 475,12,,,24,2.00 GHz,5.20 GHz,,12 MB,24 MB,28W,,,FP8,1,4.0,,"DDR5 (FP8) , LPDDR5X (FP8)",2,,,,,,AMD Radeon 890M,16,3.10 GHz,,2026-Q1,,100-000001859 (FP8),https://www.amd.com/en/products/specifications/processors.html,1,high,
AMD,cpu,,Ryzen,Ryzen AI 400 Series,mobile,Gorgon Point,TSMC 4nm FinFET,Ryzen AI 9 HX 470,AMD Ryzen AI 9 HX 470,12,,,24,2.00 GHz,5.20 GHz,,12 MB,24 MB,28W,,,FP8,1,4.0,,"DDR5 (FP8) , LPDDR5X (FP8)",2,,,,,,AMD Radeon 890M,16,3.10 GHz,,2026-Q1,,100-000001936 (FP8),https://www.amd.com/en/products/specifications/processors.html,1,high,
AMD,cpu,,Ryzen,Ryzen AI 400 Series,mobile,Gorgon Point,TSMC 4nm FinFET,Ryzen AI 9 465,AMD Ryzen AI 9 465,10,,,20,2.00 GHz,5.00 GHz,,10 MB,24 MB,28W,,,FP8,1,4.0,,"DDR5 (FP8) , LPDDR5X (FP8)",2,,,,,,AMD Radeon 880M,12,2.90 GHz,,2026-Q1,,100-000001861 (FP8),https://www.amd.com/en/products/specifications/processors.html,1,high,
AMD,cpu,,Ryzen,Ryzen AI 400 Series,desktop,Gorgon Point AM5,TSMC 4nm FinFET,Ryzen AI 7 450GE,AMD Ryzen AI 7 450GE,8,,,16,2.00 GHz,5.10 GHz,,8 MB,16 MB,35W,,,AM5,1,4.0,,DDR5,2,,,,,,AMD Radeon 860M graphics,8,3.10 GHz,,,,100-000001924,https://www.amd.com/en/products/specifications/processors.html,1,high,
AMD,cpu,,Ryzen,Ryzen AI 400 Series,desktop,Gorgon Point AM5,TSMC 4nm FinFET,Ryzen AI 7 450G,AMD Ryzen AI 7 450G,8,,,16,2.00 GHz,5.10 GHz,,8 MB,16 MB,65W,,,AM5,1,4.0,,DDR5,2,,,,,,AMD Radeon 860M graphics,8,3.10 GHz,,,,100-000001917,https://www.amd.com/en/products/specifications/processors.html,1,high,
AMD,cpu,,Ryzen,Ryzen AI 400 Series,mobile,Gorgon Point,TSMC 4nm FinFET,Ryzen AI 7 450,AMD Ryzen AI 7 450,8,,,16,2.00 GHz,5.10 GHz,,8 MB,16 MB,28W,,,FP8,1,4.0,,"DDR5 (FP8) , LPDDR5X (FP8)",2,,,,,,AMD Radeon 860M,8,3.10 GHz,,2026-Q1,,100-000001868,https://www.amd.com/en/products/specifications/processors.html,1,high,
AMD,cpu,,Ryzen,Ryzen AI 400 Series,mobile,Gorgon Point,TSMC 4nm FinFET,Ryzen AI 7 445,AMD Ryzen AI 7 445,6,,,12,2.00 GHz,4.60 GHz,,6 MB,8 MB,28W,,,FP8,1,4.0,,"DDR5 (FP8) , LPDDR5X (FP8)",2,,,,,,AMD Radeon 840M,4,2.90 GHz,,2026-Q1,,100-000001935,https://www.amd.com/en/products/specifications/processors.html,1,high,
AMD,cpu,,Ryzen,Ryzen AI 400 Series,desktop,Gorgon Point AM5,TSMC 4nm FinFET,Ryzen AI 5 440GE,AMD Ryzen AI 5 440GE,6,,,12,2.00 GHz,4.80 GHz,,6 MB,16 MB,35W,,,AM5,1,4.0,,DDR5,2,,,,,,AMD Radeon 840M graphics,4,2.90 GHz,,,,100-000001925,https://www.amd.com/en/products/specifications/processors.html,1,high,
AMD,cpu,,Ryzen,Ryzen AI 400 Series,desktop,Gorgon Point AM5,TSMC 4nm FinFET,Ryzen AI 5 440G,AMD Ryzen AI 5 440G,6,,,12,2.00 GHz,4.80 GHz,,6 MB,16 MB,65W,,,AM5,1,4.0,,DDR5,2,,,,,,AMD Radeon 840M graphics,4,2.90 GHz,,,,100-000001918,https://www.amd.com/en/products/specifications/processors.html,1,high,
AMD,cpu,,Ryzen,Ryzen AI 400 Series,desktop,Gorgon Point AM5,TSMC 4nm FinFET,Ryzen AI 5 435GE,AMD Ryzen AI 5 435GE,6,,,12,2.00 GHz,4.50 GHz,,6 MB,8 MB,35W,,,AM5,1,4.0,,DDR5,2,,,,,,AMD Radeon 840M graphics,4,2.80 GHz,,,,100-000001785,https://www.amd.com/en/products/specifications/processors.html,1,high,
AMD,cpu,,Ryzen,Ryzen AI 400 Series,desktop,Gorgon Point AM5,TSMC 4nm FinFET,Ryzen AI 5 435G,AMD Ryzen AI 5 435G,6,,,12,2.00 GHz,4.50 GHz,,6 MB,8 MB,65W,,,AM5,1,4.0,,DDR5,2,,,,,,AMD Radeon 840M graphics,4,2.80 GHz,,,,100-000001158,https://www.amd.com/en/products/specifications/processors.html,1,high,
AMD,cpu,,Ryzen,Ryzen AI 400 Series,mobile,Gorgon Point,TSMC 4nm FinFET,Ryzen AI 5 435,AMD Ryzen AI 5 435,6,,,12,2.00 GHz,4.50 GHz,,6 MB,8 MB,28W,,,FP8,1,4.0,,"DDR5 (FP8) , LPDDR5X (FP8)",2,,,,,,AMD Radeon 840M,4,2.80 GHz,,2026-Q1,,100-000001337,https://www.amd.com/en/products/specifications/processors.html,1,high,
AMD,cpu,,Ryzen,Ryzen AI 400 Series,mobile,Gorgon Point,TSMC 4nm FinFET,Ryzen AI 5 430,AMD Ryzen AI 5 430,4,,,8,2.00 GHz,4.50 GHz,,4 MB,8 MB,28W,,,FP8,1,4.0,,"DDR5 (FP8) , LPDDR5X (FP8)",2,,,,,,AMD Radeon 840M,4,2.80 GHz,,2026-Q1,,100-000001787,https://www.amd.com/en/products/specifications/processors.html,1,high,
AMD,cpu,,Ryzen Threadripper PRO,Ryzen Threadripper PRO 9000 WX-Series,workstation,Shimada Peak,TSMC 4nm FinFET,Ryzen Threadripper PRO 9995WX,AMD Ryzen Threadripper PRO 9995WX,96,,,192,2.50 GHz,5.40 GHz,,96 MB,384 MB,350W,,,sTR5,1,5.0,,DDR5,8,Up to 6400 MT/s,,,,,Discrete Graphics Card Required,,,,,,100-000001361,https://www.amd.com/en/products/specifications/processors.html,1,high,Unlocked
AMD,cpu,,Ryzen Threadripper PRO,Ryzen Threadripper PRO 9000 WX-Series,workstation,Shimada Peak,TSMC 4nm FinFET,Ryzen Threadripper PRO 9985WX,AMD Ryzen Threadripper PRO 9985WX,64,,,128,3.20 GHz,5.40 GHz,,64 MB,256 MB,350W,,,sTR5,1,5.0,,DDR5,8,Up to 6400 MT/s,,,,,Discrete Graphics Card Required,,,,,,100-000000722,https://www.amd.com/en/products/specifications/processors.html,1,high,Unlocked
AMD,cpu,,Ryzen Threadripper PRO,Ryzen Threadripper PRO 9000 WX-Series,workstation,Shimada Peak,TSMC 4nm FinFET,Ryzen Threadripper PRO 9975WX,AMD Ryzen Threadripper PRO 9975WX,32,,,64,4.00 GHz,5.40 GHz,,32 MB,128 MB,350W,,,sTR5,1,5.0,,DDR5,8,Up to 6400 MT/s,,,,,Discrete Graphics Card Required,,,,,,100-000000723,https://www.amd.com/en/products/specifications/processors.html,1,high,Unlocked
AMD,cpu,,Ryzen Threadripper PRO,Ryzen Threadripper PRO 9000 WX-Series,workstation,Shimada Peak,TSMC 4nm FinFET,Ryzen Threadripper PRO 9965WX,AMD Ryzen Threadripper PRO 9965WX,24,,,48,4.20 GHz,5.40 GHz,,24 MB,128 MB,350W,,,sTR5,1,5.0,,DDR5,8,Up to 6400 MT/s,,,,,Discrete Graphics Card Required,,,,,,100-000000724,https://www.amd.com/en/products/specifications/processors.html,1,high,Unlocked
AMD,cpu,,Ryzen Threadripper PRO,Ryzen Threadripper PRO 9000 WX-Series,workstation,Shimada Peak,TSMC 4nm FinFET,Ryzen Threadripper PRO 9955WX,AMD Ryzen Threadripper PRO 9955WX,16,,,32,4.50 GHz,5.40 GHz,,16 MB,64 MB,350W,,,sTR5,1,5.0,,DDR5,8,Up to 6400 MT/s,,,,,Discrete Graphics Card Required,,,,,,100-000000725,https://www.amd.com/en/products/specifications/processors.html,1,high,Unlocked
AMD,cpu,,Ryzen Threadripper PRO,Ryzen Threadripper PRO 9000 WX-Series,workstation,Shimada Peak,TSMC 4nm FinFET,Ryzen Threadripper PRO 9945WX,AMD Ryzen Threadripper PRO 9945WX,12,,,24,4.70 GHz,5.40 GHz,,12 MB,64 MB,350W,,,sTR5,1,5.0,,DDR5,8,Up to 6400 MT/s,,,,,Discrete Graphics Card Required,,,,,,100-000000726,https://www.amd.com/en/products/specifications/processors.html,1,high,Unlocked
AMD,cpu,,Ryzen Threadripper,Ryzen Threadripper 9000 Series,workstation,Shimada Peak,TSMC 4nm FinFET,Ryzen Threadripper 9980X,AMD Ryzen Threadripper 9980X,64,,,128,3.20 GHz,5.40 GHz,,64 MB,256 MB,350W,,,sTR5,1,5.0,,DDR5,4,Up to 6400 MT/s,,,,,Discrete Graphics Card Required,,,,,,100-000001593,https://www.amd.com/en/products/specifications/processors.html,1,high,Unlocked
AMD,cpu,,Ryzen Threadripper,Ryzen Threadripper 9000 Series,workstation,Shimada Peak,TSMC 4nm FinFET,Ryzen Threadripper 9970X,AMD Ryzen Threadripper 9970X,32,,,64,4.00 GHz,5.40 GHz,,32 MB,128 MB,350W,,,sTR5,1,5.0,,DDR5,4,Up to 6400 MT/s,,,,,Discrete Graphics Card Required,,,,,,100-000001594,https://www.amd.com/en/products/specifications/processors.html,1,high,Unlocked
AMD,cpu,,Ryzen Threadripper,Ryzen Threadripper 9000 Series,workstation,Shimada Peak,TSMC 4nm FinFET,Ryzen Threadripper 9960X,AMD Ryzen Threadripper 9960X,24,,,48,4.20 GHz,5.40 GHz,,24 MB,128 MB,350W,,,sTR5,1,5.0,,DDR5,4,Up to 6400 MT/s,,,,,Discrete Graphics Card Required,,,,,,100-000001595,https://www.amd.com/en/products/specifications/processors.html,1,high,Unlocked
AMD,cpu,,Ryzen PRO,Ryzen AI Max PRO 300 Series,mobile,Strix Halo,TSMC 4nm FinFET,Ryzen AI Max+ PRO 395,AMD Ryzen AI Max+ PRO 395,16,,,32,3.00 GHz,5.10 GHz,,16 MB,64 MB,55W,,,FP11,1,4.0,,256-bit LPDDR5x,,,,,,,Radeon 8060S Graphics,40,2.90 GHz,,,,100-000001243,https://www.amd.com/en/products/specifications/processors.html,1,high,
AMD,cpu,,Ryzen PRO,Ryzen AI Max PRO 300 Series,mobile,Strix Halo,TSMC 4nm FinFET,Ryzen AI Max PRO 390,AMD Ryzen AI Max PRO 390,12,,,24,3.20 GHz,5.00 GHz,,12 MB,64 MB,55W,,,FP11,1,4.0,,256-bit LPDDR5x,,,,,,,Radeon 8050S Graphics,32,2.80 GHz,,,,100-000001421,https://www.amd.com/en/products/specifications/processors.html,1,high,
AMD,cpu,,Ryzen PRO,Ryzen AI Max PRO 300 Series,mobile,Strix Halo,TSMC 4nm FinFET,Ryzen AI Max PRO 385,AMD Ryzen AI Max PRO 385,8,,,16,3.60 GHz,5.00 GHz,,8 MB,32 MB,55W,,,FP11,1,4.0,,256-bit LPDDR5x,,,,,,,Radeon 8050S Graphics,32,2.80 GHz,,,,100-000001422,https://www.amd.com/en/products/specifications/processors.html,1,high,
AMD,cpu,,Ryzen PRO,Ryzen AI Max PRO 300 Series,mobile,Strix Halo,TSMC 4nm FinFET,Ryzen AI Max PRO 380,AMD Ryzen AI Max PRO 380,6,,,12,3.60 GHz,4.90 GHz,,6 MB,16 MB,55W,,,FP11,1,4.0,,128-bit LPDDR5x,,,,,,,Radeon 8040S Graphics,16,2.80 GHz,,,,100-000001425,https://www.amd.com/en/products/specifications/processors.html,1,high,
AMD,cpu,,Ryzen PRO,Ryzen AI PRO 300 Series,mobile,Strix Point,TSMC 4nm FinFET,Ryzen AI 9 HX PRO 375,AMD Ryzen AI 9 HX PRO 375,12,,,24,2.00 GHz,5.10 GHz,,12 MB,24 MB,28W,,,FP8,1,4.0,,"DDR5 (FP8) , LPDDR5X (FP8)",2,,,,,,AMD Radeon 890M,16,2.90 GHz,,2025-Q4,,100-000001683,https://www.amd.com/en/products/specifications/processors.html,1,high,
AMD,cpu,,Ryzen PRO,Ryzen AI PRO 300 Series,mobile,Strix Point,TSMC 4nm FinFET,Ryzen AI 9 HX PRO 370,AMD Ryzen AI 9 HX PRO 370,12,,,24,2.00 GHz,5.10 GHz,,12 MB,24 MB,28W,,,FP8,1,4.0,,"DDR5 (FP8) , LPDDR5X (FP8)",2,,,,,,AMD Radeon 890M,16,2.90 GHz,,2025-Q4,,100-000001569,https://www.amd.com/en/products/specifications/processors.html,1,high,
AMD,cpu,,Ryzen PRO,Ryzen AI PRO 300 Series,mobile,Strix Point,TSMC 4nm FinFET,Ryzen AI 7 PRO 360,AMD Ryzen AI 7 PRO 360,8,,,16,2.00 GHz,5.00 GHz,,8 MB,16 MB,28W,,,FP8,1,4.0,,"DDR5 (FP8) , LPDDR5X (FP8)",2,,,,,,AMD Radeon 880M,12,2.90 GHz,,2025-Q4,,100-000001571,https://www.amd.com/en/products/specifications/processors.html,1,high,
AMD,cpu,,Ryzen PRO,Ryzen AI PRO 300 Series,mobile,Krackan Point,TSMC 4nm FinFET,Ryzen AI 7 PRO 350,AMD Ryzen AI 7 PRO 350,8,,,16,2.00 GHz,5.00 GHz,,8 MB,16 MB,28W,,,FP8,1,4.0,,"DDR5 (FP8) , LPDDR5X (FP8)",2,,,,,,AMD Radeon 860M,8,3.00 GHz,,2025-Q1,,100-000000713,https://www.amd.com/en/products/specifications/processors.html,1,high,
AMD,cpu,,Ryzen PRO,Ryzen AI PRO 300 Series,mobile,Krackan Point,TSMC 4nm FinFET,Ryzen AI 5 PRO 340,AMD Ryzen AI 5 PRO 340,6,,,12,2.00 GHz,4.80 GHz,,6 MB,16 MB,28W,,,FP8,1,4.0,,"DDR5 (FP8) , LPDDR5X (FP8)",2,,,,,,AMD Radeon 840M,4,2.90 GHz,,2025-Q1,,100-000001600,https://www.amd.com/en/products/specifications/processors.html,1,high,
AMD,cpu,,Ryzen,Ryzen AI Max 300 Series,mobile,Strix Halo,TSMC 4nm FinFET,Ryzen AI Max+ 395,AMD Ryzen AI Max+ 395,16,,,32,3.00 GHz,5.10 GHz,,16 MB,64 MB,55W,,,FP11,1,4.0,,256-bit LPDDR5x,,,,,,,Radeon 8060S Graphics,40,2.90 GHz,,,,100-000001099,https://www.amd.com/en/products/specifications/processors.html,1,high,
AMD,cpu,,Ryzen,Ryzen AI Max 300 Series,mobile,Strix Halo,TSMC 4nm FinFET,Ryzen AI Max+ 392,AMD Ryzen AI Max+ 392,12,,,24,3.20 GHz,5.00 GHz,,12 MB,64 MB,55W,,,FP11,1,4.0,,256-bit LPDDR5x,,,,,,,Radeon 8060S Graphics,40,2.90 GHz,,,,100-000001979,https://www.amd.com/en/products/specifications/processors.html,1,high,
AMD,cpu,,Ryzen,Ryzen AI Max 300 Series,mobile,Strix Halo,TSMC 4nm FinFET,Ryzen AI Max 390,AMD Ryzen AI Max 390,12,,,24,3.20 GHz,5.00 GHz,,12 MB,64 MB,55W,,,FP11,1,4.0,,256-bit LPDDR5x,,,,,,,Radeon 8050S Graphics,32,2.80 GHz,,,,100-000001423,https://www.amd.com/en/products/specifications/processors.html,1,high,
AMD,cpu,,Ryzen,Ryzen AI Max 300 Series,mobile,Strix Halo,TSMC 4nm FinFET,Ryzen AI Max+ 388,AMD Ryzen AI Max+ 388,8,,,16,3.60 GHz,5.00 GHz,,8 MB,32 MB,55W,,,FP11,1,4.0,,256-bit LPDDR5x,,,,,,,Radeon 8060S Graphics,40,2.90 GHz,,,,100-000001980,https://www.amd.com/en/products/specifications/processors.html,1,high,
AMD,cpu,,Ryzen,Ryzen AI Max 300 Series,mobile,Strix Halo,TSMC 4nm FinFET,Ryzen AI Max 385,AMD Ryzen AI Max 385,8,,,16,3.60 GHz,5.00 GHz,,8 MB,32 MB,55W,,,FP11,1,4.0,,256-bit LPDDR5x,,,,,,,Radeon 8050S Graphics,32,2.80 GHz,,,,100-000001424,https://www.amd.com/en/products/specifications/processors.html,1,high,
AMD,cpu,,Ryzen,Ryzen Z2,handheld,Z2,,Ryzen AI Z2 Extreme,AMD Ryzen AI Z2 Extreme,8,,,16,2.00 GHz,5.00 GHz,,8 MB,16 MB,28W,,,,1,,,,,,,,,,AMD Radeon Graphics,16,,,,,100-000001885,https://www.amd.com/en/products/specifications/processors.html,1,high,
AMD,cpu,,Ryzen,Ryzen Z2,handheld,Z2,,Ryzen Z2 Extreme,AMD Ryzen Z2 Extreme,8,,,16,2.00 GHz,5.00 GHz,,8 MB,16 MB,28W,,,,1,,,,,,,,,,AMD Radeon Graphics,16,,,,,100-000001684,https://www.amd.com/en/products/specifications/processors.html,1,high,
AMD,cpu,,Ryzen,Ryzen Z2,handheld,Z2,,Ryzen Z2,AMD Ryzen Z2,8,,,16,3.30 GHz,5.10 GHz,,8 MB,16 MB,28W,,,,1,,,,,,,,,,AMD Radeon Graphics,12,,,,,100-000001753,https://www.amd.com/en/products/specifications/processors.html,1,high,
AMD,cpu,,Ryzen,Ryzen Z2,handheld,Z2,,Ryzen Z2 Go,AMD Ryzen Z2 Go,4,,,8,3.00 GHz,4.30 GHz,,2 MB,8 MB,28W,,,,1,,,,,,,,,,AMD Radeon Graphics,12,,,,,100-000001672,https://www.amd.com/en/products/specifications/processors.html,1,high,
AMD,cpu,,Ryzen,Ryzen Z2,handheld,Z2,,Ryzen Z2 A,AMD Ryzen Z2 A,4,,,8,2.80 GHz,3.80 GHz,,2 MB,4 MB,15W,,,,1,,,,,,,,,,AMD Radeon Graphics,8,,,,,100-000001835,https://www.amd.com/en/products/specifications/processors.html,1,high,
AMD,cpu,,Ryzen,Ryzen AI 300 Series,mobile,Strix Point,TSMC 4nm FinFET,Ryzen AI 9 HX 375,AMD Ryzen AI 9 HX 375,12,,,24,2.00 GHz,5.10 GHz,,12 MB,24 MB,28W,,,FP8,1,4.0,,"DDR5 (FP8) , LPDDR5X (FP8)",2,,,,,,AMD Radeon 890M,16,2.90 GHz,,2025-Q3,,100-000001682,https://www.amd.com/en/products/specifications/processors.html,1,high,
AMD,cpu,,Ryzen,Ryzen AI 300 Series,mobile,Strix Point,TSMC 4nm FinFET,Ryzen AI 9 HX 370,AMD Ryzen AI 9 HX 370,12,,,24,2.00 GHz,5.10 GHz,,12 MB,24 MB,28W,,,FP8,1,4.0,,"DDR5 (FP8) , LPDDR5X (FP8)",2,,,,,,AMD Radeon 890M,16,2.90 GHz,,2025-Q3,,100-000000994 (FP8),https://www.amd.com/en/products/specifications/processors.html,1,high,
AMD,cpu,,Ryzen,Ryzen AI 300 Series,mobile,Strix Point,TSMC 4nm FinFET,Ryzen AI 9 365,AMD Ryzen AI 9 365,10,,,20,2.00 GHz,5.00 GHz,,10 MB,24 MB,28W,,,FP8,1,4.0,,"DDR5 (FP8) , LPDDR5X (FP8)",2,,,,,,AMD Radeon 880M,12,2.90 GHz,,2025-Q3,,100-000001530 (FP8),https://www.amd.com/en/products/specifications/processors.html,1,high,
AMD,cpu,,Ryzen,Ryzen AI 300 Series,mobile,Krackan Point,TSMC 4nm FinFET,Ryzen AI 7 350,AMD Ryzen AI 7 350,8,,,16,2.00 GHz,5.00 GHz,,8 MB,16 MB,28W,,,FP8,1,4.0,,"DDR5 (FP8) , LPDDR5X (FP8)",2,,,,,,AMD Radeon 860M,8,3.00 GHz,,2025-Q1,,100-000001601,https://www.amd.com/en/products/specifications/processors.html,1,high,
AMD,cpu,,Ryzen,Ryzen AI 300 Series,mobile,Krackan Point,TSMC 4nm FinFET,Ryzen AI 5 340,AMD Ryzen AI 5 340,6,,,12,2.00 GHz,4.80 GHz,,6 MB,16 MB,28W,,,FP8,1,4.0,,"DDR5 (FP8) , LPDDR5X (FP8)",2,,,,,,AMD Radeon 840M,4,2.90 GHz,,2025-Q1,,100-000001602,https://www.amd.com/en/products/specifications/processors.html,1,high,
AMD,cpu,,Ryzen,Ryzen AI 300 Series,mobile,Krackan Point,TSMC 4nm FinFET,Ryzen AI 5 330,AMD Ryzen AI 5 330,4,,,8,2.00 GHz,4.50 GHz,,4 MB,8 MB,28W,,,FP8,1,4.0,,"DDR5 (FP8) , LPDDR5X (FP8)",2,,,,,,AMD Radeon 820M,2,2.80 GHz,,2025-Q3,,100-000001897,https://www.amd.com/en/products/specifications/processors.html,1,high,
AMD,cpu,,Ryzen PRO,Ryzen PRO 200 Series,mobile,Hawk Point,TSMC 4nm FinFET,Ryzen 7 PRO 250,AMD Ryzen 7 PRO 250,8,,,16,3.30 GHz,5.10 GHz,,8 MB,16 MB,28W,,,FP8,1,4.0,,"DDR5 (FP8) , LPDDR5X (FP8)",2,,,,,,AMD Radeon 780M,12,2.70 GHz,,2025-Q1,,100-000001725,https://www.amd.com/en/products/specifications/processors.html,1,high,
AMD,cpu,,Ryzen PRO,Ryzen PRO 200 Series,mobile,Hawk Point,TSMC 4nm FinFET,Ryzen 5 PRO 230,AMD Ryzen 5 PRO 230,6,,,12,3.50 GHz,4.90 GHz,,6 MB,16 MB,28W,,,FP8,1,4.0,,"DDR5 (FP8) , LPDDR5X (FP8)",2,,,,,,AMD Radeon 760M,8,2.60 GHz,,2025-Q1,,100-000001728,https://www.amd.com/en/products/specifications/processors.html,1,high,
AMD,cpu,,Ryzen PRO,Ryzen PRO 200 Series,mobile,Hawk Point,TSMC 4nm FinFET,Ryzen 5 PRO 220,AMD Ryzen 5 PRO 220,6,,,12,3.20 GHz,4.90 GHz,,6 MB,16 MB,28W,,,FP8,1,4.0,,"DDR5 (FP8) , LPDDR5X (FP8)",2,,,,,,AMD Radeon 740M,4,2.80 GHz,,2025-Q1,,100-000001609,https://www.amd.com/en/products/specifications/processors.html,1,high,
AMD,cpu,,Ryzen PRO,Ryzen PRO 200 Series,mobile,Hawk Point,TSMC 4nm FinFET,Ryzen 5 PRO 215,AMD Ryzen 5 PRO 215,6,,,12,3.20 GHz,4.70 GHz,,6 MB,16 MB,28W,,,FP8,1,4.0,,"DDR5 (FP8) , LPDDR5X (FP8)",2,,,,,,AMD Radeon 740M,4,2.70 GHz,,2025-Q1,,100-000001837,https://www.amd.com/en/products/specifications/processors.html,1,high,
AMD,cpu,,Ryzen PRO,Ryzen PRO 200 Series,mobile,Hawk Point,TSMC 4nm FinFET,Ryzen 3 PRO 210,AMD Ryzen 3 PRO 210,4,,,8,3.00 GHz,4.70 GHz,,4 MB,8 MB,28W,,,FP8,1,4.0,,"DDR5 (FP8) , LPDDR5X (FP8)",2,,,,,,AMD Radeon 740M,4,2.50 GHz,,2025-Q1,,100-000001610,https://www.amd.com/en/products/specifications/processors.html,1,high,
AMD,cpu,,Ryzen,Ryzen 200 Series,mobile,Hawk Point,TSMC 4nm FinFET,Ryzen 9 270,AMD Ryzen 9 270,8,,,16,4.00 GHz,5.20 GHz,,8 MB,16 MB,45W,,,"FP8, FP7, FP7r2",1,4.0,,"DDR5 (FP8) , LPDDR5X (FP8) , DDR5 (FP7r2) , LPDDR5X (FP7)",2,,,,,,AMD Radeon 780M,12,2.80 GHz,,2025-Q1,,"100-000001383 (FP7) , 100-000001319 (FP7r2) , 100-000001309 (FP8 8000) , 100-000001836 (FP8 200)",https://www.amd.com/en/products/specifications/processors.html,1,high,
AMD,cpu,,Ryzen,Ryzen 200 Series,mobile,Hawk Point,TSMC 4nm FinFET,Ryzen 7 260,AMD Ryzen 7 260,8,,,16,3.80 GHz,5.10 GHz,,8 MB,16 MB,45W,,,"FP8, FP7r2, FP7",1,4.0,,"DDR5 (FP8) , LPDDR5X (FP8) , LPDDR5X (FP7) , DDR5 (FP7r2)",2,,,,,,AMD Radeon 780M,12,2.70 GHz,,2025-Q1,,"100-000001384 (FP7) , 100-000001322 (FP7r2) , 100-000001311 (FP8 8000) , 100-000001724 (FP8 200)",https://www.amd.com/en/products/specifications/processors.html,1,high,
AMD,cpu,,Ryzen,Ryzen 200 Series,mobile,Hawk Point,TSMC 4nm FinFET,Ryzen 7 253,AMD Ryzen 7 253,8,,,16,3.60 GHz,4.90 GHz,,8 MB,16 MB,45W,,,FP8,1,4.0,,"DDR5 (FP8) , LPDDR5X (FP8)",2,,,,,,AMD Radeon 780M Graphics,12,2.50 GHz,,2026-Q2,,100-000002273,https://www.amd.com/en/products/specifications/processors.html,1,high,
AMD,cpu,,Ryzen,Ryzen 200 Series,mobile,Hawk Point,TSMC 4nm FinFET,Ryzen 7 250,AMD Ryzen 7 250,8,,,16,3.30 GHz,5.10 GHz,,8 MB,16 MB,28W,,,"FP8, FP7, FP7r2",1,4.0,,"DDR5 (FP8) , LPDDR5X (FP8) , DDR5 (FP7r2) , LPDDR5X (FP7)",2,,,,,,AMD Radeon 780M,12,2.70 GHz,,2025-Q1,,"100-000001375 (FP7) , 100-000001323 (FP7r2) , 100-000001312 (FP8 8000) , 100-000001722 (FP8 200)",https://www.amd.com/en/products/specifications/processors.html,1,high,
AMD,cpu,,Ryzen,Ryzen 200 Series,mobile,Hawk Point,TSMC 4nm FinFET,Ryzen 7 249,AMD Ryzen 7 249,8,,,16,3.10 GHz,4.90 GHz,,8 MB,16 MB,28W,,,FP8,1,4.0,,"DDR5 (FP8) , LPDDR5X (FP8)",2,,,,,,AMD Radeon 780M Graphics,12,2.50 GHz,,2026-Q2,,100-000002323-99,https://www.amd.com/en/products/specifications/processors.html,1,high,
AMD,cpu,,Ryzen,Ryzen 200 Series,mobile,Hawk Point,TSMC 4nm FinFET,Ryzen 5 240,AMD Ryzen 5 240,6,,,12,4.30 GHz,5.00 GHz,,6 MB,16 MB,45W,,,"FP8, FP7r2, FP7",1,4.0,,"DDR5 (FP8) , LPDDR5X (FP8) , LPDDR5X (FP7) , DDR5 (FP7r2)",2,,,,,,AMD Radeon 760M,8,2.60 GHz,,2025-Q1,,"100-000001385 (FP7) , 100-000001320 (FP7r2) , 100-000001310 (FP8 8000) , 100-000001727 (FP8 200)",https://www.amd.com/en/products/specifications/processors.html,1,high,
AMD,cpu,,Ryzen,Ryzen 200 Series,mobile,Hawk Point,TSMC 4nm FinFET,Ryzen 5 230,AMD Ryzen 5 230,6,,,12,3.50 GHz,4.90 GHz,,6 MB,16 MB,28W,,,"FP8, FP7, FP7r2",1,4.0,,"DDR5 (FP8) , LPDDR5X (FP8) , DDR5 (FP7r2) , LPDDR5X (FP7)",2,,,,,,AMD Radeon 760M,8,2.60 GHz,,2025-Q1,,"100-000001376 (FP7) , 100-000001324 (FP7r2) , 100-000001313 (FP8 8000) , 100-000001726 (FP8 200)",https://www.amd.com/en/products/specifications/processors.html,1,high,
AMD,cpu,,Ryzen,Ryzen 200 Series,mobile,Hawk Point,TSMC 4nm FinFET,Ryzen 5 225,AMD Ryzen 5 225,6,,,12,4.10 GHz,4.80 GHz,,6 MB,16 MB,45W,,,FP8,1,4.0,,"DDR5 (FP8) , LPDDR5X (FP8)",2,,,,,,AMD Radeon 760M Graphics,8,2.40 GHz,,2026-Q2,,100-000002274,https://www.amd.com/en/products/specifications/processors.html,1,high,
AMD,cpu,,Ryzen,Ryzen 200 Series,mobile,Hawk Point,TSMC 4nm FinFET,Ryzen 5 224,AMD Ryzen 5 224,6,,,12,3.30 GHz,4.80 GHz,,6 MB,16 MB,28W,,,FP8,1,4.0,,"DDR5 (FP8) , LPDDR5X (FP8)",2,,,,,,AMD Radeon 760M Graphics,8,2.40 GHz,,2026-Q2,,100-000002274,https://www.amd.com/en/products/specifications/processors.html,1,high,
AMD,cpu,,Ryzen,Ryzen 200 Series,mobile,Hawk Point,TSMC 4nm FinFET,Ryzen 5 220,AMD Ryzen 5 220,6,,,12,3.20 GHz,4.90 GHz,,6 MB,16 MB,28W,,,"FP8, FP7r2, FP7",1,4.0,,"DDR5 (FP8) , LPDDR5X (FP8) , LPDDR5X (FP7) , DDR5 (FP7r2)",2,,,,,,AMD Radeon 740M,4,2.80 GHz,,2025-Q1,,"100-000001333 (FP7) , 100-000001326 (FP7r2) , 100-000001611 (FP8 200)",https://www.amd.com/en/products/specifications/processors.html,1,high,
AMD,cpu,,Ryzen,Ryzen 200 Series,mobile,Hawk Point,TSMC 4nm FinFET,Ryzen 7 217,AMD Ryzen 7 217,6,,,12,3.00 GHz,4.80 GHz,,6 MB,16 MB,35W,,,FP8,1,4.0,,"DDR5 (FP8) , LPDDR5X (FP8)",2,,,,,,AMD Radeon 740M Graphics,4,2.60 GHz,,2026-Q2,,100-000002277,https://www.amd.com/en/products/specifications/processors.html,1,high,
AMD,cpu,,Ryzen,Ryzen 200 Series,mobile,Hawk Point,TSMC 4nm FinFET,Ryzen 5 216,AMD Ryzen 5 216,6,,,12,2.90 GHz,4.70 GHz,,6 MB,16 MB,28W,,,FP8,1,4.0,,"DDR5 (FP8) , LPDDR5X (FP8)",2,,,,,,AMD Radeon 740M Graphics,4,2.50 GHz,,2026-Q2,,100-000002278,https://www.amd.com/en/products/specifications/processors.html,1,high,
AMD,cpu,,Ryzen,Ryzen 200 Series,mobile,Hawk Point,TSMC 4nm FinFET,Ryzen 3 210,AMD Ryzen 3 210,4,,,8,3.00 GHz,4.70 GHz,,4 MB,8 MB,28W,,,"FP8, FP7, FP7r2",1,4.0,,"DDR5 (FP8) , LPDDR5X (FP8) , DDR5 (FP7r2) , LPDDR5X (FP7)",2,,,,,,AMD Radeon 740M,4,2.50 GHz,,2025-Q1,,"100-000001332 (FP7) , 100-000001325 (FP7r2) , 100-000001612 (FP8 200)",https://www.amd.com/en/products/specifications/processors.html,1,high,
AMD,cpu,,Ryzen,Ryzen 200 Series,mobile,Hawk Point,TSMC 4nm FinFET,Ryzen 3 205,AMD Ryzen 3 205,4,,,8,2.80 GHz,4.60 GHz,,4 MB,8 MB,28W,,,FP8,1,4.0,,"DDR5 (FP8) , LPDDR5X (FP8)",2,,,,,,AMD Radeon 740M Graphics,4,2.30 GHz,,2026-Q2,,100-000002279,https://www.amd.com/en/products/specifications/processors.html,1,high,
AMD,cpu,,Ryzen,Ryzen 100 Series,mobile,Hawk Point,TSMC 4nm FinFET,Ryzen 9 180,AMD Ryzen 9 180,8,,,16,3.60 GHz,4.90 GHz,,8 MB,16 MB,45W,,,FP7r2,1,4.0,,DDR5 (FP7r2),2,,,,,,AMD Radeon 780M Graphics,12,2.50 GHz,,2026-Q2,,100-000002237,https://www.amd.com/en/products/specifications/processors.html,1,high,
AMD,cpu,,Ryzen,Ryzen 100 Series,mobile,Rembrandt,TSMC 6nm FinFET,Ryzen 7 170,AMD Ryzen 7 170,8,,,16,3.20 GHz,4.75 GHz,,4 MB,16 MB,45W,,,"FP7, FP7r2",1,4.0,,"DDR5 (FP7r2) , LPDDR5 (FP7)",2,,,,,,AMD Radeon 680M,12,2.20 GHz,,2025-Q4,,"100-000000985 (FP7) , 100-000000989 (FP7r2) , 100-000001955 (FP7r2)",https://www.amd.com/en/products/specifications/processors.html,1,high,
AMD,cpu,,Ryzen,Ryzen 100 Series,mobile,Hawk Point,TSMC 4nm FinFET,Ryzen 7 165,AMD Ryzen 7 165,6,,,12,3.30 GHz,4.70 GHz,,6 MB,16 MB,28W,,,FP7r2,1,4.0,,DDR5 (FP7r2),2,,,,,,AMD Radeon 760M Graphics,8,2.40 GHz,,2026-Q2,,100-000002236,https://www.amd.com/en/products/specifications/processors.html,1,high,
AMD,cpu,,Ryzen,Ryzen 100 Series,mobile,Rembrandt,TSMC 6nm FinFET,Ryzen 7 160,AMD Ryzen 7 160,8,,,16,2.70 GHz,4.75 GHz,,4 MB,16 MB,28W,,,"FP7, FP7r2",1,4.0,,"DDR5 (FP7r2) , LPDDR5 (FP7)",2,,,,,,AMD Radeon 680M,12,2.20 GHz,,2025-Q4,,"100-000000987 (FP7) , 100-000000991 (FP7r2) , 100-000001958 (FP7r2)",https://www.amd.com/en/products/specifications/processors.html,1,high,
AMD,cpu,,Ryzen,Ryzen 100 Series,mobile,Hawk Point,TSMC 4nm FinFET,Ryzen 7 155,AMD Ryzen 7 155,6,,,12,3.00 GHz,4.70 GHz,,6 MB,16 MB,35W,,,FP7r2,1,4.0,,DDR5 (FP7r2),2,,,,,,AMD Radeon 740M Graphics,4,2.60 GHz,,2026-Q2,,"100-000002240 , 100-000002251",https://www.amd.com/en/products/specifications/processors.html,1,high,
AMD,cpu,,Ryzen,Ryzen 100 Series,mobile,Rembrandt,TSMC 6nm FinFET,Ryzen 5 150,AMD Ryzen 5 150,6,,,12,3.30 GHz,4.55 GHz,,3 MB,16 MB,45W,,,"FP7, FP7r2",1,4.0,,"DDR5 (FP7r2) , LPDDR5 (FP7)",2,,,,,,AMD Radeon 660M,6,1.90 GHz,,2025-Q4,,"100-000000986 (FP7) , 100-000000990 (FP7r2) , 100-000001956 (FP7r2)",https://www.amd.com/en/products/specifications/processors.html,1,high,
AMD,cpu,,Ryzen,Ryzen 100 Series,mobile,Rembrandt,TSMC 6nm FinFET,Ryzen 5 130,AMD Ryzen 5 130,6,,,12,2.90 GHz,4.55 GHz,,3 MB,16 MB,28W,,,"FP7, FP7r2",1,4.0,,"DDR5 (FP7r2) , LPDDR5 (FP7)",2,,,,,,AMD Radeon 660M,6,1.90 GHz,,2025-Q4,,"100-000000988 (FP7) , 100-000000992(FP7r2) , 100-000001959 (FP7r2)",https://www.amd.com/en/products/specifications/processors.html,1,high,
AMD,cpu,,Ryzen,Ryzen 100 Series,mobile,Hawk Point,TSMC 4nm FinFET,Ryzen 5 125,AMD Ryzen 5 125,4,,,8,2.80 GHz,4.50 GHz,,4 MB,8 MB,28W,,,FP7r2,1,4.0,,DDR5 (FP7r2),2,,,,,,AMD Radeon 740M Graphics,4,2.30 GHz,,2026-Q2,,"100-000002241 , 100-000002252",https://www.amd.com/en/products/specifications/processors.html,1,high,
AMD,cpu,,Ryzen,Ryzen 100 Series,mobile,Rembrandt,TSMC 6nm FinFET,Ryzen 3 110,AMD Ryzen 3 110,4,,,8,3.00 GHz,4.30 GHz,,2 MB,8 MB,28W,,,"FP7, FP7r2",1,4.0,,"DDR5 (FP7r2) , LPDDR5 (FP7)",2,,,,,,AMD Radeon 660M,4,1.80 GHz,,2025-Q4,,"100-000000537 (FP7) , 100-000000549 (FP7r2) , 100-000001960 (FP7r2)",https://www.amd.com/en/products/specifications/processors.html,1,high,
AMD,cpu,,Ryzen,Ryzen 10 Series,mobile,Mendocino,TSMC 6nm FinFET,Ryzen 5 40,AMD Ryzen 5 40,4,,,8,2.80 GHz,4.30 GHz,,2 MB,4 MB,15W,,,FT6,1,3.0,,LPDDR5,2,,,,,,AMD Radeon 610M,2,1.90 GHz,,2025-Q4,,,https://www.amd.com/en/products/specifications/processors.html,1,high,
AMD,cpu,,Ryzen,Ryzen 10 Series,mobile,Mendocino,TSMC 6nm FinFET,Ryzen 3 30,AMD Ryzen 3 30,4,,,8,2.40 GHz,4.10 GHz,,2 MB,4 MB,15W,,,FT6,1,3.0,,LPDDR5,2,,,,,,AMD Radeon 610M,2,1.90 GHz,,2025-Q4,,,https://www.amd.com/en/products/specifications/processors.html,1,high,
AMD,cpu,,Athlon,Athlon 10 Series,mobile,Mendocino,TSMC 6nm FinFET,Athlon Gold 20,AMD Athlon Gold 20,2,,,4,2.40 GHz,3.70 GHz,,1 MB,4 MB,15W,,,FT6,1,3.0,,LPDDR5,2,,,,,,AMD Radeon 610M,2,1.90 GHz,,2025-Q4,,,https://www.amd.com/en/products/specifications/processors.html,1,high,
AMD,cpu,,Athlon,Athlon 10 Series,mobile,Mendocino,TSMC 6nm FinFET,Athlon Silver 10,AMD Athlon Silver 10,2,,,2,2.40 GHz,3.50 GHz,,1 MB,2 MB,15W,,,FT6,1,3.0,,LPDDR5,2,,,,,,AMD Radeon 610M,2,1.90 GHz,,2025-Q4,,,https://www.amd.com/en/products/specifications/processors.html,1,high,
AMD,cpu,,Ryzen PRO,Ryzen PRO 9000 Series,desktop,Granite Ridge AM5,TSMC 4nm FinFET,Ryzen 9 PRO 9965X3D,AMD Ryzen 9 PRO 9965X3D,16,,,32,4.30 GHz,5.50 GHz,,16 MB,128 MB,170W,,,AM5,1,5.0,,DDR5,2,,,,,,AMD Radeon Graphics,2,2.20 GHz,,2026-Q2,,100-000001999,https://www.amd.com/en/products/specifications/processors.html,1,high,
AMD,cpu,,Ryzen PRO,Ryzen PRO 9000 Series,desktop,Granite Ridge AM5,TSMC 4nm FinFET,Ryzen 9 PRO 9965,AMD Ryzen 9 PRO 9965,16,,,32,4.30 GHz,5.50 GHz,,16 MB,64 MB,170W,,,AM5,1,5.0,,DDR5,2,,,,,,AMD Radeon Graphics,2,2.20 GHz,,2026-Q2,,100-000002001,https://www.amd.com/en/products/specifications/processors.html,1,high,
AMD,cpu,,Ryzen PRO,Ryzen PRO 9000 Series,desktop,Granite Ridge AM5,TSMC 4nm FinFET,Ryzen 9 PRO 9955,AMD Ryzen 9 PRO 9955,12,,,24,3.40 GHz,5.40 GHz,,12 MB,64 MB,120W,,,AM5,1,5.0,,DDR5,2,,,,,,AMD Radeon Graphics,2,2.20 GHz,,2026-Q2,,100-000001971,https://www.amd.com/en/products/specifications/processors.html,1,high,
AMD,cpu,,Ryzen PRO,Ryzen PRO 9000 Series,desktop,Granite Ridge AM5,TSMC 4nm FinFET,Ryzen 9 PRO 9945,AMD Ryzen 9 PRO 9945,12,,,24,3.40 GHz,5.40 GHz,,12 MB,64 MB,65W,,,AM5,1,5.0,,DDR5,2,,,,,,AMD Radeon Graphics,2,2.20 GHz,,2025-Q3,,100-000001407,https://www.amd.com/en/products/specifications/processors.html,1,high,
AMD,cpu,,Ryzen PRO,Ryzen PRO 9000 Series,desktop,Granite Ridge AM5,TSMC 4nm FinFET,Ryzen 7 PRO 9755X3D,AMD Ryzen 7 PRO 9755X3D,8,,,16,4.70 GHz,5.20 GHz,,8 MB,96 MB,120W,,,AM5,1,5.0,,DDR5,2,,,,,,AMD Radeon Graphics,2,2.20 GHz,,2026-Q2,,100-000002000,https://www.amd.com/en/products/specifications/processors.html,1,high,
AMD,cpu,,Ryzen PRO,Ryzen PRO 9000 Series,desktop,Granite Ridge AM5,TSMC 4nm FinFET,Ryzen 7 PRO 9755,AMD Ryzen 7 PRO 9755,8,,,16,3.80 GHz,5.40 GHz,,8 MB,32 MB,120W,,,AM5,1,5.0,,DDR5,2,,,,,,AMD Radeon Graphics,2,2.20 GHz,,2026-Q2,,100-000001969,https://www.amd.com/en/products/specifications/processors.html,1,high,
AMD,cpu,,Ryzen PRO,Ryzen PRO 9000 Series,desktop,Granite Ridge AM5,TSMC 4nm FinFET,Ryzen 7 PRO 9745,AMD Ryzen 7 PRO 9745,8,,,16,3.80 GHz,5.40 GHz,,8 MB,32 MB,65W,,,AM5,1,5.0,,DDR5,2,,,,,,AMD Radeon Graphics,2,2.20 GHz,,2025-Q3,,100-000001408,https://www.amd.com/en/products/specifications/processors.html,1,high,
AMD,cpu,,Ryzen PRO,Ryzen PRO 9000 Series,desktop,Granite Ridge AM5,TSMC 4nm FinFET,Ryzen 5 PRO 9655,AMD Ryzen 5 PRO 9655,6,,,12,3.90 GHz,5.40 GHz,,6 MB,32 MB,120W,,,AM5,1,5.0,,DDR5,2,,,,,,AMD Radeon Graphics,2,2.20 GHz,,2026-Q2,,100-000001970,https://www.amd.com/en/products/specifications/processors.html,1,high,
AMD,cpu,,Ryzen PRO,Ryzen PRO 9000 Series,desktop,Granite Ridge AM5,TSMC 4nm FinFET,Ryzen 5 PRO 9645,AMD Ryzen 5 PRO 9645,6,,,12,3.90 GHz,5.40 GHz,,6 MB,32 MB,65W,,,AM5,1,5.0,,DDR5,2,,,,,,AMD Radeon Graphics,2,2.20 GHz,,2025-Q3,,100-000001409,https://www.amd.com/en/products/specifications/processors.html,1,high,
AMD,cpu,,Ryzen,Ryzen 9000 Series,mobile,Fire Range,TSMC 4nm FinFET,Ryzen 9 9955HX3D,AMD Ryzen 9 9955HX3D,16,,,32,2.50 GHz,5.40 GHz,,16 MB,128 MB,55W,,,FL1,1,5.0,,DDR5,2,,,,,,AMD Radeon 610M,2,2.20 GHz,,,,100-000001030,https://www.amd.com/en/products/specifications/processors.html,1,high,Unlocked
AMD,cpu,,Ryzen,Ryzen 9000 Series,mobile,Fire Range,TSMC 4nm FinFET,Ryzen 9 9955HX,AMD Ryzen 9 9955HX,16,,,32,2.50 GHz,5.40 GHz,,16 MB,64 MB,55W,,,FL1,1,5.0,,DDR5,2,,,,,,AMD Radeon 610M,2,2.20 GHz,,,,100-000001028,https://www.amd.com/en/products/specifications/processors.html,1,high,Unlocked
AMD,cpu,,Ryzen,Ryzen 9000 Series,desktop,Granite Ridge AM5,TSMC 4nm FinFET,Ryzen 9 9950X3D2 Dual Edition,AMD Ryzen 9 9950X3D2 Dual Edition,16,,,32,4.30 GHz,5.60 GHz,,16 MB,192 MB,200W,,,AM5,1,5.0,,DDR5,2,,,,,,AMD Radeon Graphics,2,2.20 GHz,,,,100-000001978,https://www.amd.com/en/products/specifications/processors.html,1,high,Unlocked
AMD,cpu,,Ryzen,Ryzen 9000 Series,desktop,Granite Ridge AM5,TSMC 4nm FinFET,Ryzen 9 9950X3D,AMD Ryzen 9 9950X3D,16,,,32,4.30 GHz,5.70 GHz,,16 MB,128 MB,170W,,,AM5,1,5.0,,DDR5,2,,,,,,AMD Radeon Graphics,2,2.20 GHz,,2025-Q1,,100-000000719,https://www.amd.com/en/products/specifications/processors.html,1,high,Unlocked
AMD,cpu,,Ryzen,Ryzen 9000 Series,desktop,Granite Ridge AM5,TSMC 4nm FinFET,Ryzen 9 9950X,AMD Ryzen 9 9950X,16,,,32,4.30 GHz,5.70 GHz,,16 MB,64 MB,170W,,,AM5,1,5.0,,DDR5,2,,,,,,AMD Radeon Graphics,2,2.20 GHz,,2024-Q3,,100-000001277,https://www.amd.com/en/products/specifications/processors.html,1,high,Unlocked
AMD,cpu,,Ryzen,Ryzen 9000 Series,desktop,Granite Ridge AM5,TSMC 4nm FinFET,Ryzen 9 9900X3D,AMD Ryzen 9 9900X3D,12,,,24,4.40 GHz,5.50 GHz,,12 MB,128 MB,120W,,,AM5,1,5.0,,DDR5,2,,,,,,AMD Radeon Graphics,2,2.20 GHz,,2025-Q1,,100-000001368,https://www.amd.com/en/products/specifications/processors.html,1,high,Unlocked
AMD,cpu,,Ryzen,Ryzen 9000 Series,desktop,Granite Ridge AM5,TSMC 4nm FinFET,Ryzen 9 9900X,AMD Ryzen 9 9900X,12,,,24,4.40 GHz,5.60 GHz,,12 MB,64 MB,120W,,,AM5,1,5.0,,DDR5,2,,,,,,AMD Radeon Graphics,2,2.20 GHz,,2024-Q3,,100-000000662,https://www.amd.com/en/products/specifications/processors.html,1,high,Unlocked
AMD,cpu,,Ryzen,Ryzen 9000 Series,mobile,Fire Range,TSMC 4nm FinFET,Ryzen 9 9850HX,AMD Ryzen 9 9850HX,12,,,24,3.00 GHz,5.20 GHz,,12 MB,64 MB,55W,,,FL1,1,5.0,,DDR5,2,,,,,,AMD Radeon 610M,2,2.20 GHz,,,,100-000001366,https://www.amd.com/en/products/specifications/processors.html,1,high,Unlocked
AMD,cpu,,Ryzen,Ryzen 9000 Series,desktop,Granite Ridge AM5,TSMC 4nm FinFET,Ryzen 7 9850X3D,AMD Ryzen 7 9850X3D,8,,,16,4.70 GHz,5.60 GHz,,8 MB,96 MB,120W,,,AM5,1,5.0,,DDR5,2,,,,,,AMD Radeon Graphics,2,2.20 GHz,,2026-Q1,,100-000001973,https://www.amd.com/en/products/specifications/processors.html,1,high,Unlocked
AMD,cpu,,Ryzen,Ryzen 9000 Series,desktop,Granite Ridge AM5,TSMC 4nm FinFET,Ryzen 7 9800X3D,AMD Ryzen 7 9800X3D,8,,,16,4.70 GHz,5.20 GHz,,8 MB,96 MB,120W,,,AM5,1,5.0,,DDR5,2,,,,,,AMD Radeon Graphics,2,2.20 GHz,,2024-Q4,,100-000001084,https://www.amd.com/en/products/specifications/processors.html,1,high,Unlocked
AMD,cpu,,Ryzen,Ryzen 9000 Series,desktop,Granite Ridge AM5,TSMC 4nm FinFET,Ryzen 7 9700X,AMD Ryzen 7 9700X,8,,,16,3.80 GHz,5.50 GHz,,8 MB,32 MB,65W,,,AM5,1,5.0,,DDR5,2,,,,,,AMD Radeon Graphics,2,2.20 GHz,,2024-Q3,,100-000001404,https://www.amd.com/en/products/specifications/processors.html,1,high,Unlocked
AMD,cpu,,Ryzen,Ryzen 9000 Series,desktop,Granite Ridge AM5,TSMC 4nm FinFET,Ryzen 7 9700F,AMD Ryzen 7 9700F,8,,,16,3.80 GHz,5.50 GHz,,8 MB,32 MB,65W,,,AM5,1,5.0,,DDR5,2,,,,,,Discrete Graphics Card Required,,,,,,100-000001902,https://www.amd.com/en/products/specifications/processors.html,1,high,Unlocked
AMD,cpu,,Ryzen,Ryzen 9000 Series,desktop,Granite Ridge AM5,TSMC 4nm FinFET,Ryzen 5 9600X,AMD Ryzen 5 9600X,6,,,12,3.90 GHz,5.40 GHz,,6 MB,32 MB,65W,,,AM5,1,5.0,,DDR5,2,,,,,,AMD Radeon Graphics,2,2.20 GHz,,2024-Q3,,100-000001405,https://www.amd.com/en/products/specifications/processors.html,1,high,Unlocked
AMD,cpu,,Ryzen,Ryzen 9000 Series,desktop,Granite Ridge AM5,TSMC 4nm FinFET,Ryzen 5 9600,AMD Ryzen 5 9600,6,,,12,3.80 GHz,5.20 GHz,,6 MB,32 MB,65W,,,AM5,1,5.0,,DDR5,2,,,,,,AMD Radeon Graphics,2,2.20 GHz,,2025-Q1,,100-000000718,https://www.amd.com/en/products/specifications/processors.html,1,high,Unlocked
AMD,cpu,,Ryzen,Ryzen 9000 Series,desktop,Granite Ridge AM5,TSMC 4nm FinFET,Ryzen 5 9500F,AMD Ryzen 5 9500F,6,,,12,3.80 GHz,5.00 GHz,,6 MB,32 MB,65W,,,AM5,1,5.0,,DDR5,2,,,,,,Discrete Graphics Card Required,,,,,,100-000001406,https://www.amd.com/en/products/specifications/processors.html,1,high,Unlocked
AMD,cpu,,Ryzen PRO,Ryzen PRO 8000 Series,mobile,Hawk Point,TSMC 4nm FinFET,Ryzen 9 PRO 8945HS,AMD Ryzen 9 PRO 8945HS,8,,,16,4.00 GHz,5.20 GHz,,8 MB,16 MB,45W,,,"FP7, FP7r2",1,4.0,,"DDR5 (FP7r2) , LPDDR5X (FP7)",2,,,,,,AMD Radeon 780M,12,2.80 GHz,,,,"100-000001314 (FP7r2) , 100-000001386 (FP7)",https://www.amd.com/en/products/specifications/processors.html,1,high,
AMD,cpu,,Ryzen PRO,Ryzen PRO 8000 Series,mobile,Hawk Point,TSMC 4nm FinFET,Ryzen 7 PRO 8845HS,AMD Ryzen 7 PRO 8845HS,8,,,16,3.80 GHz,5.10 GHz,,8 MB,16 MB,45W,,,"FP7, FP7r2",1,4.0,,"DDR5 (FP7r2) , LPDDR5X (FP7)",2,,,,,,AMD Radeon 780M,12,2.70 GHz,,2024-Q2,,"100-000001316 (FP7r2) , 100-000001387 (FP7)",https://www.amd.com/en/products/specifications/processors.html,1,high,
AMD,cpu,,Ryzen PRO,Ryzen PRO 8000 Series,mobile,Hawk Point,TSMC 4nm FinFET,Ryzen 7 PRO 8840U,AMD Ryzen 7 PRO 8840U,8,,,16,3.30 GHz,5.10 GHz,,8 MB,16 MB,28W,,,"FP7, FP7r2",1,4.0,,"DDR5 (FP7r2) , LPDDR5X (FP7)",2,,,,,,AMD Radeon 780M,12,2.70 GHz,,,,"100-000001317 (FP7r2) , 100-000001377 (FP7)",https://www.amd.com/en/products/specifications/processors.html,1,high,
AMD,cpu,,Ryzen PRO,Ryzen PRO 8000 Series,mobile,Hawk Point,TSMC 4nm FinFET,Ryzen 7 PRO 8840HS,AMD Ryzen 7 PRO 8840HS,8,,,16,3.30 GHz,5.10 GHz,,8 MB,16 MB,28W,,,"FP7, FP7r2",1,4.0,,"DDR5 (FP7r2) , LPDDR5X (FP7)",2,,,,,,AMD Radeon 780M,12,2.70 GHz,,,,"100-000001353 (FP7r2) , 100-000001381 (FP7)",https://www.amd.com/en/products/specifications/processors.html,1,high,
AMD,cpu,,Ryzen PRO,Ryzen PRO 8000 Series,desktop,Phoenix,TSMC 4nm FinFET,Ryzen 7 PRO 8705GE,AMD Ryzen 7 PRO 8705GE,8,,,16,3.60 GHz,5.10 GHz,,8 MB,16 MB,35W,,,AM5,1,4.0,,DDR5,2,,,,,,AMD Radeon 780M,12,2.70 GHz,,2025-Q4,,100-000002081,https://www.amd.com/en/products/specifications/processors.html,1,high,
AMD,cpu,,Ryzen PRO,Ryzen PRO 8000 Series,desktop,Phoenix,TSMC 4nm FinFET,Ryzen 7 PRO 8705G,AMD Ryzen 7 PRO 8705G,8,,,16,4.20 GHz,5.10 GHz,,8 MB,16 MB,65W,,,AM5,1,4.0,,DDR5,2,,,,,,AMD Radeon 780M,12,2.90 GHz,,2025-Q4,,100-000002079,https://www.amd.com/en/products/specifications/processors.html,1,high,
AMD,cpu,,Ryzen PRO,Ryzen PRO 8000 Series,desktop,Phoenix,TSMC 4nm FinFET,Ryzen 7 PRO 8700GE,AMD Ryzen 7 PRO 8700GE,8,,,16,3.60 GHz,5.10 GHz,,8 MB,16 MB,35W,,,AM5,1,4.0,,DDR5,2,,,,,,AMD Radeon 780M,12,2.70 GHz,,2024,,100-000001240 (AM5),https://www.amd.com/en/products/specifications/processors.html,1,high,
AMD,cpu,,Ryzen PRO,Ryzen PRO 8000 Series,desktop,Phoenix,TSMC 4nm FinFET,Ryzen 7 PRO 8700G,AMD Ryzen 7 PRO 8700G,8,,,16,4.20 GHz,5.10 GHz,,8 MB,16 MB,65W,,,AM5,1,4.0,,DDR5,2,,,,,,AMD Radeon 780M,12,2.90 GHz,,2024,,100-000001238 (AM5),https://www.amd.com/en/products/specifications/processors.html,1,high,
AMD,cpu,,Ryzen PRO,Ryzen PRO 8000 Series,mobile,Hawk Point,TSMC 4nm FinFET,Ryzen 5 PRO 8640U,AMD Ryzen 5 PRO 8640U,6,,,12,3.50 GHz,4.90 GHz,,6 MB,16 MB,28W,,,"FP7, FP7r2",1,4.0,,"DDR5 (FP7r2) , LPDDR5X (FP7)",2,,,,,,AMD Radeon 760M,8,2.60 GHz,,,,"100-000001318 (FP7r2) , 100-000001378 (FP7)",https://www.amd.com/en/products/specifications/processors.html,1,high,
AMD,cpu,,Ryzen PRO,Ryzen PRO 8000 Series,mobile,Hawk Point,TSMC 4nm FinFET,Ryzen 5 PRO 8645HS,AMD Ryzen 5 PRO 8645HS,6,,,12,4.30 GHz,5.00 GHz,,6 MB,16 MB,45W,,,"FP7, FP7r2",1,4.0,,"DDR5 (FP7r2) , LPDDR5X (FP7)",2,,,,,,AMD Radeon 760M,8,2.60 GHz,,,,"100-000001315 (FP7r2) , 100-000001388 (FP7)",https://www.amd.com/en/products/specifications/processors.html,1,high,
AMD,cpu,,Ryzen PRO,Ryzen PRO 8000 Series,mobile,Hawk Point,TSMC 4nm FinFET,Ryzen 5 PRO 8640HS,AMD Ryzen 5 PRO 8640HS,6,,,12,3.50 GHz,4.90 GHz,,6 MB,16 MB,28W,,,"FP7, FP7r2",1,4.0,,"DDR5 (FP7r2) , LPDDR5X (FP7)",2,,,,,,AMD Radeon 760M,8,2.60 GHz,,,,"100-000001354 (FP7r2) , 100-000001382 (FP7)",https://www.amd.com/en/products/specifications/processors.html,1,high,
AMD,cpu,,Ryzen PRO,Ryzen PRO 8000 Series,desktop,Phoenix,TSMC 4nm FinFET,Ryzen 5 PRO 8605GE,AMD Ryzen 5 PRO 8605GE,6,,,12,3.90 GHz,5.00 GHz,,6 MB,16 MB,35W,,,AM5,1,4.0,,DDR5,2,,,,,,AMD Radeon 760M,8,2.60 GHz,,2025-Q4,,100-000002082,https://www.amd.com/en/products/specifications/processors.html,1,high,
AMD,cpu,,Ryzen PRO,Ryzen PRO 8000 Series,desktop,Phoenix,TSMC 4nm FinFET,Ryzen 5 PRO 8605G,AMD Ryzen 5 PRO 8605G,6,,,12,4.30 GHz,5.00 GHz,,6 MB,16 MB,65W,,,AM5,1,4.0,,DDR5,2,,,,,,AMD Radeon 760M,8,2.80 GHz,,2025-Q4,,100-000002080,https://www.amd.com/en/products/specifications/processors.html,1,high,
AMD,cpu,,Ryzen PRO,Ryzen PRO 8000 Series,desktop,Phoenix,TSMC 4nm FinFET,Ryzen 5 PRO 8600GE,AMD Ryzen 5 PRO 8600GE,6,,,12,3.90 GHz,5.00 GHz,,6 MB,16 MB,35W,,,AM5,1,4.0,,DDR5,2,,,,,,AMD Radeon 760M,8,2.60 GHz,,2024,,100-000001241 (AM5),https://www.amd.com/en/products/specifications/processors.html,1,high,
AMD,cpu,,Ryzen PRO,Ryzen PRO 8000 Series,desktop,Phoenix,TSMC 4nm FinFET,Ryzen 5 PRO 8600G,AMD Ryzen 5 PRO 8600G,6,,,12,4.30 GHz,5.00 GHz,,6 MB,16 MB,65W,,,AM5,1,4.0,,DDR5,2,,,,,,AMD Radeon 760M,8,2.80 GHz,,2024,,100-000001239 (AM5),https://www.amd.com/en/products/specifications/processors.html,1,high,
AMD,cpu,,Ryzen PRO,Ryzen PRO 8000 Series,mobile,Hawk Point,TSMC 4nm FinFET,Ryzen 5 PRO 8540U,AMD Ryzen 5 PRO 8540U,6,,,12,3.20 GHz,4.90 GHz,,6 MB,16 MB,28W,,,"FP7, FP7r2",1,4.0,,"DDR5 (FP7r2) , LPDDR5X (FP7)",2,,,,,,AMD Radeon 740M,4,2.80 GHz,,,,"100-000001329 (FP7r2) , 100-000001331 (FP7)",https://www.amd.com/en/products/specifications/processors.html,1,high,
AMD,cpu,,Ryzen PRO,Ryzen PRO 8000 Series,desktop,Phoenix,TSMC 4nm FinFET,Ryzen 5 PRO 8505GE,AMD Ryzen 5 PRO 8505GE,6,,,12,3.40 GHz,5.00 GHz,,6 MB,16 MB,35W,,,AM5,1,4.0,,DDR5,2,,,,,,AMD Radeon 740M,4,2.80 GHz,,2025-Q4,,100-000002084,https://www.amd.com/en/products/specifications/processors.html,1,high,
AMD,cpu,,Ryzen PRO,Ryzen PRO 8000 Series,desktop,Phoenix,TSMC 4nm FinFET,Ryzen 5 PRO 8505G,AMD Ryzen 5 PRO 8505G,6,,,12,3.50 GHz,5.00 GHz,,6 MB,16 MB,65W,,,AM5,1,4.0,,DDR5,2,,,,,,AMD Radeon 740M,4,2.80 GHz,,2025-Q4,,100-000002086,https://www.amd.com/en/products/specifications/processors.html,1,high,
AMD,cpu,,Ryzen PRO,Ryzen PRO 8000 Series,desktop,Phoenix,TSMC 4nm FinFET,Ryzen 5 PRO 8500GE,AMD Ryzen 5 PRO 8500GE,6,,,12,3.40 GHz,5.00 GHz,,6 MB,16 MB,35W,,,AM5,1,4.0,,DDR5,2,,,,,,AMD Radeon 740M,4,2.80 GHz,,2024,,100-000001185 (AM5),https://www.amd.com/en/products/specifications/processors.html,1,high,
AMD,cpu,,Ryzen PRO,Ryzen PRO 8000 Series,desktop,Phoenix,TSMC 4nm FinFET,Ryzen 5 PRO 8500G,AMD Ryzen 5 PRO 8500G,6,,,12,3.50 GHz,5.00 GHz,,6 MB,16 MB,65W,,,AM5,1,4.0,,DDR5,2,,,,,,AMD Radeon 740M,4,2.80 GHz,,2024,,100-000001183 (AM5),https://www.amd.com/en/products/specifications/processors.html,1,high,
AMD,cpu,,Ryzen PRO,Ryzen PRO 8000 Series,desktop,Phoenix,TSMC 4nm FinFET,Ryzen 3 PRO 8305GE,AMD Ryzen 3 PRO 8305GE,4,,,8,3.50 GHz,4.90 GHz,,4 MB,8 MB,35W,,,AM5,1,4.0,,DDR5,2,,,,,,AMD Radeon 740M,4,2.60 GHz,,2025-Q4,,100-000002083,https://www.amd.com/en/products/specifications/processors.html,1,high,
AMD,cpu,,Ryzen PRO,Ryzen PRO 8000 Series,desktop,Phoenix,TSMC 4nm FinFET,Ryzen 3 PRO 8305G,AMD Ryzen 3 PRO 8305G,4,,,8,3.40 GHz,4.90 GHz,,4 MB,8 MB,65W,,,AM5,1,4.0,,DDR5,2,,,,,,AMD Radeon 740M,4,2.60 GHz,,2025-Q4,,100-000002085,https://www.amd.com/en/products/specifications/processors.html,1,high,
AMD,cpu,,Ryzen PRO,Ryzen PRO 8000 Series,desktop,Phoenix,TSMC 4nm FinFET,Ryzen 3 PRO 8300GE,AMD Ryzen 3 PRO 8300GE,4,,,8,3.50 GHz,4.90 GHz,,4 MB,8 MB,35W,,,AM5,1,4.0,,DDR5,2,,,,,,AMD Radeon 740M,4,2.60 GHz,,2024,,100-000001189 (AM5),https://www.amd.com/en/products/specifications/processors.html,1,high,
AMD,cpu,,Ryzen PRO,Ryzen PRO 8000 Series,desktop,Phoenix,TSMC 4nm FinFET,Ryzen 3 PRO 8300G,AMD Ryzen 3 PRO 8300G,4,,,8,3.40 GHz,4.90 GHz,,4 MB,8 MB,65W,,,AM5,1,4.0,,DDR5,2,,,,,,AMD Radeon 740M,4,2.60 GHz,,2024,,100-000001187 (AM5),https://www.amd.com/en/products/specifications/processors.html,1,high,
AMD,cpu,,Ryzen,Ryzen 8000 Series,mobile,Dragon Range,TSMC 5nm FinFET,Ryzen 9 8945HX,AMD Ryzen 9 8945HX,16,,,32,2.50 GHz,5.40 GHz,,16 MB,64 MB,55W,,,FL1,1,5.0,,DDR5,2,,,,,,AMD Radeon 610M,2,2.20 GHz,,,,100-000001848,https://www.amd.com/en/products/specifications/processors.html,1,high,Unlocked
AMD,cpu,,Ryzen,Ryzen 8000 Series,mobile,Hawk Point,TSMC 4nm FinFET,Ryzen 9 8945HS,AMD Ryzen 9 8945HS,8,,,16,4.00 GHz,5.20 GHz,,8 MB,16 MB,45W,,,"FP7, FP7r2, FP8",1,4.0,,"DDR5 (FP7r2) , LPDDR5X (FP7-FP8)",2,,,,,,AMD Radeon 780M,12,2.80 GHz,,,,"100-000001319 (FP7r2) , 100-000001383 (FP7) , 100-000001309 (FP8)",https://www.amd.com/en/products/specifications/processors.html,1,high,
AMD,cpu,,Ryzen,Ryzen 8000 Series,mobile,Dragon Range,TSMC 5nm FinFET,Ryzen 9 8940HX,AMD Ryzen 9 8940HX,16,,,32,2.40 GHz,5.30 GHz,,16 MB,64 MB,55W,,,FL1,1,5.0,,DDR5,2,,,,,,AMD Radeon 610M,2,2.20 GHz,,,,100-000001849,https://www.amd.com/en/products/specifications/processors.html,1,high,Unlocked
AMD,cpu,,Ryzen,Ryzen 8000 Series,mobile,Hawk Point,TSMC 4nm FinFET,Ryzen 7 8845HS,AMD Ryzen 7 8845HS,8,,,16,3.80 GHz,5.10 GHz,,8 MB,16 MB,45W,,,"FP7, FP7r2, FP8",1,4.0,,"DDR5 (FP7r2) , LPDDR5X (FP7-FP8)",2,,,,,,AMD Radeon 780M,12,2.70 GHz,,2023-Q4,,"100-000001322 (FP7r2) , 100-000001384 (FP7) , 100-000001311 (FP8)",https://www.amd.com/en/products/specifications/processors.html,1,high,
AMD,cpu,,Ryzen,Ryzen 8000 Series,mobile,Hawk Point,TSMC 4nm FinFET,Ryzen 7 8840U,AMD Ryzen 7 8840U,8,,,16,3.30 GHz,5.10 GHz,,8 MB,16 MB,28W,,,"FP7, FP7r2, FP8",1,4.0,,"DDR5 (FP7r2) , LPDDR5X (FP7-FP8)",2,,,,,,AMD Radeon 780M,12,2.70 GHz,,,,"100-000001323 (FP7r2) , 100-000001375 (FP7) , 100-000001312 (FP8)",https://www.amd.com/en/products/specifications/processors.html,1,high,
AMD,cpu,,Ryzen,Ryzen 8000 Series,mobile,Dragon Range,TSMC 5nm FinFET,Ryzen 7 8840HX,AMD Ryzen 7 8840HX,12,,,24,2.90 GHz,5.10 GHz,,12 MB,64 MB,55W,,,FL1,1,5.0,,DDR5,2,,,,,,AMD Radeon 610M,2,2.20 GHz,,,,100-000001850,https://www.amd.com/en/products/specifications/processors.html,1,high,Unlocked
AMD,cpu,,Ryzen,Ryzen 8000 Series,mobile,Hawk Point,TSMC 4nm FinFET,Ryzen 7 8840HS,AMD Ryzen 7 8840HS,8,,,16,3.30 GHz,5.10 GHz,,8 MB,16 MB,28W,,,"FP7, FP7r2, FP8",1,4.0,,"DDR5 (FP7r2) , LPDDR5X (FP7-FP8)",2,,,,,,AMD Radeon 780M,12,2.70 GHz,,,,"100-000001372 (FP7r2) , 100-000001379 (FP7) , 100-000001357 (FP8)",https://www.amd.com/en/products/specifications/processors.html,1,high,
AMD,cpu,,Ryzen,Ryzen 8000 Series,mobile,Dragon Range,TSMC 5nm FinFET,Ryzen 7 8745HX,AMD Ryzen 7 8745HX,8,,,16,3.60 GHz,5.10 GHz,,8 MB,32 MB,55W,,,FL1,1,5.0,,DDR5,2,,,,,,AMD Radeon 610M,2,2.20 GHz,,,,100-000001851,https://www.amd.com/en/products/specifications/processors.html,1,high,Unlocked
AMD,cpu,,Ryzen,Ryzen 8000 Series,desktop,Phoenix,TSMC 4nm FinFET,Ryzen 7 8705G,AMD Ryzen 7 8705G,8,,,16,4.20 GHz,5.10 GHz,,8 MB,16 MB,65W,,,AM5,1,4.0,,DDR5,2,,,,,,AMD Radeon 780M,12,2.90 GHz,,2025-Q4,,100-000002077,https://www.amd.com/en/products/specifications/processors.html,1,high,Unlocked
AMD,cpu,,Ryzen,Ryzen 8000 Series,desktop,Phoenix,TSMC 4nm FinFET,Ryzen 7 8700G,AMD Ryzen 7 8700G,8,,,16,4.20 GHz,5.10 GHz,,8 MB,16 MB,65W,,,AM5,1,4.0,,DDR5,2,,,,,,AMD Radeon 780M,12,2.90 GHz,,2024,,100-000001236,https://www.amd.com/en/products/specifications/processors.html,1,high,Unlocked
AMD,cpu,,Ryzen,Ryzen 8000 Series,desktop,Phoenix,TSMC 4nm FinFET,Ryzen 7 8700F,AMD Ryzen 7 8700F,8,,,16,4.10 GHz,5.00 GHz,,8 MB,16 MB,65W,,,AM5,1,4.0,,DDR5,2,,,,,,Discrete Graphics Card Required,,,,2024-Q2,,100-000001590 (AM5),https://www.amd.com/en/products/specifications/processors.html,1,high,Unlocked
AMD,cpu,,Ryzen,Ryzen 8000 Series,mobile,Hawk Point,TSMC 4nm FinFET,Ryzen 5 8645HS,AMD Ryzen 5 8645HS,6,,,12,4.30 GHz,5.00 GHz,,6 MB,16 MB,45W,,,"FP7, FP7r2, FP8",1,4.0,,"DDR5 (FP7r2) , LPDDR5X (FP7-FP8)",2,,,,,,AMD Radeon 760M,8,2.60 GHz,,,,"100-000001320 (FP7r2) , 100-000001385 (FP7) , 100-000001310 (FP8)",https://www.amd.com/en/products/specifications/processors.html,1,high,
AMD,cpu,,Ryzen,Ryzen 8000 Series,mobile,Hawk Point,TSMC 4nm FinFET,Ryzen 5 8640U,AMD Ryzen 5 8640U,6,,,12,3.50 GHz,4.90 GHz,,6 MB,16 MB,28W,,,"FP7, FP7r2, FP8",1,4.0,,"DDR5 (FP7r2) , LPDDR5X (FP7-FP8)",2,,,,,,AMD Radeon 760M,8,2.60 GHz,,,,"100-000001324 (FP7r2) , 100-000001376 (FP7) , 100-000001313 (FP8)",https://www.amd.com/en/products/specifications/processors.html,1,high,
AMD,cpu,,Ryzen,Ryzen 8000 Series,mobile,Hawk Point,TSMC 4nm FinFET,Ryzen 5 8640HS,AMD Ryzen 5 8640HS,6,,,12,3.50 GHz,4.90 GHz,,6 MB,16 MB,28W,,,"FP7, FP7r2, FP8",1,4.0,,"DDR5 (FP7r2) , LPDDR5X (FP7-FP8)",2,,,,,,AMD Radeon 760M,8,2.60 GHz,,,,"100-000001373 (FP7r2) , 1100-000001380 (FP7) , 100-000001358(FP8)",https://www.amd.com/en/products/specifications/processors.html,1,high,
AMD,cpu,,Ryzen,Ryzen 8000 Series,desktop,Phoenix,TSMC 4nm FinFET,Ryzen 5 8605G,AMD Ryzen 5 8605G,6,,,12,4.30 GHz,5.00 GHz,,6 MB,16 MB,65W,,,AM5,1,4.0,,DDR5,2,,,,,,AMD Radeon 760M,8,2.80 GHz,,2025-Q4,,100-000002078,https://www.amd.com/en/products/specifications/processors.html,1,high,Unlocked
AMD,cpu,,Ryzen,Ryzen 8000 Series,desktop,Phoenix,TSMC 4nm FinFET,Ryzen 5 8600G,AMD Ryzen 5 8600G,6,,,12,4.30 GHz,5.00 GHz,,6 MB,16 MB,65W,,,AM5,1,4.0,,DDR5,2,,,,,,AMD Radeon 760M,8,2.80 GHz,,2024,,100-000001237,https://www.amd.com/en/products/specifications/processors.html,1,high,Unlocked
AMD,cpu,,Ryzen,Ryzen 8000 Series,mobile,Hawk Point,TSMC 4nm FinFET,Ryzen 5 8540U,AMD Ryzen 5 8540U,6,,,12,3.20 GHz,4.90 GHz,,6 MB,16 MB,28W,,,"FP7, FP7r2",1,4.0,,"DDR5 (FP7r2) , LPDDR5X (FP7-FP8)",2,,,,,,AMD Radeon 740M,4,2.80 GHz,,,,"100-000001326 (FP7r2) , 100-000001333 (FP7)",https://www.amd.com/en/products/specifications/processors.html,1,high,
AMD,cpu,,Ryzen,Ryzen 8000 Series,desktop,Phoenix,TSMC 4nm FinFET,Ryzen 5 8505GE,AMD Ryzen 5 8505GE,6,,,12,3.40 GHz,5.00 GHz,,6 MB,16 MB,35W,,,AM5,1,4.0,,DDR5,2,,,,,,AMD Radeon 740M,4,2.80 GHz,,2025-Q4,,100-000002092,https://www.amd.com/en/products/specifications/processors.html,1,high,Unlocked
AMD,cpu,,Ryzen,Ryzen 8000 Series,desktop,Phoenix,TSMC 4nm FinFET,Ryzen 5 8505G,AMD Ryzen 5 8505G,6,,,12,3.50 GHz,5.00 GHz,,6 MB,16 MB,65W,,,AM5,1,4.0,,DDR5,2,,,,,,AMD Radeon 740M,4,2.80 GHz,,2025-Q4,,100-000002089,https://www.amd.com/en/products/specifications/processors.html,1,high,Unlocked
AMD,cpu,,Ryzen,Ryzen 8000 Series,desktop,Phoenix,TSMC 4nm FinFET,Ryzen 5 8500GE,AMD Ryzen 5 8500GE,6,,,12,3.40 GHz,5.00 GHz,,6 MB,16 MB,35W,,,AM5,1,4.0,,DDR5,2,,,,,,AMD Radeon 740M,4,2.80 GHz,,2024,,100-000001495 (AM5),https://www.amd.com/en/products/specifications/processors.html,1,high,Unlocked
AMD,cpu,,Ryzen,Ryzen 8000 Series,desktop,Phoenix,TSMC 4nm FinFET,Ryzen 5 8500G,AMD Ryzen 5 8500G,6,,,12,3.50 GHz,5.00 GHz,,6 MB,16 MB,65W,,,AM5,1,4.0,,DDR5,2,,,,,,AMD Radeon 740M,4,2.80 GHz,,2024,,"100-000001491 , 100-000000931",https://www.amd.com/en/products/specifications/processors.html,1,high,
AMD,cpu,,Ryzen,Ryzen 8000 Series,mobile,Hawk Point,TSMC 4nm FinFET,Ryzen 3 8440U,AMD Ryzen 3 8440U,4,,,8,3.00 GHz,4.70 GHz,,4 MB,8 MB,28W,,,"FP7, FP7r2",1,4.0,,"DDR5 (FP7r2) , LPDDR5X (FP7)",2,,,,,,AMD Radeon 740M,4,2.50 GHz,,,,"100-000001325 (FP7r2) , 100-000001332 (FP7)",https://www.amd.com/en/products/specifications/processors.html,1,high,
AMD,cpu,,Ryzen,Ryzen 8000 Series,desktop,Phoenix,TSMC 4nm FinFET,Ryzen 5 8400F,AMD Ryzen 5 8400F,6,,,12,4.20 GHz,4.70 GHz,,6 MB,16 MB,65W,,,AM5,1,4.0,,DDR5,2,,,,,,Discrete Graphics Card Required,,,,2024-Q2,,100-000001591 (AM5),https://www.amd.com/en/products/specifications/processors.html,1,high,Unlocked
AMD,cpu,,Ryzen,Ryzen 8000 Series,desktop,Phoenix,TSMC 4nm FinFET,Ryzen 3 8305GE,AMD Ryzen 3 8305GE,4,,,8,3.50 GHz,4.90 GHz,,4 MB,8 MB,35W,,,AM5,1,4.0,,DDR5,2,,,,,,AMD Radeon 740M,4,2.60 GHz,,2025-Q4,,100-000002090,https://www.amd.com/en/products/specifications/processors.html,1,high,Unlocked
AMD,cpu,,Ryzen,Ryzen 8000 Series,desktop,Phoenix,TSMC 4nm FinFET,Ryzen 3 8305G,AMD Ryzen 3 8305G,4,,,8,3.40 GHz,4.90 GHz,,4 MB,8 MB,65W,,,AM5,1,4.0,,DDR5,2,,,,,,AMD Radeon 740M,4,2.60 GHz,,2025-Q4,,100-000002091,https://www.amd.com/en/products/specifications/processors.html,1,high,Unlocked
AMD,cpu,,Ryzen,Ryzen 8000 Series,desktop,Phoenix,TSMC 4nm FinFET,Ryzen 3 8300GE,AMD Ryzen 3 8300GE,4,,,8,3.50 GHz,4.90 GHz,,4 MB,8 MB,35W,,,AM5,1,4.0,,DDR5,2,,,,,,AMD Radeon 740M,4,2.60 GHz,,2024,,100-000001496 (AM5),https://www.amd.com/en/products/specifications/processors.html,1,high,Unlocked
AMD,cpu,,Ryzen,Ryzen 8000 Series,desktop,Phoenix,TSMC 4nm FinFET,Ryzen 3 8300G,AMD Ryzen 3 8300G,4,,,8,3.40 GHz,4.90 GHz,,4 MB,8 MB,65W,,,AM5,1,4.0,,DDR5,2,,,,,,AMD Radeon 740M,4,2.60 GHz,,2024,,"100-000001492 , 100-000001186",https://www.amd.com/en/products/specifications/processors.html,1,high,Unlocked
AMD,cpu,,Ryzen Threadripper PRO,Ryzen Threadripper PRO 7000 WX-Series,workstation,Storm Peak,TSMC 5nm FinFET,Ryzen Threadripper PRO 7995WX,AMD Ryzen Threadripper PRO 7995WX,96,,,192,2.50 GHz,5.10 GHz,,96 MB,384 MB,350W,,,sTR5,1,5.0,,DDR5,8,Up to 5200 MT/s,,,,,Discrete Graphics Card Required,,,,2023-Q4,,100-000000884,https://www.amd.com/en/products/specifications/processors.html,1,high,Unlocked
AMD,cpu,,Ryzen Threadripper PRO,Ryzen Threadripper PRO 7000 WX-Series,workstation,Storm Peak,TSMC 5nm FinFET,Ryzen Threadripper PRO 7985WX,AMD Ryzen Threadripper PRO 7985WX,64,,,128,3.20 GHz,5.10 GHz,,64 MB,256 MB,350W,,,sTR5,1,5.0,,DDR5,8,Up to 5200 MT/s,,,,,Discrete Graphics Card Required,,,,2023-Q4,,100-000000454,https://www.amd.com/en/products/specifications/processors.html,1,high,Unlocked
AMD,cpu,,Ryzen Threadripper PRO,Ryzen Threadripper PRO 7000 WX-Series,workstation,Storm Peak,TSMC 5nm FinFET,Ryzen Threadripper PRO 7975WX,AMD Ryzen Threadripper PRO 7975WX,32,,,64,4.00 GHz,5.30 GHz,,32 MB,128 MB,350W,,,sTR5,1,5.0,,DDR5,8,Up to 5200 MT/s,,,,,Discrete Graphics Card Required,,,,2023-Q4,,100-000000453,https://www.amd.com/en/products/specifications/processors.html,1,high,Unlocked
AMD,cpu,,Ryzen Threadripper PRO,Ryzen Threadripper PRO 7000 WX-Series,workstation,Storm Peak,TSMC 5nm FinFET,Ryzen Threadripper PRO 7965WX,AMD Ryzen Threadripper PRO 7965WX,24,,,48,4.20 GHz,5.30 GHz,,24 MB,128 MB,350W,,,sTR5,1,5.0,,DDR5,8,Up to 5200 MT/s,,,,,Discrete Graphics Card Required,,,,2023-Q4,,100-000000885,https://www.amd.com/en/products/specifications/processors.html,1,high,Unlocked
AMD,cpu,,Ryzen Threadripper PRO,Ryzen Threadripper PRO 7000 WX-Series,workstation,Storm Peak,TSMC 5nm FinFET,Ryzen Threadripper PRO 7955WX,AMD Ryzen Threadripper PRO 7955WX,16,,,32,4.50 GHz,5.30 GHz,,16 MB,64 MB,350W,,,sTR5,1,5.0,,DDR5,8,Up to 5200 MT/s,,,,,Discrete Graphics Card Required,,,,2023-Q4,,100-000000886,https://www.amd.com/en/products/specifications/processors.html,1,high,Unlocked
AMD,cpu,,Ryzen Threadripper PRO,Ryzen Threadripper PRO 7000 WX-Series,workstation,Storm Peak,TSMC 5nm FinFET,Ryzen Threadripper PRO 7945WX,AMD Ryzen Threadripper PRO 7945WX,12,,,24,4.70 GHz,5.30 GHz,,12 MB,64 MB,350W,,,sTR5,1,5.0,,DDR5,8,Up to 5200 MT/s,,,,,Discrete Graphics Card Required,,,,2023-Q4,,100-000000887,https://www.amd.com/en/products/specifications/processors.html,1,high,Unlocked
AMD,cpu,,Ryzen Threadripper,Ryzen Threadripper 7000 Series,workstation,Storm Peak,TSMC 5nm FinFET,Ryzen Threadripper 7980X,AMD Ryzen Threadripper 7980X,64,,,128,3.20 GHz,5.10 GHz,,64 MB,256 MB,350W,,,sTR5,1,5.0,,DDR5,4,Up to 5200 MT/s,,,,,Discrete Graphics Card Required,,,,2023-Q4,,100-000001350,https://www.amd.com/en/products/specifications/processors.html,1,high,Unlocked
AMD,cpu,,Ryzen Threadripper,Ryzen Threadripper 7000 Series,workstation,Storm Peak,TSMC 5nm FinFET,Ryzen Threadripper 7970X,AMD Ryzen Threadripper 7970X,32,,,64,4.00 GHz,5.30 GHz,,32 MB,128 MB,350W,,,sTR5,1,5.0,,DDR5,4,Up to 5200 MT/s,,,,,Discrete Graphics Card Required,,,,2023-Q4,,100-000001351,https://www.amd.com/en/products/specifications/processors.html,1,high,Unlocked
AMD,cpu,,Ryzen Threadripper,Ryzen Threadripper 7000 Series,workstation,Storm Peak,TSMC 5nm FinFET,Ryzen Threadripper 7960X,AMD Ryzen Threadripper 7960X,24,,,48,4.20 GHz,5.30 GHz,,24 MB,128 MB,350W,,,sTR5,1,5.0,,DDR5,4,Up to 5200 MT/s,,,,,Discrete Graphics Card Required,,,,2023-Q4,,100-000001352,https://www.amd.com/en/products/specifications/processors.html,1,high,Unlocked
AMD,cpu,,Ryzen PRO,Ryzen PRO 7000 Series,desktop,Raphael,TSMC 5nm FinFET,Ryzen 9 PRO 7945,AMD Ryzen 9 PRO 7945,12,,,24,3.70 GHz,5.40 GHz,,12 MB,64 MB,65W,,,AM5,1,5.0,,DDR5,2,,,,,,AMD Radeon Graphics,2,2.20 GHz,,2023-Q2,,100-000000598,https://www.amd.com/en/products/specifications/processors.html,1,high,
AMD,cpu,,Ryzen PRO,Ryzen PRO 7000 Series,mobile,Phoenix,TSMC 4nm FinFET,Ryzen 9 PRO 7940HS,AMD Ryzen 9 PRO 7940HS,8,,,16,4.00 GHz,5.20 GHz,,8 MB,16 MB,,,,"FP7, FP7r2",1,4.0,,"DDR5 (FP7r2) , LPDDR5X (FP7)",2,,,,,,AMD Radeon 780M,12,2.80 GHz,,2023-Q2,,"100-000000958 (FP7r2) , 100-000000967 (FP7)",https://www.amd.com/en/products/specifications/processors.html,1,high,
AMD,cpu,,Ryzen PRO,Ryzen PRO 7000 Series,mobile,Phoenix,TSMC 4nm FinFET,Ryzen 7 PRO 7840U,AMD Ryzen 7 PRO 7840U,8,,,16,3.30 GHz,5.10 GHz,,8 MB,16 MB,,,,"FP7, FP7r2",1,4.0,,"DDR5 (FP7r2) , LPDDR5X (FP7)",2,,,,,,AMD Radeon 780M,12,2.70 GHz,,2023-Q2,,"100-000000961 (FP7r2) , 100-000000970 (FP7)",https://www.amd.com/en/products/specifications/processors.html,1,high,
AMD,cpu,,Ryzen PRO,Ryzen PRO 7000 Series,mobile,Phoenix,TSMC 4nm FinFET,Ryzen 7 PRO 7840HS,AMD Ryzen 7 PRO 7840HS,8,,,16,3.80 GHz,5.10 GHz,,8 MB,16 MB,,,,"FP7, FP7r2",1,4.0,,"DDR5 (FP7r2) , LPDDR5X (FP7)",2,,,,,,AMD Radeon 780M,12,2.70 GHz,,2023-Q2,,100-000000968 (FP7) 100-000000959 (FP7r2),https://www.amd.com/en/products/specifications/processors.html,1,high,
AMD,cpu,,Ryzen PRO,Ryzen PRO 7000 Series,desktop,Raphael,TSMC 5nm FinFET,Ryzen 7 PRO 7745,AMD Ryzen 7 PRO 7745,8,,,16,3.80 GHz,5.30 GHz,,8 MB,32 MB,65W,,,AM5,1,5.0,,DDR5,2,,,,,,AMD Radeon Graphics,2,2.20 GHz,,2023-Q2,,100-000000599,https://www.amd.com/en/products/specifications/processors.html,1,high,
AMD,cpu,,Ryzen PRO,Ryzen PRO 7000 Series,mobile,Rembrandt R,TSMC 6nm FinFET,Ryzen 7 PRO 7735U,AMD Ryzen 7 PRO 7735U,8,,,16,2.70 GHz,4.75 GHz,,4 MB,16 MB,,,,,1,4.0,,DDR5,2,,,,,,AMD Radeon 680M,12,2.20 GHz,,2023-Q3,,100-0000001292 (FP7r2),https://www.amd.com/en/products/specifications/processors.html,1,high,
AMD,cpu,,Ryzen PRO,Ryzen PRO 7000 Series,mobile,Barcelo R,TSMC 7nm FinFET,Ryzen 7 PRO 7730U,AMD Ryzen 7 PRO 7730U,8,,,16,2.00 GHz,4.50 GHz,,4 MB,16 MB,15W,,,FP6,1,3.0,,DDR4,2,,,,,,AMD Radeon Graphics,8,2.00 GHz,,2023-Q1,,100-000000948,https://www.amd.com/en/products/specifications/processors.html,1,high,
AMD,cpu,,Ryzen PRO,Ryzen PRO 7000 Series,desktop,Raphael,TSMC 5nm FinFET,Ryzen 5 PRO 7645,AMD Ryzen 5 PRO 7645,6,,,12,3.80 GHz,5.10 GHz,,6 MB,32 MB,65W,,,AM5,1,5.0,,DDR5,2,,,,,,AMD Radeon Graphics,2,2.20 GHz,,2023-Q2,,100-000000600,https://www.amd.com/en/products/specifications/processors.html,1,high,
AMD,cpu,,Ryzen PRO,Ryzen PRO 7000 Series,mobile,Phoenix,TSMC 4nm FinFET,Ryzen 5 PRO 7640U,AMD Ryzen 5 PRO 7640U,6,,,12,3.50 GHz,4.90 GHz,,6 MB,16 MB,,,,"FP7, FP7r2",1,4.0,,"DDR5 (FP7r2) , LPDDR5X (FP7)",2,,,,,,AMD Radeon 760M,8,2.60 GHz,,2023-Q2,,"100-000001108 (FP7r2) , 100-000001111 (FP7)",https://www.amd.com/en/products/specifications/processors.html,1,high,
AMD,cpu,,Ryzen PRO,Ryzen PRO 7000 Series,mobile,Phoenix,TSMC 4nm FinFET,Ryzen 5 PRO 7640HS,AMD Ryzen 5 PRO 7640HS,6,,,12,4.30 GHz,5.00 GHz,,6 MB,16 MB,,,,"FP7, FP7r2",1,4.0,,"DDR5 (FP7r2) , LPDDR5X (FP7)",2,,,,,,AMD Radeon 760M,8,2.60 GHz,,2023-Q2,,100-000000960 (FP7r2) 100-000000969 (FP7),https://www.amd.com/en/products/specifications/processors.html,1,high,
AMD,cpu,,Ryzen PRO,Ryzen PRO 7000 Series,mobile,Phoenix,TSMC 4nm FinFET,Ryzen 5 PRO 7545U,AMD Ryzen 5 PRO 7545U,6,,,12,3.20 GHz,4.90 GHz,,6 MB,16 MB,,,,"FP7, FP7r2",1,4.0,,"DDR5 (FP7r2) , LPDDR5X (FP7-FP8)",2,,,,,,AMD Radeon 740M,4,2.80 GHz,,2023-Q4,,"100-000001073 (FP7) , 100-000001069 (FP7r2)",https://www.amd.com/en/products/specifications/processors.html,1,high,
AMD,cpu,,Ryzen PRO,Ryzen PRO 7000 Series,mobile,Phoenix,TSMC 4nm FinFET,Ryzen 5 PRO 7540U,AMD Ryzen 5 PRO 7540U,6,,,12,3.20 GHz,4.90 GHz,,6 MB,16 MB,,,,"FP7, FP7r2",1,4.0,,"DDR5 (FP7r2) , LPDDR5X (FP7)",2,,,,,,AMD Radeon 740M,4,2.50 GHz,,2023-Q2,,"100-000000962 (FP7r2) , 100-000000971 (FP7)",https://www.amd.com/en/products/specifications/processors.html,1,high,
AMD,cpu,,Ryzen PRO,Ryzen PRO 7000 Series,mobile,Rembrandt R,TSMC 6nm FinFET,Ryzen 5 PRO 7535U,AMD Ryzen 5 PRO 7535U,6,,,12,2.90 GHz,4.55 GHz,,3 MB,16 MB,,,,,1,4.0,,DDR5,2,,,,,,AMD Radeon 660M,6,1.90 GHz,,2023-Q3,,100-000001293 (FP7r2),https://www.amd.com/en/products/specifications/processors.html,1,high,
AMD,cpu,,Ryzen PRO,Ryzen PRO 7000 Series,mobile,Barcelo R,TSMC 7nm FinFET,Ryzen 5 PRO 7530U,AMD Ryzen 5 PRO 7530U,6,,,12,2.00 GHz,4.50 GHz,,3 MB,16 MB,15W,,,FP6,1,3.0,,DDR4,2,,,,,,AMD Radeon Graphics,7,2.00 GHz,,2023-Q1,,100-000000949,https://www.amd.com/en/products/specifications/processors.html,1,high,
AMD,cpu,,Ryzen PRO,Ryzen PRO 7000 Series,desktop,Raphael AM5,TSMC 5nm FinFET,Ryzen 5 PRO 7445,AMD Ryzen 5 PRO 7445,6,,,12,3.30 GHz,4.30 GHz,,6 MB,16 MB,65W,,,AM5,1,5.0,,DDR5,2,,,,,,AMD Radeon Graphics,2,2.20 GHz,,2025-Q3,,100-000001899,https://www.amd.com/en/products/specifications/processors.html,1,high,
AMD,cpu,,Ryzen PRO,Ryzen PRO 7000 Series,mobile,Rembrandt R,TSMC 6nm FinFET,Ryzen 3 PRO 7335U,AMD Ryzen 3 PRO 7335U,4,,,8,3.00 GHz,4.30 GHz,,8 MB,,,,,,1,4.0,,DDR5,2,,,,,,AMD Radeon 660M,4,1.80 GHz,,2023-Q3,,100-000001294 (FP7r2),https://www.amd.com/en/products/specifications/processors.html,1,high,
AMD,cpu,,Ryzen PRO,Ryzen PRO 7000 Series,mobile,Barcelo R,TSMC 7nm FinFET,Ryzen 3 PRO 7330U,AMD Ryzen 3 PRO 7330U,4,,,8,2.30 GHz,4.30 GHz,,2 MB,8 MB,15W,,,FP6,1,3.0,,DDR4,2,,,,,,AMD Radeon Graphics,6,1.80 GHz,,2023-Q1,,100-000000950,https://www.amd.com/en/products/specifications/processors.html,1,high,
AMD,cpu,,Ryzen,Ryzen 7000 Series,desktop,Raphael AM5,TSMC 5nm FinFET,Ryzen 9 7950X3D,AMD Ryzen 9 7950X3D,16,,,32,4.20 GHz,5.70 GHz,,16 MB,128 MB,120W,,,AM5,1,5.0,,DDR5,2,,,,,,AMD Radeon Graphics,2,2.20 GHz,,2023-Q1,,100-000000908,https://www.amd.com/en/products/specifications/processors.html,1,high,
AMD,cpu,,Ryzen,Ryzen 7000 Series,desktop,Raphael AM5,TSMC 5nm FinFET,Ryzen 9 7950X,AMD Ryzen 9 7950X,16,,,32,4.50 GHz,5.70 GHz,,16 MB,64 MB,170W,,,AM5,1,5.0,,DDR5,2,,,,,,AMD Radeon Graphics,2,2.20 GHz,,2022-Q3,,100-000000514,https://www.amd.com/en/products/specifications/processors.html,1,high,Unlocked
AMD,cpu,,Ryzen,Ryzen 7000 Series,mobile,Dragon Range,TSMC 5nm FinFET,Ryzen 9 7945HX3D,AMD Ryzen 9 7945HX3D,16,,,32,2.30 GHz,5.40 GHz,,16 MB,128 MB,55W,,,FL1,1,5.0,,DDR5,2,,,,,,AMD Radeon 610M,2,2.20 GHz,,2023-Q3,,100-000001086,https://www.amd.com/en/products/specifications/processors.html,1,high,
AMD,cpu,,Ryzen,Ryzen 7000 Series,mobile,Dragon Range,TSMC 5nm FinFET,Ryzen 9 7945HX,AMD Ryzen 9 7945HX,16,,,32,2.50 GHz,5.40 GHz,,16 MB,64 MB,55W,,,FL1,1,5.0,,DDR5,2,,,,,,AMD Radeon 610M,2,2.20 GHz,,2023-Q1,,100-000000870,https://www.amd.com/en/products/specifications/processors.html,1,high,Unlocked
AMD,cpu,,Ryzen,Ryzen 7000 Series,mobile,Phoenix,TSMC 4nm FinFET,Ryzen 9 7940HS,AMD Ryzen 9 7940HS,8,,,16,4.00 GHz,5.20 GHz,,8 MB,16 MB,54W,,,"FP7, FP7r2, FP8",1,4.0,,"DDR5 (FP7r2) , LPDDR5X (FP7-FP8)",2,,,,,,AMD Radeon 780M,12,2.80 GHz,,2023-Q2,,100-000000954 (FP7r2) 100-000000963 (FP7) 100-000001128 (FP8),https://www.amd.com/en/products/specifications/processors.html,1,high,
AMD,cpu,,Ryzen,Ryzen 7000 Series,mobile,Dragon Range,TSMC 5nm FinFET,Ryzen 9 7940HX,AMD Ryzen 9 7940HX,16,,,32,2.40 GHz,5.20 GHz,,16 MB,64 MB,55W,,,FL1,1,5.0,,DDR5,2,,,,,,AMD Radeon 610M,2,2.20 GHz,,2024-Q1,,100-000001486,https://www.amd.com/en/products/specifications/processors.html,1,high,Unlocked
AMD,cpu,,Ryzen,Ryzen 7000 Series,desktop,Raphael AM5,TSMC 5nm FinFET,Ryzen 9 7900X3D,AMD Ryzen 9 7900X3D,12,,,24,4.40 GHz,5.60 GHz,,12 MB,128 MB,120W,,,AM5,1,5.0,,DDR5,2,,,,,,AMD Radeon Graphics,2,2.20 GHz,,2023-Q1,,100-000000909,https://www.amd.com/en/products/specifications/processors.html,1,high,
AMD,cpu,,Ryzen,Ryzen 7000 Series,desktop,Raphael AM5,TSMC 5nm FinFET,Ryzen 9 7900X,AMD Ryzen 9 7900X,12,,,24,4.70 GHz,5.60 GHz,,12 MB,64 MB,170W,,,AM5,1,,,DDR5,2,,,,,,AMD Radeon Graphics,2,2.20 GHz,,2022-Q3,,100-000000589,https://www.amd.com/en/products/specifications/processors.html,1,high,Unlocked
AMD,cpu,,Ryzen,Ryzen 7000 Series,desktop,Raphael AM5,TSMC 5nm FinFET,Ryzen 9 7900,AMD Ryzen 9 7900,12,,,24,3.70 GHz,5.40 GHz,,12 MB,64 MB,65W,,,AM5,1,5.0,,DDR5,2,,,,,,AMD Radeon Graphics,2,2.20 GHz,,2023-Q1,,100-000000590,https://www.amd.com/en/products/specifications/processors.html,1,high,Unlocked
AMD,cpu,,Ryzen,Ryzen 7000 Series,mobile,Dragon Range,TSMC 5nm FinFET,Ryzen 9 7845HX,AMD Ryzen 9 7845HX,12,,,24,3.00 GHz,5.20 GHz,,12 MB,64 MB,55W,,,FL1,1,5.0,,DDR5,2,,,,,,AMD Radeon 610M,2,2.20 GHz,,2023-Q1,,100-000000871,https://www.amd.com/en/products/specifications/processors.html,1,high,Unlocked
AMD,cpu,,Ryzen,Ryzen 7000 Series,mobile,Phoenix,TSMC 4nm FinFET,Ryzen 7 7840U,AMD Ryzen 7 7840U,8,,,16,3.30 GHz,5.10 GHz,,8 MB,16 MB,28W,,,"FP7, FP7r2, FP8",1,4.0,,"DDR5 (FP7r2) , LPDDR5X (FP7-FP8)",2,,,,,,AMD Radeon 780M,12,2.70 GHz,,2023-Q2,,"100-000000830 (FP7r2) , 100-000000829 (FP7) , 100-000001131 (FP8)",https://www.amd.com/en/products/specifications/processors.html,1,high,
AMD,cpu,,Ryzen,Ryzen 7000 Series,mobile,Dragon Range,TSMC 5nm FinFET,Ryzen 7 7840HX,AMD Ryzen 7 7840HX,12,,,24,2.90 GHz,5.10 GHz,,12 MB,64 MB,55W,,,FL1,1,5.0,,DDR5,2,,,,,,AMD Radeon 610M,2,2.20 GHz,,2024-Q1,,100-000001487,https://www.amd.com/en/products/specifications/processors.html,1,high,Unlocked
AMD,cpu,,Ryzen,Ryzen 7000 Series,mobile,Phoenix,TSMC 4nm FinFET,Ryzen 7 7840HS,AMD Ryzen 7 7840HS,8,,,16,3.80 GHz,5.10 GHz,,8 MB,16 MB,54W,,,"FP7, FP7r2, FP8",1,4.0,,"DDR5 (FP7r2) , LPDDR5X (FP7-FP8)",2,,,,,,AMD Radeon 780M,12,2.70 GHz,,2023,,100-000000955 (FP7r2) 100-000000964 (FP7) 100-000001129 (FP8),https://www.amd.com/en/products/specifications/processors.html,1,high,
AMD,cpu,,Ryzen,Ryzen 7000 Series,desktop,Raphael AM5,TSMC 5nm FinFET,Ryzen 7 7800X3D,AMD Ryzen 7 7800X3D,8,,,16,4.20 GHz,5.00 GHz,,8 MB,96 MB,120W,,,AM5,1,5.0,,DDR5,2,,,,,,AMD Radeon Graphics,2,2.20 GHz,,2023-Q2,,100-000000910,https://www.amd.com/en/products/specifications/processors.html,1,high,
AMD,cpu,,Ryzen,Ryzen 7000 Series,mobile,Dragon Range,TSMC 5nm FinFET,Ryzen 7 7745HX,AMD Ryzen 7 7745HX,8,,,16,3.60 GHz,5.10 GHz,,8 MB,32 MB,55W,,,FL1,1,5.0,,DDR5,2,,,,,,AMD Radeon 610M,2,2.20 GHz,,2023-Q1,,100-000000721,https://www.amd.com/en/products/specifications/processors.html,1,high,Unlocked
AMD,cpu,,Ryzen,Ryzen 7000 Series,mobile,Rembrandt R,TSMC 6nm FinFET,Ryzen 7 7736U,AMD Ryzen 7 7736U,8,,,16,2.70 GHz,4.70 GHz,,4 MB,16 MB,,,,FP7,1,4.0,,LPDDR5,2,,,,,,AMD Radeon 680M,12,2.20 GHz,,2023-Q1,,FP7:100-000000888,https://www.amd.com/en/products/specifications/processors.html,1,high,
AMD,cpu,,Ryzen,Ryzen 7000 Series,mobile,Rembrandt R,TSMC 6nm FinFET,Ryzen 7 7735U,AMD Ryzen 7 7735U,8,,,16,2.70 GHz,4.75 GHz,,4 MB,16 MB,28W,,,FP7,1,4.0,,"DDR5 , LPDDR5",2,,,,,,AMD Radeon 680M,12,2.20 GHz,,2023,,FP7: 100-000000987 FP7r2: 100-000000991,https://www.amd.com/en/products/specifications/processors.html,1,high,
AMD,cpu,,Ryzen,Ryzen 7000 Series,mobile,Rembrandt R,TSMC 6nm FinFET,Ryzen 7 7735HS,AMD Ryzen 7 7735HS,8,,,16,3.20 GHz,4.75 GHz,,4 MB,16 MB,54W,,,FP7,1,4.0,,"DDR5 , LPDDR5",2,,,,,,AMD Radeon 680M,12,2.20 GHz,,2023,,"FP7: 100-000000985 , FP7r2: 100-000000989",https://www.amd.com/en/products/specifications/processors.html,1,high,
AMD,cpu,,Ryzen,Ryzen 7000 Series,mobile,Barcelo R,TSMC 7nm FinFET,Ryzen 7 7730U,AMD Ryzen 7 7730U,8,,,16,2.00 GHz,4.50 GHz,,4 MB,16 MB,15W,,,FP6,1,3.0,,DDR4,2,,,,,,AMD Radeon Graphics,8,2.00 GHz,,2023,,100-000000942,https://www.amd.com/en/products/specifications/processors.html,1,high,
AMD,cpu,,Ryzen,Ryzen 7000 Series,desktop,Raphael AM5,TSMC 5nm FinFET,Ryzen 7 7700X3D,AMD Ryzen 7 7700X3D,8,,,16,4.00 GHz,4.50 GHz,,8 MB,96 MB,120W,,,AM5,1,5.0,,DDR5,2,,,,,,AMD Radeon Graphics,2,2.20 GHz,,2026-Q3,,100-000002235,https://www.amd.com/en/products/specifications/processors.html,1,high,
AMD,cpu,,Ryzen,Ryzen 7000 Series,desktop,Raphael AM5,TSMC 5nm FinFET,Ryzen 7 7700X,AMD Ryzen 7 7700X,8,,,16,4.50 GHz,5.40 GHz,,8 MB,32 MB,105W,,,AM5,1,5.0,,DDR5,2,,,,,,AMD Radeon Graphics,2,2.20 GHz,,2022-Q3,,100-000000591,https://www.amd.com/en/products/specifications/processors.html,1,high,Unlocked
AMD,cpu,,Ryzen,Ryzen 7000 Series,desktop,Raphael AM5,TSMC 5nm FinFET,Ryzen 7 7700,AMD Ryzen 7 7700,8,,,16,3.80 GHz,5.30 GHz,,8 MB,32 MB,65W,,,AM5,1,5.0,,DDR5,2,,,,,,AMD Radeon Graphics,2,2.20 GHz,,2023-Q1,,100-000000592,https://www.amd.com/en/products/specifications/processors.html,1,high,Unlocked
AMD,cpu,,Ryzen,Ryzen 7000 Series,mobile,Dragon Range,TSMC 5nm FinFET,Ryzen 5 7645HX,AMD Ryzen 5 7645HX,6,,,12,4.00 GHz,5.00 GHz,,6 MB,32 MB,55W,,,FL1,1,5.0,,DDR5,2,,,,,,AMD Radeon 610M,2,2.20 GHz,,2023-Q1,,100-000000872,https://www.amd.com/en/products/specifications/processors.html,1,high,Unlocked
AMD,cpu,,Ryzen,Ryzen 7000 Series,mobile,Phoenix,TSMC 4nm FinFET,Ryzen 5 7640U,AMD Ryzen 5 7640U,6,,,12,3.50 GHz,4.90 GHz,,6 MB,16 MB,28W,,,"FP7, FP7r2, FP8",1,4.0,,"DDR5 (FP7r2) , LPDDR5X (FP7-FP8)",2,,,,,,AMD Radeon 760M,8,2.60 GHz,,2023-Q2,,"100-000001106 (FP7r2) , 100-000001109 (FP7) , 100-000001132 (FP8)",https://www.amd.com/en/products/specifications/processors.html,1,high,
AMD,cpu,,Ryzen,Ryzen 7000 Series,mobile,Phoenix,TSMC 4nm FinFET,Ryzen 5 7640HS,AMD Ryzen 5 7640HS,6,,,12,4.30 GHz,5.00 GHz,,6 MB,16 MB,54W,,,"FP7, FP7r2, FP8",1,4.0,,"DDR5 (FP7r2) , LPDDR5X (FP7-FP8)",2,,,,,,AMD Radeon 760M,8,2.60 GHz,,2023-Q2,,100-000000956 (FP7r2) 100-000000965 (FP7) 100-000001130 (FP8),https://www.amd.com/en/products/specifications/processors.html,1,high,
AMD,cpu,,Ryzen,Ryzen 7000 Series,desktop,Raphael AM5,TSMC 5nm FinFET,Ryzen 5 7600X3D,AMD Ryzen 5 7600X3D,6,,,12,4.10 GHz,4.70 GHz,,6 MB,96 MB,65W,,,AM5,1,5.0,,DDR5,2,,,,,,AMD Radeon Graphics,2,2.20 GHz,,2024-Q3,,100-000001721,https://www.amd.com/en/products/specifications/processors.html,1,high,
AMD,cpu,,Ryzen,Ryzen 7000 Series,desktop,Raphael AM5,TSMC 5nm FinFET,Ryzen 5 7600X,AMD Ryzen 5 7600X,6,,,12,4.70 GHz,5.30 GHz,,6 MB,32 MB,105W,,,AM5,1,5.0,,DDR5,2,,,,,,AMD Radeon Graphics,2,2.20 GHz,,2022-Q3,,100-000000593,https://www.amd.com/en/products/specifications/processors.html,1,high,Unlocked
AMD,cpu,,Ryzen,Ryzen 7000 Series,desktop,Raphael AM5,TSMC 5nm FinFET,Ryzen 5 7600,AMD Ryzen 5 7600,6,,,12,3.80 GHz,5.10 GHz,,6 MB,32 MB,65W,,,AM5,1,5.0,,DDR5,2,,,,,,AMD Radeon Graphics,2,2.20 GHz,,2023-Q1,,100-000001015,https://www.amd.com/en/products/specifications/processors.html,1,high,Unlocked
AMD,cpu,,Ryzen,Ryzen 7000 Series,mobile,Phoenix,TSMC 4nm FinFET,Ryzen 5 7545U,AMD Ryzen 5 7545U,6,,,12,3.20 GHz,4.90 GHz,,6 MB,16 MB,28W,,,"FP7, FP7r2",1,4.0,,"DDR5 (FP7r2) , LPDDR5X (FP7-FP8)",2,,,,,,AMD Radeon 740M,4,2.80 GHz,,2023-Q4,,"100-000000930 (FP7r2) , 100-000000929 (FP7)",https://www.amd.com/en/products/specifications/processors.html,1,high,
AMD,cpu,,Ryzen,Ryzen 7000 Series,mobile,Phoenix,TSMC 4nm FinFET,Ryzen 5 7540U,AMD Ryzen 5 7540U,6,,,12,3.20 GHz,4.90 GHz,,6 MB,16 MB,28W,,,"FP7, FP7r2",1,4.0,,"DDR5 (FP7r2) , LPDDR5X (FP7-FP8)",2,,,,,,AMD Radeon 740M,4,2.50 GHz,,2023-Q2,,"100-000000957 (FP7r2) , 100-000000966 (FP7)",https://www.amd.com/en/products/specifications/processors.html,1,high,
AMD,cpu,,Ryzen,Ryzen 7000 Series,mobile,Rembrandt R,TSMC 6nm FinFET,Ryzen 5 7535U,AMD Ryzen 5 7535U,6,,,12,2.90 GHz,4.55 GHz,,3 MB,16 MB,28W,,,FP7,1,4.0,,"DDR5 , LPDDR5",2,,,,,,AMD Radeon 660M,6,1.90 GHz,,2023,,FP7: 100-000000988 FP7r2: 100-000000992,https://www.amd.com/en/products/specifications/processors.html,1,high,
AMD,cpu,,Ryzen,Ryzen 7000 Series,mobile,Rembrandt R,TSMC 6nm FinFET,Ryzen 5 7535HS,AMD Ryzen 5 7535HS,6,,,12,3.30 GHz,4.55 GHz,,3 MB,16 MB,54W,,,FP7,1,4.0,,"DDR5 , LPDDR5",2,,,,,,AMD Radeon 660M,6,1.90 GHz,,2023,,"FP7: 100-000000986 , FP7r2: 100-000000990",https://www.amd.com/en/products/specifications/processors.html,1,high,
AMD,cpu,,Ryzen,Ryzen 7000 Series,mobile,Rembrandt R,TSMC 6nm FinFET,Ryzen 5 7533HS,AMD Ryzen 5 7533HS,6,,,12,3.30 GHz,4.40 GHz,,3 MB,16 MB,54W,,,"FP7, FP7r2",1,4.0,,"DDR5 , LPDDR5",2,,,,,,AMD Radeon 660M,6,1.80 GHz,,2024,,"FP7: 100-000001632 , FP7r2: 100-000001634",https://www.amd.com/en/products/specifications/processors.html,1,high,
AMD,cpu,,Ryzen,Ryzen 7000 Series,mobile,Barcelo R,TSMC 7nm FinFET,Ryzen 5 7530U,AMD Ryzen 5 7530U,6,,,12,2.00 GHz,4.50 GHz,,3 MB,16 MB,15W,,,FP6,1,3.0,,DDR4,2,,,,,,AMD Radeon Graphics,7,2.00 GHz,,2023,,100-000000943,https://www.amd.com/en/products/specifications/processors.html,1,high,
AMD,cpu,,Ryzen,Ryzen 7000 Series,mobile,Mendocino,TSMC 6nm FinFET,Ryzen 5 7520U,AMD Ryzen 5 7520U,4,,,8,2.80 GHz,4.30 GHz,,2 MB,4 MB,15W,,,,1,3.0,,LPDDR5,2,,,,,,AMD Radeon 610M,2,1.90 GHz,,2022-Q3,,100-000000770,https://www.amd.com/en/products/specifications/processors.html,1,high,
AMD,cpu,,Ryzen,Ryzen 7000 Series,mobile,Mendocino,TSMC 6nm FinFET,Ryzen 5 7520C,AMD Ryzen 5 7520C,4,,,8,2.80 GHz,4.30 GHz,,2 MB,4 MB,15W,,,FT6,1,3.0,,LPDDR5,2,,,,,,AMD Radeon 610M,2,1.90 GHz,,2023-Q2,,100-000000773,https://www.amd.com/en/products/specifications/processors.html,1,high,
AMD,cpu,,Ryzen,Ryzen 7000 Series,desktop,Raphael AM5,TSMC 5nm FinFET,Ryzen 5 7500X3D,AMD Ryzen 5 7500X3D,6,,,12,4.00 GHz,4.50 GHz,,6 MB,96 MB,65W,,,AM5,1,5.0,,DDR5,2,,,,,,AMD Radeon Graphics,2,2.20 GHz,,2025-Q4,,100-000001904,https://www.amd.com/en/products/specifications/processors.html,1,high,
AMD,cpu,,Ryzen,Ryzen 7000 Series,desktop,Raphael AM5,TSMC 5nm FinFET,Ryzen 5 7500F,AMD Ryzen 5 7500F,6,,,12,3.70 GHz,5.00 GHz,,6 MB,32 MB,65W,,,AM5,1,5.0,,DDR5,2,,,,,,Discrete Graphics Card Required,,,,2023-Q3,,100-000000597,https://www.amd.com/en/products/specifications/processors.html,1,high,Unlocked
AMD,cpu,,Ryzen,Ryzen 7000 Series,mobile,Phoenix,TSMC 4nm FinFET,Ryzen 7 7445HS,AMD Ryzen 7 7445HS,6,,,12,3.55 GHz,4.70 GHz,,6 MB,16 MB,35W,,,"FP7, FP7r2",1,4.0,,"DDR5 (FP7r2) , LPDDR5X (FP7-FP8)",2,,,,,,AMD Radeon 740M,4,2.70 GHz,,2023-Q2,,100-000001873 (FP7r2),https://www.amd.com/en/products/specifications/processors.html,1,high,
AMD,cpu,,Ryzen,Ryzen 7000 Series,mobile,Phoenix,TSMC 4nm FinFET,Ryzen 3 7440U,AMD Ryzen 3 7440U,4,,,8,3.00 GHz,4.70 GHz,,4 MB,8 MB,28W,,,"FP7, FP7r2",1,4.0,,"DDR5 (FP7r2) , LPDDR5X (FP7-FP8)",2,,,,,,AMD Radeon 740M,4,2.50 GHz,,2023-Q2,,"100-000001068 (FP7r2) , 100-000001071 (FP7)",https://www.amd.com/en/products/specifications/processors.html,1,high,
AMD,cpu,,Ryzen,Ryzen 7000 Series,mobile,Rembrandt R,TSMC 6nm FinFET,Ryzen 7 7435HS,AMD Ryzen 7 7435HS,8,,,16,3.10 GHz,4.50 GHz,,4 MB,16 MB,45W,,,FP7r2,1,4.0,,DDR5,2,,,,,,Discrete Graphics Card Required,,,,,,FP7r2: 100-000001506,https://www.amd.com/en/products/specifications/processors.html,1,high,
AMD,cpu,,Ryzen,Ryzen 7000 Series,mobile,Barcelo R,TSMC 7nm FinFET,Ryzen 5 7430U,AMD Ryzen 5 7430U,6,,,12,2.30 GHz,4.30 GHz,,3 MB,16 MB,15W,,,FP6,1,3.0,,DDR4,2,,,,,,AMD Radeon Graphics,7,1.80 GHz,,2023,,100-000001471,https://www.amd.com/en/products/specifications/processors.html,1,high,
AMD,cpu,,Ryzen,Ryzen 7000 Series,desktop,Raphael AM5,TSMC 5nm FinFET,Ryzen 5 7400F,AMD Ryzen 5 7400F,6,,,12,3.70 GHz,4.70 GHz,,6 MB,32 MB,65W,,,AM5,1,5.0,,DDR5,2,,,,,,Discrete Graphics Card Required,,,,2025-Q1,,100-000001845,https://www.amd.com/en/products/specifications/processors.html,1,high,Unlocked
AMD,cpu,,Ryzen,Ryzen 7000 Series,desktop,Raphael AM5,TSMC 5nm FinFET,Ryzen 5 7400,AMD Ryzen 5 7400,6,,,12,3.30 GHz,4.30 GHz,,6 MB,16 MB,65W,,,AM5,1,5.0,,DDR5,2,,,,,,AMD Radeon Graphics,2,2.20 GHz,,,,100-000001900,https://www.amd.com/en/products/specifications/processors.html,1,high,Unlocked
AMD,cpu,,Ryzen,Ryzen 7000 Series,mobile,Rembrandt R,TSMC 6nm FinFET,Ryzen 3 7335U,AMD Ryzen 3 7335U,4,,,8,3.00 GHz,4.30 GHz,,2 MB,8 MB,28W,,,FP7,1,4.0,,"DDR5 , LPDDR5",2,,,,,,AMD Radeon 660M,4,1.80 GHz,,2023,,FP7: 100-000000537 FP7r2: 100-000000549,https://www.amd.com/en/products/specifications/processors.html,1,high,
AMD,cpu,,Ryzen,Ryzen 7000 Series,mobile,Barcelo R,TSMC 7nm FinFET,Ryzen 3 7330U,AMD Ryzen 3 7330U,4,,,8,2.30 GHz,4.30 GHz,,2 MB,8 MB,15W,,,FP6,1,3.0,,DDR4,2,,,,,,AMD Radeon Graphics,6,1.80 GHz,,2023,,100-000000944,https://www.amd.com/en/products/specifications/processors.html,1,high,
AMD,cpu,,Ryzen,Ryzen 7000 Series,mobile,Mendocino,TSMC 6nm FinFET,Ryzen 3 7320U,AMD Ryzen 3 7320U,4,,,8,2.40 GHz,4.10 GHz,,2 MB,4 MB,15W,,,,1,3.0,,LPDDR5,2,,,,,,AMD Radeon 610M,2,1.90 GHz,,2022-Q3,,100-000000676,https://www.amd.com/en/products/specifications/processors.html,1,high,
AMD,cpu,,Ryzen,Ryzen 7000 Series,mobile,Mendocino,TSMC 6nm FinFET,Ryzen 3 7320C,AMD Ryzen 3 7320C,4,,,8,2.40 GHz,4.10 GHz,,2 MB,4 MB,15W,,,FT6,1,3.0,,LPDDR5,2,,,,,,AMD Radeon 610M,2,1.90 GHz,,2023-Q2,,100-000000774,https://www.amd.com/en/products/specifications/processors.html,1,high,
AMD,cpu,,Ryzen,Ryzen 7000 Series,mobile,Rembrandt R,TSMC 6nm FinFET,Ryzen 5 7235HS,AMD Ryzen 5 7235HS,4,,,8,3.20 GHz,4.20 GHz,,2 MB,8 MB,45W,,,FP7r2,1,4.0,,DDR5,2,,,,,,Discrete Graphics Card Required,,,,,,FP7r2: 1100-000001507,https://www.amd.com/en/products/specifications/processors.html,1,high,
AMD,cpu,,Ryzen,Ryzen Z1,handheld,Z1,,Ryzen Z1 Extreme,AMD Ryzen Z1 Extreme,8,,,16,3.30 GHz,5.10 GHz,,8 MB,16 MB,28W,,,,1,,,,,,,,,,AMD Radeon Graphics,12,,,,,100-000001278,https://www.amd.com/en/products/specifications/processors.html,1,high,
AMD,cpu,,Ryzen,Ryzen Z1,handheld,Z1,,Ryzen Z1,AMD Ryzen Z1,6,,,12,3.20 GHz,4.90 GHz,,6 MB,16 MB,28W,,,,1,,,,,,,,,,AMD Radeon Graphics,4,,,,,100-000001280,https://www.amd.com/en/products/specifications/processors.html,1,high,
AMD,cpu,,Athlon,Athlon 7000 Series,mobile,Mendocino,TSMC 6nm FinFET,Athlon Gold 7220U,AMD Athlon Gold 7220U,2,,,4,2.40 GHz,3.70 GHz,,1 MB,4 MB,15W,,,,1,3.0,,LPDDR5,2,,,,,,AMD Radeon 610M,2,1.90 GHz,,,,100-000000771,https://www.amd.com/en/products/specifications/processors.html,1,high,
AMD,cpu,,Athlon,Athlon 7000 Series,mobile,Mendocino,TSMC 6nm FinFET,Athlon Gold 7220C,AMD Athlon Gold 7220C,2,,,4,2.40 GHz,3.70 GHz,,1 MB,2 MB,15W,,,FT6,1,3.0,,LPDDR5,2,,,,,,AMD Radeon 610M,2,1.90 GHz,,,,100-000000775,https://www.amd.com/en/products/specifications/processors.html,1,high,
AMD,cpu,,Athlon,Athlon 7000 Series,mobile,Mendocino,TSMC 6nm FinFET,Athlon Silver 7120U,AMD Athlon Silver 7120U,2,,,2,2.40 GHz,3.50 GHz,,1 MB,2 MB,15W,,,,1,3.0,,LPDDR5,2,,,,,,AMD Radeon 610M,2,1.90 GHz,,,,100-000000772,https://www.amd.com/en/products/specifications/processors.html,1,high,
AMD,cpu,,Athlon,Athlon 7000 Series,mobile,Mendocino,TSMC 6nm FinFET,Athlon Silver 7120C,AMD Athlon Silver 7120C,2,,,2,2.40 GHz,3.50 GHz,,1 MB,2 MB,15W,,,FT6,1,3.0,,LPDDR5,2,,,,,,AMD Radeon 610M,2,1.90 GHz,,,,100-000000776,https://www.amd.com/en/products/specifications/processors.html,1,high,
AMD,cpu,,Ryzen PRO,Ryzen PRO 6000 Series,mobile,Rembrandt,TSMC 6nm FinFET,Ryzen 9 PRO 6950HS,AMD Ryzen 9 PRO 6950HS,8,,,16,3.30 GHz,4.90 GHz,,4 MB,16 MB,35W,,,,1,4.0,,DDR5,2,,,,,,AMD Radeon 680M,12,2.40 GHz,,,,FP7: 100-000000541 FP7r2: 100-000000563,https://www.amd.com/en/products/specifications/processors.html,1,high,
AMD,cpu,,Ryzen PRO,Ryzen PRO 6000 Series,mobile,Rembrandt,TSMC 6nm FinFET,Ryzen 9 PRO 6950H,AMD Ryzen 9 PRO 6950H,8,,,16,3.30 GHz,4.90 GHz,,4 MB,16 MB,45W,,,,1,4.0,,DDR5,2,,,,,,AMD Radeon 680M,12,2.40 GHz,,,,FP7: 100-000000541 FP7r2:100-000000563,https://www.amd.com/en/products/specifications/processors.html,1,high,
AMD,cpu,,Ryzen PRO,Ryzen PRO 6000 Series,mobile,Rembrandt,TSMC 6nm FinFET,Ryzen 7 PRO 6860Z,AMD Ryzen 7 PRO 6860Z,8,,,16,2.70 GHz,4.75 GHz,,4 MB,16 MB,28W,,,,1,4.0,,DDR5,2,,,,,,AMD Radeon 680M,12,2.20 GHz,,,,100-000000781,https://www.amd.com/en/products/specifications/processors.html,1,high,
AMD,cpu,,Ryzen PRO,Ryzen PRO 6000 Series,mobile,Rembrandt,TSMC 6nm FinFET,Ryzen 7 PRO 6850U,AMD Ryzen 7 PRO 6850U,8,,,16,2.70 GHz,4.70 GHz,,4 MB,16 MB,,,,,1,4.0,,DDR5,2,,,,,,AMD Radeon 680M,12,2.20 GHz,,,,FP7:100-000000538 FP7r2:100-000000550,https://www.amd.com/en/products/specifications/processors.html,1,high,
AMD,cpu,,Ryzen PRO,Ryzen PRO 6000 Series,mobile,Rembrandt,TSMC 6nm FinFET,Ryzen 7 PRO 6850HS,AMD Ryzen 7 PRO 6850HS,8,,,16,3.20 GHz,4.70 GHz,,4 MB,16 MB,35W,,,,1,4.0,,DDR5,2,,,,,,AMD Radeon 680M,12,2.20 GHz,,,,FP7: 100-000000542 FP7r2:100-000000564,https://www.amd.com/en/products/specifications/processors.html,1,high,
AMD,cpu,,Ryzen PRO,Ryzen PRO 6000 Series,mobile,Rembrandt,TSMC 6nm FinFET,Ryzen 7 PRO 6850H,AMD Ryzen 7 PRO 6850H,8,,,16,3.20 GHz,4.70 GHz,,4 MB,16 MB,45W,,,,1,4.0,,DDR5,2,,,,,,AMD Radeon 680M,12,2.20 GHz,,,,FP7: 100-000000542 FP7r2: 100-000000564,https://www.amd.com/en/products/specifications/processors.html,1,high,
AMD,cpu,,Ryzen PRO,Ryzen PRO 6000 Series,mobile,Rembrandt,TSMC 6nm FinFET,Ryzen 5 PRO 6650U,AMD Ryzen 5 PRO 6650U,6,,,12,2.90 GHz,4.50 GHz,,3 MB,16 MB,,,,,1,4.0,,DDR5,2,,,,,,AMD Radeon 660M,6,1.90 GHz,,2022-Q2,,"FP7:100-000000539 , FP7r2:100-000000551",https://www.amd.com/en/products/specifications/processors.html,1,high,
AMD,cpu,,Ryzen PRO,Ryzen PRO 6000 Series,mobile,Rembrandt,TSMC 6nm FinFET,Ryzen 5 PRO 6650HS,AMD Ryzen 5 PRO 6650HS,6,,,12,3.30 GHz,4.50 GHz,,3 MB,16 MB,35W,,,,1,4.0,,DDR5,2,,,,,,AMD Radeon 660M,6,1.90 GHz,,,,FP7: 100-000000543 FP7r2:100-000000565,https://www.amd.com/en/products/specifications/processors.html,1,high,
AMD,cpu,,Ryzen PRO,Ryzen PRO 6000 Series,mobile,Rembrandt,TSMC 6nm FinFET,Ryzen 5 PRO 6650H,AMD Ryzen 5 PRO 6650H,6,,,12,3.30 GHz,4.50 GHz,,3 MB,16 MB,45W,,,,1,4.0,,DDR5,2,,,,,,AMD Radeon 660M,6,1.90 GHz,,,,FP7: 100-000000543 (FP7) FFP7r2: 100-000000565 (FP7r2),https://www.amd.com/en/products/specifications/processors.html,1,high,
AMD,cpu,,Ryzen,Ryzen 6000 Series,mobile,Rembrandt,TSMC 6nm FinFET,Ryzen 9 6980HX,AMD Ryzen 9 6980HX,8,,,16,3.30 GHz,5.00 GHz,,4 MB,16 MB,45W,,,FP7,1,4.0,,DDR5,2,,,,,,AMD Radeon 680M,12,2.40 GHz,,,,FP7:100-000000750 FP7r2: 100-000000751,https://www.amd.com/en/products/specifications/processors.html,1,high,Unlocked
AMD,cpu,,Ryzen,Ryzen 6000 Series,mobile,Rembrandt,TSMC 6nm FinFET,Ryzen 9 6980HS,AMD Ryzen 9 6980HS,8,,,16,3.30 GHz,5.00 GHz,,4 MB,16 MB,35W,,,FP7,1,4.0,,DDR5,2,,,,,,AMD Radeon 680M,12,2.40 GHz,,,,FP7:100-000000750 FP7r2:100-000000751,https://www.amd.com/en/products/specifications/processors.html,1,high,
AMD,cpu,,Ryzen,Ryzen 6000 Series,mobile,Rembrandt,TSMC 6nm FinFET,Ryzen 9 6900HX,AMD Ryzen 9 6900HX,8,,,16,3.30 GHz,4.90 GHz,,4 MB,16 MB,45W,,,FP7,1,4.0,,DDR5,2,,,,,,AMD Radeon 680M,12,2.40 GHz,,,,FP7:100-000000544 FP7r2: 100-000000560,https://www.amd.com/en/products/specifications/processors.html,1,high,Unlocked
AMD,cpu,,Ryzen,Ryzen 6000 Series,mobile,Rembrandt,TSMC 6nm FinFET,Ryzen 9 6900HS,AMD Ryzen 9 6900HS,8,,,16,3.30 GHz,4.90 GHz,,4 MB,16 MB,35W,,,,1,4.0,,DDR5,2,,,,,,AMD Radeon 680M,12,2.40 GHz,,,,FP7:100-000000544 FP7r7:100-000000560,https://www.amd.com/en/products/specifications/processors.html,1,high,
AMD,cpu,,Ryzen,Ryzen 6000 Series,mobile,Rembrandt,TSMC 6nm FinFET,Ryzen 7 6800U,AMD Ryzen 7 6800U,8,,,16,2.70 GHz,4.70 GHz,,4 MB,16 MB,,,,FP7,1,4.0,,DDR5,2,,,,,,AMD Radeon 680M,12,2.20 GHz,,2022-Q2,,FP7:100-000000534 FP7r2: 100-000000617,https://www.amd.com/en/products/specifications/processors.html,1,high,
AMD,cpu,,Ryzen,Ryzen 6000 Series,mobile,Rembrandt,TSMC 6nm FinFET,Ryzen 7 6800HS,AMD Ryzen 7 6800HS,8,,,16,3.20 GHz,4.70 GHz,,4 MB,16 MB,35W,,,FP7,1,4.0,,DDR5,2,,,,,,AMD Radeon 680M,12,2.20 GHz,,,,FP7:100-000000545 FP7r7: 100-000000561,https://www.amd.com/en/products/specifications/processors.html,1,high,
AMD,cpu,,Ryzen,Ryzen 6000 Series,mobile,Rembrandt,TSMC 6nm FinFET,Ryzen 7 6800H,AMD Ryzen 7 6800H,8,,,16,3.20 GHz,4.70 GHz,,4 MB,16 MB,45W,,,FP7,1,4.0,,DDR5,2,,,,,,AMD Radeon 680M,12,2.20 GHz,,,,FP7:100-000000545 FP7r2: 100-000000561,https://www.amd.com/en/products/specifications/processors.html,1,high,
AMD,cpu,,Ryzen,Ryzen 6000 Series,mobile,Rembrandt,TSMC 6nm FinFET,Ryzen 5 6600U,AMD Ryzen 5 6600U,6,,,12,2.90 GHz,4.50 GHz,,3 MB,16 MB,,,,FP7,1,4.0,,DDR5,2,,,,,,AMD Radeon 660M,6,1.90 GHz,,2022-Q2,,FP7:100-000000536 FP7r2: 100-000000548,https://www.amd.com/en/products/specifications/processors.html,1,high,
AMD,cpu,,Ryzen,Ryzen 6000 Series,mobile,Rembrandt,TSMC 6nm FinFET,Ryzen 5 6600HS,AMD Ryzen 5 6600HS,6,,,12,3.30 GHz,4.50 GHz,,3 MB,16 MB,35W,,,FP7,1,4.0,,DDR5,2,,,,,,AMD Radeon 660M,6,1.90 GHz,,,,FP7:100-000000546 FP7r2: 100-000000562,https://www.amd.com/en/products/specifications/processors.html,1,high,
AMD,cpu,,Ryzen,Ryzen 6000 Series,mobile,Rembrandt,TSMC 6nm FinFET,Ryzen 5 6600H,AMD Ryzen 5 6600H,6,,,12,3.30 GHz,4.50 GHz,,3 MB,16 MB,45W,,,FP7,1,4.0,,DDR5,2,,,,,,AMD Radeon 660M,6,1.90 GHz,,,,FP7:100-000000546 FP7r2: 100-000000562,https://www.amd.com/en/products/specifications/processors.html,1,high,
AMD,cpu,,Ryzen Threadripper PRO,Ryzen Threadripper PRO 5000 WX-Series,workstation,Chagall PRO,TSMC 7nm FinFET,Ryzen Threadripper PRO 5995WX,AMD Ryzen Threadripper PRO 5995WX,64,,,128,2.70 GHz,4.50 GHz,,32 MB,256 MB,280W,,,sWRX8,1,4.0,,DDR4,8,Up to 3200 MT/s,,,,,Discrete Graphics Card Required,,,,2022-Q1,,100-000000444,https://www.amd.com/en/products/specifications/processors.html,1,high,Unlocked
AMD,cpu,,Ryzen Threadripper PRO,Ryzen Threadripper PRO 5000 WX-Series,workstation,Chagall PRO,TSMC 7nm FinFET,Ryzen Threadripper PRO 5975WX,AMD Ryzen Threadripper PRO 5975WX,32,,,64,3.60 GHz,4.50 GHz,,16 MB,128 MB,280W,,,sWRX8,1,4.0,,DDR4,8,Up to 3200 MT/s,,,,,Discrete Graphics Card Required,,,,2022-Q1,,100-000000445,https://www.amd.com/en/products/specifications/processors.html,1,high,Unlocked
AMD,cpu,,Ryzen Threadripper PRO,Ryzen Threadripper PRO 5000 WX-Series,workstation,Chagall PRO,TSMC 7nm FinFET,Ryzen Threadripper PRO 5965WX,AMD Ryzen Threadripper PRO 5965WX,24,,,48,3.80 GHz,4.50 GHz,,12 MB,128 MB,280W,,,sWRX8,1,4.0,,DDR4,8,Up to 3200 MT/s,,,,,Discrete Graphics Card Required,,,,2022-Q1,,100-000000446,https://www.amd.com/en/products/specifications/processors.html,1,high,Unlocked
AMD,cpu,,Ryzen Threadripper PRO,Ryzen Threadripper PRO 5000 WX-Series,workstation,Chagall PRO,TSMC 7nm FinFET,Ryzen Threadripper PRO 5955WX,AMD Ryzen Threadripper PRO 5955WX,16,,,32,4.00 GHz,4.50 GHz,,8 MB,64 MB,280W,,,sWRX8,1,4.0,,DDR4,8,Up to 3200 MT/s,,,,,Discrete Graphics Card Required,,,,2022-Q1,,100-000000447,https://www.amd.com/en/products/specifications/processors.html,1,high,Unlocked
AMD,cpu,,Ryzen Threadripper PRO,Ryzen Threadripper PRO 5000 WX-Series,workstation,Chagall PRO,TSMC 7nm FinFET,Ryzen Threadripper PRO 5945WX,AMD Ryzen Threadripper PRO 5945WX,12,,,24,4.10 GHz,4.50 GHz,,6 MB,64 MB,280W,,,sWRX8,1,4.0,,DDR4,8,Up to 3200 MT/s,,,,,Discrete Graphics Card Required,,,,2022-Q1,,100-000000448,https://www.amd.com/en/products/specifications/processors.html,1,high,Unlocked
AMD,cpu,,Ryzen PRO,Ryzen PRO 5000 Series,desktop,Vermeer,TSMC 7nm FinFET,Ryzen 9 PRO 5945,AMD Ryzen 9 PRO 5945,12,,,24,3.00 GHz,4.70 GHz,,6 MB,64 MB,65W,,,AM4,1,4.0,,DDR4,2,Up to 3200 MT/s,,,,,,,,,,,100-000000831,https://www.amd.com/en/products/specifications/processors.html,1,high,
AMD,cpu,,Ryzen PRO,Ryzen PRO 5000 Series,mobile,Barcelo,TSMC 7nm FinFET,Ryzen 7 PRO 5875U,AMD Ryzen 7 PRO 5875U,8,,,16,2.00 GHz,4.50 GHz,,4 MB,16 MB,15W,,,FP6,1,3.0,,DDR4,2,,,,,,AMD Radeon Graphics,8,2.00 GHz,,2022-Q1,,100-000000581,https://www.amd.com/en/products/specifications/processors.html,1,high,
AMD,cpu,,Ryzen PRO,Ryzen PRO 5000 Series,mobile,Cezanne,TSMC 7nm FinFET,Ryzen 7 PRO 5850U,AMD Ryzen 7 PRO 5850U,8,,,16,1.90 GHz,4.40 GHz,,4 MB,16 MB,15W,,,FP6,1,3.0,,"DDR4 , LPDDR4",,3200 MT/s / 4266 MT/s,,,,,AMD Radeon Graphics,8,2.00 GHz,,2021-Q1,,100-000000289,https://www.amd.com/en/products/specifications/processors.html,1,high,
AMD,cpu,,Ryzen PRO,Ryzen PRO 5000 Series,desktop,Vermeer,TSMC 7nm FinFET,Ryzen 7 PRO 5845,AMD Ryzen 7 PRO 5845,8,,,16,3.40 GHz,4.60 GHz,,4 MB,32 MB,65W,,,AM4,1,4.0,,DDR4,2,Up to 3200 MT/s,,,,,,,,,,,100-000000832,https://www.amd.com/en/products/specifications/processors.html,1,high,
AMD,cpu,,Ryzen PRO,Ryzen PRO 5000 Series,desktop,Cezanne,TSMC 7nm FinFET,Ryzen 7 PRO 5755GE,AMD Ryzen 7 PRO 5755GE,8,,,16,3.20 GHz,4.60 GHz,,4 MB,16 MB,35W,,,AM4,1,3.0,,DDR4,2,Up to 3200 MT/s,,,,,Radeon Graphics,8,2.00 GHz,,2024-Q3,,100-000001750,https://www.amd.com/en/products/specifications/processors.html,1,high,
AMD,cpu,,Ryzen PRO,Ryzen PRO 5000 Series,desktop,Cezanne,TSMC 7nm FinFET,Ryzen 7 PRO 5755G,AMD Ryzen 7 PRO 5755G,8,,,16,3.80 GHz,4.60 GHz,,4 MB,16 MB,65W,,,AM4,1,3.0,,DDR4,2,Up to 3200 MT/s,,,,,Radeon Graphics,8,2.00 GHz,,2024-Q3,,100-000001748,https://www.amd.com/en/products/specifications/processors.html,1,high,
AMD,cpu,,Ryzen PRO,Ryzen PRO 5000 Series,desktop,Cezanne,TSMC 7nm FinFET,Ryzen 7 PRO 5750GE,AMD Ryzen 7 PRO 5750GE,8,,,16,3.20 GHz,4.60 GHz,,4 MB,16 MB,35W,,,AM4,1,3.0,,DDR4,2,Up to 3200 MT/s,,,,,Radeon Graphics,8,2.00 GHz,,2021-Q2,,100-000000257,https://www.amd.com/en/products/specifications/processors.html,1,high,
AMD,cpu,,Ryzen PRO,Ryzen PRO 5000 Series,desktop,Cezanne,TSMC 7nm FinFET,Ryzen 7 PRO 5750G,AMD Ryzen 7 PRO 5750G,8,,,16,3.80 GHz,4.60 GHz,,4 MB,16 MB,65W,,,AM4,1,3.0,,DDR4,2,Up to 3200 MT/s,,,,,Radeon Graphics,8,2.00 GHz,,2021-Q2,,100-000000254,https://www.amd.com/en/products/specifications/processors.html,1,high,
AMD,cpu,,Ryzen PRO,Ryzen PRO 5000 Series,mobile,Barcelo,TSMC 7nm FinFET,Ryzen 5 PRO 5675U,AMD Ryzen 5 PRO 5675U,6,,,12,2.30 GHz,4.30 GHz,,3 MB,16 MB,15W,,,FP6,1,3.0,,DDR4,2,,,,,,AMD Radeon Graphics,7,1.80 GHz,,2022-Q1,,100-000000584,https://www.amd.com/en/products/specifications/processors.html,1,high,
AMD,cpu,,Ryzen PRO,Ryzen PRO 5000 Series,desktop,Cezanne,TSMC 7nm FinFET,Ryzen 5 PRO 5655GE,AMD Ryzen 5 PRO 5655GE,6,,,12,3.40 GHz,4.40 GHz,,3 MB,16 MB,35W,,,AM4,1,3.0,,DDR4,2,Up to 3200 MT/s,,,,,Radeon Graphics,7,1.90 GHz,,2024-Q2,,100-000001514,https://www.amd.com/en/products/specifications/processors.html,1,high,
AMD,cpu,,Ryzen PRO,Ryzen PRO 5000 Series,desktop,Cezanne,TSMC 7nm FinFET,Ryzen 5 PRO 5655G,AMD Ryzen 5 PRO 5655G,6,,,12,3.90 GHz,4.40 GHz,,3 MB,16 MB,65W,,,AM4,1,3.0,,DDR4,2,Up to 3200 MT/s,,,,,Radeon Graphics,7,1.90 GHz,,2024-Q2,,100-000001513,https://www.amd.com/en/products/specifications/processors.html,1,high,
AMD,cpu,,Ryzen PRO,Ryzen PRO 5000 Series,mobile,Cezanne,TSMC 7nm FinFET,Ryzen 5 PRO 5650U,AMD Ryzen 5 PRO 5650U,6,,,12,2.30 GHz,4.20 GHz,,3 MB,16 MB,15W,,,FP6,1,3.0,,"DDR4 , LPDDR4",,3200 MT/s / 4266 MT/s,,,,,AMD Radeon Graphics,7,1.80 GHz,,2021-Q1,,100-000000290,https://www.amd.com/en/products/specifications/processors.html,1,high,
AMD,cpu,,Ryzen PRO,Ryzen PRO 5000 Series,desktop,Cezanne,TSMC 7nm FinFET,Ryzen 5 PRO 5650GE,AMD Ryzen 5 PRO 5650GE,6,,,12,3.40 GHz,4.40 GHz,,3 MB,16 MB,35W,,,AM4,1,3.0,,DDR4,2,Up to 3200 MT/s,,,,,Radeon Graphics,7,1.90 GHz,,2021-Q2,,100-000000258,https://www.amd.com/en/products/specifications/processors.html,1,high,
AMD,cpu,,Ryzen PRO,Ryzen PRO 5000 Series,desktop,Cezanne,TSMC 7nm FinFET,Ryzen 5 PRO 5650G,AMD Ryzen 5 PRO 5650G,6,,,12,3.90 GHz,4.40 GHz,,3 MB,16 MB,65W,,,AM4,1,3.0,,DDR4,2,Up to 3200 MT/s,,,,,Radeon Graphics,7,1.90 GHz,,2021-Q2,,100-000000255,https://www.amd.com/en/products/specifications/processors.html,1,high,
AMD,cpu,,Ryzen PRO,Ryzen PRO 5000 Series,desktop,Vermeer,TSMC 7nm FinFET,Ryzen 5 PRO 5645,AMD Ryzen 5 PRO 5645,6,,,12,3.70 GHz,4.60 GHz,,3 MB,32 MB,65W,,,AM4,1,4.0,,DDR4,2,Up to 3200 MT/s,,,,,,,,,,,100-000000833,https://www.amd.com/en/products/specifications/processors.html,1,high,
AMD,cpu,,Ryzen PRO,Ryzen PRO 5000 Series,mobile,Barcelo,TSMC 7nm FinFET,Ryzen 3 PRO 5475U,AMD Ryzen 3 PRO 5475U,4,,,8,2.70 GHz,4.10 GHz,,2 MB,8 MB,15W,,,FP6,1,3.0,,DDR4,2,,,,,,AMD Radeon Graphics,6,1.60 GHz,,2022-Q1,,100-000000587,https://www.amd.com/en/products/specifications/processors.html,1,high,
AMD,cpu,,Ryzen PRO,Ryzen PRO 5000 Series,mobile,Cezanne,TSMC 7nm FinFET,Ryzen 3 PRO 5450U,AMD Ryzen 3 PRO 5450U,4,,,8,2.60 GHz,4.00 GHz,,2 MB,8 MB,15W,,,FP6,1,3.0,,"DDR4 , LPDDR4",,3200 MT/s / 4266 MT/s,,,,,AMD Radeon Graphics,6,1.60 GHz,,2021-Q1,,100-000000291,https://www.amd.com/en/products/specifications/processors.html,1,high,
AMD,cpu,,Ryzen PRO,Ryzen PRO 5000 Series,desktop,Cezanne,TSMC 7nm FinFET,Ryzen 3 PRO 5355GE,AMD Ryzen 3 PRO 5355GE,4,,,8,3.60 GHz,4.20 GHz,,2 MB,8 MB,35W,,,AM4,1,3.0,,DDR4,2,Up to 3200 MT/s,,,,,Radeon Graphics,6,1.70 GHz,,2024-Q3,,100-000001751,https://www.amd.com/en/products/specifications/processors.html,1,high,
AMD,cpu,,Ryzen PRO,Ryzen PRO 5000 Series,desktop,Cezanne,TSMC 7nm FinFET,Ryzen 3 PRO 5355G,AMD Ryzen 3 PRO 5355G,4,,,8,4.00 GHz,4.20 GHz,,2 MB,8 MB,65W,,,AM4,1,3.0,,DDR4,2,Up to 3200 MT/s,,,,,Radeon Graphics,6,1.70 GHz,,2024-Q3,,100-000001749,https://www.amd.com/en/products/specifications/processors.html,1,high,
AMD,cpu,,Ryzen PRO,Ryzen PRO 5000 Series,desktop,Cezanne,TSMC 7nm FinFET,Ryzen 3 PRO 5350GE,AMD Ryzen 3 PRO 5350GE,4,,,8,3.60 GHz,4.20 GHz,,2 MB,8 MB,35W,,,AM4,1,3.0,,DDR4,2,Up to 3200 MT/s,,,,,Radeon Graphics,6,1.70 GHz,,2021-Q2,,100-000000259,https://www.amd.com/en/products/specifications/processors.html,1,high,
AMD,cpu,,Ryzen PRO,Ryzen PRO 5000 Series,desktop,Cezanne,TSMC 7nm FinFET,Ryzen 3 PRO 5350G,AMD Ryzen 3 PRO 5350G,4,,,8,4.00 GHz,4.20 GHz,,2 MB,8 MB,65W,,,AM4,1,3.0,,DDR4,2,Up to 3200 MT/s,,,,,Radeon Graphics,6,1.70 GHz,,2021-Q2,,100-000000256,https://www.amd.com/en/products/specifications/processors.html,1,high,
AMD,cpu,,Ryzen,Ryzen 5000 Series,mobile,Cezanne,TSMC 7nm FinFET,Ryzen 9 5980HX,AMD Ryzen 9 5980HX,8,,,16,3.30 GHz,4.80 GHz,,4 MB,16 MB,,,,FP6,1,3.0,,"DDR4 - Up to 3200 , LPDDR4 - Up to 4266",,,,,,,AMD Radeon Graphics,8,2.10 GHz,,2021-Q1,,100-000000474,https://www.amd.com/en/products/specifications/processors.html,1,high,
AMD,cpu,,Ryzen,Ryzen 5000 Series,mobile,Cezanne,TSMC 7nm FinFET,Ryzen 9 5980HS,AMD Ryzen 9 5980HS,8,,,16,3.00 GHz,4.80 GHz,,4 MB,16 MB,35W,,,FP6,1,3.0,,"DDR4 - Up to 3200 , LPDDR4 - Up to 4266",,,,,,,AMD Radeon Graphics,8,2.10 GHz,,2021-Q1,,100-000000474,https://www.amd.com/en/products/specifications/processors.html,1,high,
AMD,cpu,,Ryzen,Ryzen 5000 Series,desktop,Vermeer,TSMC 7nm FinFET,Ryzen 9 5950X,AMD Ryzen 9 5950X,16,,,32,3.40 GHz,4.90 GHz,,8 MB,64 MB,105W,,,AM4,1,4.0,,DDR4,,Up to 3200 MT/s,,,,,Discrete Graphics Card Required,,,,2020-Q4,,100-000000059,https://www.amd.com/en/products/specifications/processors.html,1,high,Unlocked
AMD,cpu,,Ryzen,Ryzen 5000 Series,desktop,Vermeer,TSMC 7nm FinFET,Ryzen 9 5900XT,AMD Ryzen 9 5900XT,16,,,32,3.30 GHz,4.80 GHz,,8 MB,64 MB,105W,,,AM4,1,4.0,,DDR4,2,,,,,,Discrete Graphics Card Required,,,,2024-Q3,,100-000001581,https://www.amd.com/en/products/specifications/processors.html,1,high,Unlocked
AMD,cpu,,Ryzen,Ryzen 5000 Series,desktop,Vermeer,TSMC 7nm FinFET,Ryzen 9 5900X,AMD Ryzen 9 5900X,12,,,24,3.70 GHz,4.80 GHz,,6 MB,64 MB,105W,,,AM4,1,4.0,,DDR4,,Up to 3200 MT/s,,,,,Discrete Graphics Card Required,,,,2020-Q4,,100-000000061,https://www.amd.com/en/products/specifications/processors.html,1,high,Unlocked
AMD,cpu,,Ryzen,Ryzen 5000 Series,mobile,Cezanne,TSMC 7nm FinFET,Ryzen 9 5900HX,AMD Ryzen 9 5900HX,8,,,16,3.30 GHz,4.60 GHz,,4 MB,16 MB,,,,FP6,1,3.0,,"DDR4 - Up to 3200 , LPDDR4 - Up to 4266",,,,,,,AMD Radeon Graphics,8,2.10 GHz,,2021-Q1,,100-000000300,https://www.amd.com/en/products/specifications/processors.html,1,high,
AMD,cpu,,Ryzen,Ryzen 5000 Series,mobile,Cezanne,TSMC 7nm FinFET,Ryzen 9 5900HS,AMD Ryzen 9 5900HS,8,,,16,3.00 GHz,4.60 GHz,,4 MB,16 MB,35W,,,FP6,1,3.0,,"DDR4 - Up to 3200 , LPDDR4 - Up to 4266",,,,,,,AMD Radeon Graphics,,2.10 GHz,,2021-Q1,,100-000000300,https://www.amd.com/en/products/specifications/processors.html,1,high,
AMD,cpu,,Ryzen,Ryzen 5000 Series,desktop,Vermeer,TSMC 7nm FinFET,Ryzen 9 5900 (OEM Only),AMD Ryzen 9 5900 (OEM Only),12,,,24,3.00 GHz,4.70 GHz,,6 MB,64 MB,65W,,,AM4,1,4.0,,DDR4,,Up to 3200 MT/s,,,,,Discrete Graphics Card Required,,,,2021-Q1,,100-000000062,https://www.amd.com/en/products/specifications/processors.html,1,high,Unlocked
AMD,cpu,,Ryzen,Ryzen 5000 Series,mobile,Barcelo,TSMC 7nm FinFET,Ryzen 7 5825U,AMD Ryzen 7 5825U,8,,,16,2.00 GHz,4.50 GHz,,4 MB,16 MB,15W,,,FP6,1,3.0,,DDR4,2,,,,,,AMD Radeon Graphics,8,2.00 GHz,,2022-Q1,,100-000000580,https://www.amd.com/en/products/specifications/processors.html,1,high,
AMD,cpu,,Ryzen,Ryzen 5000 Series,mobile,Barcelo,TSMC 7nm FinFET,Ryzen 7 5825C,AMD Ryzen 7 5825C,8,,,16,2.00 GHz,4.50 GHz,,4 MB,16 MB,15W,,,FP6,1,3.0,,DDR4,2,,,,,,AMD Radeon Graphics,8,,,,,,https://www.amd.com/en/products/specifications/processors.html,1,high,
AMD,cpu,,Ryzen,Ryzen 5000 Series,desktop,Vermeer,TSMC 7nm FinFET,Ryzen 7 5800X3D,AMD Ryzen 7 5800X3D,8,,,16,3.40 GHz,4.50 GHz,,4 MB,96 MB,105W,,,AM4,1,4.0,,DDR4,2,,,,,,Discrete Graphics Card Required,,,,2022-Q2,,100-000000651,https://www.amd.com/en/products/specifications/processors.html,1,high,
AMD,cpu,,Ryzen,Ryzen 5000 Series,desktop,Vermeer,TSMC 7nm FinFET,Ryzen 7 5800XT,AMD Ryzen 7 5800XT,8,,,16,3.80 GHz,4.80 GHz,,4 MB,32 MB,105W,,,AM4,1,4.0,,DDR4,2,,,,,,Discrete Graphics Card Required,,,,2024-Q3,,100-000001582,https://www.amd.com/en/products/specifications/processors.html,1,high,Unlocked
AMD,cpu,,Ryzen,Ryzen 5000 Series,desktop,Vermeer,TSMC 7nm FinFET,Ryzen 7 5800X,AMD Ryzen 7 5800X,8,,,16,3.80 GHz,4.70 GHz,,4 MB,32 MB,105W,,,AM4,1,4.0,,DDR4,,Up to 3200 MT/s,,,,,Discrete Graphics Card Required,,,,2020-Q4,,100-000000063,https://www.amd.com/en/products/specifications/processors.html,1,high,Unlocked
AMD,cpu,,Ryzen,Ryzen 5000 Series,mobile,Cezanne,TSMC 7nm FinFET,Ryzen 7 5800U,AMD Ryzen 7 5800U,8,,,16,1.90 GHz,4.40 GHz,,4 MB,16 MB,15W,,,FP6,1,3.0,,"DDR4 - Up to 3200 , LPDDR4 - Up to 4266",,,,,,,AMD Radeon Graphics,8,2.00 GHz,,2021-Q1,,100-000000285,https://www.amd.com/en/products/specifications/processors.html,1,high,
AMD,cpu,,Ryzen,Ryzen 5000 Series,mobile,Cezanne,TSMC 7nm FinFET,Ryzen 7 5800HS,AMD Ryzen 7 5800HS,8,,,16,2.80 GHz,4.40 GHz,,4 MB,16 MB,35W,,,FP6,1,3.0,,"DDR4 - Up to 3200 , LPDDR4 - Up to 4266",,,,,,,AMD Radeon Graphics,8,2.00 GHz,,2021-Q1,,100-000000295,https://www.amd.com/en/products/specifications/processors.html,1,high,
AMD,cpu,,Ryzen,Ryzen 5000 Series,mobile,Cezanne,TSMC 7nm FinFET,Ryzen 7 5800H,AMD Ryzen 7 5800H,8,,,16,3.20 GHz,4.40 GHz,,4 MB,16 MB,45W,,,FP6,1,3.0,,"DDR4 - Up to 3200 , LPDDR4 - Up to 4266",,,,,,,AMD Radeon Graphics,8,2.00 GHz,,2021-Q1,,100-000000295,https://www.amd.com/en/products/specifications/processors.html,1,high,
AMD,cpu,,Ryzen,Ryzen 5000 Series,desktop,Vermeer,TSMC 7nm FinFET,Ryzen 7 5800 (OEM Only),AMD Ryzen 7 5800 (OEM Only),8,,,16,3.40 GHz,4.60 GHz,,4 MB,32 MB,65W,,,AM4,1,4.0,,DDR4,,Up to 3200 MT/s,,,,,Discrete Graphics Card Required,,,,2021-Q1,,100-000000456,https://www.amd.com/en/products/specifications/processors.html,1,high,Unlocked
AMD,cpu,,Ryzen,Ryzen 5000 Series,desktop,Cezanne,TSMC 7nm FinFET,Ryzen 7 5705GE,AMD Ryzen 7 5705GE,8,,,16,3.20 GHz,4.60 GHz,,4 MB,16 MB,35W,,,AM4,1,3.0,,DDR4,2,Up to 3200 MT/s,,,,,Radeon Graphics,8,2.00 GHz,,,,100-000001803,https://www.amd.com/en/products/specifications/processors.html,1,high,Unlocked
AMD,cpu,,Ryzen,Ryzen 5000 Series,desktop,Cezanne,TSMC 7nm FinFET,Ryzen 7 5705G,AMD Ryzen 7 5705G,8,,,16,3.80 GHz,4.60 GHz,,4 MB,16 MB,65W,,,AM4,1,3.0,,DDR4,2,Up to 3200 MT/s,,,,,Radeon Graphics,8,2.00 GHz,,,,100-000001800,https://www.amd.com/en/products/specifications/processors.html,1,high,Unlocked
AMD,cpu,,Ryzen,Ryzen 5000 Series,desktop,Vermeer,TSMC 7nm FinFET,Ryzen 7 5700X3D,AMD Ryzen 7 5700X3D,8,,,16,3.00 GHz,4.10 GHz,,4 MB,96 MB,105W,,,AM4,1,4.0,,DDR4,2,,,,,,Discrete Graphics Card Required,,,,2024-Q1,,100-000001503,https://www.amd.com/en/products/specifications/processors.html,1,high,
AMD,cpu,,Ryzen,Ryzen 5000 Series,desktop,Vermeer,TSMC 7nm FinFET,Ryzen 7 5700X,AMD Ryzen 7 5700X,8,,,16,3.40 GHz,4.60 GHz,,4 MB,32 MB,65W,,,AM4,1,4.0,,DDR4,2,Up to 3200 MT/s,,,,,Discrete Graphics Card Required,,,,2022-Q2,,100-000000926,https://www.amd.com/en/products/specifications/processors.html,1,high,Unlocked
AMD,cpu,,Ryzen,Ryzen 5000 Series,mobile,Lucienne,TSMC 7nm FinFET,Ryzen 7 5700U,AMD Ryzen 7 5700U,8,,,16,1.80 GHz,4.30 GHz,,4 MB,8 MB,15W,,,FP6,1,3.0,,"DDR4 - Up to 3200 , LPDDR4 - Up to 4266",,,,,,,AMD Radeon Graphics,8,1.90 GHz,,2021-Q1,,100-000000371,https://www.amd.com/en/products/specifications/processors.html,1,high,
AMD,cpu,,Ryzen,Ryzen 5000 Series,desktop,Cezanne,TSMC 7nm FinFET,Ryzen 7 5700GE,AMD Ryzen 7 5700GE,8,,,16,3.20 GHz,4.60 GHz,,4 MB,16 MB,35W,,,AM4,1,3.0,,DDR4,2,Up to 3200 MT/s,,,,,Radeon Graphics,8,2.00 GHz,,2021-Q2,,100-000000260,https://www.amd.com/en/products/specifications/processors.html,1,high,Unlocked
AMD,cpu,,Ryzen,Ryzen 5000 Series,desktop,Cezanne,TSMC 7nm FinFET,Ryzen 7 5700G,AMD Ryzen 7 5700G,8,,,16,3.80 GHz,4.60 GHz,,4 MB,16 MB,65W,,,AM4,1,3.0,,DDR4,2,Up to 3200 MT/s,,,,,Radeon Graphics,8,2.00 GHz,,2021-Q2,,100-000000263,https://www.amd.com/en/products/specifications/processors.html,1,high,Unlocked
AMD,cpu,,Ryzen,Ryzen 5000 Series,desktop,Cezanne,TSMC 7nm FinFET,Ryzen 7 5700,AMD Ryzen 7 5700,8,,,16,3.70 GHz,4.60 GHz,,4 MB,16 MB,65W,,,AM4,1,3.0,,DDR4,2,Up to 3200 MT/s,,,,,Discrete Graphics Card Required,,,,2024-Q1,,100-000000743,https://www.amd.com/en/products/specifications/processors.html,1,high,Unlocked
AMD,cpu,,Ryzen,Ryzen 5000 Series,mobile,Barcelo,TSMC 7nm FinFET,Ryzen 5 5625U,AMD Ryzen 5 5625U,6,,,12,2.30 GHz,4.30 GHz,,3 MB,16 MB,15W,,,FP6,1,3.0,,DDR4,2,,,,,,AMD Radeon Graphics,7,1.80 GHz,,2022-Q1,,100-000000583,https://www.amd.com/en/products/specifications/processors.html,1,high,
AMD,cpu,,Ryzen,Ryzen 5000 Series,mobile,Barcelo,TSMC 7nm FinFET,Ryzen 5 5625C,AMD Ryzen 5 5625C,6,,,12,2.30 GHz,4.30 GHz,,3 MB,16 MB,15W,,,FP6,1,3.0,,DDR4,2,,,,,,AMD Radeon Graphics,7,,,,,,https://www.amd.com/en/products/specifications/processors.html,1,high,
AMD,cpu,,Ryzen,Ryzen 5000 Series,desktop,Cezanne,TSMC 7nm FinFET,Ryzen 5 5605GE,AMD Ryzen 5 5605GE,6,,,12,3.40 GHz,4.40 GHz,,3 MB,16 MB,35W,,,AM4,1,3.0,,DDR4,2,Up to 3200 MT/s,,,,,Radeon Graphics,7,1.90 GHz,,,,100-000001804,https://www.amd.com/en/products/specifications/processors.html,1,high,Unlocked
AMD,cpu,,Ryzen,Ryzen 5000 Series,desktop,Cezanne,TSMC 7nm FinFET,Ryzen 5 5605G,AMD Ryzen 5 5605G,6,,,12,3.90 GHz,4.40 GHz,,3 MB,16 MB,65W,,,AM4,1,3.0,,DDR4,2,Up to 3200 MT/s,,,,,Radeon Graphics,7,1.90 GHz,,,,100-000001801,https://www.amd.com/en/products/specifications/processors.html,1,high,Unlocked
AMD,cpu,,Ryzen,Ryzen 5000 Series,desktop,Vermeer,TSMC 7nm FinFET,Ryzen 5 5600X3D,AMD Ryzen 5 5600X3D,6,,,12,3.30 GHz,4.40 GHz,,3 MB,96 MB,105W,,,AM4,1,4.0,,DDR4,2,,,,,,Discrete Graphics Card Required,,,,2023-Q3,,100-000001176,https://www.amd.com/en/products/specifications/processors.html,1,high,
AMD,cpu,,Ryzen,Ryzen 5000 Series,desktop,Vermeer,TSMC 7nm FinFET,Ryzen 5 5600X,AMD Ryzen 5 5600X,6,,,12,3.70 GHz,4.60 GHz,,3 MB,32 MB,65W,,,AM4,1,4.0,,DDR4,,Up to 3200 MT/s,,,,,Discrete Graphics Card Required,,,,2020-Q4,,100-000000065,https://www.amd.com/en/products/specifications/processors.html,1,high,Unlocked
AMD,cpu,,Ryzen,Ryzen 5000 Series,mobile,Cezanne,TSMC 7nm FinFET,Ryzen 5 5600U,AMD Ryzen 5 5600U,6,,,12,2.30 GHz,4.20 GHz,,3 MB,16 MB,15W,,,FP6,1,3.0,,"DDR4 - Up to 3200 , LPDDR4 - Up to 4266",,,,,,,AMD Radeon Graphics,7,1.80 GHz,,2021-Q1,,100-000000287,https://www.amd.com/en/products/specifications/processors.html,1,high,
AMD,cpu,,Ryzen,Ryzen 5000 Series,mobile,Cezanne,TSMC 7nm FinFET,Ryzen 5 5600HS,AMD Ryzen 5 5600HS,6,,,12,3.00 GHz,4.20 GHz,,3 MB,16 MB,35W,,,FP6,1,3.0,,"DDR4 - Up to 3200 , LPDDR4 - Up to 4266",,,,,,,AMD Radeon Graphics,7,1.80 GHz,,2021-Q1,,100-000000296,https://www.amd.com/en/products/specifications/processors.html,1,high,
AMD,cpu,,Ryzen,Ryzen 5000 Series,mobile,Cezanne,TSMC 7nm FinFET,Ryzen 5 5600H,AMD Ryzen 5 5600H,6,,,12,3.30 GHz,4.20 GHz,,3 MB,16 MB,45W,,,FP6,1,3.0,,"DDR4 - Up to 3200 , LPDDR4 - Up to 4266",,,,,,,AMD Radeon Graphics,7,1.80 GHz,,2021-Q1,,100-000000296,https://www.amd.com/en/products/specifications/processors.html,1,high,
AMD,cpu,,Ryzen,Ryzen 5000 Series,desktop,Vermeer,TSMC 7nm FinFET,Ryzen 5 5600XT,AMD Ryzen 5 5600XT,6,,,12,3.70 GHz,4.70 GHz,,3 MB,32 MB,65W,,,AM4,1,4.0,,DDR4,2,Up to 3200 MT/s,,,,,Discrete Graphics Card Required,,,,2024-Q4,,100-000001585,https://www.amd.com/en/products/specifications/processors.html,1,high,Unlocked
AMD,cpu,,Ryzen,Ryzen 5000 Series,desktop,Vermeer,TSMC 7nm FinFET,Ryzen 5 5600T,AMD Ryzen 5 5600T,6,,,12,3.50 GHz,4.50 GHz,,3 MB,32 MB,65W,,,AM4,1,4.0,,DDR4,2,Up to 3200 MT/s,,,,,Discrete Graphics Card Required,,,,2024-Q4,,100-000001584,https://www.amd.com/en/products/specifications/processors.html,1,high,Unlocked
AMD,cpu,,Ryzen,Ryzen 5000 Series,desktop,Cezanne,TSMC 7nm FinFET,Ryzen 5 5600GT,AMD Ryzen 5 5600GT,6,,,12,3.60 GHz,4.60 GHz,,3 MB,16 MB,65W,,,AM4,1,3.0,,DDR4,2,Up to 3200 MT/s,,,,,Radeon Graphics,7,1.90 GHz,,2024-Q1,,100-000001488,https://www.amd.com/en/products/specifications/processors.html,1,high,Unlocked
AMD,cpu,,Ryzen,Ryzen 5000 Series,desktop,Cezanne,TSMC 7nm FinFET,Ryzen 5 5600GE,AMD Ryzen 5 5600GE,6,,,12,3.40 GHz,4.40 GHz,,3 MB,16 MB,35W,,,AM4,1,3.0,,DDR4,2,Up to 3200 MT/s,,,,,Radeon Graphics,7,1.90 GHz,,2021-Q2,,100-000000261,https://www.amd.com/en/products/specifications/processors.html,1,high,Unlocked
AMD,cpu,,Ryzen,Ryzen 5000 Series,desktop,Cezanne,TSMC 7nm FinFET,Ryzen 5 5600G,AMD Ryzen 5 5600G,6,,,12,3.90 GHz,4.40 GHz,,3 MB,16 MB,65W,,,AM4,1,3.0,,DDR4,2,Up to 3200 MT/s,,,,,Radeon Graphics,7,1.90 GHz,,2021-Q2,,100-000000252,https://www.amd.com/en/products/specifications/processors.html,1,high,Unlocked
AMD,cpu,,Ryzen,Ryzen 5000 Series,desktop,Vermeer,TSMC 7nm FinFET,Ryzen 5 5600F,AMD Ryzen 5 5600F,6,,,12,3.00 GHz,4.00 GHz,,3 MB,32 MB,65W,,,AM4,1,4.0,,DDR4,2,Up to 3200 MT/s,,,,,Discrete Graphics Card Required,,,,,,100-000001903,https://www.amd.com/en/products/specifications/processors.html,1,high,Unlocked
AMD,cpu,,Ryzen,Ryzen 5000 Series,desktop,Vermeer,TSMC 7nm FinFET,Ryzen 5 5600,AMD Ryzen 5 5600,6,,,12,3.50 GHz,4.40 GHz,,3 MB,32 MB,65W,,,AM4,1,4.0,,DDR4,2,Up to 3200 MT/s,,,,,Discrete Graphics Card Required,,,,2022-Q2,,100-000000927,https://www.amd.com/en/products/specifications/processors.html,1,high,Unlocked
AMD,cpu,,Ryzen,Ryzen 5000 Series,mobile,Cezanne,TSMC 7nm FinFET,Ryzen 5 5560U,AMD Ryzen 5 5560U,6,,,12,2.30 GHz,4.00 GHz,,3 MB,8 MB,15W,,,FP6,1,3.0,,"DDR4 , LPDDR4X",2,,,,,,AMD Radeon Graphics,6,1.60 GHz,,2021-Q1,,,https://www.amd.com/en/products/specifications/processors.html,1,high,
AMD,cpu,,Ryzen,Ryzen 5000 Series,desktop,Vermeer,TSMC 7nm FinFET,Ryzen 5 5500X3D,AMD Ryzen 5 5500X3D,6,,,12,3.00 GHz,4.00 GHz,,3 MB,96 MB,105W,,,AM4,1,4.0,,DDR4,2,Up to 3200 MT/s,,,,,Discrete Graphics Card Required,,,,2025-Q2,,100-000001504,https://www.amd.com/en/products/specifications/processors.html,1,high,
AMD,cpu,,Ryzen,Ryzen 5000 Series,mobile,Lucienne,TSMC 7nm FinFET,Ryzen 5 5500U,AMD Ryzen 5 5500U,6,,,12,2.10 GHz,4.00 GHz,,3 MB,8 MB,15W,,,FP6,1,3.0,,"DDR4 - Up to 3200 , LPDDR4 - Up to 4266",,,,,,,AMD Radeon Graphics,7,1.80 GHz,,2021-Q1,,100-000000375,https://www.amd.com/en/products/specifications/processors.html,1,high,
AMD,cpu,,Ryzen,Ryzen 5000 Series,mobile,Cezanne,TSMC 7nm FinFET,Ryzen 5 5500H,AMD Ryzen 5 5500H,4,,,8,3.30 GHz,4.20 GHz,,2 MB,8 MB,45W,,,FP6,1,3.0,,"DDR4 - Up to 3200 , LPDDR4 - Up to 4266",,,,,,,AMD Radeon Graphics,6,1.80 GHz,,2023-Q2,,100-000001389,https://www.amd.com/en/products/specifications/processors.html,1,high,
AMD,cpu,,Ryzen,Ryzen 5000 Series,desktop,Cezanne,TSMC 7nm FinFET,Ryzen 5 5500GT,AMD Ryzen 5 5500GT,6,,,12,3.60 GHz,4.40 GHz,,3 MB,16 MB,65W,,,AM4,1,3.0,,DDR4,2,,,,,,Radeon Graphics,7,1.90 GHz,,2024-Q1,,100-000001489,https://www.amd.com/en/products/specifications/processors.html,1,high,Unlocked
AMD,cpu,,Ryzen,Ryzen 5000 Series,desktop,Cezanne,TSMC 7nm FinFET,Ryzen 5 5500,AMD Ryzen 5 5500,6,,,12,3.60 GHz,4.20 GHz,,3 MB,16 MB,65W,,,AM4,1,3.0,,DDR4,2,Up to 3200 MT/s,,,,,Discrete Graphics Card Required,,,,2022-Q2,,100-000000457,https://www.amd.com/en/products/specifications/processors.html,1,high,Unlocked
AMD,cpu,,Ryzen,Ryzen 5000 Series,mobile,Barcelo,TSMC 7nm FinFET,Ryzen 3 5425U,AMD Ryzen 3 5425U,4,,,8,2.70 GHz,4.10 GHz,,2 MB,8 MB,15W,,,FP6,1,3.0,,DDR4,2,,,,,,AMD Radeon Graphics,6,1.60 GHz,,2022-Q1,,100-000000586,https://www.amd.com/en/products/specifications/processors.html,1,high,
AMD,cpu,,Ryzen,Ryzen 5000 Series,mobile,Barcelo,TSMC 7nm FinFET,Ryzen 3 5425C,AMD Ryzen 3 5425C,4,,,8,2.70 GHz,4.10 GHz,,2 MB,8 MB,15W,,,FP6,1,3.0,,DDR4,2,,,,,,AMD Radeon Graphics,6,,,,,,https://www.amd.com/en/products/specifications/processors.html,1,high,
AMD,cpu,,Ryzen,Ryzen 5000 Series,mobile,Cezanne,TSMC 7nm FinFET,Ryzen 3 5400U,AMD Ryzen 3 5400U,4,,,8,2.60 GHz,4.00 GHz,,2 MB,8 MB,15W,,,FP6,1,3.0,,"DDR4 - Up to 3200 , LPDDR4 - Up to 4266",,,,,,,AMD Radeon Graphics,6,1.60 GHz,,2021-Q1,,100-000000288,https://www.amd.com/en/products/specifications/processors.html,1,high,
AMD,cpu,,Ryzen,Ryzen 5000 Series,desktop,Cezanne,TSMC 7nm FinFET,Ryzen 3 5305GE,AMD Ryzen 3 5305GE,4,,,8,3.60 GHz,4.20 GHz,,2 MB,8 MB,35W,,,AM4,1,3.0,,DDR4,2,Up to 3200 MT/s,,,,,Radeon Graphics,6,1.70 GHz,,,,100-000001805,https://www.amd.com/en/products/specifications/processors.html,1,high,Unlocked
AMD,cpu,,Ryzen,Ryzen 5000 Series,desktop,Cezanne,TSMC 7nm FinFET,Ryzen 3 5305G,AMD Ryzen 3 5305G,4,,,8,4.00 GHz,4.20 GHz,,2 MB,8 MB,65W,,,AM4,1,3.0,,DDR4,2,Up to 3200 MT/s,,,,,Radeon Graphics,6,1.70 GHz,,,,100-000001802,https://www.amd.com/en/products/specifications/processors.html,1,high,Unlocked
AMD,cpu,,Ryzen,Ryzen 5000 Series,mobile,Lucienne,TSMC 7nm FinFET,Ryzen 3 5300U,AMD Ryzen 3 5300U,4,,,8,2.60 GHz,3.80 GHz,,2 MB,4 MB,15W,,,FP6,1,3.0,,"DDR4 - Up to 3200 , LPDDR4 - Up to 4266",,,,,,,AMD Radeon Graphics,6,1.50 GHz,,2021-Q1,,100-000000376,https://www.amd.com/en/products/specifications/processors.html,1,high,
AMD,cpu,,Ryzen,Ryzen 5000 Series,desktop,Cezanne,TSMC 7nm FinFET,Ryzen 3 5300GE (OEM Only),AMD Ryzen 3 5300GE (OEM Only),4,,,8,3.60 GHz,4.20 GHz,,2 MB,8 MB,35W,,,AM4,1,3.0,,DDR4,2,Up to 3200 MT/s,,,,,Radeon Graphics,6,1.70 GHz,,2021-Q2,,100-000000262 (OEM Only),https://www.amd.com/en/products/specifications/processors.html,1,high,Unlocked
AMD,cpu,,Ryzen,Ryzen 5000 Series,desktop,Cezanne,TSMC 7nm FinFET,Ryzen 3 5300G (OEM Only),AMD Ryzen 3 5300G (OEM Only),4,,,8,4.00 GHz,4.20 GHz,,2 MB,8 MB,65W,,,AM4,1,3.0,,DDR4,2,Up to 3200 MT/s,,,,,Radeon Graphics,6,1.70 GHz,,2021-Q2,,100-000000253 (OEM Only),https://www.amd.com/en/products/specifications/processors.html,1,high,Unlocked
AMD,cpu,,Ryzen,Ryzen 5000 Series,mobile,Barcelo,TSMC 7nm FinFET,Ryzen 3 5125C,AMD Ryzen 3 5125C,2,,,4,3.00 GHz,3.00 GHz,,1 MB,8 MB,15W,,,FP6,1,3.0,,DDR4,2,,,,,,AMD Radeon Graphics,3,,,2022-Q2,,,https://www.amd.com/en/products/specifications/processors.html,1,high,
AMD,cpu,,Ryzen PRO,Ryzen PRO 4000 Series,mobile,Renoir,TSMC 7nm FinFET,Ryzen 7 PRO 4750U,AMD Ryzen 7 PRO 4750U,8,,,16,1.70 GHz,4.10 GHz,,4 MB,8 MB,15W,,,FP6,1,3.0,,"DDR4 - Up to 3200 , LPDDR4 - Up to 4266",,,,,,,AMD Radeon Graphics,7,1.60 GHz,,2020-Q2,,100-000000101,https://www.amd.com/en/products/specifications/processors.html,1,high,
AMD,cpu,,Ryzen PRO,Ryzen PRO 4000 Series,desktop,Renoir,TSMC 7nm FinFET,Ryzen 7 PRO 4750GE,AMD Ryzen 7 PRO 4750GE,8,,,16,3.10 GHz,4.30 GHz,,4 MB,8 MB,35W,,,AM4,1,3.0,,DDR4,2,Up to 3200 MT/s,,,,,Radeon Graphics,8,2.10 GHz,,2020-Q3,,100-000000152,https://www.amd.com/en/products/specifications/processors.html,1,high,
AMD,cpu,,Ryzen PRO,Ryzen PRO 4000 Series,desktop,Renoir,TSMC 7nm FinFET,Ryzen 7 PRO 4750G,AMD Ryzen 7 PRO 4750G,8,,,16,3.60 GHz,4.40 GHz,,4 MB,8 MB,65W,,,AM4,1,3.0,,DDR4,2,Up to 3200 MT/s,,,,,Radeon Graphics,8,2.10 GHz,,2020-Q3,,100-000000145,https://www.amd.com/en/products/specifications/processors.html,1,high,
AMD,cpu,,Ryzen PRO,Ryzen PRO 4000 Series,desktop,Renoir,TSMC 7nm FinFET,Ryzen 5 PRO 4655GE,AMD Ryzen 5 PRO 4655GE,6,,,12,3.30 GHz,4.20 GHz,,3 MB,8 MB,35W,,,AM4,1,3.0,,DDR4,2,Up to 3200 MT/s,,,,,Radeon Graphics,7,1.90 GHz,,2022-Q4,,100-000001156,https://www.amd.com/en/products/specifications/processors.html,1,high,
AMD,cpu,,Ryzen PRO,Ryzen PRO 4000 Series,desktop,Renoir,TSMC 7nm FinFET,Ryzen 5 PRO 4655G,AMD Ryzen 5 PRO 4655G,6,,,12,3.70 GHz,4.20 GHz,,3 MB,8 MB,65W,,,AM4,1,3.0,,DDR4,2,Up to 3200 MT/s,,,,,Radeon Graphics,7,1.90 GHz,,2022-Q4,,100-000001155,https://www.amd.com/en/products/specifications/processors.html,1,high,
AMD,cpu,,Ryzen PRO,Ryzen PRO 4000 Series,mobile,Renoir,TSMC 7nm FinFET,Ryzen 5 PRO 4650U,AMD Ryzen 5 PRO 4650U,6,,,12,2.10 GHz,4.00 GHz,,3 MB,8 MB,15W,,,FP6,1,3.0,,"DDR4 - Up to 3200 , LPDDR4 - Up to 4266",,,,,,,AMD Radeon Graphics,6,1.50 GHz,,2020-Q2,,100-000000103,https://www.amd.com/en/products/specifications/processors.html,1,high,
AMD,cpu,,Ryzen PRO,Ryzen PRO 4000 Series,desktop,Renoir,TSMC 7nm FinFET,Ryzen 5 PRO 4650GE,AMD Ryzen 5 PRO 4650GE,6,,,12,3.30 GHz,4.20 GHz,,3 MB,8 MB,35W,,,AM4,1,3.0,,DDR4,2,Up to 3200 MT/s,,,,,Radeon Graphics,7,1.90 GHz,,2020-Q3,,100-000000153,https://www.amd.com/en/products/specifications/processors.html,1,high,
AMD,cpu,,Ryzen PRO,Ryzen PRO 4000 Series,desktop,Renoir,TSMC 7nm FinFET,Ryzen 5 PRO 4650G,AMD Ryzen 5 PRO 4650G,6,,,12,3.70 GHz,4.20 GHz,,3 MB,8 MB,65W,,,AM4,1,3.0,,DDR4,2,Up to 3200 MT/s,,,,,Radeon Graphics,7,1.90 GHz,,2020-Q3,,100-000000143,https://www.amd.com/en/products/specifications/processors.html,1,high,
AMD,cpu,,Ryzen PRO,Ryzen PRO 4000 Series,mobile,Renoir,TSMC 7nm FinFET,Ryzen 3 PRO 4450U,AMD Ryzen 3 PRO 4450U,4,,,8,2.50 GHz,3.70 GHz,,2 MB,4 MB,15W,,,FP6,1,3.0,,"DDR4 - Up to 3200 , LPDDR4 - Up to 4266",,,,,,,AMD Radeon Graphics,5,1.40 GHz,,2020-Q2,,100-000000104,https://www.amd.com/en/products/specifications/processors.html,1,high,
AMD,cpu,,Ryzen PRO,Ryzen PRO 4000 Series,desktop,Renoir,TSMC 7nm FinFET,Ryzen 3 PRO 4355GE,AMD Ryzen 3 PRO 4355GE,4,,,8,3.50 GHz,4.00 GHz,,2 MB,4 MB,35W,,,AM4,1,3.0,,DDR4,2,Up to 3200 MT/s,,,,,Radeon Vega 6 Graphics,6,1.70 GHz,,2022,,100-000001061,https://www.amd.com/en/products/specifications/processors.html,1,high,
AMD,cpu,,Ryzen PRO,Ryzen PRO 4000 Series,desktop,Renoir,TSMC 7nm FinFET,Ryzen 3 PRO 4355G,AMD Ryzen 3 PRO 4355G,4,,,8,3.80 GHz,4.00 GHz,,2 MB,4 MB,65W,,,AM4,1,3.0,,DDR4,2,Up to 3200 MT/s,,,,,Radeon Graphics,6,1.70 GHz,,2022,,100-000001079,https://www.amd.com/en/products/specifications/processors.html,1,high,
AMD,cpu,,Ryzen PRO,Ryzen PRO 4000 Series,desktop,Renoir,TSMC 7nm FinFET,Ryzen 3 PRO 4350GE,AMD Ryzen 3 PRO 4350GE,4,,,8,3.50 GHz,4.00 GHz,,2 MB,4 MB,35W,,,AM4,1,3.0,,DDR4,2,Up to 3200 MT/s,,,,,Radeon Vega 6 Graphics,6,1.70 GHz,,2020-Q3,,100-000000154,https://www.amd.com/en/products/specifications/processors.html,1,high,
AMD,cpu,,Ryzen PRO,Ryzen PRO 4000 Series,desktop,Renoir,TSMC 7nm FinFET,Ryzen 3 PRO 4350G,AMD Ryzen 3 PRO 4350G,4,,,8,3.80 GHz,4.00 GHz,,2 MB,4 MB,65W,,,AM4,1,3.0,,DDR4,2,Up to 3200 MT/s,,,,,Radeon Graphics,6,1.70 GHz,,2020-Q3,,100-000000148,https://www.amd.com/en/products/specifications/processors.html,1,high,
AMD,cpu,,Ryzen,Ryzen 4000 Series,mobile,Renoir,TSMC 7nm FinFET,Ryzen 9 4900HS,AMD Ryzen 9 4900HS,8,,,16,3.00 GHz,4.30 GHz,,4 MB,8 MB,35W,,,FP6,1,3.0,,"DDR4 - Up to 3200 , LPDDR4 - Up to 4266",,,,,,,AMD Radeon Graphics,8,1.75 GHz,,,,,https://www.amd.com/en/products/specifications/processors.html,1,high,
AMD,cpu,,Ryzen,Ryzen 4000 Series,mobile,Renoir,TSMC 7nm FinFET,Ryzen 9 4900H,AMD Ryzen 9 4900H,8,,,16,3.30 GHz,4.40 GHz,,4 MB,8 MB,54W,,,FP6,1,3.0,,"DDR4 - Up to 3200 , LPDDR4 - Up to 4266",,,,,,,AMD Radeon Graphics,8,1.75 GHz,,2020-Q1,,,https://www.amd.com/en/products/specifications/processors.html,1,high,
AMD,cpu,,Ryzen,Ryzen 4000 Series,mobile,Renoir,TSMC 7nm FinFET,Ryzen 7 4980U Microsoft Surface Edition,AMD Ryzen 7 4980U Microsoft Surface Edition,8,,,16,2.00 GHz,4.40 GHz,,4 MB,8 MB,15W,,,FP6,1,3.0,,LPDDR4,2,Up to 4267 MT/s,,,,,Radeon Graphics,8,1.95 GHz,,2021-Q2,,,https://www.amd.com/en/products/specifications/processors.html,1,high,
AMD,cpu,,Ryzen,Ryzen 4000 Series,mobile,Renoir,TSMC 7nm FinFET,Ryzen 7 4800U,AMD Ryzen 7 4800U,8,,,16,1.80 GHz,4.20 GHz,,4 MB,8 MB,15W,,,FP6,1,3.0,,"DDR4 - Up to 3200 , LPDDR4 - Up to 4266",,,,,,,AMD Radeon Graphics,8,1.75 GHz,,2020-Q1,,100-000000082,https://www.amd.com/en/products/specifications/processors.html,1,high,
AMD,cpu,,Ryzen,Ryzen 4000 Series,mobile,Renoir,TSMC 7nm FinFET,Ryzen 7 4800HS,AMD Ryzen 7 4800HS,8,,,16,2.90 GHz,4.20 GHz,,4 MB,8 MB,45W,,,FP6,1,3.0,,"DDR4 - Up to 3200 , LPDDR4 - Up to 4266",,,,,,,AMD Radeon Graphics,7,1.60 GHz,,,,,https://www.amd.com/en/products/specifications/processors.html,1,high,
AMD,cpu,,Ryzen,Ryzen 4000 Series,mobile,Renoir,TSMC 7nm FinFET,Ryzen 7 4800H,AMD Ryzen 7 4800H,8,,,16,2.90 GHz,4.20 GHz,,4 MB,8 MB,45W,,,FP6,1,3.0,,"DDR4 - Up to 3200 , LPDDR4 - Up to 4266",,,,,,,AMD Radeon Graphics,7,1.60 GHz,,2020-Q1,,100-000000098,https://www.amd.com/en/products/specifications/processors.html,1,high,
AMD,cpu,,Ryzen,Ryzen 4000 Series,mobile,Renoir,TSMC 7nm FinFET,Ryzen 7 4700U,AMD Ryzen 7 4700U,8,,,8,2.00 GHz,4.10 GHz,,4 MB,8 MB,15W,,,FP6,1,3.0,,"DDR4 - Up to 3200 , LPDDR4 - Up to 4266",,,,,,,AMD Radeon Graphics,7,1.60 GHz,,2020-Q1,,100-000000083,https://www.amd.com/en/products/specifications/processors.html,1,high,
AMD,cpu,,Ryzen,Ryzen 4000 Series,desktop,Renoir,TSMC 7nm FinFET,Ryzen 7 4700GE (OEM Only),AMD Ryzen 7 4700GE (OEM Only),8,,,16,3.10 GHz,4.30 GHz,,4 MB,8 MB,35W,,,AM4,1,3.0,,DDR4,2,Up to 3200 MT/s,,,,,Radeon Graphics,8,2.00 GHz,,2020-Q3,,100-000000149,https://www.amd.com/en/products/specifications/processors.html,1,high,Unlocked
AMD,cpu,,Ryzen,Ryzen 4000 Series,desktop,Renoir,TSMC 7nm FinFET,Ryzen 7 4700G (OEM Only),AMD Ryzen 7 4700G (OEM Only),8,,,16,3.60 GHz,4.40 GHz,,4 MB,8 MB,65W,,,AM4,1,3.0,,DDR4,2,Up to 3200 MT/s,,,,,Radeon Graphics,8,2.10 GHz,,2020-Q3,,100-000000146,https://www.amd.com/en/products/specifications/processors.html,1,high,Unlocked
AMD,cpu,,Ryzen,Ryzen 4000 Series,mobile,Renoir,TSMC 7nm FinFET,Ryzen 5 4680U Microsoft Surface Edition,AMD Ryzen 5 4680U Microsoft Surface Edition,6,,,12,2.20 GHz,4.00 GHz,,3 MB,8 MB,15W,,,FP6,1,3.0,,LPDDR4,2,Up to 4267 MT/s,,,,,Radeon Graphics,7,1.50 GHz,,2021-Q2,,,https://www.amd.com/en/products/specifications/processors.html,1,high,
AMD,cpu,,Ryzen,Ryzen 4000 Series,mobile,Renoir,TSMC 7nm FinFET,Ryzen 5 4600U,AMD Ryzen 5 4600U,6,,,12,2.10 GHz,4.00 GHz,,3 MB,8 MB,15W,,,FP6,1,3.0,,"DDR4 - Up to 3200 , LPDDR4 - Up to 4266",,,,,,,AMD Radeon Graphics,6,1.50 GHz,,2020-Q1,,100-000000105,https://www.amd.com/en/products/specifications/processors.html,1,high,
AMD,cpu,,Ryzen,Ryzen 4000 Series,mobile,Renoir,TSMC 7nm FinFET,Ryzen 5 4600H,AMD Ryzen 5 4600H,6,,,12,3.00 GHz,4.00 GHz,,3 MB,8 MB,45W,,,FP6,1,3.0,,"DDR4 - Up to 3200 , LPDDR4 - Up to 4266",,,,,,,AMD Radeon Graphics,6,1.50 GHz,,2020-Q1,,100-000000100,https://www.amd.com/en/products/specifications/processors.html,1,high,
AMD,cpu,,Ryzen,Ryzen 4000 Series,desktop,Renoir,TSMC 7nm FinFET,Ryzen 5 4600GE (OEM Only),AMD Ryzen 5 4600GE (OEM Only),6,,,12,3.30 GHz,4.20 GHz,,3 MB,8 MB,35W,,,AM4,1,3.0,,DDR4,2,Up to 3200 MT/s,,,,,Radeon Graphics,7,1.90 GHz,,2020-Q3,,100-000000150,https://www.amd.com/en/products/specifications/processors.html,1,high,Unlocked
AMD,cpu,,Ryzen,Ryzen 4000 Series,desktop,Renoir,TSMC 7nm FinFET,Ryzen 5 4600G,AMD Ryzen 5 4600G,6,,,12,3.70 GHz,4.20 GHz,,3 MB,8 MB,65W,,,AM4,1,3.0,,DDR4,2,Up to 3200 MT/s,,,,,Radeon Graphics,7,1.90 GHz,,2020-Q3,,100-000000147,https://www.amd.com/en/products/specifications/processors.html,1,high,Unlocked
AMD,cpu,,Ryzen,Ryzen 4000 Series,mobile,Renoir,TSMC 7nm FinFET,Ryzen 5 4500U,AMD Ryzen 5 4500U,6,,,6,2.30 GHz,4.00 GHz,,3 MB,8 MB,15W,,,FP6,1,3.0,,"DDR4 - Up to 3200 , LPDDR4 - Up to 4266",,,,,,,AMD Radeon Graphics,6,1.50 GHz,,2020-Q1,,100-000000084,https://www.amd.com/en/products/specifications/processors.html,1,high,
AMD,cpu,,Ryzen,Ryzen 4000 Series,desktop,Renoir,TSMC 7nm FinFET,Ryzen 5 4500,AMD Ryzen 5 4500,6,,,12,3.60 GHz,4.10 GHz,,3 MB,8 MB,65W,,,AM4,1,3.0,,DDR4,2,Up to 3200 MT/s,,,,,Discrete Graphics Card Required,,,,2022-Q2,,100-000000644,https://www.amd.com/en/products/specifications/processors.html,1,high,Unlocked
AMD,cpu,,Ryzen,Ryzen 4000 Series,mobile,Renoir,TSMC 7nm FinFET,Ryzen 3 4300U,AMD Ryzen 3 4300U,4,,,4,2.70 GHz,3.70 GHz,,2 MB,4 MB,15W,,,FP6,1,3.0,,"DDR4 - Up to 3200 , LPDDR4 - Up to 4266",,,,,,,AMD Radeon Graphics,5,1.40 GHz,,2020-Q1,,100-000000085,https://www.amd.com/en/products/specifications/processors.html,1,high,
AMD,cpu,,Ryzen,Ryzen 4000 Series,desktop,Renoir,TSMC 7nm FinFET,Ryzen 3 4300GE (OEM Only),AMD Ryzen 3 4300GE (OEM Only),4,,,8,3.50 GHz,4.00 GHz,,2 MB,4 MB,35W,,,AM4,1,3.0,,DDR4,2,Up to 3200 MT/s,,,,,Radeon Graphics,6,1.70 GHz,,2020-Q3,,100-000000151,https://www.amd.com/en/products/specifications/processors.html,1,high,Unlocked
AMD,cpu,,Ryzen,Ryzen 4000 Series,desktop,Renoir,TSMC 7nm FinFET,Ryzen 3 4300G (OEM Only),AMD Ryzen 3 4300G (OEM Only),4,,,8,3.80 GHz,4.00 GHz,,2 MB,4 MB,65W,,,AM4,1,3.0,,DDR4,2,Up to 3200 MT/s,,,,,Radeon Graphics,6,1.70 GHz,,2020-Q3,,100-000000144,https://www.amd.com/en/products/specifications/processors.html,1,high,Unlocked
AMD,cpu,,Ryzen,Ryzen 4000 Series,desktop,Renoir,TSMC 7nm FinFET,Ryzen 3 4100,AMD Ryzen 3 4100,4,,,8,3.80 GHz,4.00 GHz,,2 MB,4 MB,65W,,,AM4,1,3.0,,DDR4,2,Up to 3200 MT/s,,,,,Discrete Graphics Card Required,,,,2022-Q2,,100-000000510,https://www.amd.com/en/products/specifications/processors.html,1,high,Unlocked
AMD,cpu,,Ryzen Threadripper PRO,Ryzen Threadripper PRO 3000 WX-Series,workstation,Castle Peak,TSMC 7nm FinFET,Ryzen Threadripper PRO 3995WX,AMD Ryzen Threadripper PRO 3995WX,64,,,128,2.70 GHz,4.20 GHz,,32 MB,256 MB,280W,,,sWRX8,1,4.0,,DDR4,8,Up to 3200 MT/s,,,,,Discrete Graphics Card Required,,,,2020-Q3,,100-000000087,https://www.amd.com/en/products/specifications/processors.html,1,high,
AMD,cpu,,Ryzen Threadripper PRO,Ryzen Threadripper PRO 3000 WX-Series,workstation,Castle Peak,TSMC 7nm FinFET,Ryzen Threadripper PRO 3975WX,AMD Ryzen Threadripper PRO 3975WX,32,,,64,3.50 GHz,4.20 GHz,,16 MB,128 MB,280W,,,sWRX8,1,4.0,,DDR4,8,Up to 3200 MT/s,,,,,Discrete Graphics Card Required,,,,2020-Q3,,100-000000086,https://www.amd.com/en/products/specifications/processors.html,1,high,
AMD,cpu,,Ryzen Threadripper PRO,Ryzen Threadripper PRO 3000 WX-Series,workstation,Castle Peak,TSMC 7nm FinFET,Ryzen Threadripper PRO 3955WX,AMD Ryzen Threadripper PRO 3955WX,16,,,32,3.90 GHz,4.30 GHz,,8 MB,64 MB,280W,,,sWRX8,1,4.0,,DDR4,8,Up to 3200 MT/s,,,,,Discrete Graphics Card Required,,,,2020-Q3,,100-000000167,https://www.amd.com/en/products/specifications/processors.html,1,high,
AMD,cpu,,Ryzen Threadripper PRO,Ryzen Threadripper PRO 3000 WX-Series,workstation,Castle Peak,TSMC 7nm FinFET,Ryzen Threadripper PRO 3945WX,AMD Ryzen Threadripper PRO 3945WX,12,,,24,4.00 GHz,4.30 GHz,,6 MB,64 MB,280W,,,,1,4.0,,DDR4,8,Up to 3200 MT/s,,,,,Discrete Graphics Card Required,,,,2020-Q3,,100-000000168,https://www.amd.com/en/products/specifications/processors.html,1,high,
AMD,cpu,,Ryzen Threadripper,Ryzen Threadripper 3000 Series,workstation,Castle Peak,TSMC 7nm FinFET,Ryzen Threadripper 3990X,AMD Ryzen Threadripper 3990X,64,,,128,2.90 GHz,4.30 GHz,,32 MB,256 MB,280W,,,sTRX4,1,4.0,,DDR4,4,,,,,,Discrete Graphics Card Required,,,,2020-Q1,,100-000000163,https://www.amd.com/en/products/specifications/processors.html,1,high,Unlocked
AMD,cpu,,Ryzen Threadripper,Ryzen Threadripper 3000 Series,workstation,Castle Peak,TSMC 7nm FinFET,Ryzen Threadripper 3970X,AMD Ryzen Threadripper 3970X,32,,,64,3.70 GHz,4.50 GHz,,16 MB,128 MB,280W,,,sTRX4,1,4.0,,DDR4,4,Up to 3200 MT/s,,,,,Discrete Graphics Card Required,,,,2019-Q4,,100-000000011,https://www.amd.com/en/products/specifications/processors.html,1,high,Unlocked
AMD,cpu,,Ryzen Threadripper,Ryzen Threadripper 3000 Series,workstation,Castle Peak,TSMC 7nm FinFET,Ryzen Threadripper 3960X,AMD Ryzen Threadripper 3960X,24,,,48,3.80 GHz,4.50 GHz,,12 MB,128 MB,280W,,,sTRX4,1,4.0,,DDR4,4,Up to 3200 MT/s,,,,,Discrete Graphics Card Required,,,,2019-Q4,,100-000000010,https://www.amd.com/en/products/specifications/processors.html,1,high,Unlocked
AMD,cpu,,Ryzen PRO,Ryzen PRO 3000 Series,desktop,Matisse,TSMC 7nm FinFET,Ryzen 9 PRO 3900,AMD Ryzen 9 PRO 3900,12,,,24,3.10 GHz,4.30 GHz,,6 MB,64 MB,65W,,,AM4,1,4.0,,DDR4,2,Up to 3200 MT/s,,,,,Discrete Graphics Card Required,,,,2019-Q3,,100-000000072,https://www.amd.com/en/products/specifications/processors.html,1,high,
AMD,cpu,,Ryzen PRO,Ryzen PRO 3000 Series,mobile,Picasso,12nm,Ryzen 7 PRO 3700U,AMD Ryzen 7 PRO 3700U,4,,,8,2.30 GHz,4.00 GHz,,2 MB,4 MB,15W,,,FP5,1,3.0,,,2,Up to 2400 MT/s,,,,,Radeon Vega 10 Graphics,10,1.40 GHz,,2019-Q2,,YM370BC4T4MFG,https://www.amd.com/en/products/specifications/processors.html,1,high,
AMD,cpu,,Ryzen PRO,Ryzen PRO 3000 Series,desktop,Matisse,TSMC 7nm FinFET,Ryzen 7 PRO 3700,AMD Ryzen 7 PRO 3700,8,,,16,3.60 GHz,4.40 GHz,,4 MB,32 MB,65W,,,AM4,1,4.0,,DDR4,2,Up to 3200 MT/s,,,,,Discrete Graphics Card Required,,,,2019-Q3,,100-000000073,https://www.amd.com/en/products/specifications/processors.html,1,high,
AMD,cpu,,Ryzen PRO,Ryzen PRO 3000 Series,desktop,Matisse,TSMC 7nm FinFET,Ryzen 5 PRO 3600,AMD Ryzen 5 PRO 3600,6,,,12,3.60 GHz,4.20 GHz,,3 MB,32 MB,65W,,,AM4,1,4.0,,DDR4,2,Up to 3200 MT/s,,,,,Discrete Graphics Card Required,,,,2019-Q3,,100-000000029,https://www.amd.com/en/products/specifications/processors.html,1,high,
AMD,cpu,,Ryzen PRO,Ryzen PRO 3000 Series,mobile,Picasso,12nm,Ryzen 5 PRO 3500U,AMD Ryzen 5 PRO 3500U,4,,,8,2.10 GHz,3.70 GHz,,2 MB,4 MB,15W,,,FP5,1,3.0,,,2,Up to 2400 MT/s,,,,,Radeon Vega 8 Graphics,8,1.20 GHz,,2019-Q2,,YM350BC4T4MFG,https://www.amd.com/en/products/specifications/processors.html,1,high,
AMD,cpu,,Ryzen PRO,Ryzen PRO 3000 Series,desktop,Picasso,12nm,Ryzen 5 PRO 3400GE,AMD Ryzen 5 PRO 3400GE,4,,,8,3.30 GHz,4.00 GHz,,2 MB,4 MB,35W,,,AM4,1,3.0,,DDR4,2,Up to 2933 MT/s,,,,,Radeon Vega 11 Graphics,11,1.30 GHz,,2019-Q3,,YD340BC6M4MFH,https://www.amd.com/en/products/specifications/processors.html,1,high,
AMD,cpu,,Ryzen PRO,Ryzen PRO 3000 Series,desktop,Picasso,12nm,Ryzen 5 PRO 3400G,AMD Ryzen 5 PRO 3400G,4,,,8,3.70 GHz,4.20 GHz,,2 MB,4 MB,65W,,,AM4,1,3.0,,DDR4,2,Up to 2933 MT/s,,,,,Radeon Vega 11 Graphics,11,1.40 GHz,,2019-Q3,,YD340BC5M4MFH,https://www.amd.com/en/products/specifications/processors.html,1,high,
AMD,cpu,,Ryzen PRO,Ryzen PRO 3000 Series,desktop,Picasso,12nm,Ryzen 5 PRO 3350GE,AMD Ryzen 5 PRO 3350GE,4,,,4,3.30 GHz,3.90 GHz,,2 MB,4 MB,35W,,,,1,3.0,,DDR4,2,Up to 2933 MT/s,,,,,Radeon Graphics,10,1.20 GHz,,2020-Q3,,YD335BC6M4MFH,https://www.amd.com/en/products/specifications/processors.html,1,high,
AMD,cpu,,Ryzen PRO,Ryzen PRO 3000 Series,desktop,Picasso,12nm,Ryzen 5 PRO 3350G,AMD Ryzen 5 PRO 3350G,4,,,8,3.60 GHz,4.00 GHz,,2 MB,4 MB,65W,,,AM4,1,3.0,,DDR4,2,Up to 2933 MT/s,,,,,Radeon Graphics,10,1.30 GHz,,2020-Q3,,YD335BC5M4MFH,https://www.amd.com/en/products/specifications/processors.html,1,high,
AMD,cpu,,Ryzen PRO,Ryzen PRO 3000 Series,mobile,Picasso,12nm,Ryzen 3 PRO 3300U,AMD Ryzen 3 PRO 3300U,4,,,4,2.10 GHz,3.50 GHz,,2 MB,4 MB,15W,,,FP5,1,3.0,,,2,Up to 2400 MT/s,,,,,Radeon Vega 6 Graphics,6,1.20 GHz,,2019-Q2,,YM330BC4T4MFG,https://www.amd.com/en/products/specifications/processors.html,1,high,
AMD,cpu,,Ryzen PRO,Ryzen PRO 3000 Series,desktop,Picasso,12nm,Ryzen 3 PRO 3200GE,AMD Ryzen 3 PRO 3200GE,4,,,4,3.30 GHz,3.80 GHz,,2 MB,4 MB,35W,,,AM4,1,3.0,,DDR4,2,Up to 2933 MT/s,,,,,Radeon Vega 8 Graphics,8,1.20 GHz,,2019-Q3,,YD320BC6M4MFH,https://www.amd.com/en/products/specifications/processors.html,1,high,
AMD,cpu,,Ryzen PRO,Ryzen PRO 3000 Series,desktop,Picasso,12nm,Ryzen 3 PRO 3200G,AMD Ryzen 3 PRO 3200G,4,,,4,3.60 GHz,4.00 GHz,,2 MB,4 MB,65W,,,AM4,1,3.0,,DDR4,2,Up to 2933 MT/s,,,,,Radeon Vega 8 Graphics,8,1.25 GHz,,2019-Q3,,YD320BC5M4MFH,https://www.amd.com/en/products/specifications/processors.html,1,high,
AMD,cpu,,Ryzen,Ryzen 3000 Series,desktop,Matisse,TSMC 7nm FinFET,Ryzen 9 3950X,AMD Ryzen 9 3950X,16,,,32,3.50 GHz,4.70 GHz,,8 MB,64 MB,105W,,,AM4,1,4.0,,DDR4,2,,,,,,Discrete Graphics Card Required,,,,2019-Q3,,100-000000051,https://www.amd.com/en/products/specifications/processors.html,1,high,Unlocked
AMD,cpu,,Ryzen,Ryzen 3000 Series,desktop,Matisse,TSMC 7nm FinFET,Ryzen 9 3900XT,AMD Ryzen 9 3900XT,12,,,24,3.80 GHz,4.70 GHz,,6 MB,64 MB,105W,,,,1,4.0,,DDR4,,Up to 3200 MT/s,,,,,Discrete Graphics Card Required,,,,2020,,100-100000277WOF,https://www.amd.com/en/products/specifications/processors.html,1,high,Unlocked
AMD,cpu,,Ryzen,Ryzen 3000 Series,desktop,Matisse,TSMC 7nm FinFET,Ryzen 9 3900X,AMD Ryzen 9 3900X,12,,,24,3.80 GHz,4.60 GHz,,6 MB,64 MB,105W,,,AM4,1,4.0,,DDR4,2,Up to 3200 MT/s,,,,,Discrete Graphics Card Required,,,,2019-Q3,,100-000000023,https://www.amd.com/en/products/specifications/processors.html,1,high,Unlocked
AMD,cpu,,Ryzen,Ryzen 3000 Series,desktop,Matisse,TSMC 7nm FinFET,Ryzen 9 3900 Processor (OEM Only),AMD Ryzen 9 3900 Processor (OEM Only),12,,,24,3.10 GHz,4.30 GHz,,6 MB,64 MB,65W,,,AM4,1,4.0,,DDR4,2,Up to 3200 MT/s,,,,,Discrete Graphics Card Required,,,,2019-Q3,,,https://www.amd.com/en/products/specifications/processors.html,1,high,Unlocked
AMD,cpu,,Ryzen,Ryzen 3000 Series,desktop,Matisse,TSMC 7nm FinFET,Ryzen 7 3800XT,AMD Ryzen 7 3800XT,8,,,16,3.90 GHz,4.70 GHz,,4 MB,32 MB,105W,,,AM4,1,4.0,,DDR4,,Up to 3200 MT/s,,,,,Discrete Graphics Card Required,,,,2020,,100-100000279WOF,https://www.amd.com/en/products/specifications/processors.html,1,high,Unlocked
AMD,cpu,,Ryzen,Ryzen 3000 Series,desktop,Matisse,TSMC 7nm FinFET,Ryzen 7 3800X,AMD Ryzen 7 3800X,8,,,16,3.90 GHz,4.50 GHz,,4 MB,32 MB,105W,,,AM4,1,4.0,,DDR4,2,Up to 3200 MT/s,,,,,Discrete Graphics Card Required,,,,2019-Q3,,100-000000025,https://www.amd.com/en/products/specifications/processors.html,1,high,Unlocked
AMD,cpu,,Ryzen,Ryzen 3000 Series,mobile,Picasso,12nm,Ryzen 7 3780U Microsoft Surface Edition,AMD Ryzen 7 3780U Microsoft Surface Edition,4,,,8,2.30 GHz,4.00 GHz,,2 MB,4 MB,15W,,,FP5,1,3.0,,,2,Up to 2400 MT/s,,,,,Radeon RX Vega 11 Graphics,11,1.40 GHz,,,,,https://www.amd.com/en/products/specifications/processors.html,1,high,
AMD,cpu,,Ryzen,Ryzen 3000 Series,mobile,Picasso,12nm,Ryzen 7 3750H,AMD Ryzen 7 3750H,4,,,8,2.30 GHz,4.00 GHz,,2 MB,4 MB,35W,,,FP5,1,3.0,,,2,Up to 2400 MT/s,,,,,Radeon RX Vega 10 Graphics,10,1.40 GHz,,2019,,YM3700C4T4MFG,https://www.amd.com/en/products/specifications/processors.html,1,high,
AMD,cpu,,Ryzen,Ryzen 3000 Series,desktop,Matisse,TSMC 7nm FinFET,Ryzen 7 3700X,AMD Ryzen 7 3700X,8,,,16,3.60 GHz,4.40 GHz,,4 MB,32 MB,65W,,,AM4,1,4.0,,DDR4,2,Up to 3200 MT/s,,,,,Discrete Graphics Card Required,,,,2019-Q3,,100-000000071,https://www.amd.com/en/products/specifications/processors.html,1,high,Unlocked
AMD,cpu,,Ryzen,Ryzen 3000 Series,mobile,Picasso,12nm,Ryzen 7 3700U,AMD Ryzen 7 3700U,4,,,8,2.30 GHz,4.00 GHz,,2 MB,4 MB,15W,,,FP5,1,3.0,,DDR4,2,Up to 2400 MT/s,,,,,Radeon RX Vega 10 Graphics,10,1.40 GHz,,2019,,YM3700C4T4MFG,https://www.amd.com/en/products/specifications/processors.html,1,high,
AMD,cpu,,Ryzen,Ryzen 3000 Series,mobile,Picasso,12nm,Ryzen 7 3700C,AMD Ryzen 7 3700C,4,,,8,2.30 GHz,4.00 GHz,,2 MB,4 MB,15W,,,FP5,1,,,,,,,,,,AMD Radeon Graphics,10,1.40 GHz,,2020-Q3,,YM370CC4T4MFG,https://www.amd.com/en/products/specifications/processors.html,1,high,
AMD,cpu,,Ryzen,Ryzen 3000 Series,desktop,Matisse,TSMC 7nm FinFET,Ryzen 5 3600XT,AMD Ryzen 5 3600XT,6,,,12,3.80 GHz,4.50 GHz,,3 MB,32 MB,95W,,,AM4,1,4.0,,DDR4,,Up to 3200 MT/s,,,,,Discrete Graphics Card Required,,,,2020,,100-100000281BOX,https://www.amd.com/en/products/specifications/processors.html,1,high,Unlocked
AMD,cpu,,Ryzen,Ryzen 3000 Series,desktop,Matisse,TSMC 7nm FinFET,Ryzen 5 3600X,AMD Ryzen 5 3600X,6,,,12,3.80 GHz,4.40 GHz,,3 MB,32 MB,95W,,,AM4,1,4.0,,DDR4,2,Up to 3200 MT/s,,,,,Discrete Graphics Card Required,,,,2019-Q3,,100-000000022,https://www.amd.com/en/products/specifications/processors.html,1,high,Unlocked
AMD,cpu,,Ryzen,Ryzen 3000 Series,desktop,Matisse,TSMC 7nm FinFET,Ryzen 5 3600,AMD Ryzen 5 3600,6,,,12,3.60 GHz,4.20 GHz,,3 MB,32 MB,65W,,,AM4,1,4.0,,DDR4,2,Up to 3200 MT/s,,,,,Discrete Graphics Card Required,,,,2019-Q3,,100-000000031,https://www.amd.com/en/products/specifications/processors.html,1,high,Unlocked
AMD,cpu,,Ryzen,Ryzen 3000 Series,mobile,Picasso,12nm,Ryzen 5 3580U Microsoft Surface Edition,AMD Ryzen 5 3580U Microsoft Surface Edition,4,,,8,2.10 GHz,3.70 GHz,,2 MB,4 MB,15W,,,FP5,1,3.0,,,2,Up to 2400 MT/s,,,,,Radeon Vega 9 Graphics,9,1.30 GHz,,,,,https://www.amd.com/en/products/specifications/processors.html,1,high,
AMD,cpu,,Ryzen,Ryzen 3000 Series,mobile,Picasso,12nm,Ryzen 5 3550H,AMD Ryzen 5 3550H,4,,,8,2.10 GHz,3.70 GHz,,2 MB,4 MB,35W,,,FP5,1,3.0,,,2,Up to 2400 MT/s,,,,,Radeon Vega 8 Graphics,8,1.20 GHz,,2019,,YM3500C4T4MFG,https://www.amd.com/en/products/specifications/processors.html,1,high,
AMD,cpu,,Ryzen,Ryzen 3000 Series,mobile,Picasso,12nm,Ryzen 5 3500U,AMD Ryzen 5 3500U,4,,,8,2.10 GHz,3.70 GHz,,2 MB,4 MB,15W,,,FP5,1,3.0,,,2,Up to 2400 MT/s,,,,,Radeon Vega 8 Graphics,8,1.20 GHz,,2019,,YM3500C4T4MFG,https://www.amd.com/en/products/specifications/processors.html,1,high,
AMD,cpu,,Ryzen,Ryzen 3000 Series,mobile,Picasso,12nm,Ryzen 5 3500C,AMD Ryzen 5 3500C,4,,,8,2.10 GHz,3.70 GHz,,2 MB,4 MB,15W,,,FP5,1,,,,,,,,,,AMD Radeon Graphics,8,1.20 GHz,,2020-Q3,,YM350CC4T4MFG,https://www.amd.com/en/products/specifications/processors.html,1,high,
AMD,cpu,,Ryzen,Ryzen 3000 Series,desktop,Matisse,TSMC 7nm FinFET,Ryzen 5 3500 Processor (OEM Only),AMD Ryzen 5 3500 Processor (OEM Only),6,,,6,3.60 GHz,4.10 GHz,,3 MB,16 MB,65W,,,AM4,1,4.0,,DDR4,2,Up to 3200 MT/s,,,,,Discrete Graphics Card Required,,,,,,100-000000050,https://www.amd.com/en/products/specifications/processors.html,1,high,Unlocked
AMD,cpu,,Ryzen,Ryzen 3000 Series,mobile,Picasso,12nm,Ryzen 5 3450U,AMD Ryzen 5 3450U,4,,,8,2.10 GHz,3.50 GHz,,2 MB,4 MB,15W,,,FP5,1,3.0,,,2,Up to 2400 MT/s,,,,,Radeon Vega 8 Graphics,,1.20 GHz,,2020,,YM3450C4T4MFG,https://www.amd.com/en/products/specifications/processors.html,1,high,
AMD,cpu,,Ryzen,Ryzen 3000 Series,desktop,Picasso,12nm,Ryzen 5 3400GE (OEM Only),AMD Ryzen 5 3400GE (OEM Only),4,,,8,3.30 GHz,4.00 GHz,,2 MB,4 MB,35W,,,AM4,1,3.0,,,2,Up to 2933 MT/s,,,,,Radeon Vega 11 Graphics,11,1.30 GHz,,2019-Q3,,YD3400C6M4MFH,https://www.amd.com/en/products/specifications/processors.html,1,high,Unlocked
AMD,cpu,,Ryzen,Ryzen 3000 Series,desktop,Picasso,12nm FinFET,Ryzen 5 3400G with Radeon RX Vega 11 Graphics,AMD Ryzen 5 3400G with Radeon RX Vega 11 Graphics,4,,,8,3.70 GHz,4.20 GHz,,2 MB,4 MB,65W,,,AM4,1,3.0,,DDR4,2,,,,,,Radeon RX Vega 11 Graphics,11,1.40 GHz,,2019-Q3,,YD3400C5M4MFH,https://www.amd.com/en/products/specifications/processors.html,1,high,Unlocked
AMD,cpu,,Ryzen,Ryzen 3000 Series,mobile,Picasso,12nm,Ryzen 3 3350U,AMD Ryzen 3 3350U,4,,,4,2.10 GHz,3.50 GHz,,2 MB,4 MB,15W,,,FP5,1,3.0,,,2,Up to 2400 MT/s,,,,,Radeon Vega 6 Graphics,6,1.20 GHz,,2019,,YM3300C4T4MFG,https://www.amd.com/en/products/specifications/processors.html,1,high,
AMD,cpu,,Ryzen,Ryzen 3000 Series,desktop,Matisse,TSMC 7nm FinFET,Ryzen 3 3300X,AMD Ryzen 3 3300X,4,,,8,3.80 GHz,4.30 GHz,,2 MB,16 MB,65W,,,AM4,1,4.0,,DDR4,,Up to 3200 MT/s,,,,,Discrete Graphics Card Required,,,,,,100-000000159,https://www.amd.com/en/products/specifications/processors.html,1,high,Unlocked
AMD,cpu,,Ryzen,Ryzen 3000 Series,mobile,Picasso,12nm,Ryzen 3 3300U,AMD Ryzen 3 3300U,4,,,4,2.10 GHz,3.50 GHz,,2 MB,4 MB,15W,,,FP5,1,3.0,,,2,Up to 2400 MT/s,,,,,Radeon Vega 6 Graphics,6,1.20 GHz,,2019,,YM3300C4T4MFG,https://www.amd.com/en/products/specifications/processors.html,1,high,
AMD,cpu,,Ryzen,Ryzen 3000 Series,mobile,Dali,14nm,Ryzen 3 3250U,AMD Ryzen 3 3250U,2,,,4,2.60 GHz,3.50 GHz,,1 MB,4 MB,15W,,,FP5,1,3.0,,DDR4,2,Up to 2400 MT/s,,,,,AMD Radeon Graphics,3,1.20 GHz,,2020-Q1,,YM3250C4T2OFG,https://www.amd.com/en/products/specifications/processors.html,1,high,
AMD,cpu,,Ryzen,Ryzen 3000 Series,mobile,Picasso,14nm,Ryzen 3 3250C,AMD Ryzen 3 3250C,2,,,4,2.60 GHz,3.50 GHz,,1 MB,4 MB,15W,,,FP5,1,,,,,,,,,,AMD Radeon Graphics,3,1.20 GHz,,2020-Q3,,YM325CC4T2OFG,https://www.amd.com/en/products/specifications/processors.html,1,high,
AMD,cpu,,Ryzen,Ryzen 3000 Series,mobile,Picasso,14nm,Ryzen 3 3200U,AMD Ryzen 3 3200U,2,,,4,2.60 GHz,3.50 GHz,,1 MB,4 MB,15W,,,FP5,1,3.0,,,2,Up to 2400 MT/s,,,,,Radeon Vega 3 Graphics,3,1.20 GHz,,2019,,YM3200C4T2OFG,https://www.amd.com/en/products/specifications/processors.html,1,high,
AMD,cpu,,Ryzen,Ryzen 3000 Series,desktop,Picasso,12nm,Ryzen 3 3200GE (OEM Only),AMD Ryzen 3 3200GE (OEM Only),4,,,4,3.30 GHz,3.80 GHz,,2 MB,4 MB,35W,,,AM4,1,3.0,,,2,Up to 2933 MT/s,,,,,Radeon Vega 8 Graphics,8,1.20 GHz,,2019-Q3,,YD3200C6M4MFH,https://www.amd.com/en/products/specifications/processors.html,1,high,Unlocked
AMD,cpu,,Ryzen,Ryzen 3000 Series,desktop,Picasso,12nm FinFET,Ryzen 3 3200G with Radeon Vega 8 Graphics,AMD Ryzen 3 3200G with Radeon Vega 8 Graphics,4,,,4,3.60 GHz,4.00 GHz,,2 MB,4 MB,65W,,,AM4,1,3.0,,DDR4,2,Up to 2933 MT/s,,,,,Radeon Vega 8 Graphics,8,1.25 GHz,,2019-Q3,,YD3200C5M4MFH,https://www.amd.com/en/products/specifications/processors.html,1,high,Unlocked
AMD,cpu,,Ryzen,Ryzen 3000 Series,mobile,Picasso,12nm,Ryzen 3 3100U,AMD Ryzen 3 3100U,2,,,2,1.90 GHz,3.20 GHz,,1 MB,4 MB,15W,,,FP5,1,3.0,,,2,Up to 2400 MT/s,,,,,Radeon Vega 8 Graphics,8,1.20 GHz,,2026,,YM3100C4T2OFG,https://www.amd.com/en/products/specifications/processors.html,1,high,
AMD,cpu,,Ryzen,Ryzen 3000 Series,desktop,Matisse,TSMC 7nm FinFET,Ryzen 3 3100,AMD Ryzen 3 3100,4,,,8,3.60 GHz,3.90 GHz,,2 MB,16 MB,65W,,,AM4,1,4.0,,DDR4,,Up to 3200 MT/s,,,,,Discrete Graphics Card Required,,,,2020,,100-000000284,https://www.amd.com/en/products/specifications/processors.html,1,high,Unlocked
AMD,cpu,,Athlon PRO,Athlon PRO 3000 Series,desktop,Picasso,12nm,Athlon Gold PRO 3150GE,AMD Athlon Gold PRO 3150GE,4,,,4,3.30 GHz,3.80 GHz,,2 MB,4 MB,35W,,,AM4,1,3.0,,DDR4,2,Up to 2933 MT/s,,,,,Radeon Graphics,3,1.10 GHz,,2020-Q3,,YD315BC6M4MFH,https://www.amd.com/en/products/specifications/processors.html,1,high,
AMD,cpu,,Athlon PRO,Athlon PRO 3000 Series,desktop,Picasso,12nm,Athlon Gold PRO 3150G,AMD Athlon Gold PRO 3150G,4,,,4,3.50 GHz,3.90 GHz,,2 MB,4 MB,65W,,,AM4,1,3.0,,DDR4,2,Up to 2933 MT/s,,,,,Radeon Graphics,3,1.10 GHz,,2020-Q3,,YD315BC5M4MFH,https://www.amd.com/en/products/specifications/processors.html,1,high,
AMD,cpu,,Athlon PRO,Athlon PRO 3000 Series,mobile,Dali,14nm,Athlon PRO 3145B,AMD Athlon PRO 3145B,2,,,4,2.40 GHz,3.30 GHz,,1 MB,4 MB,15W,,,FP5,1,3.0,,DDR4,2,Up to 2400 MT/s,,,,,AMD Radeon Graphics,3,1.00 GHz,,,,YM3145C4T2OFG,https://www.amd.com/en/products/specifications/processors.html,1,high,
AMD,cpu,,Athlon PRO,Athlon PRO 3000 Series,desktop,Picasso,12nm,Athlon Silver PRO 3125GE,AMD Athlon Silver PRO 3125GE,2,,,4,3.40 GHz,3.40 GHz,,1 MB,4 MB,35W,,,AM4,1,3.0,,DDR4,2,Up to 2667 MT/s,,,,,Radeon Graphics,3,1.10 GHz,,2020-Q3,,YD3125C6M2OFH,https://www.amd.com/en/products/specifications/processors.html,1,high,
AMD,cpu,,Athlon PRO,Athlon PRO 3000 Series,mobile,Dali,14nm,Athlon PRO 3045B,AMD Athlon PRO 3045B,2,,,2,2.30 GHz,3.20 GHz,,1 MB,4 MB,15W,,,FP5,1,3.0,,DDR4,2,Up to 2400 MT/s,,,,,AMD Radeon Graphics,2,1.10 GHz,,,,YM3045C4T2OFG,https://www.amd.com/en/products/specifications/processors.html,1,high,
AMD,cpu,,Athlon,Athlon 3000 Series,mobile,Dali,14nm,Athlon Gold 3150U,AMD Athlon Gold 3150U,2,,,4,2.40 GHz,3.30 GHz,,1 MB,4 MB,15W,,,FP5,1,,,DDR4,2,Up to 2400 MT/s,,,,,AMD Radeon Graphics,3,1.00 GHz,,2020-Q1,,YM3150C4T2OFG,https://www.amd.com/en/products/specifications/processors.html,1,high,
AMD,cpu,,Athlon,Athlon 3000 Series,desktop,Picasso,12nm,Athlon Gold 3150GE (OEM Only),AMD Athlon Gold 3150GE (OEM Only),4,,,4,3.30 GHz,3.80 GHz,,2 MB,4 MB,35W,,,AM4,1,3.0,,DDR4,2,Up to 2933 MT/s,,,,,Radeon Graphics,3,1.10 GHz,,2020-Q3,,YD3150C6M4MFH,https://www.amd.com/en/products/specifications/processors.html,1,high,Unlocked
AMD,cpu,,Athlon,Athlon 3000 Series,desktop,Picasso,12nm,Athlon Gold 3150G (OEM Only),AMD Athlon Gold 3150G (OEM Only),4,,,4,3.50 GHz,3.90 GHz,,2 MB,4 MB,65W,,,AM4,1,3.0,,DDR4,2,Up to 2933 MT/s,,,,,Radeon Graphics,3,1.10 GHz,,2020-Q3,,YD3150C5M4MFH,https://www.amd.com/en/products/specifications/processors.html,1,high,Unlocked
AMD,cpu,,Athlon,Athlon 3000 Series,mobile,Dali,14nm,Athlon Gold 3150C,AMD Athlon Gold 3150C,2,,,4,2.40 GHz,3.30 GHz,,1 MB,4 MB,15W,,,FP5,1,,,,,,,,,,AMD Radeon Graphics,3,1.10 GHz,,2020-Q3,,YM315CC4T2OFG,https://www.amd.com/en/products/specifications/processors.html,1,high,
AMD,cpu,,Athlon,Athlon 3000 Series,mobile,Dali,14nm,Athlon Silver 3050U,AMD Athlon Silver 3050U,2,,,2,2.30 GHz,3.20 GHz,,1 MB,4 MB,15W,,,FP5,1,3.0,,DDR4,2,Up to 2400 MT/s,,,,,AMD Radeon Graphics,2,1.10 GHz,,2020-Q1,,YM3050C4T2OFG,https://www.amd.com/en/products/specifications/processors.html,1,high,
AMD,cpu,,Athlon,Athlon 3000 Series,desktop,Picasso,14nm,Athlon Silver 3050GE (OEM Only),AMD Athlon Silver 3050GE (OEM Only),2,,,4,3.40 GHz,3.40 GHz,,1 MB,4 MB,35W,,,AM4,1,3.0,,DDR4,2,Up to 2667 MT/s,,,,,Radeon Graphics,3,1.10 GHz,,2020-Q3,,YD305GC6M2OFH,https://www.amd.com/en/products/specifications/processors.html,1,high,Unlocked
AMD,cpu,,Athlon,Athlon 3000 Series,mobile,Dali,14nm,Athlon Silver 3050e,AMD Athlon Silver 3050e,2,,,4,1.40 GHz,2.80 GHz,,1 MB,4 MB,6W,,,,1,3.0,,DDR4,2,Up to 2400 MT/s,,,,,AMD Radeon Graphics,3,1.00 GHz,,2020-Q1,,YM3050C7T2OFG,https://www.amd.com/en/products/specifications/processors.html,1,high,
AMD,cpu,,Athlon,Athlon 3000 Series,mobile,Dali,14nm,Athlon Silver 3050C,AMD Athlon Silver 3050C,2,,,2,2.30 GHz,3.20 GHz,,1 MB,4 MB,15W,,,FP5,1,,,,,,,,,,AMD Radeon Graphics,2,1.10 GHz,,2020-Q3,,YM305CC4T2OFG,https://www.amd.com/en/products/specifications/processors.html,1,high,
AMD,cpu,,Athlon,Athlon 3000 Series,desktop,Picasso,14nm,Athlon 3000G,AMD Athlon 3000G,2,,,4,3.50 GHz,,,1 MB,4 MB,35W,,,AM4,1,3.0,,,2,Up to 2667 MT/s,,,,,Radeon Vega 3 Graphics,3,1.10 GHz,,,,YD3000C6M2OFH,https://www.amd.com/en/products/specifications/processors.html,1,high,Unlocked
AMD,cpu,,Athlon PRO,Athlon PRO 300 Series,mobile,Picasso,14nm,Athlon PRO 300U Mobile Processor with Radeon Vega 3 Graphics,AMD Athlon PRO 300U Mobile Processor with Radeon Vega 3 Graphics,2,,,4,2.40 GHz,3.30 GHz,,1 MB,4 MB,15W,,,FP5,1,3.0,,,2,Up to 2400 MT/s,,,,,Radeon Vega 3 Graphics,3,1.00 GHz,,,,YM300BC4T2OFG,https://www.amd.com/en/products/specifications/processors.html,1,high,
AMD,cpu,,Athlon PRO,Athlon PRO 300 Series,desktop,Picasso,12nm,Athlon PRO 300GE,AMD Athlon PRO 300GE,2,,,4,3.40 GHz,,,1 MB,4 MB,35W,,,AM4,1,3.0,,DDR4,2,Up to 2667 MT/s,,,,,Radeon Vega 3 Graphics,3,1.10 GHz,,2019-Q3,,YD300BC6M2OFH,https://www.amd.com/en/products/specifications/processors.html,1,high,
AMD,cpu,,Athlon,Athlon 300 Series,desktop,Raven Ridge,14nm FinFET,Athlon 320GE,AMD Athlon 320GE,2,,,4,3.50 GHz,,,1 MB,4 MB,35W,,,AM4,1,3.0,,DDR4,2,Up to 2667 MT/s,,,,,Radeon Vega 3 Graphics,3,1.10 GHz,,2019-Q3,,YD32GEC6M2OFH,https://www.amd.com/en/products/specifications/processors.html,1,high,Unlocked
AMD,cpu,,Athlon,Athlon 300 Series,mobile,Picasso,14nm,Athlon 300U,AMD Athlon 300U,2,,,4,2.40 GHz,3.30 GHz,,1 MB,4 MB,15W,,,FP5,1,,,,2,Up to 2400 MT/s,,,,,Radeon Vega 3 Graphics,3,1.00 GHz,,,,YM300UC4T2OFG,https://www.amd.com/en/products/specifications/processors.html,1,high,
AMD,cpu,,Athlon,Athlon 300 Series,desktop,Dali,14nm,Athlon 300GE,AMD Athlon 300GE,2,,,4,3.40 GHz,,,1 MB,4 MB,35W,,,AM4,1,3.0,,,2,Up to 2667 MT/s,,,,,Radeon Vega 3 Graphics,3,1.10 GHz,,2019-Q3,,YD30GEC6M2OFH,https://www.amd.com/en/products/specifications/processors.html,1,high,Unlocked
AMD,cpu,,Athlon PRO,Athlon PRO 200 Series,mobile,Raven Ridge,14nm,Athlon PRO 200U Mobile Processor with Radeon Vega 3 Graphics,AMD Athlon PRO 200U Mobile Processor with Radeon Vega 3 Graphics,2,,,4,2.30 GHz,3.20 GHz,,1 MB,4 MB,15W,,,FP5,1,3.0,,,2,Up to 2400 MT/s,,,,,Radeon Vega 3 Graphics,3,1.00 GHz,,,,YM200UC4T2OFB,https://www.amd.com/en/products/specifications/processors.html,1,high,
AMD,cpu,,Athlon PRO,Athlon PRO 200 Series,desktop,Raven Ridge,14nm,Athlon PRO 200GE,AMD Athlon PRO 200GE,2,,,4,3.20 GHz,,,1 MB,4 MB,35W,,,AM4,1,3.0,,,2,Up to 2667 MT/s,,,,,Radeon Vega 3 Graphics,3,1.00 GHz,,,,YD200BC6M2OFB,https://www.amd.com/en/products/specifications/processors.html,1,high,
AMD,cpu,,Athlon,Athlon 200 Series,desktop,Raven Ridge,14nm,Athlon 240GE,AMD Athlon 240GE,2,,,4,3.50 GHz,,,1 MB,4 MB,35W,,,AM4,1,3.0,,,2,Up to 2667 MT/s,,,,,Radeon Vega 3 Graphics,3,1.00 GHz,,,,YD240GC6M2OFB,https://www.amd.com/en/products/specifications/processors.html,1,high,
AMD,cpu,,Athlon,Athlon 200 Series,desktop,Picasso,14nm,Athlon 220GE,AMD Athlon 220GE,2,,,4,3.40 GHz,,,1 MB,4 MB,35W,,,AM4,1,3.0,,,2,Up to 2667 MT/s,,,,,Radeon Vega 3 Graphics,3,1.00 GHz,,,,YD220GC6M2OFB,https://www.amd.com/en/products/specifications/processors.html,1,high,
AMD,cpu,,Athlon,Athlon 200 Series,desktop,Picasso,14nm,Athlon 200GE,AMD Athlon 200GE,2,,,4,3.20 GHz,,,1 MB,4 MB,35W,,,AM4,1,3.0,,,2,Up to 2667 MT/s,,,,,Radeon Vega 3 Graphics,3,1.00 GHz,,,,YD200GC6M2OFB / YD20GGC6M2OFB,https://www.amd.com/en/products/specifications/processors.html,1,high,
AMD,cpu,,Ryzen Threadripper,Ryzen Threadripper 2000 Series,workstation,Colfax,12nm,Ryzen Threadripper 2990WX,AMD Ryzen Threadripper 2990WX,32,,,64,3.00 GHz,4.20 GHz,,16 MB,64 MB,250W,,,sTR4,1,3.0,,DDR4,4,Up to 2933 MT/s,,,,,Discrete Graphics Card Required,,,,2018-Q3,,YD299XAZUIHAF,https://www.amd.com/en/products/specifications/processors.html,1,high,Unlocked
AMD,cpu,,Ryzen Threadripper,Ryzen Threadripper 2000 Series,workstation,Colfax,12nm,Ryzen Threadripper 2970WX,AMD Ryzen Threadripper 2970WX,24,,,48,3.00 GHz,4.20 GHz,,12 MB,64 MB,250W,,,sTR4,1,3.0,,DDR4,4,Up to 2933 MT/s,,,,,Discrete Graphics Card Required,,,,2018,,YD297XAZUHCAF,https://www.amd.com/en/products/specifications/processors.html,1,high,Unlocked
AMD,cpu,,Ryzen Threadripper,Ryzen Threadripper 2000 Series,workstation,Colfax,12nm,Ryzen Threadripper 2950X,AMD Ryzen Threadripper 2950X,16,,,32,3.50 GHz,4.40 GHz,,8 MB,32 MB,180W,,,sTR4,1,3.0,,DDR4,4,Up to 2933 MT/s,,,,,Discrete Graphics Card Required,,,,2018-Q3,,YD295XA8UGAAF,https://www.amd.com/en/products/specifications/processors.html,1,high,Unlocked
AMD,cpu,,Ryzen Threadripper,Ryzen Threadripper 2000 Series,workstation,Colfax,12nm,Ryzen Threadripper 2920X,AMD Ryzen Threadripper 2920X,12,,,24,3.50 GHz,4.30 GHz,,6 MB,32 MB,180W,,,sTR4,1,3.0,,DDR4,4,Up to 2933 MT/s,,,,,Discrete Graphics Card Required,,,,2018,,YD292XA8UC9AF,https://www.amd.com/en/products/specifications/processors.html,1,high,Unlocked
AMD,cpu,,Ryzen PRO,Ryzen PRO 2000 Series,desktop,Pinnacle Ridge,12nm,Ryzen 7 PRO 2700X,AMD Ryzen 7 PRO 2700X,8,,,16,3.60 GHz,4.10 GHz,,4 MB,16 MB,95W,,,AM4,1,3.0,,DDR4,2,Up to 2933 MT/s,,,,,Discrete Graphics Card Required,,,,,,YD27BXBAM88AF,https://www.amd.com/en/products/specifications/processors.html,1,high,
AMD,cpu,,Ryzen PRO,Ryzen PRO 2000 Series,mobile,Raven Ridge,14nm,Ryzen 7 PRO 2700U,AMD Ryzen 7 PRO 2700U,4,,,8,2.20 GHz,3.80 GHz,,2 MB,4 MB,15W,,,FP5,1,3.0,,DDR4,2,Up to 2400 MT/s,,,,,Radeon Vega 10 Graphics,10,1.30 GHz,,2019,,YM270BC4T4MFB,https://www.amd.com/en/products/specifications/processors.html,1,high,
AMD,cpu,,Ryzen PRO,Ryzen PRO 2000 Series,desktop,Pinnacle Ridge,12nm,Ryzen 7 PRO 2700,AMD Ryzen 7 PRO 2700,8,,,16,3.20 GHz,4.10 GHz,,4 MB,16 MB,65W,,,AM4,1,3.0,,DDR4,2,Up to 2933 MT/s,,,,,Discrete Graphics Card Required,,,,,,YD270BBBM88AF,https://www.amd.com/en/products/specifications/processors.html,1,high,
AMD,cpu,,Ryzen PRO,Ryzen PRO 2000 Series,desktop,Pinnacle Ridge,12nm,Ryzen 5 PRO 2600,AMD Ryzen 5 PRO 2600,6,,,12,3.40 GHz,3.90 GHz,,3 MB,16 MB,65W,,,AM4,1,3.0,,DDR4,2,Up to 2933 MT/s,,,,,Discrete Graphics Card Required,,,,,,YD260BBBM6IAF,https://www.amd.com/en/products/specifications/processors.html,1,high,
AMD,cpu,,Ryzen PRO,Ryzen PRO 2000 Series,mobile,Raven Ridge,14nm,Ryzen 5 PRO 2500U,AMD Ryzen 5 PRO 2500U,4,,,8,2.00 GHz,3.60 GHz,,2 MB,4 MB,15W,,,FP5,1,3.0,,DDR4,2,Up to 2400 MT/s,,,,,Radeon Vega 8 Graphics,8,1.10 GHz,,2019,,YM250BC4T4MFB,https://www.amd.com/en/products/specifications/processors.html,1,high,
AMD,cpu,,Ryzen PRO,Ryzen PRO 2000 Series,desktop,Raven Ridge,14nm FinFET,Ryzen 5 PRO 2400GE with Radeon Vega 11 Graphics,AMD Ryzen 5 PRO 2400GE with Radeon Vega 11 Graphics,4,,,8,3.20 GHz,3.80 GHz,,2 MB,4 MB,35W,,,AM4,1,3.0,,DDR4,2,Up to 2933 MT/s,,,,,Radeon Vega 11 Graphics,11,1.25 GHz,,2018-Q2,,YD240BC6M4MFB,https://www.amd.com/en/products/specifications/processors.html,1,high,
AMD,cpu,,Ryzen PRO,Ryzen PRO 2000 Series,desktop,Raven Ridge,14nm FinFET,Ryzen 5 PRO 2400G with Radeon Vega 11 Graphics,AMD Ryzen 5 PRO 2400G with Radeon Vega 11 Graphics,4,,,8,3.60 GHz,3.90 GHz,,2 MB,4 MB,65W,,,AM4,1,3.0,,,2,Up to 2933 MT/s,,,,,Radeon Vega 11 Graphics,11,1.25 GHz,,2018-Q2,,YD240BC5M4MFB,https://www.amd.com/en/products/specifications/processors.html,1,high,
AMD,cpu,,Ryzen PRO,Ryzen PRO 2000 Series,mobile,Raven Ridge,14nm,Ryzen 3 PRO 2300U,AMD Ryzen 3 PRO 2300U,4,,,4,2.00 GHz,3.40 GHz,,2 MB,4 MB,15W,,,FP5,1,3.0,,DDR4,2,Up to 2400 MT/s,,,,,Radeon Vega 6 Graphics,6,1.10 GHz,,2019,,YM230BC4T4MFB,https://www.amd.com/en/products/specifications/processors.html,1,high,
AMD,cpu,,Ryzen PRO,Ryzen PRO 2000 Series,desktop,Raven Ridge,14nm FinFET,Ryzen 3 PRO 2200GE with Radeon Vega 8 Graphics,AMD Ryzen 3 PRO 2200GE with Radeon Vega 8 Graphics,4,,,4,3.20 GHz,3.60 GHz,,2 MB,4 MB,35W,,,AM4,1,3.0,,DDR4,2,Up to 2933 MT/s,,,,,Radeon Vega 8 Graphics,8,1.10 GHz,,2018-Q2,,YD220BC6M4MFB,https://www.amd.com/en/products/specifications/processors.html,1,high,
AMD,cpu,,Ryzen PRO,Ryzen PRO 2000 Series,desktop,Raven Ridge,14nm FinFET,Ryzen 3 PRO 2200G with Radeon Vega 8 Graphics,AMD Ryzen 3 PRO 2200G with Radeon Vega 8 Graphics,4,,,4,3.50 GHz,3.70 GHz,,2 MB,4 MB,65W,,,AM4,1,3.0,,,2,Up to 2933 MT/s,,,,,Radeon Vega 8 Graphics,8,1.10 GHz,,2018-Q2,,YD220BC5M4MFB,https://www.amd.com/en/products/specifications/processors.html,1,high,
AMD,cpu,,Ryzen,Ryzen 2000 Series,mobile,Raven Ridge,14nm,Ryzen 7 2800H,AMD Ryzen 7 2800H,4,,,8,3.30 GHz,3.80 GHz,,2 MB,4 MB,45W,,,FP5,1,3.0,,,2,Up to 3200 MT/s,,,,,Radeon RX Vega 11 Graphics,11,1.30 GHz,,2018-Q3,,YM2800C3T4MFB,https://www.amd.com/en/products/specifications/processors.html,1,high,
AMD,cpu,,Ryzen,Ryzen 2000 Series,desktop,Pinnacle Ridge,12nm FinFET,Ryzen 7 2700X,AMD Ryzen 7 2700X,8,,,16,3.70 GHz,4.30 GHz,,4 MB,16 MB,105W,,,AM4,1,3.0,,DDR4,2,Up to 2933 MT/s,,,,,Discrete Graphics Card Required,,,,2018-Q2,,YD270XBGM88AF,https://www.amd.com/en/products/specifications/processors.html,1,high,Unlocked
AMD,cpu,,Ryzen,Ryzen 2000 Series,mobile,Raven Ridge,14nm,Ryzen 7 2700U,AMD Ryzen 7 2700U,4,,,8,2.20 GHz,3.80 GHz,,2 MB,4 MB,15W,,,FP5,1,3.0,,DDR4,2,Up to 2400 MT/s,,,,,Radeon RX Vega 10 Graphics,10,1.30 GHz,,2017-Q4,,YM2700C4T4MFB,https://www.amd.com/en/products/specifications/processors.html,1,high,
AMD,cpu,,Ryzen,Ryzen 2000 Series,desktop,Pinnacle Ridge,12nm,Ryzen 7 2700E Processor,AMD Ryzen 7 2700E Processor,8,,,16,2.80 GHz,4.00 GHz,,4 MB,16 MB,45W,,,AM4,1,3.0,,DDR4,2,Up to 2667 MT/s,,,,,Discrete Graphics Card Required,,,,2018,,YD270EBHM88AF,https://www.amd.com/en/products/specifications/processors.html,1,high,Unlocked
AMD,cpu,,Ryzen,Ryzen 2000 Series,desktop,Pinnacle Ridge,12nm FinFET,Ryzen 7 2700,AMD Ryzen 7 2700,8,,,16,3.20 GHz,4.10 GHz,,4 MB,16 MB,65W,,,AM4,1,3.0,,DDR4,2,Up to 2933 MT/s,,,,,Discrete Graphics Card Required,,,,2018-Q2,,YD2700BBM88AF,https://www.amd.com/en/products/specifications/processors.html,1,high,Unlocked
AMD,cpu,,Ryzen,Ryzen 2000 Series,desktop,Pinnacle Ridge,12nm FinFET,Ryzen 5 2600X,AMD Ryzen 5 2600X,6,,,12,3.60 GHz,4.20 GHz,,3 MB,16 MB,95W,,,AM4,1,3.0,,DDR4,2,Up to 2933 MT/s,,,,,Discrete Graphics Card Required,,,,2018-Q2,,YD260XBCM6IAF,https://www.amd.com/en/products/specifications/processors.html,1,high,Unlocked
AMD,cpu,,Ryzen,Ryzen 2000 Series,mobile,Raven Ridge,14nm,Ryzen 5 2600H,AMD Ryzen 5 2600H,4,,,8,3.20 GHz,3.60 GHz,,2 MB,4 MB,45W,,,FP5,1,3.0,,,2,Up to 3200 MT/s,,,,,Radeon Vega 8 Graphics,8,1.10 GHz,,2018-Q3,,YM2600C3T4MFB,https://www.amd.com/en/products/specifications/processors.html,1,high,
AMD,cpu,,Ryzen,Ryzen 2000 Series,desktop,Pinnacle Ridge,12nm,Ryzen 5 2600E,AMD Ryzen 5 2600E,6,,,12,3.10 GHz,4.00 GHz,,3 MB,16 MB,45W,,,AM4,1,3.0,,DDR4,2,Up to 2667 MT/s,,,,,Discrete Graphics Card Required,,,,2018,,YD260EBHM6IAF,https://www.amd.com/en/products/specifications/processors.html,1,high,Unlocked
AMD,cpu,,Ryzen,Ryzen 2000 Series,desktop,Pinnacle Ridge,12nm FinFET,Ryzen 5 2600,AMD Ryzen 5 2600,6,,,12,3.40 GHz,3.90 GHz,,3 MB,16 MB,65W,,,AM4,1,3.0,,DDR4,2,Up to 2933 MT/s,,,,,Discrete Graphics Card Required,,,,2018-Q2,,YD2600BBM6IAF,https://www.amd.com/en/products/specifications/processors.html,1,high,Unlocked
AMD,cpu,,Ryzen,Ryzen 2000 Series,desktop,Pinnacle Ridge,12nm,Ryzen 5 2500X,AMD Ryzen 5 2500X,4,,,8,3.60 GHz,4.00 GHz,,2 MB,8 MB,65W,,,AM4,1,3.0,,DDR4,2,Up to 2933 MT/s,,,,,Discrete Graphics Card Required,,,,2018-Q3,,YD250XBBM4KAF,https://www.amd.com/en/products/specifications/processors.html,1,high,Unlocked
AMD,cpu,,Ryzen,Ryzen 2000 Series,mobile,Raven Ridge,14nm,Ryzen 5 2500U,AMD Ryzen 5 2500U,4,,,8,2.00 GHz,3.60 GHz,,2 MB,4 MB,15W,,,FP5,1,3.0,,DDR4,2,Up to 2400 MT/s,,,,,Radeon Vega 8 Graphics,8,1.10 GHz,,2017-Q4,,YM2500C4T4MFB,https://www.amd.com/en/products/specifications/processors.html,1,high,
AMD,cpu,,Ryzen,Ryzen 2000 Series,desktop,Raven Ridge,14nm FinFET,Ryzen 5 2400GE with Radeon RX Vega 11 Graphics,AMD Ryzen 5 2400GE with Radeon RX Vega 11 Graphics,4,,,8,3.20 GHz,3.80 GHz,,2 MB,4 MB,35W,,,AM4,1,3.0,,DDR4,2,Up to 2933 MT/s,,,,,Radeon RX Vega 11 Graphics,11,1.25 GHz,,2018-Q2,,YD2400C6M4MFB,https://www.amd.com/en/products/specifications/processors.html,1,high,Unlocked
AMD,cpu,,Ryzen,Ryzen 2000 Series,desktop,Raven Ridge,14nm FinFET,Ryzen 5 2400G with Radeon RX Vega 11 Graphics,AMD Ryzen 5 2400G with Radeon RX Vega 11 Graphics,4,,,8,3.60 GHz,3.90 GHz,,2 MB,4 MB,65W,,,AM4,1,3.0,,DDR4,2,Up to 2933 MT/s,,,,,Radeon RX Vega 11 Graphics,11,1.25 GHz,,2018-Q1,,YD2400C5M4MFB,https://www.amd.com/en/products/specifications/processors.html,1,high,Unlocked
AMD,cpu,,Ryzen,Ryzen 2000 Series,desktop,Pinnacle Ridge,12nm,Ryzen 3 2300X,AMD Ryzen 3 2300X,4,,,4,3.50 GHz,4.00 GHz,,2 MB,8 MB,65W,,,AM4,1,3.0,,DDR4,2,Up to 2933 MT/s,,,,,Discrete Graphics Card Required,,,,2018-Q3,,YD230XBBM4KAF,https://www.amd.com/en/products/specifications/processors.html,1,high,Unlocked
AMD,cpu,,Ryzen,Ryzen 2000 Series,mobile,Raven Ridge,14nm,Ryzen 3 2300U,AMD Ryzen 3 2300U,4,,,4,2.00 GHz,3.40 GHz,,2 MB,4 MB,15W,,,FP5,1,3.0,,DDR4,2,Up to 2400 MT/s,,,,,Radeon Vega 6 Graphics,6,1.10 GHz,,2018-Q1,,YM2300C4T4MFB,https://www.amd.com/en/products/specifications/processors.html,1,high,
AMD,cpu,,Ryzen,Ryzen 2000 Series,mobile,Raven Ridge,14nm,Ryzen 3 2200U,AMD Ryzen 3 2200U,2,,,4,2.50 GHz,3.40 GHz,,1 MB,4 MB,15W,,,FP5,1,3.0,,DDR4,2,Up to 2400 MT/s,,,,,Radeon Vega 3 Graphics,3,1.10 GHz,,2018-Q1,,YM2200C4T2OFB,https://www.amd.com/en/products/specifications/processors.html,1,high,
AMD,cpu,,Ryzen,Ryzen 2000 Series,desktop,Raven Ridge,14nm FinFET,Ryzen 3 2200GE with Radeon Vega 8 Graphics,AMD Ryzen 3 2200GE with Radeon Vega 8 Graphics,4,,,4,3.20 GHz,3.60 GHz,,2 MB,4 MB,35W,,,AM4,1,3.0,,DDR4,2,Up to 2933 MT/s,,,,,Radeon Vega 8 Graphics,8,1.10 GHz,,2018-Q2,,YD2200C6M4MFB,https://www.amd.com/en/products/specifications/processors.html,1,high,Unlocked
AMD,cpu,,Ryzen,Ryzen 2000 Series,desktop,Raven Ridge,14nm FinFET,Ryzen 3 2200G with Radeon Vega 8 Graphics,AMD Ryzen 3 2200G with Radeon Vega 8 Graphics,4,,,4,3.50 GHz,3.70 GHz,,2 MB,4 MB,65W,,,AM4,1,3.0,,DDR4,2,Up to 2933 MT/s,,,,,Radeon Vega 8 Graphics,8,1.10 GHz,,2018-Q1,,YD2200C5M4MFB,https://www.amd.com/en/products/specifications/processors.html,1,high,Unlocked
AMD,cpu,,Ryzen Threadripper,Ryzen Threadripper 1000 Series,workstation,Whitehaven,14nm,Ryzen Threadripper 1950X,AMD Ryzen Threadripper 1950X,16,,,32,3.40 GHz,4.00 GHz,,8 MB,32 MB,180W,,,sTR4,1,3.0,,DDR4,4,Up to 2667 MT/s,,,,,Discrete Graphics Card Required,,,,2017-Q3,,YD195XA8UGAAE,https://www.amd.com/en/products/specifications/processors.html,1,medium,"Unlocked | AMD CSV lists placeholder ""Threadripper""; Whitehaven is the silicon codename"
AMD,cpu,,Ryzen Threadripper,Ryzen Threadripper 1000 Series,workstation,Whitehaven,14nm,Ryzen Threadripper 1920X,AMD Ryzen Threadripper 1920X,12,,,24,3.50 GHz,4.00 GHz,,6 MB,32 MB,180W,,,sTR4,1,3.0,,DDR4,4,Up to 2667 MT/s,,,,,Discrete Graphics Card Required,,,,2017-Q3,,YD192XA8UC9AE,https://www.amd.com/en/products/specifications/processors.html,1,medium,"Unlocked | AMD CSV lists placeholder ""Threadripper""; Whitehaven is the silicon codename"
AMD,cpu,,Ryzen Threadripper,Ryzen Threadripper 1000 Series,workstation,Summit Ridge,14nm,Ryzen Threadripper 1900X,AMD Ryzen Threadripper 1900X,8,,,16,3.80 GHz,4.00 GHz,,4 MB,16 MB,180W,,,sTR4,1,3.0,,DDR4,4,Up to 2667 MT/s,,,,,Discrete Graphics Card Required,,,,2017-Q3,,YD190XA8U8QAE,https://www.amd.com/en/products/specifications/processors.html,1,high,Unlocked
AMD,cpu,,Ryzen PRO,Ryzen PRO 1000 Series,desktop,Summit Ridge,14nm,Ryzen 7 PRO 1700X Processor,AMD Ryzen 7 PRO 1700X Processor,8,,,16,3.40 GHz,3.80 GHz,,4 MB,16 MB,95W,,,AM4,1,3.0,,DDR4,2,Up to 2667 MT/s,,,,,Discrete Graphics Card Required,,,,2017-Q2,,YD17XBBAM88AE,https://www.amd.com/en/products/specifications/processors.html,1,high,
AMD,cpu,,Ryzen PRO,Ryzen PRO 1000 Series,desktop,Summit Ridge,14nm,Ryzen 7 PRO 1700,AMD Ryzen 7 PRO 1700,8,,,16,3.00 GHz,3.70 GHz,,4 MB,16 MB,65W,,,AM4,1,3.0,,DDR4,2,Up to 2667 MT/s,,,,,Discrete Graphics Card Required,,,,2017-Q2,,YD170BBBM88AE,https://www.amd.com/en/products/specifications/processors.html,1,high,
AMD,cpu,,Ryzen PRO,Ryzen PRO 1000 Series,desktop,Summit Ridge,14nm,Ryzen 5 PRO 1600,AMD Ryzen 5 PRO 1600,6,,,12,3.20 GHz,3.60 GHz,,3 MB,16 MB,65W,,,AM4,1,3.0,,DDR4,2,Up to 2667 MT/s,,,,,Discrete Graphics Card Required,,,,2017-Q2,,YD160BBBM6IAE,https://www.amd.com/en/products/specifications/processors.html,1,high,
AMD,cpu,,Ryzen PRO,Ryzen PRO 1000 Series,desktop,Summit Ridge,14nm,Ryzen 5 PRO 1500,AMD Ryzen 5 PRO 1500,4,,,8,3.50 GHz,3.70 GHz,,2 MB,16 MB,65W,,,AM4,1,3.0,,DDR4,2,Up to 2667 MT/s,,,,,Discrete Graphics Card Required,,,,2017-Q2,,YD150BBBM4GAE,https://www.amd.com/en/products/specifications/processors.html,1,high,
AMD,cpu,,Ryzen PRO,Ryzen PRO 1000 Series,desktop,Summit Ridge,14nm,Ryzen 3 PRO 1300,AMD Ryzen 3 PRO 1300,4,,,4,3.50 GHz,3.70 GHz,,2 MB,8 MB,65W,,,AM4,1,3.0,,DDR4,2,Up to 2667 MT/s,,,,,Discrete Graphics Card Required,,,,2017-Q2,,YD130BBBM4KAE,https://www.amd.com/en/products/specifications/processors.html,1,high,
AMD,cpu,,Ryzen PRO,Ryzen PRO 1000 Series,desktop,Summit Ridge,14nm,Ryzen 3 PRO 1200,AMD Ryzen 3 PRO 1200,4,,,4,3.10 GHz,3.40 GHz,,2 MB,8 MB,65W,,,AM4,1,3.0,,DDR4,2,Up to 2667 MT/s,,,,,Discrete Graphics Card Required,,,,2017-Q2,,YD120BBBM4KAE,https://www.amd.com/en/products/specifications/processors.html,1,high,
AMD,cpu,,Ryzen,Ryzen 1000 Series,desktop,Summit Ridge,14nm,Ryzen 7 1800X,AMD Ryzen 7 1800X,8,,,16,3.60 GHz,4.00 GHz,,4 MB,16 MB,95W,,,AM4,1,3.0,,DDR4,2,Up to 2667 MT/s,,,,,Discrete Graphics Card Required,,,,2017-Q1,,YD180XBCM88AE,https://www.amd.com/en/products/specifications/processors.html,1,high,Unlocked
AMD,cpu,,Ryzen,Ryzen 1000 Series,desktop,Summit Ridge,14nm,Ryzen 7 1700X,AMD Ryzen 7 1700X,8,,,16,3.40 GHz,3.80 GHz,,4 MB,16 MB,95W,,,AM4,1,3.0,,DDR4,2,Up to 2667 MT/s,,,,,Discrete Graphics Card Required,,,,2017-Q1,,YD170XBCM88AE,https://www.amd.com/en/products/specifications/processors.html,1,high,Unlocked
AMD,cpu,,Ryzen,Ryzen 1000 Series,desktop,Summit Ridge,14nm,Ryzen 7 1700 Processor,AMD Ryzen 7 1700 Processor,8,,,16,3.00 GHz,3.70 GHz,,4 MB,16 MB,65W,,,AM4,1,3.0,,DDR4,2,Up to 2667 MT/s,,,,,Discrete Graphics Card Required,,,,2017-Q1,,YD1700BBM88AE,https://www.amd.com/en/products/specifications/processors.html,1,high,Unlocked
AMD,cpu,,Ryzen,Ryzen 1000 Series,desktop,Summit Ridge,14nm,Ryzen 5 1600X,AMD Ryzen 5 1600X,6,,,12,3.60 GHz,4.00 GHz,,3 MB,16 MB,95W,,,AM4,1,3.0,,DDR4,2,Up to 2667 MT/s,,,,,Discrete Graphics Card Required,,,,2017-Q2,,YD160XBCM6IAE,https://www.amd.com/en/products/specifications/processors.html,1,high,Unlocked
AMD,cpu,,Ryzen,Ryzen 1000 Series,desktop,Pinnacle Ridge,12nm,Ryzen 5 1600 (AF),AMD Ryzen 5 1600 (AF),6,,,12,3.20 GHz,3.60 GHz,,3 MB,16 MB,65W,,,AM4,1,3.0,,DDR4,2,Up to 2667 MT/s,,,,,Discrete Graphics Card Required,,,,,,YD1600BBAFBOX,https://www.amd.com/en/products/specifications/processors.html,1,high,Unlocked
AMD,cpu,,Ryzen,Ryzen 1000 Series,desktop,Pinnacle Ridge,14nm,Ryzen 5 1600,AMD Ryzen 5 1600,6,,,12,3.20 GHz,3.60 GHz,,3 MB,16 MB,65W,,,AM4,1,3.0,,DDR4,2,Up to 2667 MT/s,,,,,Discrete Graphics Card Required,,,,2017-Q2,,YD1600BBM6IAE,https://www.amd.com/en/products/specifications/processors.html,1,high,Unlocked
AMD,cpu,,Ryzen,Ryzen 1000 Series,desktop,Summit Ridge,14nm,Ryzen 5 1500X,AMD Ryzen 5 1500X,4,,,8,3.50 GHz,3.70 GHz,,2 MB,16 MB,65W,,,AM4,1,3.0,,DDR4,2,Up to 2667 MT/s,,,,,Discrete Graphics Card Required,,,,2017-Q2,,YD150XBBM4GAE,https://www.amd.com/en/products/specifications/processors.html,1,high,Unlocked
AMD,cpu,,Ryzen,Ryzen 1000 Series,desktop,Summit Ridge,14nm,Ryzen 5 1400,AMD Ryzen 5 1400,4,,,8,3.20 GHz,3.40 GHz,,2 MB,8 MB,65W,,,AM4,1,3.0,,DDR4,2,Up to 2667 MT/s,,,,,Discrete Graphics Card Required,,,,2017-Q2,,YD1400BBM4KAE,https://www.amd.com/en/products/specifications/processors.html,1,high,Unlocked
AMD,cpu,,Ryzen,Ryzen 1000 Series,desktop,Summit Ridge,14nm,Ryzen 3 1300X,AMD Ryzen 3 1300X,4,,,4,3.50 GHz,3.70 GHz,,2 MB,8 MB,65W,,,AM4,1,3.0,,DDR4,2,Up to 2667 MT/s,,,,,Discrete Graphics Card Required,,,,2017-Q3,,YD130XBBM4KAE,https://www.amd.com/en/products/specifications/processors.html,1,high,Unlocked
AMD,cpu,,Ryzen,Ryzen 1000 Series,desktop,Summit Ridge,14nm,Ryzen 3 1200,AMD Ryzen 3 1200,4,,,4,3.10 GHz,3.40 GHz,,2 MB,8 MB,65W,,,AM4,1,3.0,,DDR4,2,Up to 2667 MT/s,,,,,Discrete Graphics Card Required,,,,2017-Q3,,YD1200BBM4KAE,https://www.amd.com/en/products/specifications/processors.html,1,high,Unlocked
AMD,cpu,,AMD,AMD 3000 Series,mobile,Dali,14nm,3020e,AMD 3020e,2,,,2,1.20 GHz,2.60 GHz,,1 MB,4 MB,6W,,,,1,3.0,,DDR4,2,Up to 2400 MT/s,,,,,AMD Radeon Graphics,3,1.00 GHz,,2020-Q1,,YM3020C7T2OFG,https://www.amd.com/en/products/specifications/processors.html,1,high,
AMD,cpu,,AMD,AMD 3000 Series,mobile,Pollock,14nm,3015e,AMD 3015e,2,,,4,1.20 GHz,2.30 GHz,,1 MB,4 MB,6W,,,FT5,1,3.0,,DDR4,1,Up to 1600 MT/s,,,,,AMD Radeon Graphics,3,0.60 GHz,,2020-Q3,,AM3015BRP2OFJ,https://www.amd.com/en/products/specifications/processors.html,1,high,
AMD,cpu,,AMD,AMD 3000 Series,mobile,Dali,14nm,3015Ce,AMD 3015Ce,2,,,4,1.20 GHz,2.30 GHz,,1 MB,4 MB,6W,,,FT5,1,3.0,,DDR4,1,Up to 1600 MT/s,,,,,Radeon Graphics,3,0.60 GHz,,2021-Q2,,AM301CBRP2OFJ,https://www.amd.com/en/products/specifications/processors.html,1,high,
AMD,cpu,,FX-Series,FX 8-Core Black Edition Processors,desktop,Vishera,32nm SOI,FX-9590,FX-9590,8,,,8,4.70 GHz,5.00 GHz,,8 MB,8 MB,220W,,,AM3+,1,,,DDR3,,Up to 1866 MT/s,,,,,Discrete Graphics Card Required,,,,,,FD9590FHW8KHK,https://www.amd.com/en/products/specifications/processors.html,1,high,Unlocked
AMD,cpu,,FX-Series,FX 8-Core Black Edition Processors,desktop,Vishera,32nm SOI,FX-9370,FX-9370,8,,,8,4.40 GHz,4.70 GHz,,8 MB,8 MB,220W,,,AM3+,1,,,DDR3,,Up to 1866 MT/s,,,,,Discrete Graphics Card Required,,,,,,FD9370FHW8KHK,https://www.amd.com/en/products/specifications/processors.html,1,high,Unlocked
AMD,cpu,,FX-Series,FX 8-Core Black Edition Processors,desktop,Vishera,32nm SOI,FX-8370E,FX-8370E,8,,,8,3.30 GHz,4.30 GHz,,8 MB,8 MB,95W,,,AM3+,1,,,DDR3,,Up to 1866 MT/s,,,,,Discrete Graphics Card Required,,,,,,FD837EWMW8KHK,https://www.amd.com/en/products/specifications/processors.html,1,high,Unlocked
AMD,cpu,,FX-Series,FX 8-Core Black Edition Processors,desktop,Vishera,32nm SOI,FX-8370 with Wraith cooler,FX-8370 with Wraith cooler,8,,,8,4.00 GHz,4.30 GHz,,8 MB,8 MB,125W,,,AM3+,1,,,DDR3,2,Up to 1866 MT/s,,,,,Discrete Graphics Card Required,,,,,,FD8370FRHKHBX,https://www.amd.com/en/products/specifications/processors.html,1,high,Unlocked
AMD,cpu,,FX-Series,FX 8-Core Black Edition Processors,desktop,Vishera,32nm SOI,FX-8370,FX-8370,8,,,8,4.00 GHz,4.30 GHz,,8 MB,8 MB,125W,,,AM3+,1,,,DDR3,,Up to 1866 MT/s,,,,,Discrete Graphics Card Required,,,,,,FD8370FRW8KHK,https://www.amd.com/en/products/specifications/processors.html,1,high,Unlocked
AMD,cpu,,FX-Series,FX 8-Core Black Edition Processors,desktop,Vishera,32nm SOI,FX-8350 with Wraith cooler,FX-8350 with Wraith cooler,8,,,8,4.00 GHz,4.20 GHz,,8 MB,8 MB,125W,,,AM3+,1,,,DDR3,,Up to 1866 MT/s,,,,,Discrete Graphics Card Required,,,,,,FD8350FRHKHBX,https://www.amd.com/en/products/specifications/processors.html,1,high,Unlocked
AMD,cpu,,FX-Series,FX 8-Core Black Edition Processors,desktop,Vishera,32nm SOI,FX-8350,FX-8350,8,,,8,4.00 GHz,4.20 GHz,,8 MB,8 MB,125W,,,AM3+,1,,,DDR3,,Up to 1866 MT/s,,,,,Discrete Graphics Card Required,,,,,,FD8350FRW8KHK,https://www.amd.com/en/products/specifications/processors.html,1,high,Unlocked
AMD,cpu,,FX-Series,FX 8-Core Black Edition Processors,desktop,Vishera,32nm SOI,FX-8320E,FX-8320E,8,,,8,3.20 GHz,4.00 GHz,,8 MB,8 MB,95W,,,AM3+,1,,,DDR3,,Up to 1866 MT/s,,,,,Discrete Graphics Card Required,,,,,,FD832EWMW8KHK,https://www.amd.com/en/products/specifications/processors.html,1,high,Unlocked
AMD,cpu,,FX-Series,FX 8-Core Black Edition Processors,desktop,Vishera,32nm SOI,FX-8320,FX-8320,8,,,8,3.50 GHz,4.00 GHz,,8 MB,8 MB,125W,,,AM3+,1,,,DDR3,,Up to 1866 MT/s,,,,,Discrete Graphics Card Required,,,,,,FD8320FRW8KHK,https://www.amd.com/en/products/specifications/processors.html,1,high,Unlocked
AMD,cpu,,FX-Series,FX 8-Core Black Edition Processors,desktop,Vishera,32nm,FX-8310,FX-8310,8,,,8,3.40 GHz,4.30 GHz,,8 MB,,95W,,,AM3+,1,,,Not Listed,,,,,,,Discrete Graphics Card Required,,,,,,FD8310WMW8KHK,https://www.amd.com/en/products/specifications/processors.html,1,high,Unlocked
AMD,cpu,,FX-Series,FX 8-Core Black Edition Processors,desktop,Vishera,32nm SOI,FX-8300,FX-8300,8,,,8,3.30 GHz,4.20 GHz,,8 MB,8 MB,95W,,,AM3+,1,,,DDR3,,Up to 1866 MT/s,,,,,Discrete Graphics Card Required,,,,,,FD8300WMW8KHK,https://www.amd.com/en/products/specifications/processors.html,1,high,Unlocked
AMD,cpu,,FX-Series,FX 8-Core Black Edition Processors,desktop,FX Legacy,32nm,FX-8150,FX-8150,8,,,8,3.60 GHz,4.20 GHz,,8 MB,8 MB,125W,,,AM3+,1,,,DDR3,,,,,,,Discrete Graphics Card Required,,,,,,FD8150FRW8KGU,https://www.amd.com/en/products/specifications/processors.html,1,high,Unlocked
AMD,cpu,,FX-Series,FX 8-Core Black Edition Processors,desktop,FX Legacy,32nm,FX-8120,FX-8120,8,,,8,3.10 GHz,4.00 GHz,,8 MB,8 MB,125W,,,AM3+,1,,,Not Listed,,,,,,,Discrete Graphics Card Required,,,,,,FD8120FRW8KGU,https://www.amd.com/en/products/specifications/processors.html,1,high,Unlocked
AMD,cpu,,FX-Series,FX 6-Core Black Edition Processors,desktop,Vishera,32nm SOI,FX-6350 with Wraith cooler,FX-6350 with Wraith cooler,6,,,6,3.90 GHz,4.20 GHz,,6 MB,8 MB,125W,,,AM3+,1,,,DDR3,,Up to 1866 MT/s,,,,,Discrete Graphics Card Required,,,,,,FD6350FRHKHBX,https://www.amd.com/en/products/specifications/processors.html,1,high,Unlocked
AMD,cpu,,FX-Series,FX 6-Core Black Edition Processors,desktop,Vishera,32nm SOI,FX-6350,FX-6350,6,,,6,3.90 GHz,4.20 GHz,,6 MB,8 MB,125W,,,AM3+,1,,,DDR3,,Up to 1866 MT/s,,,,,Discrete Graphics Card Required,,,,,,FD6350FRW6KHK,https://www.amd.com/en/products/specifications/processors.html,1,high,Unlocked
AMD,cpu,,FX-Series,FX 6-Core Black Edition Processors,desktop,Vishera,32nm SOI,FX-6300,FX-6300,6,,,6,3.50 GHz,3.80 GHz,,6 MB,8 MB,95W,,,AM3+,1,3.0,,DDR3,,Up to 1866 MT/s,,,,,Discrete Graphics Card Required,,,,,,FD6300WMW6KHK,https://www.amd.com/en/products/specifications/processors.html,1,high,
AMD,cpu,,FX-Series,FX 6-Core Black Edition Processors,desktop,FX Legacy,32nm SOI,FX-6200,FX-6200,6,,,6,3.80 GHz,4.10 GHz,,6 MB,8 MB,125W,,,AM3+,1,,,DDR3,,Up to 1866 MT/s,,,,,Discrete Graphics Card Required,,,,,,FD6200FRW6KGU,https://www.amd.com/en/products/specifications/processors.html,1,high,Unlocked
AMD,cpu,,FX-Series,FX 6-Core Black Edition Processors,desktop,FX Legacy,32nm SOI,FX 6100,FX 6100,6,,,6,3.30 GHz,3.90 GHz,,6 MB,8 MB,95W,,,AM3+,1,,,DDR3,,Up to 1866 MT/s,,,,,Discrete Graphics Card Required,,,,,,FD6100WMW6KGU,https://www.amd.com/en/products/specifications/processors.html,1,high,Unlocked
AMD,cpu,,FX-Series,FX 4-Core Black Edition Processors,desktop,Vishera,32nm SOI,FX-4350,FX-4350,4,,,4,4.20 GHz,4.30 GHz,,4 MB,8 MB,125W,,,AM3+,1,,,DDR3,,Up to 1866 MT/s,,,,,Discrete Graphics Card Required,,,,,,FD4350FRW4KHK,https://www.amd.com/en/products/specifications/processors.html,1,high,Unlocked
AMD,cpu,,FX-Series,FX 4-Core Black Edition Processors,desktop,Vishera,32nm SOI,FX-4320,FX-4320,4,,,4,4.00 GHz,4.10 GHz,,4 MB,4 MB,95W,,,AM3+,1,,,DDR3,,Up to 1866 MT/s,,,,,Discrete Graphics Card Required,,,,,,FD4320WMW4MHK,https://www.amd.com/en/products/specifications/processors.html,1,high,
AMD,cpu,,FX-Series,FX 4-Core Black Edition Processors,desktop,Vishera,32nm SOI,FX-4300,FX-4300,4,,,4,3.80 GHz,4.00 GHz,,4 MB,4 MB,95W,,,AM3+,1,,,DDR3,,Up to 1866 MT/s,,,,,Discrete Graphics Card Required,,,,,,FD4300WMW4MHK,https://www.amd.com/en/products/specifications/processors.html,1,high,Unlocked
AMD,cpu,,FX-Series,FX 4-Core Black Edition Processors,desktop,FX Legacy,32nm,FX-4170,FX-4170,4,,,4,4.20 GHz,4.30 GHz,,4 MB,8 MB,125W,,,AM3+,1,,,Not Listed,,,,,,,Discrete Graphics Card Required,,,,,,FD4170FRW4KGU,https://www.amd.com/en/products/specifications/processors.html,1,high,
AMD,cpu,,FX-Series,FX 4-Core Black Edition Processors,desktop,FX Legacy,32nm SOI,FX-4130,FX-4130,4,,,4,3.80 GHz,3.90 GHz,,4 MB,4 MB,125W,,,AM3,1,,,DDR3,,Up to 1866 MT/s,,,,,Discrete Graphics Card Required,,,,,,FD4130FRW4MGU,https://www.amd.com/en/products/specifications/processors.html,1,high,Unlocked
AMD,cpu,,FX-Series,FX 4-Core Black Edition Processors,desktop,FX Legacy,32nm SOI,FX-4100,FX-4100,4,,,4,3.60 GHz,3.80 GHz,,4 MB,8 MB,95W,,,AM3+,1,,,DDR3,,Up to 1866 MT/s,,,,,Discrete Graphics Card Required,,,,,,FD4100WMW4KGU,https://www.amd.com/en/products/specifications/processors.html,1,high,Unlocked
AMD,cpu,,FX-Series,FX-Series Processors for Laptops,mobile,Bristol Ridge,28nm,7th Gen FX 9830P APU,7th Gen FX 9830P APU,4,,,,3.00 GHz,3.70 GHz,,2 MB,,35W,,,FP4,1,,,DDR4,2,Up to 2400 MT/s,,,,,AMD Radeon R7 Graphics,8,0.90 GHz,,,,FM983PAEY44AB,https://www.amd.com/en/products/specifications/processors.html,1,high,
AMD,cpu,,FX-Series,FX-Series Processors for Laptops,mobile,Bristol Ridge,28nm,7th Gen FX 9800P APU,7th Gen FX 9800P APU,4,,,,2.70 GHz,3.60 GHz,,2 MB,,15W,,,FP4,1,,,DDR4,2,Up to 1866 MT/s,,,,,AMD Radeon R7 Graphics,8,0.76 GHz,,,,FM980PADY44AB,https://www.amd.com/en/products/specifications/processors.html,1,high,
AMD,cpu,,FX-Series,FX-Series Processors for Laptops,mobile,Carrizo,28nm,6th Gen FX-8800P APU,6th Gen FX-8800P APU,4,,,4,2.10 GHz,3.40 GHz,,2 MB,,15W,,,FP4,1,,,DDR3,2,Up to 2133 MT/s,,,,,AMD Radeon R7 Graphics,8,0.80 GHz,,,,FM880PAAY43KA,https://www.amd.com/en/products/specifications/processors.html,1,high,
AMD,cpu,,FX-Series,FX-Series Processors for Laptops,mobile,Kaveri,28nm,FX-7600P with Radeon R7 Graphics,FX-7600P with Radeon R7 Graphics,4,,,4,2.70 GHz,3.60 GHz,,4 MB,,35W,,,FP3,1,,,DDR3,2,Up to 2133 MT/s,,,,,AMD Radeon R7 Graphics,8,0.69 GHz,,,,FM760PDGH44JA,https://www.amd.com/en/products/specifications/processors.html,1,high,
AMD,cpu,,FX-Series,FX-Series Processors for Laptops,mobile,Kaveri,28nm,FX-7500 with Radeon R7 Graphics,FX-7500 with Radeon R7 Graphics,4,,,4,2.10 GHz,3.30 GHz,,4 MB,,20W,,,FP3,1,,,DDR3,2,Up to 1600 MT/s,,,,,AMD Radeon R7 Graphics,6,0.55 GHz,,,,FM7500ECH44JA,https://www.amd.com/en/products/specifications/processors.html,1,high,
AMD,cpu,,FX-Series,FX-Series Processors for AIOs,desktop,Carrizo,28nm,FX-8800P with Radeon R7 Graphics,FX-8800P with Radeon R7 Graphics,4,,,4,2.10 GHz,3.40 GHz,,2 MB,,,,,FP4,1,,,DDR3,2,Up to 2133 MT/s,,,,,AMD Radeon R7 Graphics,8,0.80 GHz,,,,FM880PAAY43KAD,https://www.amd.com/en/products/specifications/processors.html,1,high,
AMD,cpu,,A-Series,A12-Series APU for Desktops,desktop,Bristol Ridge,28nm,7th Gen A12-9800E APU,7th Gen A12-9800E APU,4,,,,3.10 GHz,3.80 GHz,,2 MB,,35W,,,AM4,1,3.0,,DDR4,2,Up to 2400 MT/s,,,,,Radeon R7 Series,8,0.90 GHz,,2016-Q3,,AD9800AHM44AB,https://www.amd.com/en/products/specifications/processors.html,1,high,Unlocked
AMD,cpu,,A-Series,A12-Series APU for Desktops,desktop,Bristol Ridge,28nm,7th Gen A12-9800 APU,7th Gen A12-9800 APU,4,,,,3.80 GHz,4.20 GHz,,2 MB,,65W,,,AM4,1,3.0,,DDR4,2,Up to 2400 MT/s,,,,,Radeon R7 Series,8,1.11 GHz,,2017-Q3,,AD9800AUM44AB,https://www.amd.com/en/products/specifications/processors.html,1,high,Unlocked
AMD,cpu,,A-Series,A12-Series APU for Laptops,mobile,Bristol Ridge,28nm,7th Gen A12-9730P APU,7th Gen A12-9730P APU,4,,,,2.80 GHz,3.50 GHz,,2 MB,,35W,,,FP4,1,,,DDR4,2,Up to 2400 MT/s,,,,,AMD Radeon R7 Graphics,6,0.90 GHz,,,,AM973PAEY44AB,https://www.amd.com/en/products/specifications/processors.html,1,high,
AMD,cpu,,A-Series,A12-Series APU for Laptops,mobile,Bristol Ridge,28nm,7th Gen A12-9700P APU,7th Gen A12-9700P APU,4,,,,2.50 GHz,3.40 GHz,,2 MB,,15W,,,FP4,1,,,DDR4,2,Up to 1866 MT/s,,,,,AMD Radeon R7 Graphics,6,0.76 GHz,,,,AM970PADY44AB,https://www.amd.com/en/products/specifications/processors.html,1,high,
AMD,cpu,,PRO A-Series,PRO A-Series A12 APU for Desktops,desktop,Bristol Ridge,28nm,7th Gen AMD PRO A12-9800E APU,7th Gen AMD PRO A12-9800E APU,4,,,,3.10 GHz,3.80 GHz,,2 MB,,35W,,,AM4,1,3.0,,DDR4,2,Up to 2400 MT/s,,,,,R7,8,0.90 GHz,,2016-Q4,,AD980BAHM44AB,https://www.amd.com/en/products/specifications/processors.html,1,high,
AMD,cpu,,PRO A-Series,PRO A-Series A12 APU for Desktops,desktop,Bristol Ridge,28nm,7th Gen AMD PRO A12-9800 APU,7th Gen AMD PRO A12-9800 APU,4,,,,3.80 GHz,4.20 GHz,,2 MB,,65W,,,AM4,1,3.0,,DDR4,2,Up to 2400 MT/s,,,,,R7,8,1.11 GHz,,2016-Q4,,AD980BAUM44AB,https://www.amd.com/en/products/specifications/processors.html,1,high,
AMD,cpu,,PRO A-Series,PRO A-Series A12 APU for Desktops,desktop,Carrizo,28nm,6th Gen AMD PRO A12-8870E APU,6th Gen AMD PRO A12-8870E APU,4,,,,2.90 GHz,3.80 GHz,,2 MB,,35W,,,AM4,1,3.0,,DDR4,2,Up to 2400 MT/s,,,,,R7,8,0.90 GHz,,,,AD887BAHM44AB,https://www.amd.com/en/products/specifications/processors.html,1,high,
AMD,cpu,,PRO A-Series,PRO A-Series A12 APU for Desktops,desktop,Carrizo,28nm,6th Gen AMD PRO A12-8870 APU,6th Gen AMD PRO A12-8870 APU,4,,,,3.70 GHz,4.20 GHz,,2 MB,,65W,,,AM4,1,3.0,,DDR4,2,Up to 2400 MT/s,,,,,R7,8,1.11 GHz,,2016,,AD887BAUM44AB,https://www.amd.com/en/products/specifications/processors.html,1,high,
AMD,cpu,,PRO A-Series,PRO A-Series A12 APU for Laptops,mobile,Bristol Ridge,28nm,7th Gen AMD PRO A12-9830B APU,7th Gen AMD PRO A12-9830B APU,4,,,,3.00 GHz,3.70 GHz,,2 MB,,35W,,,FP4,1,,,DDR4,2,Up to 2400 MT/s,,,,,R7,8,0.90 GHz,,2016-Q4,,AM983BAEY44AB,https://www.amd.com/en/products/specifications/processors.html,1,high,
AMD,cpu,,PRO A-Series,PRO A-Series A12 APU for Laptops,mobile,Bristol Ridge,28nm,7th Gen AMD PRO A12-9800B APU,7th Gen AMD PRO A12-9800B APU,4,,,,2.70 GHz,3.60 GHz,,2 MB,,15W,,,FP4,1,,,DDR4,2,Up to 1866 MT/s,,,,,R7,8,0.76 GHz,,2016-Q4,,AM980BADY44AB,https://www.amd.com/en/products/specifications/processors.html,1,high,
AMD,cpu,,PRO A-Series,PRO A-Series A12 APU for Laptops,mobile,Carrizo,28nm,6th Gen AMD PRO A12-8830B APU,6th Gen AMD PRO A12-8830B APU,4,,,,2.50 GHz,3.40 GHz,,2 MB,,,,,FP4,1,,,DDR4,,Up to 1866 MT/s,,,,,R7,6,0.76 GHz,,2016,,AM883BADY44AB,https://www.amd.com/en/products/specifications/processors.html,1,high,
AMD,cpu,,PRO A-Series,PRO A-Series A12 APU for Laptops,mobile,Carrizo,28nm,6th Gen AMD PRO A12-8800B APU,6th Gen AMD PRO A12-8800B APU,4,,,4,2.10 GHz,3.40 GHz,,2 MB,,15W,,,FP4,1,,,"DDR3 , DDR3L",2,Up to 2133 MT/s,,,,,AMD Radeon R7 Graphics,8,0.80 GHz,,,,,https://www.amd.com/en/products/specifications/processors.html,1,high,
AMD,cpu,,A-Series,A10-Series APU for Desktops,desktop,Bristol Ridge,28nm,7th Gen A10-9700E APU,7th Gen A10-9700E APU,4,,,,3.00 GHz,3.50 GHz,,2 MB,,35W,,,AM4,1,3.0,,DDR4,3,Up to 2400 MT/s,,,,,Radeon R7 Series,6,0.85 GHz,,2016-Q3,,AD9700AHM44AB,https://www.amd.com/en/products/specifications/processors.html,1,high,Unlocked
AMD,cpu,,A-Series,A10-Series APU for Desktops,desktop,Bristol Ridge,28nm,7th Gen A10-9700 APU,7th Gen A10-9700 APU,4,,,,3.50 GHz,3.80 GHz,,2 MB,,65W,,,AM4,1,3.0,,DDR4,2,Up to 2400 MT/s,,,,,Radeon R7 Series,6,1.03 GHz,,2017-Q3,,AD9700AGM44AB,https://www.amd.com/en/products/specifications/processors.html,1,high,Unlocked
AMD,cpu,,A-Series,A10-Series APU for Desktops,desktop,Kaveri,28nm,A10-7890K with Radeon R7 Graphics and Wraith cooler,A10-7890K with Radeon R7 Graphics and Wraith cooler,4,,,,4.10 GHz,4.30 GHz,,4 MB,,95W,,,FM2+,1,,,DDR3,2,Up to 2133 MT/s,,,,,AMD Radeon R7 Graphics,8,0.87 GHz,,,,AD789KXDJCHBX,https://www.amd.com/en/products/specifications/processors.html,1,high,Unlocked
AMD,cpu,,A-Series,A10-Series APU for Desktops,desktop,Kaveri,28nm,A10-7870K with Radeon R7 Series,A10-7870K with Radeon R7 Series,4,,,4,3.90 GHz,4.10 GHz,,4 MB,,95W,,,FM2+,1,,,DDR3,2,Up to 2133 MT/s,,,,,AMD Radeon R7 Graphics,8,0.87 GHz,,,,AD787KXDI44JC,https://www.amd.com/en/products/specifications/processors.html,1,high,Unlocked
AMD,cpu,,A-Series,A10-Series APU for Desktops,desktop,Kaveri,28nm,A10-7870K with Radeon R7 Graphics and Near Silent Thermal Solution,A10-7870K with Radeon R7 Graphics and Near Silent Thermal Solution,4,,,,3.90 GHz,4.10 GHz,,4 MB,,95W,,,FM2+,1,,,DDR3,2,Up to 2133 MT/s,,,,,AMD Radeon R7 Graphics,8,0.87 GHz,,,,AD787KXDJCSBX,https://www.amd.com/en/products/specifications/processors.html,1,high,Unlocked
AMD,cpu,,A-Series,A10-Series APU for Desktops,desktop,Kaveri,28nm,A10-7860K with Radeon R7 Series,A10-7860K with Radeon R7 Series,4,,,4,3.60 GHz,4.00 GHz,,4 MB,,65W,,,FM2+,1,,,DDR3,2,Up to 2133 MT/s,,,,,AMD Radeon R7 Graphics,8,0.76 GHz,,,,AD786KYBI44JC,https://www.amd.com/en/products/specifications/processors.html,1,high,Unlocked
AMD,cpu,,A-Series,A10-Series APU for Desktops,desktop,Kaveri,28nm,A10-7860K with Radeon R7 Graphics and Near Silent Thermal Solution,A10-7860K with Radeon R7 Graphics and Near Silent Thermal Solution,4,,,4,3.60 GHz,4.00 GHz,,4 MB,,65W,,,FM2+,1,,,DDR3,2,Up to 2133 MT/s,,,,,AMD Radeon R7 Graphics,8,0.76 GHz,,,,AD786KYBJCSBX,https://www.amd.com/en/products/specifications/processors.html,1,high,Unlocked
AMD,cpu,,A-Series,A10-Series APU for Desktops,desktop,Kaveri,28nm,A10-7850K with Radeon R7 Series,A10-7850K with Radeon R7 Series,4,,,4,3.70 GHz,4.00 GHz,,4 MB,,95W,,,FM2+,1,,,DDR3,2,Up to 2133 MT/s,,,,,AMD Radeon R7 Graphics,8,0.72 GHz,,,,AD785KXBI44JA,https://www.amd.com/en/products/specifications/processors.html,1,high,Unlocked
AMD,cpu,,A-Series,A10-Series APU for Desktops,desktop,Kaveri,28nm,A10-7800 with Radeon R7 Series,A10-7800 with Radeon R7 Series,4,,,4,3.50 GHz,3.90 GHz,,4 MB,,,,,FM2+,1,,,DDR3,2,Up to 2133 MT/s,,,,,AMD Radeon R7 Graphics,8,0.72 GHz,,,,AD7800YBI44JA,https://www.amd.com/en/products/specifications/processors.html,1,high,
AMD,cpu,,A-Series,A10-Series APU for Desktops,desktop,Kaveri,28nm,A10-7700K with Radeon R7 Series,A10-7700K with Radeon R7 Series,4,,,4,3.40 GHz,3.80 GHz,,4 MB,,,,,FM2+,1,,,DDR3,2,Up to 2133 MT/s,,,,,AMD Radeon R7 Graphics,6,0.72 GHz,,,,AD770KXBI44JA,https://www.amd.com/en/products/specifications/processors.html,1,high,Unlocked
AMD,cpu,,A-Series,A10-Series APU for Desktops,desktop,Richland,32nm SOI,A10-6800K with Radeon HD 8670D,A10-6800K with Radeon HD 8670D,4,,,4,4.10 GHz,4.40 GHz,,4 MB,,100W,,,FM2,1,,,DDR3,2,Up to 2133 MT/s,,,,,AMD Radeon HD 8670D,,0.84 GHz,,,,AD680KWOA44HL,https://www.amd.com/en/products/specifications/processors.html,1,high,Unlocked
AMD,cpu,,A-Series,A10-Series APU for Desktops,desktop,Richland,32nm SOI,A10-6790K with Radeon HD 8670D,A10-6790K with Radeon HD 8670D,4,,,4,4.00 GHz,4.30 GHz,,4 MB,,100W,,,FM2,1,,,DDR3,2,Up to 1866 MT/s,,,,,AMD Radeon HD 8670D,,0.84 GHz,,,,AD679KWOA44HL,https://www.amd.com/en/products/specifications/processors.html,1,high,Unlocked
AMD,cpu,,A-Series,A10-Series APU for Desktops,desktop,Richland,32nm SOI,A10-6700T with Radeon HD 8650D,A10-6700T with Radeon HD 8650D,4,,,4,2.50 GHz,3.50 GHz,,4 MB,,45W,,,FM2,1,,,DDR3,2,Up to 1866 MT/s,,,,,AMD Radeon HD 8650D,,0.72 GHz,,,,AD670TYHA44HL,https://www.amd.com/en/products/specifications/processors.html,1,high,
AMD,cpu,,A-Series,A10-Series APU for Desktops,desktop,Richland,32nm SOI,A10-6700 with Radeon HD 8670D,A10-6700 with Radeon HD 8670D,4,,,4,3.70 GHz,4.30 GHz,,4 MB,,65W,,,FM2,1,,,DDR3,2,Up to 1866 MT/s,,,,,AMD Radeon HD 8670D,,0.84 GHz,,,,AD6700OKA44HL,https://www.amd.com/en/products/specifications/processors.html,1,high,
AMD,cpu,,A-Series,A10-Series APU for Laptops,mobile,Bristol Ridge,28nm,7th Gen A10-9630P APU,7th Gen A10-9630P APU,4,,,,2.60 GHz,3.30 GHz,,2 MB,,35W,,,FP4,1,,,DDR4,2,Up to 2400 MT/s,,,,,AMD Radeon R5 Graphics,6,0.80 GHz,,,,AM963PAEY44AB,https://www.amd.com/en/products/specifications/processors.html,1,high,
AMD,cpu,,A-Series,A10-Series APU for Laptops,mobile,Bristol Ridge,28nm,7th Gen A10-9600P APU,7th Gen A10-9600P APU,4,,,,2.40 GHz,3.30 GHz,,2 MB,,15W,,,FP4,1,,,DDR4,2,Up to 1866 MT/s,,,,,AMD Radeon R5 Graphics,6,0.72 GHz,,,,AM960PADY44AB,https://www.amd.com/en/products/specifications/processors.html,1,high,
AMD,cpu,,A-Series,A10-Series APU for Laptops,mobile,Carrizo,28nm,6th Gen A10-8700P APU,6th Gen A10-8700P APU,4,,,4,1.80 GHz,3.20 GHz,,2 MB,,15W,,,FP4,1,,,DDR3,2,Up to 2133 MT/s,,,,,AMD Radeon R6 Graphics,6,0.80 GHz,,,,AM870PAAY43KA,https://www.amd.com/en/products/specifications/processors.html,1,high,
AMD,cpu,,A-Series,A10-Series APU for Laptops,mobile,Kaveri,28nm,A10-7400P with Radeon R6 Graphics,A10-7400P with Radeon R6 Graphics,4,,,4,2.50 GHz,3.40 GHz,,4 MB,,35W,,,FP3,1,,,"DDR3 , DDR3L",2,Up to 1866 MT/s,,,,,AMD Radeon R6 Graphics,6,0.65 GHz,,,,AM740PDGH44JA,https://www.amd.com/en/products/specifications/processors.html,1,high,
AMD,cpu,,A-Series,A10-Series APU for Laptops,mobile,Kaveri,28nm,A10-7300 with Radeon R6 Graphics,A10-7300 with Radeon R6 Graphics,4,,,4,1.90 GHz,3.20 GHz,,4 MB,,20W,,,FP3,1,,,Not Listed,2,,,,,,AMD Radeon R6 Graphics,6,0.55 GHz,,,,AM7300ECH44JA,https://www.amd.com/en/products/specifications/processors.html,1,high,
AMD,cpu,,A-Series,A10-Series APU for Laptops,mobile,Richland,28nm,A10 Micro-6700T with Radeon R6 Graphics,A10 Micro-6700T with Radeon R6 Graphics,4,,,4,2.20 GHz,,,2 MB,,4W,,,FT3b,1,,,DDR3L,1,Up to 1333 MT/s,,,,,AMD Radeon R6 Graphics,,,,,,AM670TIVJ44JB,https://www.amd.com/en/products/specifications/processors.html,1,high,
AMD,cpu,,A-Series,A10-Series APU for AIOs,desktop,Carrizo,28nm,A10-8700P with Radeon R6 Graphics,A10-8700P with Radeon R6 Graphics,4,,,4,1.80 GHz,3.20 GHz,,2 MB,,,,,FP4,1,,,DDR3,2,Up to 2133 MT/s,,,,,AMD Radeon R6 Graphics,6,0.80 GHz,,,,AM870PAAY43KAD,https://www.amd.com/en/products/specifications/processors.html,1,high,
AMD,cpu,,PRO A-Series,PRO A-Series A10 APU for Desktops,desktop,Bristol Ridge,28nm,7th Gen AMD PRO A10-9700E APU,7th Gen AMD PRO A10-9700E APU,4,,,,3.00 GHz,3.50 GHz,,2 MB,,35W,,,AM4,1,3.0,,DDR4,2,Up to 2400 MT/s,,,,,R7,6,0.85 GHz,,2016-Q4,,AD970BAHM44AB,https://www.amd.com/en/products/specifications/processors.html,1,high,
AMD,cpu,,PRO A-Series,PRO A-Series A10 APU for Desktops,desktop,Bristol Ridge,28nm,7th Gen AMD PRO A10-9700 APU,7th Gen AMD PRO A10-9700 APU,4,,,,3.50 GHz,3.80 GHz,,2 MB,,65W,,,AM4,1,3.0,,DDR4,2,Up to 2400 MT/s,,,,,R7,6,1.03 GHz,,2016-Q4,,AD970BAGM44AB,https://www.amd.com/en/products/specifications/processors.html,1,high,
AMD,cpu,,PRO A-Series,PRO A-Series A10 APU for Desktops,desktop,Godavari,28nm,6th Gen AMD PRO A10-8850B APU,6th Gen AMD PRO A10-8850B APU,4,,,4,3.90 GHz,4.10 GHz,,4 MB,,95W,,,FM2+,1,,,DDR3,2,Up to 2133 MT/s,,,,,AMD Radeon R7 Graphics,8,0.80 GHz,,,,AD885BXBI44JC,https://www.amd.com/en/products/specifications/processors.html,1,high,
AMD,cpu,,PRO A-Series,PRO A-Series A10 APU for Desktops,desktop,Carrizo,28nm,6th Gen AMD PRO A10-8770E APU,6th Gen AMD PRO A10-8770E APU,4,,,,2.80 GHz,3.50 GHz,,2 MB,,35W,,,AM4,1,3.0,,DDR4,2,Up to 2400 MT/s,,,,,R7,6,0.85 GHz,,2016,,AD877BAHM44AB,https://www.amd.com/en/products/specifications/processors.html,1,high,
AMD,cpu,,PRO A-Series,PRO A-Series A10 APU for Desktops,desktop,Carrizo,28nm,6th Gen AMD PRO A10-8770 APU,6th Gen AMD PRO A10-8770 APU,4,,,,3.50 GHz,3.80 GHz,,2 MB,,65W,,,AM4,1,3.0,,DDR4,2,Up to 2400 MT/s,,,,,R7,6,1.03 GHz,,2016,,AD877BAGM44AB,https://www.amd.com/en/products/specifications/processors.html,1,high,
AMD,cpu,,PRO A-Series,PRO A-Series A10 APU for Desktops,desktop,Godavari,28nm,6th Gen AMD PRO A10-8750B APU,6th Gen AMD PRO A10-8750B APU,4,,,4,3.60 GHz,4.00 GHz,,4 MB,,65W,,,FM2+,1,,,DDR3,2,Up to 2133 MT/s,,,,,AMD Radeon R7 Graphics,8,0.76 GHz,,,,AD875BYBI44JC,https://www.amd.com/en/products/specifications/processors.html,1,high,
AMD,cpu,,PRO A-Series,PRO A-Series A10 APU for Desktops,desktop,Kaveri,28nm,A10 PRO-7850B with Radeon R7 Graphics,A10 PRO-7850B with Radeon R7 Graphics,4,,,4,3.70 GHz,4.00 GHz,,4 MB,,95W,,,FM2+,1,,,DDR3,2,Up to 2133 MT/s,,,,,AMD Radeon R7 Graphics,8,0.72 GHz,,,,AD785BXBI44JA,https://www.amd.com/en/products/specifications/processors.html,1,high,
AMD,cpu,,PRO A-Series,PRO A-Series A10 APU for Desktops,desktop,Kaveri,28nm,A10 PRO-7800B with Radeon R7 Graphics,A10 PRO-7800B with Radeon R7 Graphics,4,,,4,3.50 GHz,3.90 GHz,,4 MB,,65W,,,FM2+,1,,,DDR3,2,Up to 2133 MT/s,,,,,AMD Radeon R7 Graphics,8,0.72 GHz,,,,AD780BYBI44JA,https://www.amd.com/en/products/specifications/processors.html,1,high,
AMD,cpu,,PRO A-Series,PRO A-Series A10 APU for Laptops,mobile,Bristol Ridge,28nm,7th Gen AMD PRO A10-9730B APU,7th Gen AMD PRO A10-9730B APU,4,,,,2.80 GHz,3.50 GHz,,2 MB,,35W,,,FP4,1,,,DDR4,2,Up to 2400 MT/s,,,,,R7,6,0.90 GHz,,2016-Q4,,AM973BAEY44AB,https://www.amd.com/en/products/specifications/processors.html,1,high,
AMD,cpu,,PRO A-Series,PRO A-Series A10 APU for Laptops,mobile,Bristol Ridge,28nm,7th Gen AMD PRO A10-9700B APU,7th Gen AMD PRO A10-9700B APU,4,,,,2.50 GHz,3.40 GHz,,2 MB,,15W,,,FP4,1,,,DDR4,2,Up to 1866 MT/s,,,,,R7,6,0.76 GHz,,2016-Q4,,AM970BADY44AB,https://www.amd.com/en/products/specifications/processors.html,1,high,
AMD,cpu,,PRO A-Series,PRO A-Series A10 APU for Laptops,mobile,Carrizo,28nm,6th Gen AMD PRO A10-8730B APU,6th Gen AMD PRO A10-8730B APU,4,,,,2.40 GHz,3.30 GHz,,2 MB,,,,,FP4,1,,,DDR4,,Up to 1866 MT/s,,,,,R5,6,0.72 GHz,,2016,,AM873BADY44AB,https://www.amd.com/en/products/specifications/processors.html,1,high,
AMD,cpu,,PRO A-Series,PRO A-Series A10 APU for Laptops,mobile,Carrizo,28nm,6th Gen AMD PRO A10-8700B APU,6th Gen AMD PRO A10-8700B APU,4,,,4,1.80 GHz,3.20 GHz,,2 MB,,15W,,,FP4,1,,,"DDR3 , DDR3L",2,Up to 2133 MT/s,,,,,AMD Radeon R6 Graphics,6,0.80 GHz,,,,,https://www.amd.com/en/products/specifications/processors.html,1,high,
AMD,cpu,,PRO A-Series,PRO A-Series A10 APU for Laptops,mobile,Kaveri,28nm,A10 PRO-7350B with Radeon R6 Graphics,A10 PRO-7350B with Radeon R6 Graphics,4,,,4,2.10 GHz,3.30 GHz,,4 MB,,19W,,,FP3,1,,,"DDR3 , DDR3L",2,Up to 1600 MT/s,,,,,AMD Radeon R6 Graphics,6,0.55 GHz,,,,AM735BECH44JA,https://www.amd.com/en/products/specifications/processors.html,1,high,
AMD,cpu,,A-Series,Business Class - Quad-Core A10-Series APU for Desktops,desktop,Richland,32nm SOI,A10-6800B with Radeon HD 8670D,A10-6800B with Radeon HD 8670D,4,,,4,4.10 GHz,4.40 GHz,,4 MB,,45W,,,FM2,1,,,DDR3,2,Up to 2133 MT/s,,,,,AMD Radeon HD 8670D,,0.84 GHz,,,,AD680BWOA44HL,https://www.amd.com/en/products/specifications/processors.html,1,high,
AMD,cpu,,A-Series,Business Class - Quad-Core A10-Series APU for Desktops,desktop,Richland,32nm SOI,A10-6790B with Radeon HD 8670D,A10-6790B with Radeon HD 8670D,4,,,4,4.00 GHz,4.30 GHz,,4 MB,,45W,,,FM2,1,,,DDR3,2,Up to 1866 MT/s,,,,,AMD Radeon HD 8670D,,0.84 GHz,,,,AD679BWOA44HL,https://www.amd.com/en/products/specifications/processors.html,1,high,
AMD,cpu,,A-Series,A9-Series APU for Laptops,mobile,Stoney Ridge,28nm,7th Gen A9-9425 APU,7th Gen A9-9425 APU,2,,,,3.10 GHz,3.70 GHz,,1 MB,,15W,,,,1,3.0,,DDR4,1,Up to 2133 MT/s,,,,,AMD Radeon R5 Graphics,3,0.90 GHz,,,,AM9425AYN23AC,https://www.amd.com/en/products/specifications/processors.html,1,high,
AMD,cpu,,A-Series,A9-Series APU for Laptops,mobile,Stoney Ridge,28nm,7th Gen A9-9420 APU,7th Gen A9-9420 APU,2,,,,3.00 GHz,3.60 GHz,,1 MB,,15W,,,,1,3.0,,DDR4,,Up to 2133 MT/s,,,,,AMD Radeon R5 Graphics,3,0.85 GHz,,,,AM9420AYN23AC,https://www.amd.com/en/products/specifications/processors.html,1,high,
AMD,cpu,,A-Series,A9-Series APU for Laptops,mobile,Stoney Ridge,28nm,7th Gen A9-9410 APU,7th Gen A9-9410 APU,2,,,,2.90 GHz,3.50 GHz,,1 MB,,25W,,,,1,,,DDR4,1,Up to 2133 MT/s,,,,,AMD Radeon R5 Graphics,3,0.80 GHz,,,,AM9410AFY23AC,https://www.amd.com/en/products/specifications/processors.html,1,high,
AMD,cpu,,A-Series,A8-Series APU for Desktops,desktop,Bristol Ridge,28nm,7th Gen A8-9600 APU,7th Gen A8-9600 APU,4,,,,3.10 GHz,3.40 GHz,,2 MB,,65W,,,AM4,1,3.0,,DDR4,2,Up to 2400 MT/s,,,,,Radeon R7 Series,6,0.90 GHz,,2017-Q3,,AD9600AGM44AB,https://www.amd.com/en/products/specifications/processors.html,1,high,Unlocked
AMD,cpu,,A-Series,A8-Series APU for Desktops,desktop,Godavari,28nm,A8-7670K with Radeon R7 Graphics and Near Silent Thermal Solution,A8-7670K with Radeon R7 Graphics and Near Silent Thermal Solution,4,,,4,3.60 GHz,3.90 GHz,,4 MB,,95W,,,FM2+,1,,,DDR3,2,Up to 2133 MT/s,,,,,AMD Radeon R7 Graphics,6,0.76 GHz,,,,AD767KXBJCSBX,https://www.amd.com/en/products/specifications/processors.html,1,high,Unlocked
AMD,cpu,,A-Series,A8-Series APU for Desktops,desktop,Kaveri,28nm,A8-7650K with Radeon R7 Series,A8-7650K with Radeon R7 Series,4,,,4,3.30 GHz,3.80 GHz,,4 MB,,95W,,,FM2+,1,,,DDR3,2,Up to 2133 MT/s,,,,,AMD Radeon R7 Graphics,6,0.72 GHz,,,,AD765KXBI44JA,https://www.amd.com/en/products/specifications/processors.html,1,high,Unlocked
AMD,cpu,,A-Series,A8-Series APU for Desktops,desktop,Kaveri,28nm,A8-7650K with Radeon R7 Graphics and Near Silent Thermal Solution,A8-7650K with Radeon R7 Graphics and Near Silent Thermal Solution,4,,,4,3.30 GHz,3.80 GHz,,4 MB,,95W,,,FM2+,1,,,DDR3,2,Up to 2133 MT/s,,,,,AMD Radeon R7 Graphics,6,0.72 GHz,,,,AD765KXBJASBX,https://www.amd.com/en/products/specifications/processors.html,1,high,Unlocked
AMD,cpu,,A-Series,A8-Series APU for Desktops,desktop,Kaveri,28nm,A8-7600 with Radeon R7 Series,A8-7600 with Radeon R7 Series,4,,,4,3.10 GHz,3.80 GHz,,4 MB,,65W,,,FM2+,1,,,DDR3,2,Up to 2133 MT/s,,,,,AMD Radeon R7 Graphics,6,0.72 GHz,,,,AD7600YBI44JA,https://www.amd.com/en/products/specifications/processors.html,1,high,
AMD,cpu,,A-Series,A8-Series APU for Desktops,desktop,Richland,32nm SOI,A8-6600K with Radeon HD 8570D,A8-6600K with Radeon HD 8570D,4,,,4,3.90 GHz,4.20 GHz,,4 MB,,65W,,,FM2,1,,,DDR3,2,Up to 1866 MT/s,,,,,AMD Radeon HD 8570D,,0.84 GHz,,,,AD660KWOA44HL,https://www.amd.com/en/products/specifications/processors.html,1,high,Unlocked
AMD,cpu,,A-Series,A8-Series APU for Desktops,desktop,Richland,32nm SOI,A8-6500T with Radeon HD 8550D,A8-6500T with Radeon HD 8550D,4,,,4,2.10 GHz,3.10 GHz,,4 MB,,45W,,,FM2,1,,,DDR3,2,Up to 1866 MT/s,,,,,AMD Radeon HD 8550D,,0.72 GHz,,,,AD650TYHA44HL,https://www.amd.com/en/products/specifications/processors.html,1,high,
AMD,cpu,,A-Series,A8-Series APU for Desktops,desktop,Richland,32nm SOI,A8-6500 with Radeon HD 8570D,A8-6500 with Radeon HD 8570D,4,,,4,3.50 GHz,4.10 GHz,,4 MB,,65W,,,FM2,1,,,DDR3,2,Up to 1866 MT/s,,,,,AMD Radeon HD 8570D,,0.80 GHz,,,,AD6500OKA44HL,https://www.amd.com/en/products/specifications/processors.html,1,high,
AMD,cpu,,A-Series,A8-Series APU for Laptops,mobile,Carrizo,28nm,6th Gen A8-8600P APU,6th Gen A8-8600P APU,4,,,4,1.60 GHz,3.00 GHz,,2 MB,,15W,,,FP4,1,,,DDR3,2,Up to 2133 MT/s,,,,,AMD Radeon R6 Graphics,6,0.72 GHz,,,,AM860PAAY43KA,https://www.amd.com/en/products/specifications/processors.html,1,high,
AMD,cpu,,A-Series,A8-Series APU for Laptops,mobile,Carrizo,28nm,A8-7410 with Radeon R5 Graphics,A8-7410 with Radeon R5 Graphics,4,,,4,2.20 GHz,2.50 GHz,,2 MB,,15W,,,FP4,1,,,DDR3L,1,Up to 1866 MT/s,,,,,AMD Radeon R5 Graphics,,0.85 GHz,,,,AM7410JBY44JB,https://www.amd.com/en/products/specifications/processors.html,1,high,
AMD,cpu,,A-Series,A8-Series APU for Laptops,mobile,Kaveri,28nm,A8-7200P with Radeon R5 Graphics,A8-7200P with Radeon R5 Graphics,4,,,4,2.40 GHz,3.30 GHz,,4 MB,,100W,,,FP3,1,,,DDR3,2,Up to 1866 MT/s,,,,,AMD Radeon R5 Graphics,4,0.63 GHz,,,,AM720PDGH44JA,https://www.amd.com/en/products/specifications/processors.html,1,high,
AMD,cpu,,A-Series,A8-Series APU for Laptops,mobile,Kaveri,28nm,A8-7100 with Radeon R5 Graphics,A8-7100 with Radeon R5 Graphics,4,,,4,1.80 GHz,3.00 GHz,,4 MB,,20W,,,FP3,1,,,DDR3,2,Up to 1600 MT/s,,,,,AMD Radeon R5 Graphics,4,0.51 GHz,,,,AM7100ECH44JA,https://www.amd.com/en/products/specifications/processors.html,1,high,
AMD,cpu,,A-Series,A8-Series APU for AIOs,desktop,Carrizo,28nm,A8-8600P with Radeon R6 Graphics,A8-8600P with Radeon R6 Graphics,4,,,4,1.60 GHz,3.00 GHz,,2 MB,,,,,FP4,1,,,DDR3,2,Up to 2133 MT/s,,,,,AMD Radeon R6 Graphics,6,0.72 GHz,,,,AM860PAAY43KAD,https://www.amd.com/en/products/specifications/processors.html,1,high,
AMD,cpu,,A-Series,A8-Series APU for Laptops,mobile,Beema,28nm,A8-6410 with Radeon R5 Graphics,A8-6410 with Radeon R5 Graphics,4,,,4,2.00 GHz,2.40 GHz,,2 MB,,15W,,,FT3b,1,,,DDR3L,1,Up to 1866 MT/s,,,,,AMD Radeon R5 Graphics,,0.85 GHz,,,,AM6410ITJ44JB,https://www.amd.com/en/products/specifications/processors.html,1,high,
AMD,cpu,,PRO A-Series,PRO A-Series A8 APU for Desktops,desktop,Bristol Ridge,28nm,7th Gen AMD PRO A8-9600 APU,7th Gen AMD PRO A8-9600 APU,4,,,,3.10 GHz,3.40 GHz,,2 MB,,65W,,,AM4,1,3.0,,DDR4,2,Up to 2400 MT/s,,,,,R7,6,0.90 GHz,,2016-Q4,,AD960BAGM44AB,https://www.amd.com/en/products/specifications/processors.html,1,high,
AMD,cpu,,PRO A-Series,PRO A-Series A8 APU for Desktops,desktop,Godavari,28nm,6th Gen AMD PRO A8-8650B APU,6th Gen AMD PRO A8-8650B APU,4,,,4,3.20 GHz,3.90 GHz,,4 MB,,65W,,,FM2+,1,,,DDR3,2,Up to 2133 MT/s,,,,,AMD Radeon R7 Graphics,6,0.76 GHz,,,,AD865BYBI44JC,https://www.amd.com/en/products/specifications/processors.html,1,high,
AMD,cpu,,PRO A-Series,PRO A-Series A8 APU for Desktops,desktop,Kaveri,28nm,A8 PRO-7600B with Radeon R7 Graphics,A8 PRO-7600B with Radeon R7 Graphics,4,,,4,3.10 GHz,3.80 GHz,,4 MB,,65W,,,FM2+,1,,,DDR3,2,Up to 2133 MT/s,,,,,AMD Radeon R7 Graphics,6,0.72 GHz,,,,AD760BYBI44JA,https://www.amd.com/en/products/specifications/processors.html,1,high,
AMD,cpu,,PRO A-Series,PRO A-Series A8 APU for Laptops,mobile,Bristol Ridge,28nm,7th Gen AMD PRO A8-9630B,7th Gen AMD PRO A8-9630B,4,,,,2.60 GHz,3.30 GHz,,2 MB,,35W,,,FP4,1,,,DDR4,2,Up to 2400 MT/s,,,,,R5,6,0.80 GHz,,2016-Q4,,AM963BAEY44AB,https://www.amd.com/en/products/specifications/processors.html,1,high,
AMD,cpu,,PRO A-Series,PRO A-Series A8 APU for Laptops,mobile,Bristol Ridge,28nm,7th Gen AMD PRO A8-9600B APU,7th Gen AMD PRO A8-9600B APU,4,,,,2.40 GHz,3.30 GHz,,2 MB,,15W,,,FP4,1,,,DDR4,2,Up to 1866 MT/s,,,,,R5,6,0.72 GHz,,2016-Q4,,AM960BADY44AB,https://www.amd.com/en/products/specifications/processors.html,1,high,
AMD,cpu,,PRO A-Series,PRO A-Series A8 APU for Laptops,mobile,Carrizo,28nm,6th Gen AMD PRO A8-8600B APU,6th Gen AMD PRO A8-8600B APU,4,,,4,1.60 GHz,3.00 GHz,,2 MB,,15W,,,FP4,1,,,"DDR3 , DDR3L",2,Up to 2133 MT/s,,,,,AMD Radeon R6 Graphics,6,0.72 GHz,,,,,https://www.amd.com/en/products/specifications/processors.html,1,high,
AMD,cpu,,PRO A-Series,PRO A-Series A8 APU for Laptops,mobile,Kaveri,28nm,A8 PRO-7150B with Radeon R5 Graphics,A8 PRO-7150B with Radeon R5 Graphics,4,,,4,1.90 GHz,3.20 GHz,,4 MB,,100W,,,FP3,1,,,"DDR3 , DDR3L",2,Up to 1600 MT/s,,,,,AMD Radeon R5 Graphics,6,0.53 GHz,,,,AM715BECH44JA,https://www.amd.com/en/products/specifications/processors.html,1,high,
AMD,cpu,,A-Series,Business Class - Quad-Core A8-Series APU for Desktops,desktop,Richland,32nm SOI,A8-6500B with Radeon HD 8570D,A8-6500B with Radeon HD 8570D,4,,,4,3.50 GHz,4.10 GHz,,4 MB,,65W,,,FM2,1,,,DDR3,2,Up to 1866 MT/s,,,,,AMD Radeon HD 8570D,,0.80 GHz,,,,AD650BOKA44HL,https://www.amd.com/en/products/specifications/processors.html,1,high,
AMD,cpu,,A-Series,A6-Series APU for Desktops,desktop,Bristol Ridge,28nm,7th Gen A6-9550 APU,7th Gen A6-9550 APU,2,,,,3.80 GHz,4.00 GHz,,1 MB,,65W,,,AM4,1,3.0,,DDR4,2,Up to 2400 MT/s,,,,,Radeon R5 Series,6,1.03 GHz,,2017-Q3,,AD9550AGM23AB,https://www.amd.com/en/products/specifications/processors.html,1,high,Unlocked
AMD,cpu,,A-Series,A6-Series APU for Desktops,desktop,Bristol Ridge,28nm,7th Gen A6-9500E APU,7th Gen A6-9500E APU,2,,,,3.00 GHz,3.40 GHz,,1 MB,,35W,,,AM4,1,3.0,,DDR4,2,Up to 2400 MT/s,,,,,Radeon R5 Series,4,0.80 GHz,,2017-Q3,,AD9500AHM23AB,https://www.amd.com/en/products/specifications/processors.html,1,high,Unlocked
AMD,cpu,,A-Series,A6-Series APU for Desktops,desktop,Bristol Ridge,28nm,7th Gen A6-9500 APU,7th Gen A6-9500 APU,2,,,,3.50 GHz,3.80 GHz,,1 MB,,65W,,,AM4,1,3.0,,DDR4,2,Up to 2400 MT/s,,,,,Radeon R5 Series,6,1.03 GHz,,2017-Q3,,AD9500AGM23AB,https://www.amd.com/en/products/specifications/processors.html,1,high,Unlocked
AMD,cpu,,A-Series,A6-Series APU for Desktops,desktop,Godavari,28nm,A6-7470K with Radeon R5 Series,A6-7470K with Radeon R5 Series,2,,,,3.70 GHz,4.00 GHz,,1 MB,,65W,,,FM2+,1,,,DDR3,2,Up to 2133 MT/s,,,,,AMD Radeon R5 Graphics,4,0.80 GHz,,,,AD747KYBI23JC,https://www.amd.com/en/products/specifications/processors.html,1,high,Unlocked
AMD,cpu,,A-Series,A6-Series APU for Desktops,desktop,Kaveri,28nm,A6-7400K with Radeon R5 Series,A6-7400K with Radeon R5 Series,2,,,2,3.50 GHz,3.90 GHz,,1 MB,,65W,,,FM2+,1,,,DDR3,2,Up to 1866 MT/s,,,,,AMD Radeon R5 Graphics,4,0.76 GHz,,,,AD740KYBI23JA,https://www.amd.com/en/products/specifications/processors.html,1,high,Unlocked
AMD,cpu,,A-Series,A6-Series APU for Desktops,desktop,Richland,32nm SOI,A6-6420K with Radeon HD 8470D,A6-6420K with Radeon HD 8470D,2,,,2,4.00 GHz,4.20 GHz,,1 MB,,65W,,,FM2,1,,,DDR3,2,Up to 1866 MT/s,,,,,AMD Radeon HD 8470D,,0.80 GHz,,,,AD642KOKA23HL,https://www.amd.com/en/products/specifications/processors.html,1,high,Unlocked
AMD,cpu,,A-Series,A6-Series APU for Desktops,desktop,Richland,32nm SOI,A6-6400K with Radeon HD 8470D,A6-6400K with Radeon HD 8470D,2,,,2,3.90 GHz,4.10 GHz,,1 MB,,65W,,,FM2,1,,,DDR3,2,Up to 1866 MT/s,,,,,AMD Radeon HD 8470D,,0.80 GHz,,,,AD640KOKA23HL,https://www.amd.com/en/products/specifications/processors.html,1,high,Unlocked
AMD,cpu,,A-Series,A6-Series APU for Laptops,mobile,Beema,28nm,A6-6310 with Radeon R4 Graphics,A6-6310 with Radeon R4 Graphics,4,,,4,2.40 GHz,2.40 GHz,,2 MB,,15W,,,FT3b,1,,,DDR3L,1,Up to 1865 MT/s,,,,,AMD Radeon R4 Graphics,,0.80 GHz,,,,AM6310ITJ44JB,https://www.amd.com/en/products/specifications/processors.html,1,high,
AMD,cpu,,A-Series,A6-Series APU for Desktops,desktop,Kabini,28nm,A6-5200 with Radeon HD 8400,A6-5200 with Radeon HD 8400,4,,,4,2.00 GHz,,,2 MB,,25W,,,FT3,1,,,DDR3,1,Up to 1600 MT/s,,,,,AMD Radeon HD 8400,,0.60 GHz,,,,AM5200IAJ44HMD,https://www.amd.com/en/products/specifications/processors.html,1,high,
AMD,cpu,,A-Series,A6-Series APU for Laptops,mobile,Stoney Ridge,28nm,7th Gen A6-9225 APU,7th Gen A6-9225 APU,2,,,,2.60 GHz,3.10 GHz,,1 MB,,15W,,,,1,3.0,,DDR4,1,Up to 2133 MT/s,,,,,AMD Radeon R4 Graphics,3,0.69 GHz,,,,AM9225AYN23AC,https://www.amd.com/en/products/specifications/processors.html,1,high,
AMD,cpu,,A-Series,A6-Series APU for Laptops,mobile,Stoney Ridge,28nm,7th Gen A6-9220C APU,7th Gen A6-9220C APU,2,,,2,1.80 GHz,2.70 GHz,,1 MB,,6W,,,FT4,1,,,,1,Up to 1866 MT/s,,,,,Radeon R5 Graphics,3,0.72 GHz,,,,AM922CANN23AC,https://www.amd.com/en/products/specifications/processors.html,1,high,
AMD,cpu,,A-Series,A6-Series APU for Laptops,mobile,Stoney Ridge,28nm,7th Gen A6-9220 APU,7th Gen A6-9220 APU,2,,,,2.50 GHz,2.90 GHz,,1 MB,,15W,,,,1,3.0,,DDR4,,Up to 2133 MT/s,,,,,AMD Radeon R5 Graphics,3,0.66 GHz,,,,AM9220AYN23AC,https://www.amd.com/en/products/specifications/processors.html,1,high,
AMD,cpu,,A-Series,A6-Series APU for Laptops,mobile,Stoney Ridge,28nm,7th Gen A6-9210 APU,7th Gen A6-9210 APU,2,,,,2.40 GHz,2.80 GHz,,1 MB,,15W,,,,1,,,DDR4,1,Up to 2133 MT/s,,,,,AMD Radeon R4 Graphics,3,0.60 GHz,,,,AM9210AVY23AC,https://www.amd.com/en/products/specifications/processors.html,1,high,
AMD,cpu,,A-Series,A6-Series APU for Laptops,mobile,Kaveri,28nm,A6-7000 with Radeon R4 Graphics,A6-7000 with Radeon R4 Graphics,2,,,2,2.20 GHz,3.00 GHz,,1 MB,,17W,,,FT3,1,,,Not Listed,2,,,,,,AMD Radeon R4 Graphics,3,0.53 GHz,,,,AM7000ECH23JA,https://www.amd.com/en/products/specifications/processors.html,1,high,
AMD,cpu,,A-Series,A6-Series APU for Laptops,mobile,Richland,32nm,A6-5350M with Radeon HD 8450G,A6-5350M with Radeon HD 8450G,2,,,2,2.90 GHz,3.50 GHz,,2 MB,,35W,,,FS1r2,1,,,DDR3,2,Up to 1600 MT/s,,,,,AMD Radeon HD 8450G,,0.53 GHz,,,,AM5350DEC23HL,https://www.amd.com/en/products/specifications/processors.html,1,high,
AMD,cpu,,A-Series,A6-Series APU for Laptops,mobile,Kabini,28nm,A6-5200M with Radeon HD 8400,A6-5200M with Radeon HD 8400,4,,,4,2.00 GHz,,,2 MB,,25W,,,FT3,1,,,Not Listed,1,,,,,,AMD Radeon HD 8400,,,,,,AM5200IAJ44HM,https://www.amd.com/en/products/specifications/processors.html,1,high,
AMD,cpu,,A-Series,A6-Series APU for Laptops,mobile,Carrizo,28nm,A6-8500P with Radeon R5 Graphics,A6-8500P with Radeon R5 Graphics,2,,,2,1.60 GHz,3.00 GHz,,1 MB,,15W,,,FP4,1,,,Not Listed,2,,,,,,AMD Radeon R5 Graphics,4,0.80 GHz,,,,AM850PAAY23KA,https://www.amd.com/en/products/specifications/processors.html,1,high,
AMD,cpu,,A-Series,A6-Series APU for Laptops,mobile,Carrizo,28nm,A6-7310 with Radeon R4 Graphics,A6-7310 with Radeon R4 Graphics,4,,,4,2.00 GHz,2.40 GHz,,2 MB,,15W,,,FP4,1,,,DDR3L,1,Up to 1866 MT/s,,,,,AMD Radeon R4 Graphics,,0.80 GHz,,,,AM7310JBY44JB,https://www.amd.com/en/products/specifications/processors.html,1,high,
AMD,cpu,,PRO A-Series,PRO A-Series A6 APU for Desktops,desktop,Bristol Ridge,28nm,7th Gen AMD PRO A6-9500E APU,7th Gen AMD PRO A6-9500E APU,2,,,,3.00 GHz,3.40 GHz,,1 MB,,35W,,,AM4,1,3.0,,DDR4,2,Up to 2400 MT/s,,,,,R5,4,0.80 GHz,,2016-Q4,,AD950BAHM23AB,https://www.amd.com/en/products/specifications/processors.html,1,high,
AMD,cpu,,PRO A-Series,PRO A-Series A6 APU for Desktops,desktop,Bristol Ridge,28nm,7th Gen AMD PRO A6-9500 APU,7th Gen AMD PRO A6-9500 APU,2,,,,3.50 GHz,3.80 GHz,,1 MB,,65W,,,AM4,1,3.0,,DDR4,2,Up to 2400 MT/s,,,,,R5,6,1.03 GHz,,2016-Q4,,AD950BAGM23AB,https://www.amd.com/en/products/specifications/processors.html,1,high,
AMD,cpu,,PRO A-Series,PRO A-Series A6 APU for Desktops,desktop,Carrizo,28nm,6th Gen AMD PRO A6-8570E APU,6th Gen AMD PRO A6-8570E APU,2,,,,3.00 GHz,3.40 GHz,,1 MB,,35W,,,AM4,1,3.0,,DDR4,2,Up to 2400 MT/s,,,,,R5,4,0.80 GHz,,,,AD857BAHM23AB,https://www.amd.com/en/products/specifications/processors.html,1,high,
AMD,cpu,,PRO A-Series,PRO A-Series A6 APU for Desktops,desktop,Carrizo,28nm,6th Gen AMD PRO A6-8570 APU,6th Gen AMD PRO A6-8570 APU,2,,,,3.50 GHz,3.80 GHz,,1 MB,,65W,,,AM4,1,3.0,,DDR4,2,Up to 2400 MT/s,,,,,R5,6,1.03 GHz,,,,AD857BAGM23AB,https://www.amd.com/en/products/specifications/processors.html,1,high,
AMD,cpu,,PRO A-Series,PRO A-Series A6 APU for Desktops,desktop,Godavari,28nm,6th Gen AMD PRO A6-8550B APU,6th Gen AMD PRO A6-8550B APU,2,,,2,3.70 GHz,4.00 GHz,,1 MB,,65W,,,FM2+,1,,,DDR3,2,Up to 2133 MT/s,,,,,AMD Radeon R5 Graphics,4,0.80 GHz,,,,AD855BYBI23JC,https://www.amd.com/en/products/specifications/processors.html,1,high,
AMD,cpu,,PRO A-Series,PRO A-Series A6 APU for Desktops,desktop,Kaveri,28nm,A6 PRO-7400B with Radeon R5 Graphics,A6 PRO-7400B with Radeon R5 Graphics,2,,,2,3.50 GHz,3.90 GHz,,1 MB,,65W,,,FM2+,1,,,DDR3,2,Up to 1866 MT/s,,,,,AMD Radeon R5 Graphics,4,0.76 GHz,,,,AD740BYBI23JA,https://www.amd.com/en/products/specifications/processors.html,1,high,
AMD,cpu,,PRO A-Series,PRO A-Series A6 APU for Laptops,mobile,Bristol Ridge,28nm,7th Gen AMD PRO A6-9500B APU,7th Gen AMD PRO A6-9500B APU,2,,,,2.30 GHz,3.20 GHz,,1 MB,,15W,,,FP4,1,,,DDR4,2,Up to 1866 MT/s,,,,,R5,4,0.80 GHz,,2016-Q4,,AM950BADY23AB,https://www.amd.com/en/products/specifications/processors.html,1,high,
AMD,cpu,,PRO A-Series,PRO A-Series A6 APU for Laptops,mobile,Bristol Ridge,28nm,7th Gen AMD PRO A6-8350B APU,7th Gen AMD PRO A6-8350B APU,2,,,,3.10 GHz,3.70 GHz,,1 MB,,15W,,,,1,3.0,,DDR4,1,Up to 2133 MT/s,,,,,AMD Radeon R5 Graphics,3,,,2020,,,https://www.amd.com/en/products/specifications/processors.html,1,high,
AMD,cpu,,PRO A-Series,PRO A-Series A6 APU for Laptops,mobile,Stoney Ridge,28nm,7th Gen AMD PRO A6-7350B APU,7th Gen AMD PRO A6-7350B APU,2,,,,3.00 GHz,3.60 GHz,,1 MB,,15W,,,,1,3.0,,DDR4,1,Up to 2133 MT/s,,,,,AMD Radeon R5 Graphics,3,,,2018,,AM735BAYN23AC,https://www.amd.com/en/products/specifications/processors.html,1,high,
AMD,cpu,,PRO A-Series,PRO A-Series A6 APU for Laptops,mobile,Carrizo,28nm,6th Gen AMD PRO A6-8530B APU,6th Gen AMD PRO A6-8530B APU,2,,,,2.30 GHz,3.20 GHz,,1 MB,,,,,FP4,1,,,DDR4,,Up to 1866 MT/s,,,,,R5,4,0.80 GHz,,2016,,AM853BADY23AB,https://www.amd.com/en/products/specifications/processors.html,1,high,
AMD,cpu,,PRO A-Series,PRO A-Series A6 APU for Laptops,mobile,Carrizo,28nm,6th Gen AMD PRO A6-8500B APU,6th Gen AMD PRO A6-8500B APU,2,,,4,1.60 GHz,3.00 GHz,,1 MB,,15W,,,FP4,1,,,"DDR3 , DDR3L",2,Up to 1600 MT/s,,,,,AMD Radeon R5 Graphics,4,0.80 GHz,,,,,https://www.amd.com/en/products/specifications/processors.html,1,high,
AMD,cpu,,PRO A-Series,PRO A-Series A6 APU for Laptops,mobile,Kaveri,28nm,A6 PRO-7050B with Radeon R4 Graphics,A6 PRO-7050B with Radeon R4 Graphics,2,,,2,2.20 GHz,3.00 GHz,,1 MB,,100W,,,FP3,1,,,"DDR3 , DDR3L",2,Up to 1600 MT/s,,,,,AMD Radeon R4 Graphics,3,0.53 GHz,,,,AM705BECH23JA,https://www.amd.com/en/products/specifications/processors.html,1,high,
AMD,cpu,,A-Series,Business Class - Dual-Core A6-Series APU for Desktops,desktop,Richland,32nm SOI,A6-6420B with Radeon HD 8470D,A6-6420B with Radeon HD 8470D,2,,,2,4.00 GHz,4.20 GHz,,1 MB,,65W,,,FM2,1,,,DDR3,2,Up to 1866 MT/s,,,,,AMD Radeon HD 8470D,,0.80 GHz,,,,AD642BOKA23HL,https://www.amd.com/en/products/specifications/processors.html,1,high,
AMD,cpu,,A-Series,Business Class - Dual-Core A6-Series APU for Desktops,desktop,Richland,32nm SOI,A6-6400B with Radeon HD 8470D,A6-6400B with Radeon HD 8470D,2,,,2,3.90 GHz,4.10 GHz,,1 MB,,65W,,,FM2,1,,,DDR3,2,Up to 1866 MT/s,,,,,AMD Radeon HD 8470D,,0.80 GHz,,,,AD640BOKA23HL,https://www.amd.com/en/products/specifications/processors.html,1,high,
AMD,cpu,,A-Series,A4-Series APU for Desktops,desktop,Kaveri,32nm SOI,A4-7300 with Radeon HD 8470D,A4-7300 with Radeon HD 8470D,2,,,2,3.80 GHz,4.00 GHz,,1 MB,,65W,,,FM2,1,,,DDR3,2,Up to 1600 MT/s,,,,,AMD Radeon HD 8470D,,0.80 GHz,,,,AD7300OKA23HL,https://www.amd.com/en/products/specifications/processors.html,1,high,
AMD,cpu,,A-Series,A4-Series APU for Desktops,desktop,Richland,32nm SOI,A4-6320 with Radeon HD 8370D,A4-6320 with Radeon HD 8370D,2,,,2,3.80 GHz,4.00 GHz,,1 MB,,65W,,,FM2,1,,,DDR3,2,Up to 1600 MT/s,,,,,AMD Radeon HD 8370D,,0.76 GHz,,,,AD6320OKA23HL,https://www.amd.com/en/products/specifications/processors.html,1,high,
AMD,cpu,,A-Series,A4-Series APU for Desktops,desktop,Richland,32nm SOI,A4-6300 with Radeon HD 8370D,A4-6300 with Radeon HD 8370D,2,,,2,3.70 GHz,3.90 GHz,,1 MB,,65W,,,FM2,1,,,DDR3,2,Up to 1600 MT/s,,,,,AMD Radeon HD 8370D,,0.76 GHz,,,,AD6300OKA23HL,https://www.amd.com/en/products/specifications/processors.html,1,high,
AMD,cpu,,A-Series,A4-Series APU for Laptops,mobile,Stoney Ridge,28nm,7th Gen A4-9125 APU,7th Gen A4-9125 APU,2,,,,2.30 GHz,2.60 GHz,,1 MB,,15W,,,,1,3.0,,,1,Up to 2133 MT/s,,,,,AMD Radeon R3 Graphics,2,0.69 GHz,,,,AM9125AYN23AC,https://www.amd.com/en/products/specifications/processors.html,1,high,
AMD,cpu,,A-Series,A4-Series APU for Laptops,mobile,Stoney Ridge,28nm,7th Gen A4-9120C APU,7th Gen A4-9120C APU,2,,,2,1.60 GHz,2.40 GHz,,1 MB,,6W,,,FT4,1,,,,1,Up to 1866 MT/s,,,,,Radeon R4 Graphics,3,0.60 GHz,,,,AM912CANN23AC,https://www.amd.com/en/products/specifications/processors.html,1,high,
AMD,cpu,,A-Series,A4-Series APU for Laptops,mobile,Stoney Ridge,28nm,7th Gen A4-9120 APU,7th Gen A4-9120 APU,2,,,,2.20 GHz,2.50 GHz,,1 MB,,15W,,,,1,3.0,,DDR4,,Up to 2133 MT/s,,,,,AMD Radeon R3 Graphics,2,0.66 GHz,,,,AM9120AYN23AC,https://www.amd.com/en/products/specifications/processors.html,1,high,
AMD,cpu,,A-Series,A4-Series APU for Laptops,mobile,Carrizo,28nm,A4-7210 with Radeon R3 Graphics,A4-7210 with Radeon R3 Graphics,4,,,4,1.80 GHz,2.20 GHz,,2 MB,,65W,,,FT3b,1,,,DDR3L,1,Up to 1600 MT/s,,,,,AMD Radeon R3 Graphics,,0.69 GHz,,,,AM7210ITJ44JB,https://www.amd.com/en/products/specifications/processors.html,1,high,
AMD,cpu,,A-Series,A4-Series APU for Laptops,mobile,Mullins,28nm,A4 Micro-6400T with Radeon R3 Graphics,A4 Micro-6400T with Radeon R3 Graphics,4,,,4,1.60 GHz,,,2 MB,,4W,,,FT3b,1,,,DDR3L,1,Up to 1333 MT/s,,,,,AMD Radeon R3 Graphics,,,,,,AM640TIVJ44JB,https://www.amd.com/en/products/specifications/processors.html,1,high,
AMD,cpu,,A-Series,A4-Series APU for Laptops,mobile,Beema,28nm,A4-6210 with Radeon R3 Graphics,A4-6210 with Radeon R3 Graphics,4,,,4,1.80 GHz,,,2 MB,,15W,,,FT3b,1,,,DDR3L,1,Up to 1599 MT/s,,,,,AMD Radeon R3 Graphics,,0.60 GHz,,,,AM6210ITJ44JB,https://www.amd.com/en/products/specifications/processors.html,1,high,
AMD,cpu,,A-Series,A4-Series APU for Laptops,mobile,Kabini,28nm,A4-5100 with Radeon HD 8330,A4-5100 with Radeon HD 8330,4,,,4,1.55 GHz,,,2 MB,,15W,,,FT3,1,,,Not Listed,1,Up to 1600 MT/s,,,,,AMD Radeon HD 8330,,0.50 GHz,,,,AM5100IBJ44HM,https://www.amd.com/en/products/specifications/processors.html,1,high,
AMD,cpu,,A-Series,A4-Series APU for Laptops,mobile,Kabini,28nm,A4-5000 with Radeon HD 8330,A4-5000 with Radeon HD 8330,4,,,4,1.50 GHz,,,2 MB,,15W,,,FT3,1,,,Not Listed,1,Up to 1600 MT/s,,,,,AMD Radeon HD 8330,,0.50 GHz,,,,AM5000IBJ44HM,https://www.amd.com/en/products/specifications/processors.html,1,high,
AMD,cpu,,PRO A-Series,PRO A-Series A4 APU for Desktops,desktop,Godavari,28nm,6th Gen AMD PRO A4-8350B APU,6th Gen AMD PRO A4-8350B APU,2,,,2,3.50 GHz,3.90 GHz,,1 MB,,65W,,,FM2+,1,,,DDR3,2,Up to 1866 MT/s,,,,,AMD Radeon R5 Graphics,4,0.76 GHz,,,,AD835BYBI23JC,https://www.amd.com/en/products/specifications/processors.html,1,high,
AMD,cpu,,PRO A-Series,PRO A-Series A4 APU for Desktops,desktop,Kaveri,28nm,A4 PRO-7350B with Radeon R5 Graphics,A4 PRO-7350B with Radeon R5 Graphics,2,,,2,3.40 GHz,3.80 GHz,,1 MB,,65W,,,FM2+,1,,,DDR3,2,Up to 1866 MT/s,,,,,AMD Radeon R5 Graphics,3,0.51 GHz,,,,AD735BYBI23JA,https://www.amd.com/en/products/specifications/processors.html,1,high,
AMD,cpu,,PRO A-Series,PRO A-Series A4 APU for Desktops,desktop,Kaveri,32nm SOI,A4 PRO-7300B with Radeon HD 8470D,A4 PRO-7300B with Radeon HD 8470D,2,,,2,3.80 GHz,4.00 GHz,,1 MB,,65W,,,FM2,1,,,DDR3,2,Up to 1600 MT/s,,,,,AMD Radeon HD 8470D,,0.80 GHz,,,,AD730BOKA23H,https://www.amd.com/en/products/specifications/processors.html,1,high,
AMD,cpu,,PRO A-Series,PRO A-Series A4 APU for Laptops,mobile,Richland,28nm,7th Gen AMD PRO A4-5350B APU,7th Gen AMD PRO A4-5350B APU,2,,,,3.00 GHz,3.60 GHz,,1 MB,,15W,,,,1,3.0,,DDR4,1,Up to 2133 MT/s,,,,,AMD Radeon R5 Graphics,3,,,2020,,,https://www.amd.com/en/products/specifications/processors.html,1,medium,"codename medium-confidence (researched, not on AMD spec sheet)"
AMD,cpu,,PRO A-Series,PRO A-Series A4 APU for Laptops,mobile,Stoney Ridge,28nm,7th Gen AMD PRO A4-4350B APU,7th Gen AMD PRO A4-4350B APU,2,,,,2.50 GHz,2.90 GHz,,1 MB,,15W,,,,1,3.0,,DDR4,1,Up to 2133 MT/s,,,,,AMD Radeon R4 Graphics,3,,,2018,,AM435BAYN23AC,https://www.amd.com/en/products/specifications/processors.html,1,high,
AMD,cpu,,PRO A-Series,PRO A-Series A4 APU for Laptops,mobile,Carrizo,28nm,A4 PRO-3350B with Radeon R4 Graphics,A4 PRO-3350B with Radeon R4 Graphics,4,,,4,2.00 GHz,2.40 GHz,,2 MB,,15W,,,FT3b,1,,,DDR3,1,Up to 1600 MT/s,,,,,AMD Radeon R4 Graphics,2,0.80 GHz,,2016,,AM335BITJ44JB,https://www.amd.com/en/products/specifications/processors.html,1,high,
AMD,cpu,,PRO A-Series,PRO A-Series A4 APU for Laptops,mobile,Kabini,28nm,A4 PRO-3340B with Radeon HD 8240 Graphics,A4 PRO-3340B with Radeon HD 8240 Graphics,4,,,4,2.20 GHz,,,2 MB,,25W,,,FT3,1,,,"DDR3 , DDR3L",1,Up to 1600 MT/s,,,,,AMD Radeon HD 8240 Graphics,2,0.40 GHz,,,,AM334BIAJ44HM,https://www.amd.com/en/products/specifications/processors.html,1,high,
AMD,cpu,,Athlon,Athlon 5000 Series,desktop,Kabini,28nm,Athlon 5370 APU with Radeon R3 Series,Athlon 5370 APU with Radeon R3 Series,4,,,4,2.20 GHz,,,2 MB,,25W,,,AM1,1,,,DDR3,1,Up to 1600 MT/s,,,,,AMD Radeon R3 Graphics,,0.60 GHz,,,,AD5370JAH44HM,https://www.amd.com/en/products/specifications/processors.html,1,high,
AMD,cpu,,Athlon,Athlon 5000 Series,desktop,Kabini,28nm,Athlon 5350 APU with Radeon R3 Series,Athlon 5350 APU with Radeon R3 Series,4,,,4,2.05 GHz,,,2 MB,,25W,,,AM1,1,,,DDR3,1,Up to 1600 MT/s,,,,,AMD Radeon R3 Graphics,,0.60 GHz,,,,AD5350JAH44HM,https://www.amd.com/en/products/specifications/processors.html,1,high,
AMD,cpu,,Athlon,Athlon 5000 Series,desktop,Kabini,28nm,Athlon 5150 APU with Radeon R3 Series,Athlon 5150 APU with Radeon R3 Series,4,,,4,1.60 GHz,,,2 MB,,25W,,,AM1,1,,,DDR3,1,Up to 1600 MT/s,,,,,AMD Radeon R3 Graphics,,0.60 GHz,,,,AD5150JAH44HM,https://www.amd.com/en/products/specifications/processors.html,1,high,
AMD,cpu,,Sempron,Sempron Quad-Core APU,desktop,Sempron,28nm,Sempron 3850 APU with Radeon R3 Series,Sempron 3850 APU with Radeon R3 Series,4,,,4,1.30 GHz,,,2 MB,,25W,,,AM1,1,,,DDR3,1,Up to 1600 MT/s,,,,,AMD Radeon R3 Graphics,,0.45 GHz,,,,SD3850JAH44HM,https://www.amd.com/en/products/specifications/processors.html,1,high,
AMD,cpu,,Sempron,Sempron Dual-Core APU,desktop,Sempron,28nm,Sempron 2650 APU with Radeon R3 Series,Sempron 2650 APU with Radeon R3 Series,2,,,2,1.45 GHz,,,1 MB,,25W,,,AM1,1,,,DDR3,1,Up to 1333 MT/s,,,,,AMD Radeon R3 Graphics,,0.40 GHz,,,,SD2650JAH23HM,https://www.amd.com/en/products/specifications/processors.html,1,high,
AMD,cpu,,E-Series,E2-Series APU for Laptops,mobile,Stoney Ridge,28nm,7th Gen E2-9010 APU,7th Gen E2-9010 APU,2,,,,2.00 GHz,2.20 GHz,,1 MB,,15W,,,,1,3.0,,DDR4,,Up to 186 MT/s,,,,,AMD Radeon R5 Graphics,2,0.60 GHz,,,,EM9010AVY23AC,https://www.amd.com/en/products/specifications/processors.html,1,high,
AMD,cpu,,E-Series,E2-Series APU for Laptops,mobile,Beema,28nm,E2-6110 with Radeon R2 Graphics,E2-6110 with Radeon R2 Graphics,4,,,4,1.50 GHz,,,2 MB,,15W,,,FT3b,1,,,DDR3,1,Up to 1600 MT/s,,,,,AMD Radeon R2 Graphics,,,,,,EM6110ITJ44JB,https://www.amd.com/en/products/specifications/processors.html,1,high,
AMD,cpu,,E-Series,E2-Series APU for Laptops,mobile,Kabini,28nm,E2-3800 with Radeon HD 8280,E2-3800 with Radeon HD 8280,4,,,4,1.30 GHz,,,2 MB,,15W,,,FT3,1,,,DDR3,1,Up to 1600 MT/s,,,,,AMD Radeon HD 8280,,0.45 GHz,,,,EM3800IBJ44HM,https://www.amd.com/en/products/specifications/processors.html,1,high,
AMD,cpu,,E-Series,E2-Series APU for Laptops,mobile,Kabini,28nm,E2-3000 with Radeon HD 8280,E2-3000 with Radeon HD 8280,2,,,2,1.65 GHz,,,1 MB,,15W,,,FT3,1,,,Not Listed,1,,,,,,AMD Radeon HD 8280,,,,,,EM3000BJ23HM,https://www.amd.com/en/products/specifications/processors.html,1,high,
AMD,cpu,,E-Series,E2-Series APU for Laptops,mobile,Carrizo,28nm,E2-7110 with Radeon R2 Graphics,E2-7110 with Radeon R2 Graphics,4,,,4,1.80 GHz,1.80 GHz,,2 MB,,65W,,,FT3b,1,,,DDR3L,1,Up to 1600 MT/s,,,,,AMD Radeon R2 Graphics,,0.60 GHz,,,,EM7110ITJ44JB,https://www.amd.com/en/products/specifications/processors.html,1,high,
AMD,cpu,,E-Series,E1-Series APU for Laptops,mobile,Carrizo,28nm,E1-7010 with Radeon R2 Graphics,E1-7010 with Radeon R2 Graphics,2,,,2,1.50 GHz,1.50 GHz,,1 MB,,10W,,,FP4,1,,,DDR3L,1,Up to 1333 MT/s,,,,,AMD Radeon R2 Graphics,,0.40 GHz,,,,EM7010JCY23JB,https://www.amd.com/en/products/specifications/processors.html,1,high,
AMD,cpu,,E-Series,E1-Series APU for Laptops,mobile,Mullins,28nm,E1 Micro-6200T with Radeon R2 Graphics,E1 Micro-6200T with Radeon R2 Graphics,2,,,2,1.40 GHz,,,1 MB,,3W,,,FT3b,1,,,Not Listed,1,,,,,,AMD Radeon R2 Graphics,,,,,,EM620TIWJ23JB,https://www.amd.com/en/products/specifications/processors.html,1,high,
AMD,cpu,,E-Series,E1-Series APU for Laptops,mobile,Beema,28nm,E1-6010 with Radeon R2 Graphics,E1-6010 with Radeon R2 Graphics,2,,,2,1.35 GHz,,,1 MB,,10W,,,FT3b,1,,,Not Listed,1,,,,,,AMD Radeon R2 Graphics,,,,,,EM6010IUJ23JB,https://www.amd.com/en/products/specifications/processors.html,1,high,
AMD,cpu,,E-Series,E1-Series APU for Laptops,mobile,Kabini,28nm,E1-2500 with Radeon HD 8240,E1-2500 with Radeon HD 8240,2,,,2,1.40 GHz,,,1 MB,,15W,,,FT3,1,,,Not Listed,1,,,,,,AMD Radeon HD 8240,,,,,,EM2500BJ23HM,https://www.amd.com/en/products/specifications/processors.html,1,high,
AMD,cpu,,E-Series,E1-Series APU for Laptops,mobile,Kabini,28nm,E1-2200 with Radeon HD 8210,E1-2200 with Radeon HD 8210,2,,,2,1.00 GHz,,,1 MB,,9W,,,FT3,1,,,Not Listed,1,,,,,,AMD Radeon HD 8210,,,,,,EM2200ICJ23HM,https://www.amd.com/en/products/specifications/processors.html,1,high,
AMD,cpu,,E-Series,E1-Series APU for Laptops,mobile,Kabini,28nm,E1-2100 with Radeon HD 8210,E1-2100 with Radeon HD 8210,2,,,2,1.00 GHz,,,1 MB,,9W,,,FT3,1,,,Not Listed,1,,,,,,AMD Radeon HD 8210,,,,,,EM2100CJ23HM,https://www.amd.com/en/products/specifications/processors.html,1,high,
AMD,cpu,,Athlon,Athlon X4,desktop,Athlon Legacy,28nm,7th Gen AMD Athlon X4 970,7th Gen AMD Athlon X4 970,4,,,4,3.80 GHz,4.00 GHz,,2 MB,,65W,,,AM4,1,3.0,,DDR4,,Up to 2400 MT/s,,,,,Discrete Graphics Card Required,,,,2017-Q3,,AD970XAUM44AB,https://www.amd.com/en/products/specifications/processors.html,1,high,Unlocked
AMD,cpu,,Athlon,Athlon X4,desktop,Athlon Legacy,28nm,7th Gen AMD Athlon X4 950,7th Gen AMD Athlon X4 950,4,,,4,3.50 GHz,3.80 GHz,,2 MB,,,,,AM4,1,3.0,,DDR4,,Up to 2400 MT/s,,,,,Discrete Graphics Card Required,,,,2017-Q3,,AD950XAGM44AB,https://www.amd.com/en/products/specifications/processors.html,1,high,Unlocked
AMD,cpu,,Athlon,Athlon X4,desktop,Athlon Legacy,28nm,7th Gen AMD Athlon X4 940,7th Gen AMD Athlon X4 940,4,,,4,3.20 GHz,3.60 GHz,,2 MB,,,,,AM4,1,3.0,,DDR4,,Up to 2400 MT/s,,,,,Discrete Graphics Card Required,,,,2017-Q3,,AD940XAGM44AB,https://www.amd.com/en/products/specifications/processors.html,1,high,Unlocked
AMD,cpu,,Athlon,Athlon X4,desktop,Raven Ridge,28nm,880K with Near Silent Thermal Solution,880K with Near Silent Thermal Solution,4,,,,4.00 GHz,4.20 GHz,,4 MB,,95W,,,FM2+,1,,,DDR3,2,Up to 2133 MT/s,,,,,Discrete Graphics Card Required,,,,,,AD880KXBJCSBX,https://www.amd.com/en/products/specifications/processors.html,1,high,Unlocked
AMD,cpu,,Athlon,Athlon X4,desktop,Athlon Legacy,28nm,870K with Near Silent Thermal Solution,870K with Near Silent Thermal Solution,4,,,4,3.90 GHz,4.10 GHz,,4 MB,,95W,,,FM2+,1,3.0,,DDR3,2,Up to 2133 MT/s,,,,,Discrete Graphics Card Required,,,,,,AD870KXBJCSBX,https://www.amd.com/en/products/specifications/processors.html,1,high,Unlocked
AMD,cpu,,Athlon,Athlon X4,desktop,Athlon Legacy,28nm,860K with Near Silent Thermal Solution,860K with Near Silent Thermal Solution,4,,,4,3.70 GHz,4.00 GHz,,4 MB,,95W,,,FM2+,1,3.0,,DDR3,2,Up to 2133 MT/s,,,,,Discrete Graphics Card Required,,,,,,AD860KXBJASBX,https://www.amd.com/en/products/specifications/processors.html,1,high,Unlocked
AMD,cpu,,Athlon,Athlon X4,desktop,Athlon Legacy,28nm,Athlon 860K,AMD Athlon 860K,4,,,4,3.70 GHz,4.00 GHz,,4 MB,,95W,,,FM2+,1,3.0,,DDR3,2,Up to 2133 MT/s,,,,,Discrete Graphics Card Required,,,,,,AD860KXBI44JA,https://www.amd.com/en/products/specifications/processors.html,1,high,Unlocked
AMD,cpu,,Athlon,Athlon X4,desktop,Athlon Legacy,28nm,845 with Near Silent Thermal Solution,845 with Near Silent Thermal Solution,4,,,4,3.50 GHz,3.80 GHz,,2 MB,,,,,FM2+,1,3.0,,DDR3,2,Up to 2133 MT/s,,,,,Discrete Graphics Card Required,,,,,,AD845XACKASBX,https://www.amd.com/en/products/specifications/processors.html,1,high,
AMD,cpu,,Athlon,Athlon X4,desktop,Athlon Legacy,32nm,Athlon 760K,AMD Athlon 760K,4,,,4,3.80 GHz,4.10 GHz,,4 MB,,100W,,,FM2,1,,,Not Listed,,,,,,,Discrete Graphics Card Required,,,,,,AD760KWOA44HL,https://www.amd.com/en/products/specifications/processors.html,1,high,Unlocked
AMD,cpu,,Athlon,Athlon X4,desktop,Athlon Legacy,32nm,Athlon 750K,AMD Athlon 750K,4,,,4,3.40 GHz,4.00 GHz,,4 MB,,100W,,,FM2,1,,,Not Listed,,,,,,,Discrete Graphics Card Required,,,,,,AD750KWOA44HJ,https://www.amd.com/en/products/specifications/processors.html,1,high,
AMD,cpu,,Athlon,Athlon X4,desktop,Athlon Legacy,,Athlon 750,AMD Athlon 750,4,,,,3.40 GHz,4.00 GHz,,4 MB,,65W,,,FM2,1,,,DDR3,2,Up to 1866 MT/s,,,,,Discrete Graphics Card Required,,,,,,AD750XOKA44HL,https://www.amd.com/en/products/specifications/processors.html,1,high,
AMD,cpu,,Athlon,Athlon X4,desktop,Athlon Legacy,32nm,Athlon 740,AMD Athlon 740,4,,,4,3.20 GHz,3.70 GHz,,4 MB,,65W,,,FM2,1,,,Not Listed,,,,,,,Discrete Graphics Card Required,,,,,,AD740XOKA44HJ,https://www.amd.com/en/products/specifications/processors.html,1,high,
AMD,cpu,,Athlon,Athlon II X4,desktop,Athlon Legacy,32nm,Athlon 641,AMD Athlon 641,4,,,4,2.80 GHz,,,4 MB,,100W,,,FM1 uPGA,1,,,Not Listed,,,,,,,Discrete Graphics Card Required,,,,,,AD641XWNZ43GX,https://www.amd.com/en/products/specifications/processors.html,1,high,
AMD,cpu,,Athlon,Athlon II X4,desktop,Athlon Legacy,32nm,Athlon 638,AMD Athlon 638,4,,,4,2.70 GHz,,,4 MB,,65W,,,FM1 uPGA,1,,,Not Listed,,,,,,,Discrete Graphics Card Required,,,,,,AD638XOJZ43GX,https://www.amd.com/en/products/specifications/processors.html,1,high,
AMD,cpu,,Athlon,Athlon II X4,desktop,Athlon Legacy,32nm,Athlon 631 (65W),AMD Athlon 631 (65W),4,,,4,2.60 GHz,,,4 MB,,65W,,,FM1 uPGA,1,,,Not Listed,,,,,,,Discrete Graphics Card Required,,,,,,AD631XOJZ43GX,https://www.amd.com/en/products/specifications/processors.html,1,high,
AMD,cpu,,Athlon,Athlon II X4,desktop,Athlon Legacy,32nm,Athlon 631,AMD Athlon 631,4,,,4,2.60 GHz,,,4 MB,,100W,,,FM1 uPGA,1,,,Not Listed,,,,,,,Discrete Graphics Card Required,,,,,,AD631XWNZ43GX,https://www.amd.com/en/products/specifications/processors.html,1,high,
AMD,cpu,,Athlon,Athlon II X4,desktop,Athlon Legacy,,Athlon 620e,AMD Athlon 620e,4,,,4,2.70 GHz,,,,,45W,,,AM3,1,,,DDR3,,,,,,,Discrete Graphics Card Required,,,,,,AD620EHDK42GM,https://www.amd.com/en/products/specifications/processors.html,1,high,
AMD,cpu,,Athlon,Athlon II X3,desktop,Athlon Legacy,,Athlon 460,AMD Athlon 460,3,,,3,3.40 GHz,,,1.5 MB,,95W,,,AM3,1,,,DDR3,,,,,,,Discrete Graphics Card Required,,,,,,ADX460WFK32GM,https://www.amd.com/en/products/specifications/processors.html,1,high,
AMD,cpu,,Athlon,Athlon II X3,desktop,Athlon Legacy,,Athlon 425e,AMD Athlon 425e,3,,,3,2.70 GHz,,,1.5 MB,,45W,,,AM3,1,,,DDR3,,,,,,,Discrete Graphics Card Required,,,,,,AD425EHDK32GM,https://www.amd.com/en/products/specifications/processors.html,1,high,
AMD,cpu,,Athlon,Athlon II X2,desktop,Athlon Legacy,,Athlon 255e,AMD Athlon 255e,2,,,2,3.10 GHz,,,2 MB,,45W,,,AM3,1,,,DDR3,,,,,,,Discrete Graphics Card Required,,,,,,AD255EHDK23GM,https://www.amd.com/en/products/specifications/processors.html,1,high,
AMD,cpu,,Phenom,Phenom II X6,desktop,Phenom,,Phenom II 1075T,AMD Phenom II 1075T,6,,,6,3.50 GHz,,,3 MB,6 MB,95W,,,AM3,1,,,DDR3,,,,,,,Discrete Graphics Card Required,,,,,,HDT75TWFK6DGR,https://www.amd.com/en/products/specifications/processors.html,1,high,
AMD,cpu,,Phenom,Phenom II X6,desktop,Phenom,,Phenom II 1045T,AMD Phenom II 1045T,,,,,2.70 GHz,3.20 GHz,,3 MB,6 MB,95W,,,AM3,1,,,Not Listed,,,,,,,Discrete Graphics Card Required,,,,,,HDT45TWFK6DGR,https://www.amd.com/en/products/specifications/processors.html,1,high,
AMD,cpu,,Phenom,Phenom II X4 Black,desktop,Phenom,,Phenom II 980,AMD Phenom II 980,4,,,4,3.70 GHz,,,2 MB,6 MB,125W,,,AM3,1,,,DDR3,,,,,,,Discrete Graphics Card Required,,,,,,HDZ980FBK4DGM,https://www.amd.com/en/products/specifications/processors.html,1,high,Unlocked
AMD,cpu,,Phenom,Phenom II X4 Black,desktop,Phenom,45nm SOI,Phenom II 975,AMD Phenom II 975,4,,,4,3.60 GHz,,,2 MB,6 MB,125W,,,AM3,1,,,DDR3,,,,,,,Discrete Graphics Card Required,,,,,,HDZ975FBK4DGM,https://www.amd.com/en/products/specifications/processors.html,1,high,Unlocked
AMD,cpu,,Phenom,Phenom II X4 Black,desktop,Phenom,,Phenom II 965,AMD Phenom II 965,4,,,4,3.40 GHz,,,2 MB,,80W,,,AM3,1,,,Not Listed,,,,,,,Discrete Graphics Card Required,,,,,,HDZ965FBK4DGM,https://www.amd.com/en/products/specifications/processors.html,1,high,Unlocked
AMD,cpu,,Phenom,Phenom II X4 Black,desktop,Phenom,,Phenom II 960T,AMD Phenom II 960T,4,,,4,3.00 GHz,3.40 GHz,,512 KB,,95W,,,AM3,1,,,Not Listed,,,,,,,Discrete Graphics Card Required,,,,,,HD96ZTWFK4DGR,https://www.amd.com/en/products/specifications/processors.html,1,high,Unlocked
AMD,cpu,,Phenom,Phenom II X4,desktop,Phenom,,Phenom II 850,AMD Phenom II 850,4,,,4,3.30 GHz,,,2 MB,,95W,,,AM3,1,,,Not Listed,,,,,,,Discrete Graphics Card Required,,,,,,HDX850WFK42GM,https://www.amd.com/en/products/specifications/processors.html,1,high,
AMD,cpu,,Phenom,Phenom II X4,desktop,Phenom,,Phenom II 840,AMD Phenom II 840,4,,,4,3.20 GHz,,,2 MB,,95W,,,AM3,1,,,DDR3,,,,,,,Discrete Graphics Card Required,,,,,,HDX840WFK42GM,https://www.amd.com/en/products/specifications/processors.html,1,high,
AMD,cpu,,Phenom,Phenom II X2 Black,desktop,Phenom,,Phenom II 570,AMD Phenom II 570,2,,,2,4.00 GHz,,,,6 MB,80W,,,AM3,1,,,DDR3,,,,,,,Discrete Graphics Card Required,,,,,,HDZ570WFK2DGM,https://www.amd.com/en/products/specifications/processors.html,1,high,Unlocked
AMD,cpu,,Phenom,Phenom II X2 Black,desktop,Phenom,,Phenom II 555,AMD Phenom II 555,2,,,2,3.20 GHz,,,1 MB,,80W,,,AM3,1,,,Not Listed,,,,,,,Discrete Graphics Card Required,,,,,,HDZ565WFG2DGM,https://www.amd.com/en/products/specifications/processors.html,1,high,Unlocked
AMD,cpu,,Phenom,Phenom II X2 Black,desktop,Phenom,45nm SOI,Phenom II 565,AMD Phenom II 565,2,,,2,3.40 GHz,,,1 MB,6 MB,80W,,,AM3,1,,,Not Listed,,,,,,,Discrete Graphics Card Required,,,,,,HDZ565WFG2DGM,https://www.amd.com/en/products/specifications/processors.html,1,high,Unlocked
AMD,cpu,,Phenom,Phenom II Black Edition Quad-Core Mobile Processors,mobile,Phenom,,X940,X940,4,,,4,2.40 GHz,,,2 MB,,45W,,,S1,1,,,DDR3,,,,,,,Discrete Graphics Card Required,,,,,,HMX940HIR42GM,https://www.amd.com/en/products/specifications/processors.html,1,high,Unlocked
AMD,cpu,,Phenom,Phenom II Quad-Core Mobile Processors,mobile,Phenom,,N970,N970,4,,,4,2.20 GHz,,,2 MB,,35W,,,S1,1,,,DDR3,,,,,,,Discrete Graphics Card Required,,,,,,HMN970DCR42GM,https://www.amd.com/en/products/specifications/processors.html,1,high,
AMD,cpu,,Phenom,Phenom II Quad-Core Mobile Processors,mobile,Phenom,,N960,N960,4,,,4,1.80 GHz,,,2 MB,,35W,,,S1,1,,,DDR3,,,,,,,Discrete Graphics Card Required,,,,,,HMP960SGR42GM,https://www.amd.com/en/products/specifications/processors.html,1,high,
AMD,cpu,,Phenom,Phenom II Triple-Core Mobile Processors,mobile,Phenom,,N870,N870,3,,,3,2.30 GHz,,,1.5 MB,,35W,,,AM2+,1,,,DDR3,,,,,,,Discrete Graphics Card Required,,,,,,HMN870DCR32GM,https://www.amd.com/en/products/specifications/processors.html,1,high,
AMD,cpu,,Phenom,Phenom II Triple-Core Mobile Processors,mobile,Phenom,,P860,P860,3,,,3,2.00 GHz,,,1.5 MB,,35W,,,AM2+,1,,,DDR3,,,,,,,Discrete Graphics Card Required,,,,,,HMP860SGR32GM,https://www.amd.com/en/products/specifications/processors.html,1,high,
AMD,cpu,,Phenom,Phenom II Dual-Core Mobile Processors,mobile,Phenom,,N660,N660,2,,,2,3.00 GHz,,,2 MB,,35W,,,S1,1,,,DDR3,,,,,,,Discrete Graphics Card Required,,,,,,HMN660DCR23GM,https://www.amd.com/en/products/specifications/processors.html,1,high,
AMD,cpu,,Phenom,Phenom II Dual-Core Mobile Processors,mobile,Phenom,,P650,P650,2,,,2,2.60 GHz,,,2 MB,,35W,,,S1,1,,,DDR3,,,,,,,Discrete Graphics Card Required,,,,,,HMP650SGR23GM,https://www.amd.com/en/products/specifications/processors.html,1,high,
AMD,cpu,,Phenom,Phenom II Dual-Core Mobile Processors,mobile,Phenom,,N640,N640,2,,,2,2.80 GHz,,,2 MB,,35W,,,S1,1,,,Not Listed,,,,,,,Discrete Graphics Card Required,,,,,,HMN640DCR23GM,https://www.amd.com/en/products/specifications/processors.html,1,high,
AMD,cpu,,Phenom,Business Class - AMD Phenom X4 Quad-Core,desktop,Phenom,,B99,B99,4,,,4,3.30 GHz,,,2 MB,,95W,,,AM3,1,,,Not Listed,,,,,,,Discrete Graphics Card Required,,,,,,HDXB99WFK4DGM,https://www.amd.com/en/products/specifications/processors.html,1,high,
AMD,cpu,,Phenom,Business Class - AMD Phenom X4 Quad-Core,desktop,Phenom,,B97,B97,4,,,4,3.20 GHz,,,2 MB,,95W,,,AM3,1,,,Not Listed,,,,,,,Discrete Graphics Card Required,,,,,,HDXB97WFK4DGM,https://www.amd.com/en/products/specifications/processors.html,1,high,
AMD,cpu,,Phenom,Business Class - AMD Phenom X4 Quad-Core,desktop,Phenom,,B95,B95,,,,,3.00 GHz,,,2 MB,,95W,,,AM3,1,,,Not Listed,,,,,,,Discrete Graphics Card Required,,,,,,HDXB95WFK4DGM,https://www.amd.com/en/products/specifications/processors.html,1,high,
AMD,cpu,,Phenom,Business Class - AMD Phenom X3 Triple-Core,desktop,Phenom,,B77,B77,3,,,3,3.20 GHz,,,1.5 MB,,95W,,,AM3,1,,,Not Listed,,,,,,,Discrete Graphics Card Required,,,,,,HDXB77WFK3DGM,https://www.amd.com/en/products/specifications/processors.html,1,high,
AMD,cpu,,Phenom,Business Class - AMD Phenom X3 Triple-Core,desktop,Phenom,,B75,B75,3,,,3,3.00 GHz,,,1.5 MB,,95W,,,AM3,1,,,Not Listed,,,,,,,Discrete Graphics Card Required,,,,,,HDXB75WFK3DGM,https://www.amd.com/en/products/specifications/processors.html,1,high,
AMD,cpu,,Phenom,Business Class - AMD Phenom X2 Dual-Core,desktop,Phenom,,B60,B60,2,,,2,3.50 GHz,,,1 MB,,80W,,,AM3,1,,,Not Listed,,,,,,,Discrete Graphics Card Required,,,,,,HDXB60WFK2DGM,https://www.amd.com/en/products/specifications/processors.html,1,high,
AMD,cpu,,Phenom,Business Class - AMD Phenom X2 Dual-Core,desktop,Phenom,,B59,B59,2,,,2,3.40 GHz,,,1 MB,,80W,,,AM3,1,,,Not Listed,,,,,,,Discrete Graphics Card Required,,,,,,HDXB59WFK2DGM,https://www.amd.com/en/products/specifications/processors.html,1,high,
AMD,cpu,,Phenom,Business Class - AMD Phenom X2 Dual-Core,desktop,Phenom,,B57,B57,2,,,2,3.20 GHz,,,1 MB,,80W,,,AM3,1,,,Not Listed,,,,,,,Discrete Graphics Card Required,,,,,,HDXB57WFK2DGM,https://www.amd.com/en/products/specifications/processors.html,1,high,
AMD,cpu,,Ryzen PRO,Ryzen PRO 200 Series,mobile,Hawk Point,TSMC 4nm FinFET,Ryzen 3 PRO 205,AMD Ryzen 3 PRO 205,4,,,8,2.80 GHz,4.60 GHz,,4 MB,8 MB,28W,,,FP8,1,4.0,,"DDR5 (FP8) , LPDDR5X (FP8)",2,,,,,,AMD Radeon 740M,4,2.30 GHz,,2026-Q2,,100-000002282,https://www.amd.com/en/products/specifications/processors.html,1,high,
AMD,cpu,,Ryzen PRO,Ryzen PRO 200 Series,mobile,Hawk Point,TSMC 4nm FinFET,Ryzen 7 PRO 217,AMD Ryzen 7 PRO 217,6,,,12,3.00 GHz,4.80 GHz,,6 MB,16 MB,35W,,,FP8,1,4.0,,"DDR5 (FP8) , LPDDR5X (FP8)",2,,,,,,AMD Radeon 740M,4,2.60 GHz,,2026-Q2,,100-000002280,https://www.amd.com/en/products/specifications/processors.html,1,high,
AMD,cpu,,Ryzen PRO,Ryzen PRO 200 Series,mobile,Hawk Point,TSMC 4nm FinFET,Ryzen 5 PRO 216,AMD Ryzen 5 PRO 216,6,,,12,2.90 GHz,4.70 GHz,,6 MB,16 MB,28W,,,FP8,1,4.0,,"DDR5 (FP8) , LPDDR5X (FP8)",2,,,,,,AMD Radeon 740M,4,2.50 GHz,,2026-Q2,,100-000002281,https://www.amd.com/en/products/specifications/processors.html,1,high,
AMD,cpu,,Ryzen PRO,Ryzen PRO 200 Series,mobile,Hawk Point,TSMC 4nm FinFET,Ryzen 5 PRO 224,AMD Ryzen 5 PRO 224,6,,,12,3.30 GHz,4.80 GHz,,6 MB,16 MB,28W,,,FP8,1,4.0,,"DDR5 (FP8) , LPDDR5X (FP8)",2,,,,,,AMD Radeon 760M,8,2.40 GHz,,2026-Q2,,100-000002326,https://www.amd.com/en/products/specifications/processors.html,1,high,
AMD,cpu,,Ryzen PRO,Ryzen PRO 200 Series,mobile,Hawk Point,TSMC 4nm FinFET,Ryzen 7 PRO 249,AMD Ryzen 7 PRO 249,8,,,16,3.10 GHz,4.90 GHz,,8 MB,16 MB,28W,,,FP8,1,4.0,,"DDR5 (FP8) , LPDDR5X (FP8)",2,,,,,,AMD Radeon 780M,12,2.50 GHz,,2026-Q2,,100-000002327,https://www.amd.com/en/products/specifications/processors.html,1,high,
AMD,cpu,,Ryzen PRO,Ryzen PRO 200 Series,mobile,Hawk Point,TSMC 4nm FinFET,Ryzen 5 PRO 225,AMD Ryzen 5 PRO 225,6,,,12,3.30 GHz,4.80 GHz,,6 MB,16 MB,45W,,,FP8,1,4.0,,"DDR5 (FP8) , LPDDR5X (FP8)",2,,,,,,AMD Radeon 760M,8,2.40 GHz,,2026-Q2,,100-000002276,https://www.amd.com/en/products/specifications/processors.html,1,high,
AMD,cpu,,Ryzen PRO,Ryzen PRO 200 Series,mobile,Hawk Point,TSMC 4nm FinFET,Ryzen 7 PRO 253,AMD Ryzen 7 PRO 253,8,,,16,3.60 GHz,4.90 GHz,,8 MB,16 MB,45W,,,FP8,1,4.0,,"DDR5 (FP8) , LPDDR5X (FP8)",2,,,,,,AMD Radeon 780M,12,2.50 GHz,,2026-Q2,,100-000002275,https://www.amd.com/en/products/specifications/processors.html,1,high,
AMD,cpu,,Ryzen,Ryzen 3000 Series,mobile,Picasso,12nm,Ryzen 5 3501U,AMD Ryzen 5 3501U,4,,,8,2.10 GHz,3.70 GHz,,2 MB,4 MB,15W,,,FP5,1,3.0,,,2,Up to 2400 MT/s,,,,,Radeon Vega 8 Graphics,8,1.20 GHz,,2026,,YM3501C4T4MFG,https://www.amd.com/en/products/specifications/processors.html,1,high,
AMD,cpu,,Ryzen,Ryzen AI 300 Series,mobile,Krackan Point,TSMC 4nm FinFET,Ryzen AI 7 345,AMD Ryzen AI 7 345,6,,,12,2.00 GHz,4.60 GHz,,6 MB,8 MB,28W,,,FP8,1,4.0,,"DDR5 (FP8) , LPDDR5X (FP8)",2,,,,,,AMD Radeon 840M,4,2.90 GHz,,2025-Q1,,100-000002122,https://www.amd.com/en/products/specifications/processors.html,1,high,
AMD,cpu,,Ryzen,Ryzen 4000 Series,desktop,Renoir,TSMC 7nm FinFET,Ryzen 7 4700LE (OEM Only),AMD Ryzen 7 4700LE (OEM Only),8,,,16,3.60 GHz,4.20 GHz,,4 MB,8 MB,65W,,,AM4,1,3.0,,DDR4,2,Up to 3200 MT/s,,,,,Discrete Graphics Card Required,,,,2026-Q1,,100-000002147,https://www.amd.com/en/products/specifications/processors.html,1,high,Unlocked
AMD,cpu,,Ryzen,Ryzen 7000 Series,mobile,Barcelo-R,Zen 3,Ryzen 5 7525U,AMD Ryzen 5 7525U,4,,,8,2.80 GHz,3.80 GHz,,2 MB,4 MB,15W,,,,1,,,,,,,,,,AMD Radeon Graphics,8,,,,,100-000001835C,https://www.amd.com/en/products/specifications/processors.html,1,high,
AMD,cpu,,Ryzen Embedded,Ryzen AI Embedded X100 Series,embedded,Strix Halo,Zen 5,Ryzen AI Embedded X199,AMD Ryzen AI Embedded X199,16,,,32,3.00 GHz,5.10 GHz,,16 MB,64 MB,55W,,,,,,16,LPDDR5x-8533,,,,,,,AMD Radeon Graphics,40,2.90 GHz,50,,,,https://www.amd.com/en/products/specifications/embedded.html,1,high,FP11 (BGA)
AMD,cpu,,Ryzen Embedded,Ryzen AI Embedded X100 Series,embedded,Strix Halo,Zen 5,Ryzen AI Embedded X199i,AMD Ryzen AI Embedded X199i,16,,,32,3.00 GHz,5.10 GHz,,16 MB,64 MB,55W,,,,,,16,LPDDR5x-8533,,,,,,,AMD Radeon Graphics,40,2.90 GHz,50,,,,https://www.amd.com/en/products/specifications/embedded.html,1,high,FP11 (BGA)
AMD,cpu,,Ryzen Embedded,Ryzen AI Embedded X100 Series,embedded,Strix Halo,Zen 5,Ryzen AI Embedded X188,AMD Ryzen AI Embedded X188,12,,,24,3.20 GHz,5.00 GHz,,12 MB,64 MB,55W,,,,,,16,LPDDR5x-8533,,,,,,,AMD Radeon Graphics,32,2.80 GHz,50,,,,https://www.amd.com/en/products/specifications/embedded.html,1,high,FP11 (BGA)
AMD,cpu,,Ryzen Embedded,Ryzen AI Embedded X100 Series,embedded,Strix Halo,Zen 5,Ryzen AI Embedded X188i,AMD Ryzen AI Embedded X188i,12,,,24,3.20 GHz,5.00 GHz,,12 MB,64 MB,55W,,,,,,16,LPDDR5x-8533,,,,,,,AMD Radeon Graphics,32,2.80 GHz,50,,,,https://www.amd.com/en/products/specifications/embedded.html,1,high,FP11 (BGA)
AMD,cpu,,Ryzen Embedded,Ryzen AI Embedded X100 Series,embedded,Strix Halo,Zen 5,Ryzen AI Embedded X168,AMD Ryzen AI Embedded X168,8,,,16,3.60 GHz,5.00 GHz,,8 MB,32 MB,55W,,,,,,16,LPDDR5x-8533,,,,,,,AMD Radeon Graphics,32,2.80 GHz,50,,,,https://www.amd.com/en/products/specifications/embedded.html,1,high,FP11 (BGA)
AMD,cpu,,Ryzen Embedded,Ryzen AI Embedded X100 Series,embedded,Strix Halo,Zen 5,Ryzen AI Embedded X168i,AMD Ryzen AI Embedded X168i,8,,,16,3.60 GHz,5.00 GHz,,8 MB,32 MB,55W,,,,,,16,LPDDR5x-8533,,,,,,,AMD Radeon Graphics,32,2.80 GHz,50,,,,https://www.amd.com/en/products/specifications/embedded.html,1,high,FP11 (BGA)
AMD,cpu,,Ryzen Embedded,Ryzen AI Embedded P100 Series,embedded,Strix Point,Zen 5,Ryzen AI Embedded P185,AMD Ryzen AI Embedded P185,12,,,24,,5.10 GHz,,12 MB,24 MB,28W,,,,,,,"DDR5-5600 , LPDDR5x - Up to 8533",,,,,,,AMD Radeon Graphics,16,2.90 GHz,50,,,,https://www.amd.com/en/products/specifications/embedded.html,1,high,FP8 (BGA)
AMD,cpu,,Ryzen Embedded,Ryzen AI Embedded P100 Series,embedded,Strix Point,Zen 5,Ryzen AI Embedded P185i,AMD Ryzen AI Embedded P185i,12,,,24,,5.10 GHz,,12 MB,24 MB,28W,,,,,,,"DDR5-5600 , LPDDR5x - Up to 8000",,,,,,,AMD Radeon Graphics,16,2.90 GHz,50,,,,https://www.amd.com/en/products/specifications/embedded.html,1,high,FP8 (BGA)
AMD,cpu,,Ryzen Embedded,Ryzen AI Embedded P100 Series,embedded,Strix Point,Zen 5,Ryzen AI Embedded P174,AMD Ryzen AI Embedded P174,10,,,20,,5.00 GHz,,10 MB,24 MB,28W,,,,,,,"DDR5-5600 , LPDDR5x - Up to 8533",,,,,,,AMD Radeon Graphics,12,2.80 GHz,50,,,,https://www.amd.com/en/products/specifications/embedded.html,1,high,FP8 (BGA)
AMD,cpu,,Ryzen Embedded,Ryzen AI Embedded P100 Series,embedded,Strix Point,Zen 5,Ryzen AI Embedded P174i,AMD Ryzen AI Embedded P174i,10,,,20,,5.00 GHz,,10 MB,24 MB,28W,,,,,,,"DDR5-5600 , LPDDR5x - Up to 8000",,,,,,,AMD Radeon Graphics,12,2.80 GHz,50,,,,https://www.amd.com/en/products/specifications/embedded.html,1,high,FP8 (BGA)
AMD,cpu,,Ryzen Embedded,Ryzen AI Embedded P100 Series,embedded,Strix Point,Zen 5,Ryzen AI Embedded P164,AMD Ryzen AI Embedded P164,8,,,16,,5.00 GHz,,8 MB,16 MB,28W,,,,,,,"DDR5-5600 , LPDDR5x - Up to 8533",,,,,,,AMD Radeon Graphics,12,2.80 GHz,50,,,,https://www.amd.com/en/products/specifications/embedded.html,1,high,FP8 (BGA)
AMD,cpu,,Ryzen Embedded,Ryzen AI Embedded P100 Series,embedded,Strix Point,Zen 5,Ryzen AI Embedded P164i,AMD Ryzen AI Embedded P164i,8,,,16,,5.00 GHz,,8 MB,16 MB,28W,,,,,,,"DDR5-5600 , LPDDR5x - Up to 8000",,,,,,,AMD Radeon Graphics,12,2.80 GHz,50,,,,https://www.amd.com/en/products/specifications/embedded.html,1,high,FP8 (BGA)
AMD,cpu,,Ryzen Embedded,Ryzen AI Embedded P100 Series,embedded,Krackan Point,Zen 5,Ryzen AI Embedded P132,AMD Ryzen AI Embedded P132,6,,,12,,4.50 GHz,,6 MB,8 MB,28W,,,,,,,"DDR5-5600 , LPDDR5x-8000",,,,,,,AMD Radeon Graphics,4,2.80 GHz,50,,,,https://www.amd.com/en/products/specifications/embedded.html,1,high,FP8 (BGA)
AMD,cpu,,Ryzen Embedded,Ryzen AI Embedded P100 Series,embedded,Krackan Point,Zen 5,Ryzen AI Embedded P132i,AMD Ryzen AI Embedded P132i,6,,,12,,4.50 GHz,,6 MB,8 MB,28W,,,,,,,"DDR5-5600 , LPDDR5x-8000",,,,,,,AMD Radeon Graphics,4,2.80 GHz,50,,,,https://www.amd.com/en/products/specifications/embedded.html,1,high,FP8 (BGA)
AMD,cpu,,Ryzen Embedded,Ryzen AI Embedded P100 Series,embedded,Krackan Point,Zen 5,Ryzen AI Embedded P132a,AMD Ryzen AI Embedded P132a,6,,,12,,3.70 GHz,,4 MB,8 MB,45W,,,,,,,LPDDR5x-7500,,,,,,,AMD Radeon Graphics,4,2.40 GHz,50,,,,https://www.amd.com/en/products/specifications/embedded.html,1,high,FP8 (BGA)
AMD,cpu,,Ryzen Embedded,Ryzen AI Embedded P100 Series,embedded,Krackan Point,Zen 5,Ryzen AI Embedded P122a,AMD Ryzen AI Embedded P122a,4,,,8,,3.70 GHz,,4 MB,8 MB,28W,,,,,,,LPDDR5x-7500,,,,,,,AMD Radeon Graphics,4,2.00 GHz,30,,,,https://www.amd.com/en/products/specifications/embedded.html,1,high,FP8 (BGA)
AMD,cpu,,Ryzen Embedded,Ryzen AI Embedded P100 Series,embedded,Krackan Point,Zen 5,Ryzen AI Embedded P121,AMD Ryzen AI Embedded P121,4,,,8,,4.40 GHz,,4 MB,8 MB,28W,,,,,,,"DDR5-5600 , LPDDR5x-7500",,,,,,,AMD Radeon Graphics,2,2.70 GHz,30,,,,https://www.amd.com/en/products/specifications/embedded.html,1,high,FP8 (BGA)
AMD,cpu,,Ryzen Embedded,Ryzen AI Embedded P100 Series,embedded,Krackan Point,Zen 5,Ryzen AI Embedded P121i,AMD Ryzen AI Embedded P121i,4,,,8,,4.40 GHz,,4 MB,8 MB,28W,,,,,,,"LPDDR5x-7500 , DDR5-5600",,,,,,,AMD Radeon Graphics,2,2.70 GHz,30,,,,https://www.amd.com/en/products/specifications/embedded.html,1,high,FP8 (BGA)
AMD,cpu,,Ryzen Embedded,Ryzen Embedded 9000 Series,embedded,Granite Ridge,Zen 5,Ryzen Embedded 9950X3D,AMD Ryzen Embedded 9950X3D,16,,,32,4.30 GHz,5.70 GHz,,,128 MB,170W,,,,1P,,28,DDR5,,,,,,,,1,2.20 GHz,,,,100-000000719E,https://www.amd.com/en/products/specifications/embedded.html,1,high,AM5
AMD,cpu,,Ryzen Embedded,Ryzen Embedded 9000 Series,embedded,Granite Ridge,Zen 5,Ryzen Embedded 9950X,AMD Ryzen Embedded 9950X,16,,,32,4.30 GHz,5.70 GHz,,,64 MB,170W,,,,1P,,28,DDR5,,,,,,,,1,2.20 GHz,,,,100-000001277E,https://www.amd.com/en/products/specifications/embedded.html,1,high,AM5
AMD,cpu,,Ryzen Embedded,Ryzen Embedded 9000 Series,embedded,Granite Ridge,Zen 5,Ryzen Embedded 9900X3D,AMD Ryzen Embedded 9900X3D,12,,,24,4.40 GHz,5.50 GHz,,,128 MB,120W,,,,1P,,28,DDR5,,,,,,,,1,2.20 GHz,,,,100-000001368E,https://www.amd.com/en/products/specifications/embedded.html,1,high,AM5
AMD,cpu,,Ryzen Embedded,Ryzen Embedded 9000 Series,embedded,Granite Ridge,Zen 5,Ryzen Embedded 9900X,AMD Ryzen Embedded 9900X,12,,,24,4.40 GHz,5.60 GHz,,,64 MB,120W,,,,1P,,28,DDR5,,,,,,,,1,2.20 GHz,,,,100-000000662E,https://www.amd.com/en/products/specifications/embedded.html,1,high,AM5
AMD,cpu,,Ryzen Embedded,Ryzen Embedded 9000 Series,embedded,Granite Ridge,Zen 5,Ryzen Embedded 9800X3D,AMD Ryzen Embedded 9800X3D,8,,,16,4.70 GHz,5.20 GHz,,,96 MB,120W,,,,1P,,28,DDR5,,,,,,,,1,2.20 GHz,,,,100-000001084E,https://www.amd.com/en/products/specifications/embedded.html,1,high,AM5
AMD,cpu,,Ryzen Embedded,Ryzen Embedded 9000 Series,embedded,Granite Ridge,Zen 5,Ryzen Embedded 9700X,AMD Ryzen Embedded 9700X,8,,,16,3.80 GHz,5.50 GHz,,,32 MB,65W,,,,1P,,28,DDR5,,,,,,,,1,2.20 GHz,,,,100-000001404E,https://www.amd.com/en/products/specifications/embedded.html,1,high,AM5
AMD,cpu,,Ryzen Embedded,Ryzen Embedded 9000 Series,embedded,Granite Ridge,Zen 5,Ryzen Embedded 9600X,AMD Ryzen Embedded 9600X,6,,,12,3.90 GHz,5.40 GHz,,,32 MB,65W,,,,1P,,28,DDR5,,,,,,,,1,2.20 GHz,,,,100-000001405E,https://www.amd.com/en/products/specifications/embedded.html,1,high,AM5
AMD,cpu,,EPYC Embedded,EPYC Embedded 9005 Series,embedded,Turin,Zen 5c,EPYC Embedded 9965,AMD EPYC Embedded 9965,192,,,384,2.25 GHz,3.70 GHz,,,384 MB,500W,,,,1P/2P,,,,,,,,,,,,,,,,100-000001689-00,https://www.amd.com/en/products/specifications/embedded.html,1,high,SP5
AMD,cpu,,EPYC Embedded,EPYC Embedded 9005 Series,embedded,Turin,Zen 5c,EPYC Embedded 9845,AMD EPYC Embedded 9845,160,,,320,2.10 GHz,3.70 GHz,,,320 MB,390W,,,,1P/2P,,,,,,,,,,,,,,,,100-000001690-00,https://www.amd.com/en/products/specifications/embedded.html,1,high,SP5
AMD,cpu,,EPYC Embedded,EPYC Embedded 9005 Series,embedded,Turin,Zen 5,EPYC Embedded 9755,AMD EPYC Embedded 9755,128,,,256,2.70 GHz,4.10 GHz,,,512 MB,500W,,,,1P/2P,,,,,,,,,,,,,,,,100-000001691-00,https://www.amd.com/en/products/specifications/embedded.html,1,high,SP5
AMD,cpu,,EPYC Embedded,EPYC Embedded 9005 Series,embedded,Turin,Zen 5c,EPYC Embedded 9745,AMD EPYC Embedded 9745,128,,,256,2.40 GHz,3.70 GHz,,,256 MB,400W,,,,1P/2P,,,,,,,,,,,,,,,,100-000001844-00,https://www.amd.com/en/products/specifications/embedded.html,1,high,SP5
AMD,cpu,,EPYC Embedded,EPYC Embedded 9005 Series,embedded,Turin,Zen 5,EPYC Embedded 9655P,AMD EPYC Embedded 9655P,96,,,192,2.60 GHz,4.50 GHz,,,384 MB,400W,,,,1P,,,,,,,,,,,,,,,,100-000001701-00,https://www.amd.com/en/products/specifications/embedded.html,1,high,SP5
AMD,cpu,,EPYC Embedded,EPYC Embedded 9005 Series,embedded,Turin,Zen 5,EPYC Embedded 9655,AMD EPYC Embedded 9655,96,,,192,2.60 GHz,4.50 GHz,,,384 MB,400W,,,,1P/2P,,,,,,,,,,,,,,,,100-000001692-00,https://www.amd.com/en/products/specifications/embedded.html,1,high,SP5
AMD,cpu,,EPYC Embedded,EPYC Embedded 9005 Series,embedded,Turin,Zen 5,EPYC Embedded 9555P,AMD EPYC Embedded 9555P,64,,,128,3.20 GHz,4.40 GHz,,,256 MB,360W,,,,1P,,,,,,,,,,,,,,,,100-000001702-00,https://www.amd.com/en/products/specifications/embedded.html,1,high,SP5
AMD,cpu,,EPYC Embedded,EPYC Embedded 9005 Series,embedded,Turin,Zen 5,EPYC Embedded 9555,AMD EPYC Embedded 9555,64,,,128,3.20 GHz,4.40 GHz,,,256 MB,360W,,,,1P/2P,,,,,,,,,,,,,,,,100-000001702-00,https://www.amd.com/en/products/specifications/embedded.html,1,high,SP5
AMD,cpu,,EPYC Embedded,EPYC Embedded 9005 Series,embedded,Turin,Zen 5,EPYC Embedded 9535,AMD EPYC Embedded 9535,64,,,128,2.40 GHz,4.30 GHz,,,256 MB,300W,,,,1P/2P,,,,,,,,,,,,,,,,100-000001694-00,https://www.amd.com/en/products/specifications/embedded.html,1,high,SP5
AMD,cpu,,EPYC Embedded,EPYC Embedded 9005 Series,embedded,Turin,Zen 5,EPYC Embedded 9455P,AMD EPYC Embedded 9455P,48,,,96,3.15 GHz,4.40 GHz,,,256 MB,300W,,,,1P,,,,,,,,,,,,,,,,100-000001703-00,https://www.amd.com/en/products/specifications/embedded.html,1,high,SP5
AMD,cpu,,EPYC Embedded,EPYC Embedded 9005 Series,embedded,Turin,Zen 5,EPYC Embedded 9455,AMD EPYC Embedded 9455,48,,,96,3.15 GHz,4.40 GHz,,,256 MB,300W,,,,1P/2P,,,,,,,,,,,,,,,,100-000001695-00,https://www.amd.com/en/products/specifications/embedded.html,1,high,SP5
AMD,cpu,,EPYC Embedded,EPYC Embedded 9005 Series,embedded,Turin,Zen 5,EPYC Embedded 9355P,AMD EPYC Embedded 9355P,32,,,64,3.55 GHz,4.40 GHz,,,256 MB,280W,,,,1P,,,,,,,,,,,,,,,,100-000001704-00,https://www.amd.com/en/products/specifications/embedded.html,1,high,SP5
AMD,cpu,,EPYC Embedded,EPYC Embedded 9005 Series,embedded,Turin,Zen 5,EPYC Embedded 9355,AMD EPYC Embedded 9355,32,,,64,3.55 GHz,4.40 GHz,,,256 MB,280W,,,,1P/2P,,,,,,,,,,,,,,,,100-000001696-00,https://www.amd.com/en/products/specifications/embedded.html,1,high,SP5
AMD,cpu,,EPYC Embedded,EPYC Embedded 9005 Series,embedded,Turin,Zen 5,EPYC Embedded 9335,AMD EPYC Embedded 9335,32,,,64,3.00 GHz,4.40 GHz,,,128 MB,210W,,,,1P/2P,,,,,,,,,,,,,,,,100-000001697-00,https://www.amd.com/en/products/specifications/embedded.html,1,high,SP5
AMD,cpu,,EPYC Embedded,EPYC Embedded 9005 Series,embedded,Turin,Zen 5,EPYC Embedded 9255,AMD EPYC Embedded 9255,24,,,48,3.25 GHz,4.30 GHz,,,128 MB,200W,,,,1P/2P,,,,,,,,,,,,,,,,100-000001698-00,https://www.amd.com/en/products/specifications/embedded.html,1,high,SP5
AMD,cpu,,EPYC Embedded,EPYC Embedded 9005 Series,embedded,Turin,Zen 5,EPYC Embedded 9135,AMD EPYC Embedded 9135,16,,,32,3.65 GHz,4.30 GHz,,,64 MB,200W,,,,1P/2P,,,,,,,,,,,,,,,,100-000001699-00,https://www.amd.com/en/products/specifications/embedded.html,1,high,SP5
AMD,cpu,,EPYC Embedded,EPYC Embedded 9005 Series,embedded,Turin,Zen 5,EPYC Embedded 9015,AMD EPYC Embedded 9015,8,,,16,3.60 GHz,4.10 GHz,,,64 MB,125W,,,,1P/2P,,,,,,,,,,,,,,,,100-000001700-00,https://www.amd.com/en/products/specifications/embedded.html,1,high,SP5
AMD,cpu,,EPYC Embedded,EPYC Embedded 4005 Series,embedded,Grado,Zen 5,EPYC Embedded 4585PX,AMD EPYC Embedded 4585PX,16,,,32,4.30 GHz,5.70 GHz,,,128 MB,170W,,,,1P,,28,DDR5,,,,,,,,,,,,,100-000001561E,https://www.amd.com/en/products/specifications/embedded.html,1,high,AM5
AMD,cpu,,EPYC Embedded,EPYC Embedded 4005 Series,embedded,Grado,Zen 5,EPYC Embedded 4565P,AMD EPYC Embedded 4565P,16,,,32,4.30 GHz,5.70 GHz,,,64 MB,170W,,,,1P,,28,DDR5,,,,,,,,,,,,,100-000001559E,https://www.amd.com/en/products/specifications/embedded.html,1,high,AM5
AMD,cpu,,EPYC Embedded,EPYC Embedded 4005 Series,embedded,Grado,Zen 5,EPYC Embedded 4545P,AMD EPYC Embedded 4545P,16,,,32,3.00 GHz,5.40 GHz,,,64 MB,65W,,,,1P,,28,DDR5,,,,,,,,,,,,,100-000001764E,https://www.amd.com/en/products/specifications/embedded.html,1,high,AM5
AMD,cpu,,EPYC Embedded,EPYC Embedded 4005 Series,embedded,Grado,Zen 5,EPYC Embedded 4465P,AMD EPYC Embedded 4465P,12,,,24,3.40 GHz,5.40 GHz,,,64 MB,65W,,,,1P,,28,DDR5,,,,,,,,,,,,,100-000001558E,https://www.amd.com/en/products/specifications/embedded.html,1,high,AM5
AMD,cpu,,EPYC Embedded,EPYC Embedded 4005 Series,embedded,Grado,Zen 5,EPYC Embedded 4345P,AMD EPYC Embedded 4345P,8,,,16,3.80 GHz,5.50 GHz,,,32 MB,65W,,,,1P,,28,DDR5,,,,,,,,,,,,,100-000001556E,https://www.amd.com/en/products/specifications/embedded.html,1,high,AM5
AMD,cpu,,EPYC Embedded,EPYC Embedded 4005 Series,embedded,Grado,Zen 5,EPYC Embedded 4245P,AMD EPYC Embedded 4245P,6,,,12,3.90 GHz,5.40 GHz,,,32 MB,65W,,,,1P,,28,DDR5,,,,,,,,,,,,,100-000001555E,https://www.amd.com/en/products/specifications/embedded.html,1,high,AM5
AMD,cpu,,EPYC Embedded,EPYC Embedded 2005 Series,embedded,Fire Range,Zen 5,EPYC Embedded 2875,AMD EPYC Embedded 2875,16,,,32,3.00 GHz,4.50 GHz,,16 MB,64 MB,75W,,,,1P,,28,DDR5,,,,,,,,,,,,,100-000001910,https://www.amd.com/en/products/specifications/embedded.html,1,high,FL1
AMD,cpu,,EPYC Embedded,EPYC Embedded 2005 Series,embedded,Fire Range,Zen 5,EPYC Embedded 2655,AMD EPYC Embedded 2655,12,,,24,2.70 GHz,4.50 GHz,,12 MB,64 MB,55W,,,,1P,,28,DDR5,,,,,,,,,,,,,100-000001911,https://www.amd.com/en/products/specifications/embedded.html,1,high,FL1
AMD,cpu,,EPYC Embedded,EPYC Embedded 2005 Series,embedded,Fire Range,Zen 5,EPYC Embedded 2435,AMD EPYC Embedded 2435,8,,,16,2.80 GHz,4.50 GHz,,8 MB,32 MB,45W,,,,1P,,28,DDR5,,,,,,,,,,,,,100-000001912,https://www.amd.com/en/products/specifications/embedded.html,1,high,FL1
AMD,cpu,,EPYC Embedded,EPYC Embedded 9004 Series,embedded,Genoa,Zen 4,EPYC Embedded 9654P,AMD EPYC Embedded 9654P,96,,,192,2.40 GHz,3.70 GHz,,,384 MB,360W,,,,1P,,128,DDR5,,,,,,,,,,,,,100-000000917,https://www.amd.com/en/products/specifications/embedded.html,1,high,SP5
AMD,cpu,,EPYC Embedded,EPYC Embedded 9004 Series,embedded,Genoa,Zen 4,EPYC Embedded 9654,AMD EPYC Embedded 9654,96,,,192,2.40 GHz,3.70 GHz,,,384 MB,360W,,,,1P/2P,,128,DDR5,,,,,,,,,,,,,100-000000921,https://www.amd.com/en/products/specifications/embedded.html,1,high,SP5
AMD,cpu,,EPYC Embedded,EPYC Embedded 9004 Series,embedded,Genoa,Zen 4,EPYC Embedded 9554P,AMD EPYC Embedded 9554P,64,,,128,3.10 GHz,3.75 GHz,,,256 MB,360W,,,,1P,,128,DDR5,,,,,,,,,,,,,100-000000918,https://www.amd.com/en/products/specifications/embedded.html,1,high,SP5
AMD,cpu,,EPYC Embedded,EPYC Embedded 9004 Series,embedded,Genoa,Zen 4,EPYC Embedded 9554,AMD EPYC Embedded 9554,64,,,128,3.10 GHz,3.75 GHz,,,256 MB,360W,,,,1P/2P,,128,DDR5,,,,,,,,,,,,,100-000000912,https://www.amd.com/en/products/specifications/embedded.html,1,high,SP5
AMD,cpu,,EPYC Embedded,EPYC Embedded 9004 Series,embedded,Genoa,Zen 4,EPYC Embedded 9534,AMD EPYC Embedded 9534,64,,,128,2.45 GHz,0.00 GHz,,,256 MB,280W,,,,1P/2P,,128,DDR5,,,,,,,,,,,,,100-000001754,https://www.amd.com/en/products/specifications/embedded.html,1,high,SP5
AMD,cpu,,EPYC Embedded,EPYC Embedded 9004 Series,embedded,Genoa,Zen 4,EPYC Embedded 9454P,AMD EPYC Embedded 9454P,48,,,96,2.75 GHz,3.80 GHz,,,256 MB,290W,,,,1P,,128,DDR5,,,,,,,,,,,,,100-000000919,https://www.amd.com/en/products/specifications/embedded.html,1,high,SP5
AMD,cpu,,EPYC Embedded,EPYC Embedded 9004 Series,embedded,Genoa,Zen 4,EPYC Embedded 9454,AMD EPYC Embedded 9454,48,,,96,2.75 GHz,3.80 GHz,,,256 MB,290W,,,,1P/2P,,128,DDR5,,,,,,,,,,,,,100-000000913,https://www.amd.com/en/products/specifications/embedded.html,1,high,SP5
AMD,cpu,,EPYC Embedded,EPYC Embedded 9004 Series,embedded,Genoa,Zen 4,EPYC Embedded 9354P,AMD EPYC Embedded 9354P,32,,,64,3.25 GHz,3.80 GHz,,,256 MB,280W,,,,1P,,128,DDR5,,,,,,,,,,,,,100-000000920,https://www.amd.com/en/products/specifications/embedded.html,1,high,SP5
AMD,cpu,,EPYC Embedded,EPYC Embedded 9004 Series,embedded,Genoa,Zen 4,EPYC Embedded 9354,AMD EPYC Embedded 9354,32,,,64,3.25 GHz,3.80 GHz,,,256 MB,280W,,,,1P/2P,,128,DDR5,,,,,,,,,,,,,100-000000914,https://www.amd.com/en/products/specifications/embedded.html,1,high,SP5
AMD,cpu,,EPYC Embedded,EPYC Embedded 9004 Series,embedded,Genoa,Zen 4,EPYC Embedded 9254,AMD EPYC Embedded 9254,24,,,48,2.90 GHz,4.15 GHz,,,128 MB,200W,,,,1P/2P,,128,DDR5,,,,,,,,,,,,,100-000000915,https://www.amd.com/en/products/specifications/embedded.html,1,high,SP5
AMD,cpu,,EPYC Embedded,EPYC Embedded 9004 Series,embedded,Genoa,Zen 4,EPYC Embedded 9124,AMD EPYC Embedded 9124,16,,,32,3.00 GHz,3.70 GHz,,,64 MB,200W,,,,1P/2P,,128,DDR5,,,,,,,,,,,,,100-000000916,https://www.amd.com/en/products/specifications/embedded.html,1,high,SP5
AMD,cpu,,EPYC Embedded,EPYC Embedded 8004 Series,embedded,Siena,Zen 4c,EPYC Embedded 8534P,AMD EPYC Embedded 8534P,64,,,128,2.30 GHz,3.10 GHz,,,128 MB,200W,,,,1P,,64,DDR5,,,,,,,,,,,,,100-000001415,https://www.amd.com/en/products/specifications/embedded.html,1,high,SP6
AMD,cpu,,EPYC Embedded,EPYC Embedded 8004 Series,embedded,Siena,Zen 4c,EPYC Embedded 8434P,AMD EPYC Embedded 8434P,48,,,96,2.50 GHz,3.10 GHz,,,128 MB,200W,,,,1P,,64,DDR5,,,,,,,,,,,,,100-000001416,https://www.amd.com/en/products/specifications/embedded.html,1,high,SP6
AMD,cpu,,Ryzen Embedded,Ryzen Embedded 8000 Series,embedded,Hawk Point,Zen 4,Ryzen Embedded 8845HS,AMD Ryzen Embedded 8845HS,8,,,16,3.80 GHz,5.10 GHz,,8 MB,16 MB,54W,,,,,,20,DDR5-5600,,,,,,,AMD Radeon Graphics,12,2.70 GHz,16,,,100-000001316E,https://www.amd.com/en/products/specifications/embedded.html,1,high,FP7r2
AMD,cpu,,EPYC Embedded,EPYC Embedded 8004 Series,embedded,Siena,Zen 4c,EPYC Embedded 8324P,AMD EPYC Embedded 8324P,32,,,64,2.65 GHz,3.00 GHz,,,128 MB,180W,,,,1P,,64,DDR5,,,,,,,,,,,,,100-000001417,https://www.amd.com/en/products/specifications/embedded.html,1,high,SP6
AMD,cpu,,Ryzen Embedded,Ryzen Embedded 8000 Series,embedded,Hawk Point,Zen 4,Ryzen Embedded 8840U,AMD Ryzen Embedded 8840U,8,,,16,3.30 GHz,5.10 GHz,,8 MB,16 MB,30W,,,,,,20,DDR5-5600,,,,,,,AMD Radeon Graphics,12,2.70 GHz,16,,,100-000001317E,https://www.amd.com/en/products/specifications/embedded.html,1,high,FP7r2
AMD,cpu,,EPYC Embedded,EPYC Embedded 8004 Series,embedded,Siena,Zen 4c,EPYC Embedded 8224P,AMD EPYC Embedded 8224P,24,,,48,2.55 GHz,3.00 GHz,,,64 MB,180W,,,,1P,,64,DDR5,,,,,,,,,,,,,100-000001418,https://www.amd.com/en/products/specifications/embedded.html,1,high,SP6
AMD,cpu,,Ryzen Embedded,Ryzen Embedded 8000 Series,embedded,Hawk Point,Zen 4,Ryzen Embedded 8645HS,AMD Ryzen Embedded 8645HS,6,,,12,4.30 GHz,5.00 GHz,,6 MB,16 MB,54W,,,,,,20,DDR5-5600,,,,,,,AMD Radeon Graphics,8,2.60 GHz,16,,,100-000001315E,https://www.amd.com/en/products/specifications/embedded.html,1,high,FP7r2
AMD,cpu,,EPYC Embedded,EPYC Embedded 8004 Series,embedded,Siena,Zen 4c,EPYC Embedded 8124P,AMD EPYC Embedded 8124P,16,,,32,2.45 GHz,3.00 GHz,,,64 MB,125W,,,,1P,,64,DDR5,,,,,,,,,,,,,100-000001419,https://www.amd.com/en/products/specifications/embedded.html,1,high,SP6
AMD,cpu,,Ryzen Embedded,Ryzen Embedded 8000 Series,embedded,Hawk Point,Zen 4,Ryzen Embedded 8640U,AMD Ryzen Embedded 8640U,6,,,12,3.50 GHz,4.90 GHz,,6 MB,16 MB,30W,,,,,,20,DDR5-5600,,,,,,,AMD Radeon Graphics,8,2.60 GHz,16,,,100-000001318E,https://www.amd.com/en/products/specifications/embedded.html,1,high,FP7r2
AMD,cpu,,EPYC Embedded,EPYC Embedded 8004 Series,embedded,Siena,Zen 4c,EPYC Embedded 8C24P,AMD EPYC Embedded 8C24P,12,,,24,2.45 GHz,3.00 GHz,,,32 MB,100W,,,,1P,,64,DDR5,,,,,,,,,,,,,100-000001546,https://www.amd.com/en/products/specifications/embedded.html,1,medium,"SP6 | codename medium-confidence (researched, not on AMD spec sheet)"
AMD,cpu,,Ryzen Embedded,Ryzen Embedded 7000 Series,embedded,Raphael,Zen 4,Ryzen Embedded 7700X,AMD Ryzen Embedded 7700X,8,,,16,4.50 GHz,5.40 GHz,,8 MB,32 MB,105W,,,,,,28,DDR5,,,,,,,AMD Radeon Graphics,2,2.20 GHz,,,,100-000000591E,https://www.amd.com/en/products/specifications/embedded.html,1,high,AM5
AMD,cpu,,Ryzen Embedded,Ryzen Embedded 7000 Series,embedded,Raphael,Zen 4,Ryzen Embedded 7600X,AMD Ryzen Embedded 7600X,6,,,12,4.70 GHz,5.30 GHz,,6 MB,32 MB,105W,,,,,,28,DDR5,,,,,,,AMD Radeon Graphics,2,2.20 GHz,,,,100-000000593E,https://www.amd.com/en/products/specifications/embedded.html,1,high,AM5
AMD,cpu,,EPYC Embedded,EPYC Embedded 7003 Series,embedded,Milan,Zen 3,EPYC Embedded 7713P,AMD EPYC Embedded 7713P,64,,,128,2.00 GHz,3.67 GHz,,,256 MB,225W,,,,1P,,128,DDR4-3200,,,,,,,,,,,,,100-000000337E,https://www.amd.com/en/products/specifications/embedded.html,1,medium,"SP3 | codename medium-confidence (researched, not on AMD spec sheet)"
AMD,cpu,,EPYC Embedded,EPYC Embedded 7003 Series,embedded,Milan,Zen 3,EPYC Embedded 7713,AMD EPYC Embedded 7713,64,,,128,2.00 GHz,3.67 GHz,,,256 MB,225W,,,,1P/2P,,128,DDR4-3200,,,,,,,,,,,,,100-000000344E,https://www.amd.com/en/products/specifications/embedded.html,1,medium,"SP3 | codename medium-confidence (researched, not on AMD spec sheet)"
AMD,cpu,,EPYC Embedded,EPYC Embedded 7003 Series,embedded,Milan,Zen 3,EPYC Embedded 7643,AMD EPYC Embedded 7643,48,,,96,2.30 GHz,3.60 GHz,,,256 MB,225W,,,,1P/2P,,128,DDR4-3200,,,,,,,,,,,,,100-000000326E,https://www.amd.com/en/products/specifications/embedded.html,1,medium,"SP3 | codename medium-confidence (researched, not on AMD spec sheet)"
AMD,cpu,,EPYC Embedded,EPYC Embedded 7003 Series,embedded,Milan,Zen 3,EPYC Embedded 7543P,AMD EPYC Embedded 7543P,32,,,64,2.80 GHz,3.70 GHz,,,256 MB,225W,,,,1P,,128,DDR4-3200,,,,,,,,,,,,,100-000000341E,https://www.amd.com/en/products/specifications/embedded.html,1,medium,"SP3 | codename medium-confidence (researched, not on AMD spec sheet)"
AMD,cpu,,EPYC Embedded,EPYC Embedded 7003 Series,embedded,Milan,Zen 3,EPYC Embedded 7543,AMD EPYC Embedded 7543,32,,,64,2.80 GHz,3.70 GHz,,,256 MB,225W,,,,1P/2P,,128,DDR4-3200,,,,,,,,,,,,,100-000000345E,https://www.amd.com/en/products/specifications/embedded.html,1,medium,"SP3 | codename medium-confidence (researched, not on AMD spec sheet)"
AMD,cpu,,EPYC Embedded,EPYC Embedded 7003 Series,embedded,Milan,Zen 3,EPYC Embedded 7443P,AMD EPYC Embedded 7443P,24,,,48,2.85 GHz,4.00 GHz,,,128 MB,200W,,,,1P,,128,DDR4-3200,,,,,,,,,,,,,100-000000342E,https://www.amd.com/en/products/specifications/embedded.html,1,medium,"SP3 | codename medium-confidence (researched, not on AMD spec sheet)"
AMD,cpu,,EPYC Embedded,EPYC Embedded 7003 Series,embedded,Milan,Zen 3,EPYC Embedded 7443,AMD EPYC Embedded 7443,24,,,48,2.85 GHz,4.00 GHz,,,128 MB,200W,,,,1P/2P,,128,DDR4-3200,,,,,,,,,,,,,100-000000340E,https://www.amd.com/en/products/specifications/embedded.html,1,medium,"SP3 | codename medium-confidence (researched, not on AMD spec sheet)"
AMD,cpu,,EPYC Embedded,EPYC Embedded 7003 Series,embedded,Milan,Zen 3,EPYC Embedded 7413,AMD EPYC Embedded 7413,24,,,48,2.65 GHz,3.60 GHz,,,128 MB,180W,,,,1P/2P,,128,DDR4-3200,,,,,,,,,,,,,100-000000323E,https://www.amd.com/en/products/specifications/embedded.html,1,medium,"SP3 | codename medium-confidence (researched, not on AMD spec sheet)"
AMD,cpu,,EPYC Embedded,EPYC Embedded 7003 Series,embedded,Milan,Zen 3,EPYC Embedded 7313P,AMD EPYC Embedded 7313P,16,,,32,3.00 GHz,3.70 GHz,,,128 MB,155W,,,,1P,,128,DDR4-3200,,,,,,,,,,,,,100-000000339E,https://www.amd.com/en/products/specifications/embedded.html,1,medium,"SP3 | codename medium-confidence (researched, not on AMD spec sheet)"
AMD,cpu,,EPYC Embedded,EPYC Embedded 7003 Series,embedded,Milan,Zen 3,EPYC Embedded 7313,AMD EPYC Embedded 7313,16,,,32,3.00 GHz,3.70 GHz,,,128 MB,155W,,,,1P/2P,,128,DDR4-3200,,,,,,,,,,,,,100-000000329E,https://www.amd.com/en/products/specifications/embedded.html,1,medium,"SP3 | codename medium-confidence (researched, not on AMD spec sheet)"
AMD,cpu,,Ryzen Embedded,Ryzen Embedded R5000 Series,embedded,Vermeer,Zen 3,Ryzen Embedded 5950E Processor,AMD Ryzen Embedded 5950E Processor,16,,,32,3.05 GHz,3.40 GHz,,8 MB,64 MB,105W,,,,,,24,DDR4-3200,,,,,,,,,,,,,100-000000730,https://www.amd.com/en/products/specifications/embedded.html,1,high,AM4
AMD,cpu,,Ryzen Embedded,Ryzen Embedded R5000 Series,embedded,Vermeer,Zen 3,Ryzen Embedded 5900E Processor,AMD Ryzen Embedded 5900E Processor,12,,,24,3.35 GHz,3.70 GHz,,6 MB,64 MB,105W,,,,,,24,DDR4-3200,,,,,,,,,,,,,100-000000731,https://www.amd.com/en/products/specifications/embedded.html,1,high,AM4
AMD,cpu,,Ryzen Embedded,Ryzen Embedded R5000 Series,embedded,Vermeer,Zen 3,Ryzen Embedded 5800E Processor,AMD Ryzen Embedded 5800E Processor,8,,,16,3.40 GHz,3.70 GHz,,4 MB,32 MB,100W,,,,,,24,DDR4-3200,,,,,,,,,,,,,100-000000732,https://www.amd.com/en/products/specifications/embedded.html,1,high,AM4
AMD,cpu,,Ryzen Embedded,Ryzen Embedded R5000 Series,embedded,Vermeer,Zen 3,Ryzen Embedded 5600E Processor,AMD Ryzen Embedded 5600E Processor,6,,,12,3.30 GHz,3.60 GHz,,3 MB,32 MB,65W,,,,,,24,DDR4-3200,,,,,,,,,,,,,100-000000733,https://www.amd.com/en/products/specifications/embedded.html,1,high,AM4
AMD,cpu,,Ryzen Embedded,Ryzen Embedded V3000 Series,embedded,Rembrandt,Zen 3,Ryzen Embedded V3C48,AMD Ryzen Embedded V3C48,8,,,16,3.30 GHz,3.80 GHz,,4 MB,16 MB,45W,,,,,,20,DDR5,,,,,,,,,,,,,100-000000817,https://www.amd.com/en/products/specifications/embedded.html,1,medium,"FP7r2 | codename medium-confidence (researched, not on AMD spec sheet)"
AMD,cpu,,Ryzen Embedded,Ryzen Embedded V3000 Series,embedded,Rembrandt,Zen 3,Ryzen Embedded V3C44,AMD Ryzen Embedded V3C44,4,,,8,3.50 GHz,3.80 GHz,,2 MB,8 MB,45W,,,,,,20,DDR5,,,,,,,,,,,,,100-000000744,https://www.amd.com/en/products/specifications/embedded.html,1,medium,"FP7r2 | codename medium-confidence (researched, not on AMD spec sheet)"
AMD,cpu,,Ryzen Embedded,Ryzen Embedded V3000 Series,embedded,Rembrandt,Zen 3,Ryzen Embedded V3C18I,AMD Ryzen Embedded V3C18I,8,,,16,1.90 GHz,3.80 GHz,,4 MB,16 MB,15W,,,,,,20,DDR5,,,,,,,,,,,,,100-000000559,https://www.amd.com/en/products/specifications/embedded.html,1,medium,"FP7r2 | codename medium-confidence (researched, not on AMD spec sheet)"
AMD,cpu,,Ryzen Embedded,Ryzen Embedded V3000 Series,embedded,Rembrandt,Zen 3,Ryzen Embedded V3C16,AMD Ryzen Embedded V3C16,6,,,12,2.00 GHz,3.80 GHz,,3 MB,16 MB,15W,,,,,,20,DDR5,,,,,,,,,,,,,100-000000555,https://www.amd.com/en/products/specifications/embedded.html,1,medium,"FP7r2 | codename medium-confidence (researched, not on AMD spec sheet)"
AMD,cpu,,Ryzen Embedded,Ryzen Embedded V3000 Series,embedded,Rembrandt,Zen 3,Ryzen Embedded V3C14,AMD Ryzen Embedded V3C14,4,,,8,2.30 GHz,3.80 GHz,,2 MB,8 MB,15W,,,,,,20,DDR5,,,,,,,,,,,,,100-000000557,https://www.amd.com/en/products/specifications/embedded.html,1,medium,"FP7r2 | codename medium-confidence (researched, not on AMD spec sheet)"
AMD,cpu,,EPYC Embedded,EPYC Embedded 7002 Series,embedded,Rome,Zen 2,EPYC Embedded 7742,AMD EPYC Embedded 7742,64,,,128,2.25 GHz,3.40 GHz,,32 MB,256 MB,225W,,,,,,128,DDR4-3200,,,,,,,,,,,,,100-000000053E,https://www.amd.com/en/products/specifications/embedded.html,1,medium,"SP3 | codename medium-confidence (researched, not on AMD spec sheet)"
AMD,cpu,,EPYC Embedded,EPYC Embedded 7002 Series,embedded,Rome,Zen 2,EPYC Embedded 7662,AMD EPYC Embedded 7662,64,,,128,2.00 GHz,3.30 GHz,,32 MB,256 MB,225W,,,,,,128,DDR4-3200,,,,,,,,,,,,,100-000000137E,https://www.amd.com/en/products/specifications/embedded.html,1,medium,"SP3 | codename medium-confidence (researched, not on AMD spec sheet)"
AMD,cpu,,EPYC Embedded,EPYC Embedded 7002 Series,embedded,Rome,Zen 2,EPYC Embedded 7642,AMD EPYC Embedded 7642,48,,,96,2.30 GHz,3.30 GHz,,24 MB,256 MB,225W,,,,,,128,DDR4-3200,,,,,,,,,,,,,100-000000074E,https://www.amd.com/en/products/specifications/embedded.html,1,medium,"SP3 | codename medium-confidence (researched, not on AMD spec sheet)"
AMD,cpu,,EPYC Embedded,EPYC Embedded 7002 Series,embedded,Rome,Zen 2,EPYC Embedded 7552,AMD EPYC Embedded 7552,48,,,96,2.20 GHz,3.30 GHz,,24 MB,192 MB,200W,,,,,,128,DDR4-3200,,,,,,,,,,,,,100-000000076E,https://www.amd.com/en/products/specifications/embedded.html,1,medium,"SP3 | codename medium-confidence (researched, not on AMD spec sheet)"
AMD,cpu,,EPYC Embedded,EPYC Embedded 7002 Series,embedded,Rome,Zen 2,EPYC Embedded 7542,AMD EPYC Embedded 7542,32,,,64,2.90 GHz,3.40 GHz,,16 MB,128 MB,225W,,,,,,128,DDR4-3200,,,,,,,,,,,,,100-000000075E,https://www.amd.com/en/products/specifications/embedded.html,1,medium,"SP3 | codename medium-confidence (researched, not on AMD spec sheet)"
AMD,cpu,,EPYC Embedded,EPYC Embedded 7002 Series,embedded,Rome,Zen 2,EPYC Embedded 7502P,AMD EPYC Embedded 7502P,32,,,64,2.50 GHz,3.35 GHz,,16 MB,128 MB,180W,,,,,,128,DDR4-3200,,,,,,,,,,,,,100-000000045E,https://www.amd.com/en/products/specifications/embedded.html,1,medium,"SP3 | codename medium-confidence (researched, not on AMD spec sheet)"
AMD,cpu,,EPYC Embedded,EPYC Embedded 7002 Series,embedded,Rome,Zen 2,EPYC Embedded 7502,AMD EPYC Embedded 7502,32,,,64,2.50 GHz,3.35 GHz,,16 MB,128 MB,180W,,,,,,128,DDR4-3200,,,,,,,,,,,,,100-000000054E,https://www.amd.com/en/products/specifications/embedded.html,1,medium,"SP3 | codename medium-confidence (researched, not on AMD spec sheet)"
AMD,cpu,,EPYC Embedded,EPYC Embedded 7002 Series,embedded,Rome,Zen 2,EPYC Embedded 7452,AMD EPYC Embedded 7452,32,,,64,2.35 GHz,3.35 GHz,,16 MB,128 MB,155W,,,,,,128,DDR4-3200,,,,,,,,,,,,,100-000000057E,https://www.amd.com/en/products/specifications/embedded.html,1,medium,"SP3 | codename medium-confidence (researched, not on AMD spec sheet)"
AMD,cpu,,EPYC Embedded,EPYC Embedded 7002 Series,embedded,Rome,Zen 2,EPYC Embedded 7402P,AMD EPYC Embedded 7402P,24,,,48,2.80 GHz,3.35 GHz,,12 MB,128 MB,180W,,,,,,128,DDR4-3200,,,,,,,,,,,,,100-000000048E,https://www.amd.com/en/products/specifications/embedded.html,1,medium,"SP3 | codename medium-confidence (researched, not on AMD spec sheet)"
AMD,cpu,,EPYC Embedded,EPYC Embedded 7002 Series,embedded,Rome,Zen 2,EPYC Embedded 7402,AMD EPYC Embedded 7402,24,,,48,2.80 GHz,3.35 GHz,,12 MB,128 MB,180W,,,,,,128,DDR4-3200,,,,,,,,,,,,,100-000000046E,https://www.amd.com/en/products/specifications/embedded.html,1,medium,"SP3 | codename medium-confidence (researched, not on AMD spec sheet)"
AMD,cpu,,EPYC Embedded,EPYC Embedded 7002 Series,embedded,Rome,Zen 2,EPYC Embedded 7352,AMD EPYC Embedded 7352,24,,,48,2.30 GHz,3.20 GHz,,12 MB,128 MB,155W,,,,,,128,DDR4-3200,,,,,,,,,,,,,100-000000077E,https://www.amd.com/en/products/specifications/embedded.html,1,medium,"SP3 | codename medium-confidence (researched, not on AMD spec sheet)"
AMD,cpu,,EPYC Embedded,EPYC Embedded 7002 Series,embedded,Rome,Zen 2,EPYC Embedded 7302P,AMD EPYC Embedded 7302P,16,,,32,3.00 GHz,3.30 GHz,,8 MB,128 MB,155W,,,,,,128,DDR4-3200,,,,,,,,,,,,,100-000000049E,https://www.amd.com/en/products/specifications/embedded.html,1,medium,"SP3 | codename medium-confidence (researched, not on AMD spec sheet)"
AMD,cpu,,EPYC Embedded,EPYC Embedded 7002 Series,embedded,Rome,Zen 2,EPYC Embedded 7302,AMD EPYC Embedded 7302,16,,,32,3.00 GHz,3.30 GHz,,8 MB,128 MB,155W,,,,,,128,DDR4-3200,,,,,,,,,,,,,100-000000043E,https://www.amd.com/en/products/specifications/embedded.html,1,medium,"SP3 | codename medium-confidence (researched, not on AMD spec sheet)"
AMD,cpu,,EPYC Embedded,EPYC Embedded 7002 Series,embedded,Rome,Zen 2,EPYC Embedded 7282,AMD EPYC Embedded 7282,16,,,32,2.80 GHz,3.20 GHz,,8 MB,64 MB,120W,,,,,,128,DDR4-3200,,,,,,,,,,,,,100-000000078E,https://www.amd.com/en/products/specifications/embedded.html,1,medium,"SP3 | codename medium-confidence (researched, not on AMD spec sheet)"
AMD,cpu,,EPYC Embedded,EPYC Embedded 7002 Series,embedded,Rome,Zen 2,EPYC Embedded 7272,AMD EPYC Embedded 7272,12,,,24,2.90 GHz,3.20 GHz,,6 MB,64 MB,120W,,,,,,128,DDR4-3200,,,,,,,,,,,,,100-000000079E,https://www.amd.com/en/products/specifications/embedded.html,1,medium,"SP3 | codename medium-confidence (researched, not on AMD spec sheet)"
AMD,cpu,,EPYC Embedded,EPYC Embedded 7002 Series,embedded,Rome,Zen 2,EPYC Embedded 7262,AMD EPYC Embedded 7262,8,,,16,3.20 GHz,3.40 GHz,,4 MB,128 MB,155W,,,,,,128,DDR4-3200,,,,,,,,,,,,,100-000000041E,https://www.amd.com/en/products/specifications/embedded.html,1,medium,"SP3 | codename medium-confidence (researched, not on AMD spec sheet)"
AMD,cpu,,EPYC Embedded,EPYC Embedded 7002 Series,embedded,Rome,Zen 2,EPYC Embedded 7252,AMD EPYC Embedded 7252,8,,,16,3.10 GHz,3.20 GHz,,4 MB,64 MB,120W,,,,,,128,DDR4-3200,,,,,,,,,,,,,100-000000080E,https://www.amd.com/en/products/specifications/embedded.html,1,medium,"SP3 | codename medium-confidence (researched, not on AMD spec sheet)"
AMD,cpu,,EPYC Embedded,EPYC Embedded 7002 Series,embedded,Rome,Zen 2,EPYC Embedded 7232P,AMD EPYC Embedded 7232P,8,,,16,3.10 GHz,3.20 GHz,,4 MB,32 MB,120W,,,,,,128,DDR4-3200,,,,,,,,,,,,,100-000000081E,https://www.amd.com/en/products/specifications/embedded.html,1,medium,"SP3 | codename medium-confidence (researched, not on AMD spec sheet)"
AMD,cpu,,Ryzen Embedded,Ryzen Embedded V2000 Series,embedded,Renoir,Zen 2,Ryzen Embedded V2A46 with Radeon Graphics,AMD Ryzen Embedded V2A46 with Radeon Graphics,6,,,12,3.00 GHz,3.20 GHz,,3 MB,8 MB,54W,,,,,,20,LPDDR4 - Up to 4266,,,,,,,AMD Radeon Graphics,7,1.50 GHz,,,,100-000001007,https://www.amd.com/en/products/specifications/embedded.html,1,high,FP6 (BGA)
AMD,cpu,,Ryzen Embedded,Ryzen Embedded V2000 Series,embedded,Renoir,Zen 2,Ryzen Embedded V2748 with Radeon Graphics,AMD Ryzen Embedded V2748 with Radeon Graphics,8,,,16,2.90 GHz,4.25 GHz,,4 MB,8 MB,54W,,,,,,20,DDR4 - Up to 3200,,,,,,,AMD Radeon Graphics,7,1.60 GHz,,,,100-000000245,https://www.amd.com/en/products/specifications/embedded.html,1,high,FP6 (BGA)
AMD,cpu,,Ryzen Embedded,Ryzen Embedded V2000 Series,embedded,Renoir,Zen 2,Ryzen Embedded V2718 with Radeon Graphics,AMD Ryzen Embedded V2718 with Radeon Graphics,8,,,16,1.70 GHz,4.15 GHz,,4 MB,8 MB,25W,,,,,,20,DDR4 - Up to 3200,,,,,,,AMD Radeon Graphics,7,1.60 GHz,,,,100-000000242,https://www.amd.com/en/products/specifications/embedded.html,1,high,FP6 (BGA)
AMD,cpu,,Ryzen Embedded,Ryzen Embedded V2000 Series,embedded,Renoir,Zen 2,Ryzen Embedded V2546 with Radeon Graphics,AMD Ryzen Embedded V2546 with Radeon Graphics,6,,,12,3.00 GHz,3.95 GHz,,3 MB,8 MB,54W,,,,,,20,DDR4 - Up to 3200,,,,,,,AMD Radeon Graphics,6,1.50 GHz,,,,100-000000246,https://www.amd.com/en/products/specifications/embedded.html,1,high,FP6 (BGA)
AMD,cpu,,Ryzen Embedded,Ryzen Embedded V2000 Series,embedded,Renoir,Zen 2,Ryzen Embedded V2516 with Radeon Graphics,AMD Ryzen Embedded V2516 with Radeon Graphics,6,,,12,2.10 GHz,3.95 GHz,,3 MB,8 MB,25W,,,,,,20,DDR4 - Up to 3200,,,,,,,AMD Radeon Graphics,6,1.50 GHz,,,,100-000000243,https://www.amd.com/en/products/specifications/embedded.html,1,high,FP6 (BGA)
AMD,cpu,,Ryzen Embedded,Ryzen Embedded R2000 Series,embedded,Picasso,Zen+,Ryzen Embedded R2314 with Radeon Graphics,AMD Ryzen Embedded R2314 with Radeon Graphics,4,,,4,2.10 GHz,3.50 GHz,,2 MB,4 MB,35W,,,,,,,DDR4-2667,,,,,,,AMD Radeon Graphics,6,1.20 GHz,,,,YE2314C4T4MFH,https://www.amd.com/en/products/specifications/embedded.html,1,high,FP5
AMD,cpu,,Ryzen Embedded,Ryzen Embedded R2000 Series,embedded,Picasso,Zen+,Ryzen Embedded R2312 with Radeon Graphics,AMD Ryzen Embedded R2312 with Radeon Graphics,2,,,4,2.70 GHz,3.50 GHz,,1 MB,4 MB,25W,,,,,,8,DDR4-2400,,,,,,,AMD Radeon Graphics,3,1.20 GHz,,,,YE2312C4T2OFH,https://www.amd.com/en/products/specifications/embedded.html,1,high,FP5
AMD,cpu,,EPYC Embedded,EPYC Embedded 7001 Series,embedded,Naples,Zen,EPYC Embedded 7601,AMD EPYC Embedded 7601,32,,,64,2.20 GHz,3.20 GHz,,16 MB,64 MB,180W,,,,,,128,DDR4-2667,,,,,,,,,,,,,PS7601BDVIHAFS,https://www.amd.com/en/products/specifications/embedded.html,1,medium,"SP3 | codename medium-confidence (researched, not on AMD spec sheet)"
AMD,cpu,,EPYC Embedded,EPYC Embedded 7001 Series,embedded,Naples,Zen,EPYC Embedded 755P,AMD EPYC Embedded 755P,32,,,64,2.00 GHz,3.00 GHz,,16 MB,64 MB,180W,,,,,,128,DDR4-2667,,,,,,,,,,,,,PS755PBDVIHAFS,https://www.amd.com/en/products/specifications/embedded.html,1,medium,"SP3 | codename medium-confidence (researched, not on AMD spec sheet)"
AMD,cpu,,EPYC Embedded,EPYC Embedded 7001 Series,embedded,Naples,Zen,EPYC Embedded 7551,AMD EPYC Embedded 7551,32,,,64,2.00 GHz,3.00 GHz,,16 MB,64 MB,180W,,,,,,128,DDR4-2667,,,,,,,,,,,,,PS7551BDVIHAFS,https://www.amd.com/en/products/specifications/embedded.html,1,medium,"SP3 | codename medium-confidence (researched, not on AMD spec sheet)"
AMD,cpu,,EPYC Embedded,EPYC Embedded 7001 Series,embedded,Naples,Zen,EPYC Embedded 7501,AMD EPYC Embedded 7501,32,,,64,2.00 GHz,3.00 GHz,,16 MB,64 MB,155W,,,,,,128,DDR4-2667,,,,,,,,,,,,,PS7501BEVIHAFS,https://www.amd.com/en/products/specifications/embedded.html,1,medium,"SP3 | codename medium-confidence (researched, not on AMD spec sheet)"
AMD,cpu,,EPYC Embedded,EPYC Embedded 7001 Series,embedded,Naples,Zen,EPYC Embedded 7451,AMD EPYC Embedded 7451,24,,,48,2.30 GHz,3.20 GHz,,12 MB,64 MB,180W,,,,,,128,DDR4-2667,,,,,,,,,,,,,PS7451BDVHCAFS,https://www.amd.com/en/products/specifications/embedded.html,1,medium,"SP3 | codename medium-confidence (researched, not on AMD spec sheet)"
AMD,cpu,,EPYC Embedded,EPYC Embedded 7001 Series,embedded,Naples,Zen,EPYC Embedded 740P,AMD EPYC Embedded 740P,24,,,48,2.00 GHz,3.00 GHz,,12 MB,64 MB,155W,,,,,,128,DDR4-2667,,,,,,,,,,,,,PS740PBEVHCAFS,https://www.amd.com/en/products/specifications/embedded.html,1,medium,"SP3 | codename medium-confidence (researched, not on AMD spec sheet)"
AMD,cpu,,EPYC Embedded,EPYC Embedded 7001 Series,embedded,Naples,Zen,EPYC Embedded 7401,AMD EPYC Embedded 7401,24,,,48,2.00 GHz,3.00 GHz,,12 MB,64 MB,155W,,,,,,128,DDR4-2667,,,,,,,,,,,,,PS7401BEVHCAFS,https://www.amd.com/en/products/specifications/embedded.html,1,medium,"SP3 | codename medium-confidence (researched, not on AMD spec sheet)"
AMD,cpu,,EPYC Embedded,EPYC Embedded 7001 Series,embedded,Naples,Zen,EPYC Embedded 7371,AMD EPYC Embedded 7371,16,,,32,3.10 GHz,3.80 GHz,,8 MB,64 MB,200W,,,,,,128,DDR4-2667,,,,,,,,,,,,,PS7371BDVGPAFS,https://www.amd.com/en/products/specifications/embedded.html,1,medium,"SP3 | codename medium-confidence (researched, not on AMD spec sheet)"
AMD,cpu,,EPYC Embedded,EPYC Embedded 7001 Series,embedded,Naples,Zen,EPYC Embedded 735P,AMD EPYC Embedded 735P,16,,,32,2.40 GHz,2.90 GHz,,8 MB,64 MB,155W,,,,,,128,DDR4-2667,,,,,,,,,,,,,PS735PBEVGPAFS,https://www.amd.com/en/products/specifications/embedded.html,1,medium,"SP3 | codename medium-confidence (researched, not on AMD spec sheet)"
AMD,cpu,,EPYC Embedded,EPYC Embedded 7001 Series,embedded,Naples,Zen,EPYC Embedded 7351,AMD EPYC Embedded 7351,16,,,32,2.40 GHz,2.90 GHz,,8 MB,64 MB,155W,,,,,,128,DDR4-2667,,,,,,,,,,,,,PS7351BEVGPAFS,https://www.amd.com/en/products/specifications/embedded.html,1,medium,"SP3 | codename medium-confidence (researched, not on AMD spec sheet)"
AMD,cpu,,EPYC Embedded,EPYC Embedded 7001 Series,embedded,Naples,Zen,EPYC Embedded 7301,AMD EPYC Embedded 7301,16,,,32,2.20 GHz,2.90 GHz,,8 MB,64 MB,155W,,,,,,128,DDR4-2667,,,,,,,,,,,,,PS7301BEVGPAFS,https://www.amd.com/en/products/specifications/embedded.html,1,medium,"SP3 | codename medium-confidence (researched, not on AMD spec sheet)"
AMD,cpu,,EPYC Embedded,EPYC Embedded 7001 Series,embedded,Naples,Zen,EPYC Embedded 7281,AMD EPYC Embedded 7281,16,,,32,2.10 GHz,2.70 GHz,,8 MB,32 MB,155W,,,,,,128,DDR4-2667,,,,,,,,,,,,,PS7281BEVGAAFS,https://www.amd.com/en/products/specifications/embedded.html,1,medium,"SP3 | codename medium-confidence (researched, not on AMD spec sheet)"
AMD,cpu,,EPYC Embedded,EPYC Embedded 7001 Series,embedded,Naples,Zen,EPYC Embedded 7261,AMD EPYC Embedded 7261,8,,,16,2.50 GHz,2.90 GHz,,4 MB,64 MB,155W,,,,,,128,DDR4-2667,,,,,,,,,,,,,PS7261BEV8RAFS,https://www.amd.com/en/products/specifications/embedded.html,1,medium,"SP3 | codename medium-confidence (researched, not on AMD spec sheet)"
AMD,cpu,,EPYC Embedded,EPYC Embedded 7001 Series,embedded,Naples,Zen,EPYC Embedded 7251,AMD EPYC Embedded 7251,8,,,16,2.10 GHz,2.90 GHz,,4 MB,32 MB,120W,,,,,,128,DDR4-2667,,,,,,,,,,,,,PS7251BFV8SAFS,https://www.amd.com/en/products/specifications/embedded.html,1,medium,"SP3 | codename medium-confidence (researched, not on AMD spec sheet)"
AMD,cpu,,EPYC Embedded,EPYC Embedded 3000 Series,embedded,Snowy Owl,Zen,EPYC Embedded 3451,AMD EPYC Embedded 3451,16,,,32,2.14 GHz,3.00 GHz,,8 MB,32 MB,100W,,,,,,64,DDR4-2667,,,,,,,,,,,,,PE3451BMQGAAF,https://www.amd.com/en/products/specifications/embedded.html,1,high,SP4
AMD,cpu,,EPYC Embedded,EPYC Embedded 3000 Series,embedded,Snowy Owl,Zen,EPYC Embedded 3351,AMD EPYC Embedded 3351,12,,,24,1.90 GHz,3.00 GHz,,6 MB,32 MB,80W,,,,,,64,DDR4-2667,,,,,,,,,,,,,PE3351BNQCAAF,https://www.amd.com/en/products/specifications/embedded.html,1,high,SP4
AMD,cpu,,EPYC Embedded,EPYC Embedded 3000 Series,embedded,Snowy Owl,Zen,EPYC Embedded 3255,AMD EPYC Embedded 3255,8,,,16,2.50 GHz,3.10 GHz,,4 MB,16 MB,55W,,,,,,32,DDR4-2667,,,,,,,,,,,,,PE3255BGR88AF,https://www.amd.com/en/products/specifications/embedded.html,1,high,SP4r2
AMD,cpu,,EPYC Embedded,EPYC Embedded 3000 Series,embedded,Snowy Owl,Zen,EPYC Embedded 3251,AMD EPYC Embedded 3251,8,,,16,2.50 GHz,3.10 GHz,,4 MB,16 MB,55W,,,,,,32,DDR4-2667,,,,,,,,,,,,,PE3251BGR88AF,https://www.amd.com/en/products/specifications/embedded.html,1,high,SP4r2
AMD,cpu,,EPYC Embedded,EPYC Embedded 3000 Series,embedded,Snowy Owl,Zen,EPYC Embedded 3201,AMD EPYC Embedded 3201,8,,,8,1.50 GHz,3.10 GHz,,4 MB,16 MB,30W,,,,,,32,DDR4-2133,,,,,,,,,,,,,PE3201BFR88AF,https://www.amd.com/en/products/specifications/embedded.html,1,high,SP4r2
AMD,cpu,,EPYC Embedded,EPYC Embedded 3000 Series,embedded,Snowy Owl,Zen,EPYC Embedded 3151,AMD EPYC Embedded 3151,4,,,8,2.70 GHz,2.90 GHz,,2 MB,16 MB,45W,,,,,,32,DDR4-2667,,,,,,,,,,,,,PE3151BKR48AF,https://www.amd.com/en/products/specifications/embedded.html,1,high,SP4r2
AMD,cpu,,EPYC Embedded,EPYC Embedded 3000 Series,embedded,Snowy Owl,Zen,EPYC Embedded 3101,AMD EPYC Embedded 3101,4,,,4,2.10 GHz,2.90 GHz,,2 MB,8 MB,35W,,,,,,32,DDR4-2667,,,,,,,,,,,,,PE3101BIR4KAF,https://www.amd.com/en/products/specifications/embedded.html,1,high,SP4r2
AMD,cpu,,Ryzen Embedded,Ryzen Embedded V1000 Series,embedded,Great Horned Owl,Zen,Ryzen Embedded V1807B with Radeon Vega 11 Graphics,AMD Ryzen Embedded V1807B with Radeon Vega 11 Graphics,4,,,8,3.35 GHz,3.80 GHz,,2 MB,4 MB,54W,,,,,,16,DDR4-3200,,,,,,,AMD Radeon Vega 11 Graphics,11,1.30 GHz,,,,YE1807C3T4MFB,https://www.amd.com/en/products/specifications/embedded.html,1,high,FP5
AMD,cpu,,Ryzen Embedded,Ryzen Embedded V1000 Series,embedded,Great Horned Owl,Zen,Ryzen Embedded V1780B,AMD Ryzen Embedded V1780B,4,,,8,3.35 GHz,3.60 GHz,,2 MB,4 MB,54W,,,,,,16,DDR4-3200,,,,,,,,,,,,,YE1780C3T4MFB,https://www.amd.com/en/products/specifications/embedded.html,1,high,FP5
AMD,cpu,,Ryzen Embedded,Ryzen Embedded V1000 Series,embedded,Great Horned Owl,Zen,Ryzen Embedded V1756B with Radeon Vega 8 Graphics,AMD Ryzen Embedded V1756B with Radeon Vega 8 Graphics,4,,,8,3.25 GHz,3.60 GHz,,2 MB,4 MB,54W,,,,,,16,DDR4-3200,,,,,,,AMD Radeon Vega 8 Graphics,8,1.10 GHz,,,,YE1756C3T4MFB,https://www.amd.com/en/products/specifications/embedded.html,1,high,FP5
AMD,cpu,,Ryzen Embedded,Ryzen Embedded V1000 Series,embedded,Great Horned Owl,Zen,Ryzen Embedded V1605B with Radeon Vega 8 Graphics,AMD Ryzen Embedded V1605B with Radeon Vega 8 Graphics,4,,,8,2.00 GHz,3.60 GHz,,2 MB,4 MB,25W,,,,,,16,DDR4-2400,,,,,,,AMD Radeon Vega 8 Graphics,8,1.10 GHz,,,,YE1605C4T4MFB,https://www.amd.com/en/products/specifications/embedded.html,1,high,FP5
AMD,cpu,,Ryzen Embedded,Ryzen Embedded V1000 Series,embedded,Great Horned Owl,Zen,Ryzen Embedded V1500B,AMD Ryzen Embedded V1500B,4,,,8,2.20 GHz,,,2 MB,4 MB,25W,,,,,,16,DDR4-2400,,,,,,,,,,,,,YE1500C4T4MFB,https://www.amd.com/en/products/specifications/embedded.html,1,high,FP5
AMD,cpu,,Ryzen Embedded,Ryzen Embedded V1000 Series,embedded,Great Horned Owl,Zen,Ryzen Embedded V1202B with Radeon Vega 3 Graphics,AMD Ryzen Embedded V1202B with Radeon Vega 3 Graphics,2,,,4,2.30 GHz,3.20 GHz,,1 MB,4 MB,25W,,,,,,16,DDR4-2400,,,,,,,AMD Radeon Vega 3 Graphics,3,1.00 GHz,,,,YE1202C4T2OFB,https://www.amd.com/en/products/specifications/embedded.html,1,high,FP5
AMD,cpu,,Ryzen Embedded,Ryzen Embedded R1000 Series,embedded,Dali,Zen,Ryzen Embedded R1606G with Radeon Vega 3 Graphics,AMD Ryzen Embedded R1606G with Radeon Vega 3 Graphics,2,,,4,2.60 GHz,3.50 GHz,,1 MB,4 MB,25W,,,,,,8,DDR4-2400,,,,,,,AMD Radeon Vega 3 Graphics,3,1.20 GHz,,,,YE1606C4T2OFG,https://www.amd.com/en/products/specifications/embedded.html,1,high,FP5
AMD,cpu,,Ryzen Embedded,Ryzen Embedded R1000 Series,embedded,Dali,Zen,Ryzen Embedded R1600,AMD Ryzen Embedded R1600,2,,,4,2.60 GHz,3.10 GHz,,1 MB,4 MB,25W,,,,,,8,DDR4-2400,,,,,,,,,,,,,YE1600C4T2OFG,https://www.amd.com/en/products/specifications/embedded.html,1,high,FP5
AMD,cpu,,Ryzen Embedded,Ryzen Embedded R1000 Series,embedded,Dali,Zen,Ryzen Embedded R1505G with Radeon Vega 3 Graphics,AMD Ryzen Embedded R1505G with Radeon Vega 3 Graphics,2,,,4,2.40 GHz,3.30 GHz,,1 MB,4 MB,25W,,,,,,8,DDR4-2400,,,,,,,AMD Radeon Vega 3 Graphics,3,1.00 GHz,,,,YE1505C4T2OFG,https://www.amd.com/en/products/specifications/embedded.html,1,high,FP5
AMD,cpu,,Ryzen Embedded,Ryzen Embedded R1000 Series,embedded,Dali,Zen,Ryzen Embedded R1305G with Radeon Vega 3 Graphics,AMD Ryzen Embedded R1305G with Radeon Vega 3 Graphics,2,,,4,1.50 GHz,2.80 GHz,,1 MB,4 MB,10W,,,,,,8,DDR4-2400,,,,,,,AMD Radeon Vega 3 Graphics,3,1.00 GHz,,,,YE1305C9T2OFG,https://www.amd.com/en/products/specifications/embedded.html,1,high,FP5
AMD,cpu,,Ryzen Embedded,Ryzen Embedded R1000 Series,embedded,Dali,Zen,Ryzen Embedded R1102G with Radeon Vega 3 Graphics,AMD Ryzen Embedded R1102G with Radeon Vega 3 Graphics,2,,,2,1.20 GHz,2.60 GHz,,1 MB,4 MB,6W,,,,,,4,DDR4-2400,,,,,,,AMD Radeon Vega 3 Graphics,3,1.00 GHz,,,,YE1102C7T2OFG,https://www.amd.com/en/products/specifications/embedded.html,1,high,FP5
AMD,cpu,,Ryzen Embedded,Ryzen 2000 Series,embedded,Raven Ridge,,Ryzen 5 2400GE with Radeon RX Vega 11 Graphics,AMD Ryzen 5 2400GE with Radeon RX Vega 11 Graphics,4,,,8,3.20 GHz,3.80 GHz,,2 MB,4 MB,35W,,,,,,8,DDR4-2933,,,,,,,AMD Radeon Vega 11 Graphics,11,1.25 GHz,,,,YD2400C6M4MFBS,https://www.amd.com/en/products/specifications/embedded.html,1,high,
AMD,cpu,,Ryzen Embedded,Ryzen 2000 Series,embedded,Raven Ridge,,Ryzen 5 2400G with Radeon RX Vega 11 Graphics,AMD Ryzen 5 2400G with Radeon RX Vega 11 Graphics,4,,,8,3.60 GHz,3.90 GHz,,2 MB,4 MB,65W,,,,,,8,DDR4-2933,,,,,,,AMD Radeon Vega 11 Graphics,11,1.25 GHz,,,,YD2400C5M4MFBS,https://www.amd.com/en/products/specifications/embedded.html,1,high,
AMD,cpu,,Ryzen Embedded,Ryzen 2000 Series,embedded,Raven Ridge,,Ryzen 3 2200GE with Radeon Vega 8 Graphics,AMD Ryzen 3 2200GE with Radeon Vega 8 Graphics,4,,,4,3.20 GHz,3.60 GHz,,2 MB,4 MB,35W,,,,,,8,DDR4-2933,,,,,,,AMD Radeon Vega 8 Graphics,8,1.10 GHz,,,,YD2200C6M4MFBS,https://www.amd.com/en/products/specifications/embedded.html,1,high,
AMD,cpu,,Ryzen Embedded,Ryzen 2000 Series,embedded,Raven Ridge,,Ryzen 3 2200G with Radeon Vega 8 Graphics,AMD Ryzen 3 2200G with Radeon Vega 8 Graphics,4,,,4,3.50 GHz,3.70 GHz,,2 MB,4 MB,65W,,,,,,8,DDR4-2933,,,,,,,AMD Radeon Vega 8 Graphics,8,1.10 GHz,,,,YD2200C5M4MFBS,https://www.amd.com/en/products/specifications/embedded.html,1,high,
AMD,cpu,,Embedded R-Series,R-Series SOC,embedded,Merlin Falcon,Excavator,RX-421ND,RX-421ND,4,,,,2.10 GHz,3.40 GHz,,2 MB,,35W,,,,,,12,"DDR3-2133 , DDR4-2400",,,,,,,,,,,,,RE421NAAY43KA,https://www.amd.com/en/products/specifications/embedded.html,1,high,FP4
AMD,cpu,,Embedded R-Series,R-Series SOC,embedded,Merlin Falcon,Excavator,RX-421BD,RX-421BD,4,,,,2.10 GHz,3.40 GHz,,2 MB,,35W,,,,,,12,"DDR3-2133 , DDR4-2400",,,,,,,R7,8,0.80 GHz,,,,RE421BAAY43KA,https://www.amd.com/en/products/specifications/embedded.html,1,high,FP4
AMD,cpu,,Embedded R-Series,R-Series SOC,embedded,Merlin Falcon,Excavator,RX-418GD,RX-418GD,4,,,,1.80 GHz,3.20 GHz,,2 MB,,35W,,,,,,12,"DDR3-2133 , DDR4-2400",,,,,,,R6,6,0.80 GHz,,,,RE418GAAY43KA,https://www.amd.com/en/products/specifications/embedded.html,1,high,FP4
AMD,cpu,,Embedded R-Series,R-Series SOC,embedded,Merlin Falcon,Excavator,RX-416GD,RX-416GD,4,,,,1.60 GHz,2.40 GHz,,2 MB,,15W,,,,,,12,"DDR3-1600 , DDR4-1600",,,,,,,R6,6,0.58 GHz,,,,RE416GATY43KA,https://www.amd.com/en/products/specifications/embedded.html,1,high,FP4
AMD,cpu,,Embedded R-Series,R-Series SOC,embedded,Merlin Falcon,Excavator,RX-216TD,RX-216TD,2,,,,1.60 GHz,3.00 GHz,,1 MB,,15W,,,,,,12,"DDR3-1600 , DDR4-1600",,,,,,,,,,,,,RE216TAAY23KA,https://www.amd.com/en/products/specifications/embedded.html,1,medium,"FP4 | codename medium-confidence (researched, not on AMD spec sheet)"
AMD,cpu,,Embedded R-Series,R-Series SOC,embedded,Merlin Falcon,Excavator,RX-216GD,RX-216GD,2,,,,1.60 GHz,3.00 GHz,,1 MB,,15W,,,,,,12,"DDR3-1600 , DDR4-1600",,,,,,,R5,4,0.80 GHz,,,,RE216GAAY23KA,https://www.amd.com/en/products/specifications/embedded.html,1,medium,"FP4 | codename medium-confidence (researched, not on AMD spec sheet)"
AMD,cpu,,Embedded G-Series,3rd Generation G-Series SOC J Family,embedded,G-Series (Jaguar),Excavator,GX-224IJ,GX-224IJ,2,,,,2.40 GHz,2.80 GHz,,1 MB,,15W,,,,,,8,"DDR3L-1866 , DDR4-2133",,,,,,,R4E,3,0.60 GHz,,,,GE224IAVY23AC,https://www.amd.com/en/products/specifications/embedded.html,1,low,"FP4 | codename low-confidence (researched, not on AMD spec sheet) | exact Jaguar sub-generation (Kabini/Steppe Eagle) unconfirmed; grouped by architecture"
AMD,cpu,,Embedded G-Series,3rd Generation G-Series SOC J Family,embedded,G-Series (Jaguar),Excavator,GX-215JJ,GX-215JJ,2,,,,1.50 GHz,2.00 GHz,,1 MB,,10W,,,,,,8,"DDR3L-1600 , DDR4-1866",,,,,,,R2E,2,0.60 GHz,,,,GE215JAWY23AC,https://www.amd.com/en/products/specifications/embedded.html,1,low,"FP4 | codename low-confidence (researched, not on AMD spec sheet) | exact Jaguar sub-generation (Kabini/Steppe Eagle) unconfirmed; grouped by architecture"
AMD,cpu,,Embedded G-Series,3rd Generation G-Series SOC I Family,embedded,G-Series (Jaguar),Excavator,GX-217GI,GX-217GI,2,,,,1.70 GHz,2.00 GHz,,1 MB,,15W,,,,,,8,"DDR3-1600 , DDR4-1600",,,,,,,R6E,4,0.76 GHz,,,,GE217GAAY23KA,https://www.amd.com/en/products/specifications/embedded.html,1,low,"FP4 | codename low-confidence (researched, not on AMD spec sheet) | exact Jaguar sub-generation (Kabini/Steppe Eagle) unconfirmed; grouped by architecture"
AMD,cpu,,Embedded R-Series,2nd Generation R-Series APU,embedded,Bald Eagle,Steamroller,RX-427NB,RX-427NB,4,,,,2.70 GHz,3.40 GHz,,4 MB,,35W,,,,,,16,DDR3-2133,,,,,,,,,,,,,RE427NDGH44JA,https://www.amd.com/en/products/specifications/embedded.html,1,high,FP3
AMD,cpu,,Embedded R-Series,2nd Generation R-Series APU,embedded,Bald Eagle,Steamroller,RX-427BB,RX-427BB,4,,,,2.70 GHz,3.60 GHz,,4 MB,,35W,,,,,,16,DDR3-2133,,,,,,,HD 9000,8,0.69 GHz,,,,RE427BDGH44JA,https://www.amd.com/en/products/specifications/embedded.html,1,high,FP3
AMD,cpu,,Embedded R-Series,2nd Generation R-Series APU,embedded,Bald Eagle,Steamroller,RX-425BB,RX-425BB,4,,,,2.50 GHz,3.40 GHz,,4 MB,,35W,,,,,,16,DDR3-1866,,,,,,,HD 9000,6,0.65 GHz,,,,RE425BDGH44JA,https://www.amd.com/en/products/specifications/embedded.html,1,high,FP3
AMD,cpu,,Embedded R-Series,2nd Generation R-Series APU,embedded,Bald Eagle,Steamroller,RX-225FB,RX-225FB,2,,,,2.20 GHz,3.00 GHz,,2 MB,,17W,,,,,,16,DDR3-1600,,,,,,,HD 9000,3,0.53 GHz,,,,RE225FECH23JA,https://www.amd.com/en/products/specifications/embedded.html,1,high,FP3
AMD,cpu,,Embedded R-Series,2nd Generation R-Series APU,embedded,Bald Eagle,Steamroller,RX-219NB,RX-219NB,2,,,,2.20 GHz,3.00 GHz,,2 MB,,17W,,,,,,16,DDR3-1600,,,,,,,,,,,,,RE219NECH23JA,https://www.amd.com/en/products/specifications/embedded.html,1,high,FP3
AMD,cpu,,Embedded G-Series,2nd Generation G-Series SOC,embedded,Steppe Eagle,Jaguar+,GX424PC,GX424PC,4,,,,2.40 GHz,2.40 GHz,,2 MB,,25W,,,,,,8,DDR3-1866,,,,,,,,,,,,,GE424PIXJ44JB,https://www.amd.com/en/products/specifications/embedded.html,1,medium,"FT3b | codename medium-confidence (researched, not on AMD spec sheet)"
AMD,cpu,,Embedded G-Series,2nd Generation G-Series SOC,embedded,Steppe Eagle,Jaguar+,GX-424CC,GX-424CC,4,,,,2.40 GHz,2.40 GHz,,2 MB,,25W,,,,,,8,DDR3-1866,,,,,,,R5E,2,0.80 GHz,,,,GE424CIXJ44JB,https://www.amd.com/en/products/specifications/embedded.html,1,medium,"FT3b | codename medium-confidence (researched, not on AMD spec sheet)"
AMD,cpu,,Embedded G-Series,2nd Generation G-Series SOC,embedded,Steppe Eagle,Jaguar+,GX-420MC,GX-420MC,4,,,,2.00 GHz,2.00 GHz,,2 MB,,17W,,,,,,8,DDR3-1600,,,,,,,,,,,,,GE420MIXJ44JB,https://www.amd.com/en/products/specifications/embedded.html,1,medium,"FT3b | codename medium-confidence (researched, not on AMD spec sheet)"
AMD,cpu,,Embedded G-Series,2nd Generation G-Series SOC,embedded,Puma,Jaguar+,GX-412TC,GX-412TC,4,,,,1.00 GHz,1.40 GHz,,2 MB,,6W,,,,,,8,DDR3-1333,,,,,,,,,,,,,GE412TIYJ44JB,https://www.amd.com/en/products/specifications/embedded.html,1,medium,"FT3b | codename medium-confidence (researched, not on AMD spec sheet)"
AMD,cpu,,Embedded G-Series,2nd Generation G-Series SOC,embedded,G-Series (Jaguar),Jaguar+,GX-412HC,GX-412HC,4,,,,1.20 GHz,1.60 GHz,,2 MB,,15W,,,,,,8,DDR3-1333,,,,,,,R3E,2,0.35 GHz,,,,GE412HIYJ44JB,https://www.amd.com/en/products/specifications/embedded.html,1,low,"FT3b | codename low-confidence (researched, not on AMD spec sheet) | exact Jaguar sub-generation (Kabini/Steppe Eagle) unconfirmed; grouped by architecture"
AMD,cpu,,Embedded G-Series,2nd Generation G-Series SOC,embedded,G-Series (Jaguar),Jaguar+,GX-410VC,GX-410VC,4,,,,1.00 GHz,1.00 GHz,,2 MB,,7W,,,,,,8,DDR3-1066,,,,,,,,,,,,,GE410VIZJ44JB,https://www.amd.com/en/products/specifications/embedded.html,1,low,"FT3b | codename low-confidence (researched, not on AMD spec sheet) | exact Jaguar sub-generation (Kabini/Steppe Eagle) unconfirmed; grouped by architecture"
AMD,cpu,,Embedded G-Series,2nd Generation G-Series SOC,embedded,G-Series (Jaguar),Jaguar+,GX-224PC,GX-224PC,2,,,,2.40 GHz,2.40 GHz,,1 MB,,25W,,,,,,8,DDR3-1866,,,,,,,,,,,,,GE224PIXJ23JB,https://www.amd.com/en/products/specifications/embedded.html,1,low,"FT3b | codename low-confidence (researched, not on AMD spec sheet) | exact Jaguar sub-generation (Kabini/Steppe Eagle) unconfirmed; grouped by architecture"
AMD,cpu,,Embedded G-Series,2nd Generation G-Series SOC,embedded,Kabini,Jaguar+,GX-222GC,GX-222GC,2,,,,2.20 GHz,2.40 GHz,,2 MB,,,,,,,,8,DDR3-1600,,,,,,,R5E,2,0.80 GHz,,,,GE222GITJ23JB,https://www.amd.com/en/products/specifications/embedded.html,1,medium,"FT3b | codename medium-confidence (researched, not on AMD spec sheet)"
AMD,cpu,,Embedded G-Series,2nd Generation G-Series SOC,embedded,G-Series (Jaguar),Jaguar+,GX-216HC,GX-216HC,2,,,,1.60 GHz,1.60 GHz,,2 MB,,10W,,,,,,8,DDR3-1066,,,,,,,R4E,2,0.30 GHz,,,,GE216HHBJ23JB,https://www.amd.com/en/products/specifications/embedded.html,1,low,"FT3b | codename low-confidence (researched, not on AMD spec sheet) | exact Jaguar sub-generation (Kabini/Steppe Eagle) unconfirmed; grouped by architecture"
AMD,cpu,,Embedded G-Series,2nd Generation G-Series SOC,embedded,Steppe Eagle,Jaguar+,GX-212JC,GX-212JC,2,,,,1.20 GHz,1.40 GHz,,2 MB,,15W,,,,,,8,DDR3-1333,,,,,,,R2E,2,0.30 GHz,,,,GE212JIYJ23JB,https://www.amd.com/en/products/specifications/embedded.html,1,medium,"FT3b | codename medium-confidence (researched, not on AMD spec sheet)"
AMD,cpu,,Embedded G-Series,2nd Generation G-Series SOC,embedded,Steppe Eagle,Jaguar+,GX-210JC,GX-210JC,2,,,,1.00 GHz,1.00 GHz,,2 MB,,7W,,,,,,8,DDR3-1066,,,,,,,R1E,2,0.27 GHz,,,,GE210JIZJ23JB,https://www.amd.com/en/products/specifications/embedded.html,1,medium,"FT3b | codename medium-confidence (researched, not on AMD spec sheet)"
AMD,cpu,,Embedded G-Series,G-Series LX SOC,embedded,G-Series (Jaguar),Jaguar+,GX-218GL,GX-218GL,2,,,,1.80 GHz,1.80 GHz,,1 MB,,15W,,,,,,4,DDR3-1600,,,,,,,R1E,1,0.50 GHz,,,,GE218GITJ23JB,https://www.amd.com/en/products/specifications/embedded.html,1,low,"FT3b | codename low-confidence (researched, not on AMD spec sheet) | exact Jaguar sub-generation (Kabini/Steppe Eagle) unconfirmed; grouped by architecture"
AMD,cpu,,Embedded G-Series,G-Series LX SOC,embedded,G-Series (Jaguar),Jaguar+,GX-215GL,GX-215GL,2,,,,1.50 GHz,1.50 GHz,,1 MB,,15W,,,,,,4,DDR3-1600,,,,,,,R1E,1,0.50 GHz,,,,GE215GITJ23JB,https://www.amd.com/en/products/specifications/embedded.html,1,low,"FT3b | codename low-confidence (researched, not on AMD spec sheet) | exact Jaguar sub-generation (Kabini/Steppe Eagle) unconfirmed; grouped by architecture"
AMD,cpu,,Embedded G-Series,G-Series LX SOC,embedded,G-Series (Jaguar),Jaguar+,GX-210KL,GX-210KL,2,,,,1.00 GHz,1.00 GHz,,1 MB,,15W,,,,,,4,DDR3-1333,,,,,,,R1E,1,0.27 GHz,,,,GE210KIVJ23JB,https://www.amd.com/en/products/specifications/embedded.html,1,low,"FT3b | codename low-confidence (researched, not on AMD spec sheet) | exact Jaguar sub-generation (Kabini/Steppe Eagle) unconfirmed; grouped by architecture"
AMD,cpu,,Embedded G-Series,G-Series LX SOC,embedded,G-Series (Jaguar),Jaguar+,GX-210HL,GX-210HL,2,,,,1.00 GHz,1.00 GHz,,1 MB,,7W,,,,,,4,DDR3-1333,,,,,,,R1E,1,0.27 GHz,,,,GE210HIZJ23JB,https://www.amd.com/en/products/specifications/embedded.html,1,low,"FT3b | codename low-confidence (researched, not on AMD spec sheet) | exact Jaguar sub-generation (Kabini/Steppe Eagle) unconfirmed; grouped by architecture"
AMD,cpu,,Embedded G-Series,1st Generation G-Series SOC,embedded,G-Series (Jaguar),Jaguar,GX-420CA,GX-420CA,4,,,,2.00 GHz,2.00 GHz,,2 MB,,25W,,,,,,8,DDR3-1600,,,,,,,HD 8000,2,0.60 GHz,,,,GE420CIAJ44HM,https://www.amd.com/en/products/specifications/embedded.html,1,low,"FT3 | codename low-confidence (researched, not on AMD spec sheet) | exact Jaguar sub-generation (Kabini/Steppe Eagle) unconfirmed; grouped by architecture"
AMD,cpu,,Embedded G-Series,1st Generation G-Series SOC,embedded,Steppe Eagle,Jaguar,GX-416RA,GX-416RA,4,,,,1.60 GHz,1.60 GHz,,2 MB,,15W,,,,,,8,DDR3-1600,,,,,,,,,,,,,GE416RIBJ44HM,https://www.amd.com/en/products/specifications/embedded.html,1,medium,"FT3 | codename medium-confidence (researched, not on AMD spec sheet)"
AMD,cpu,,Embedded G-Series,1st Generation G-Series SOC,embedded,G-Series (Jaguar),Jaguar,GX-415GA,GX-415GA,4,,,,1.50 GHz,1.50 GHz,,2 MB,,15W,,,,,,8,DDR3-1600,,,,,,,HD 8000,2,0.50 GHz,,,,GE415GIBJ44HM,https://www.amd.com/en/products/specifications/embedded.html,1,low,"FT3 | codename low-confidence (researched, not on AMD spec sheet) | exact Jaguar sub-generation (Kabini/Steppe Eagle) unconfirmed; grouped by architecture"
AMD,cpu,,Embedded G-Series,1st Generation G-Series SOC,embedded,Kabini,Jaguar,GX-411GA,GX-411GA,4,,,,1.10 GHz,1.10 GHz,,2 MB,,15W,,,,,,8,DDR3-1066,,,,,,,HD 8000,2,0.30 GHz,,,,GE411GIRJ44HM,https://www.amd.com/en/products/specifications/embedded.html,1,medium,"FT3 | codename medium-confidence (researched, not on AMD spec sheet)"
AMD,cpu,,Embedded G-Series,1st Generation G-Series SOC,embedded,G-Series (Jaguar),Jaguar,GX-218TF,GX-218TF,2,,,,1.80 GHz,1.80 GHz,,1 MB,,15W,,,,,,8,DDR3-1333,,,,,,,,,,,,,GE218TIBJ23HM,https://www.amd.com/en/products/specifications/embedded.html,1,low,"FT3 | codename low-confidence (researched, not on AMD spec sheet) | exact Jaguar sub-generation (Kabini/Steppe Eagle) unconfirmed; grouped by architecture"
AMD,cpu,,Embedded G-Series,1st Generation G-Series SOC,embedded,G-Series (Jaguar),Jaguar,GX-217GA,GX-217GA,2,,,,1.65 GHz,1.65 GHz,,1 MB,,15W,,,,,,8,DDR3-1600,,,,,,,HD 8000,2,0.45 GHz,,,,GE217GIBJ23HM,https://www.amd.com/en/products/specifications/embedded.html,1,low,"FT3 | codename low-confidence (researched, not on AMD spec sheet) | exact Jaguar sub-generation (Kabini/Steppe Eagle) unconfirmed; grouped by architecture"
AMD,cpu,,Embedded G-Series,1st Generation G-Series SOC,embedded,G-Series (Jaguar),Jaguar,GX-210UA,GX-210UA,2,,,,1.00 GHz,1.00 GHz,,1 MB,,8W,,,,,,8,DDR3-1333,,,,,,,,,,,,,GE210UIGJ23HM,https://www.amd.com/en/products/specifications/embedded.html,1,low,"FT3 | codename low-confidence (researched, not on AMD spec sheet) | exact Jaguar sub-generation (Kabini/Steppe Eagle) unconfirmed; grouped by architecture"
AMD,cpu,,Embedded G-Series,1st Generation G-Series SOC,embedded,Steppe Eagle,Jaguar,GX-210JA,GX-210JA,2,,,,1.00 GHz,1.00 GHz,,1 MB,,6W,,,,,,8,DDR3-1066,,,,,,,HD 8000,2,0.23 GHz,,,,GE210JIHJ23HM,https://www.amd.com/en/products/specifications/embedded.html,1,medium,"FT3 | codename medium-confidence (researched, not on AMD spec sheet)"
AMD,cpu,,Embedded G-Series,1st Generation G-Series SOC,embedded,Kabini,Jaguar,GX-210HA,GX-210HA,2,,,,1.00 GHz,1.00 GHz,,1 MB,,9W,,,,,,8,DDR3-1333,,,,,,,HD 8000,2,0.30 GHz,,,,GE210HICJ23HM,https://www.amd.com/en/products/specifications/embedded.html,1,medium,"FT3 | codename medium-confidence (researched, not on AMD spec sheet)"
AMD,cpu,,Embedded G-Series,1st Generation G-Series SOC,embedded,Kabini,Jaguar,GX-209HA,GX-209HA,2,,,,1.00 GHz,1.00 GHz,,1 MB,,9W,,,,,,8,DDR3-1066,,,,,,,HD 8000,2,0.23 GHz,,,,GE209HISJ23HM,https://www.amd.com/en/products/specifications/embedded.html,1,medium,"FT3 | codename medium-confidence (researched, not on AMD spec sheet)"
AMD,cpu,,Embedded G-Series,1st Generation G-Series SOC,embedded,Kabini,Jaguar,GX-208VF,GX-208VF,2,,,,0.80 GHz,0.80 GHz,,1 MB,,6W,,,,,,8,DDR3-1066,,,,,,,,,,,,,GE208VIFJ23HM,https://www.amd.com/en/products/specifications/embedded.html,1,medium,"FT3 | codename medium-confidence (researched, not on AMD spec sheet)"
AMD,cpu,,Ryzen Embedded,Ryzen Embedded 7000 Series,embedded,Raphael,Zen 4,Ryzen Embedded 9 7900,AMD Ryzen Embedded 9 7900,12,,,24,3.70 GHz,5.40 GHz,,12 MB,64 MB,65W,,,,1P,,28,DDR5,,,,,,,AMD Radeon Graphics,2,2.20 GHz,,,,100-000000590E,https://www.amd.com/en/products/specifications/embedded.html,1,medium,"AM5 | codename medium-confidence (researched, not on AMD spec sheet)"
AMD,gpu,rx9000,Radeon RX,Radeon RX 9000 Series,desktop,,RX 9000 Series,Radeon RX 9070 XT,AMD Radeon RX 9070 XT,64,,,,,2.97 GHz,,,64 MB,304W,,,,,,,GDDR6,,Up to 640 GB/s,16 GB,,,,,,,,,,,https://www.amd.com/en/products/specifications/graphics.html,1,high,48.7 TFLOPs | Desktop
AMD,gpu,rx9000,Radeon RX,Radeon RX 9000 Series,desktop,,RX 9000 Series,Radeon RX 9070,AMD Radeon RX 9070,56,,,,,2.52 GHz,,,64 MB,220W,,,,,,,GDDR6,,Up to 640 GB/s,16 GB,,,,,,,,,,,https://www.amd.com/en/products/specifications/graphics.html,1,high,36.1 TFLOPs | Desktop
AMD,gpu,rx9000,Radeon RX,Radeon RX 9000 Series,desktop,Navi 48,RDNA 4,Radeon RX 9070 GRE,AMD Radeon RX 9070 GRE,48,,,,,2.79 GHz,,,48 MB,220W,,,,,,,GDDR6,,Up to 432 GB/s,12 GB,,,,,,,,,,,https://www.amd.com/en/products/specifications/graphics.html,1,high,34.3 TFLOPs | Desktop
AMD,gpu,rx9000,Radeon RX,Radeon RX 9000 Series,desktop,,RX 9000 Series,Radeon RX 9060 XT,AMD Radeon RX 9060 XT,32,,,,,3.13 GHz,,,32 MB,160W,,,,,,,GDDR6,,Up to 320 GB/s,16 GB,,,,,,,,,,,https://www.amd.com/en/products/specifications/graphics.html,1,high,25.6 TFLOPs | Desktop
AMD,gpu,rx9000,Radeon RX,Radeon RX 9000 Series,desktop,,RX 9000 Series,Radeon RX 9060 XT (8GB),AMD Radeon RX 9060 XT (8GB),32,,,,,3.13 GHz,,,32 MB,150W,,,,,,,GDDR6,,Up to 320 GB/s,8 GB,,,,,,,,,,,https://www.amd.com/en/products/specifications/graphics.html,1,high,25.6 TFLOPs | Desktop
AMD,gpu,rx9000,Radeon RX,Radeon RX 9000 Series,desktop,,RX 9000 Series,Radeon RX 9060 XT LP,AMD Radeon RX 9060 XT LP,32,,,,,,,,32 MB,140W,,,,,,,GDDR6,,Up to 320 GB/s,16 GB,,,,,,,,,,,https://www.amd.com/en/products/specifications/graphics.html,1,high,25 TFLOPs | Desktop
AMD,gpu,rx9000,Radeon RX,Radeon RX 9000 Series,desktop,,RX 9000 Series,Radeon RX 9060,AMD Radeon RX 9060,28,,,,,2.99 GHz,,,32 MB,132W,,,,,,,GDDR6,,Up to 288 GB/s,8 GB,,,,,,,,,,,https://www.amd.com/en/products/specifications/graphics.html,1,high,21.4 TFLOPs | Desktop
AMD,gpu,rx9000,Radeon RX,Radeon RX 9000 Series,desktop,Navi 44,RDNA 4,Radeon RX 9050,AMD Radeon RX 9050,16,,,,,2.60 GHz,,,32 MB,92W,,,,,,,GDDR6,,Up to 288 GB/s,8 GB,,,,,,,,,,,https://www.amd.com/en/products/specifications/graphics.html,1,high,10.6 TFLOPs | Desktop
AMD,gpu,rx9000,Radeon RX,Radeon RX 9000 Series,desktop,Navi 44,RDNA 4,Radeon RX 9050 (4GB),AMD Radeon RX 9050 (4GB),16,,,,,2.60 GHz,,,16 MB,92W,,,,,,,GDDR6,,Up to 144 GB/s,4 GB,,,,,,,,,,,https://www.amd.com/en/products/specifications/graphics.html,1,high,10.6 TFLOPs | Desktop
AMD,gpu,rx7000,Radeon RX,Radeon RX 7000 Series,desktop,,RX 7000 Series,Radeon RX 7900 XTX,AMD Radeon RX 7900 XTX,96,,,,,2.50 GHz,,,96 MB,355W,,,,,,,GDDR6,,Up to 960 GB/s,24 GB,,,,,,,,2022-Q4,,,https://www.amd.com/en/products/specifications/graphics.html,1,high,61.4 TFLOPs | Component
AMD,gpu,rx7000,Radeon RX,Radeon RX 7000 Series,desktop,,RX 7000 Series,Radeon RX 7900 XT,AMD Radeon RX 7900 XT,84,,,,,2.40 GHz,,,80 MB,315W,,,,,,,GDDR6,,Up to 800 GB/s,20 GB,,,,,,,,2022-Q4,,,https://www.amd.com/en/products/specifications/graphics.html,1,high,51.6 TFLOPs | Component
AMD,gpu,rx7000,Radeon RX,Radeon RX 7000 Series,desktop,,RX 7000 Series,Radeon RX 7900 GRE,AMD Radeon RX 7900 GRE,80,,,,,2.25 GHz,,,64 MB,260W,,,,,,,GDDR6,,Up to 576 GB/s,16 GB,,,,,,,,2023-Q3,,,https://www.amd.com/en/products/specifications/graphics.html,1,high,46 TFLOPs | Component
AMD,gpu,rx7000,Radeon RX,Radeon RX 7000 Series,desktop,,RX 7000 Series,Radeon RX 7800 XT,AMD Radeon RX 7800 XT,60,,,,,2.43 GHz,,,64 MB,263W,,,,,,,GDDR6,,Up to 624 GB/s,16 GB,,,,,,,,,,,https://www.amd.com/en/products/specifications/graphics.html,1,high,37.3 TFLOPs | Component
AMD,gpu,rx7000,Radeon RX,Radeon RX 7000 Series,desktop,,RX 7000 Series,Radeon RX 7700 XT,AMD Radeon RX 7700 XT,54,,,,,2.54 GHz,,,48 MB,245W,,,,,,,GDDR6,,Up to 432 GB/s,12 GB,,,,,,,,,,,https://www.amd.com/en/products/specifications/graphics.html,1,high,35.2 TFLOPs | Component
AMD,gpu,rx7000,Radeon RX,Radeon RX 7000 Series,desktop,,RX 7000 Series,Radeon RX 7700,AMD Radeon RX 7700,40,,,,,,,,40 MB,263W,,,,,,,GDDR6,,Up to 624 GB/s,16 GB,,,,,,,,,,,https://www.amd.com/en/products/specifications/graphics.html,1,high,25.2 TFLOPs | Component
AMD,gpu,rx7000,Radeon RX,Radeon RX 7000 Series,desktop,,RX 7000 Series,Radeon RX 7600 XT,AMD Radeon RX 7600 XT,32,,,,,2.75 GHz,,,32 MB,190W,,,,,,,GDDR6,,Up to 288 GB/s,16 GB,,,,,,,,,,,https://www.amd.com/en/products/specifications/graphics.html,1,high,22.6 TFLOPs | Component
AMD,gpu,rx7000,Radeon RX,Radeon RX 7000 Series,desktop,,RX 7000 Series,Radeon RX 7600,AMD Radeon RX 7600,32,,,,,2.65 GHz,,,32 MB,165W,,,,,,,GDDR6,,Up to 288 GB/s,8 GB,,,,,,,,,,,https://www.amd.com/en/products/specifications/graphics.html,1,high,21.7 TFLOPs | Desktop
AMD,gpu,rx7000,Radeon RX,Radeon RX 7000 Series,desktop,,RX 7000 Series,Radeon RX 7400,AMD Radeon RX 7400,28,,,,,,,,32 MB,55W,,,,,,,GDDR6,,Up to 173 GB/s,8 GB,,,,,,,,,,,https://www.amd.com/en/products/specifications/graphics.html,1,high,7.88 TFLOPs | Desktop
AMD,gpu,rx7000,Radeon RX,Radeon RX 7000 Series,desktop,,RX 7000 Series,Radeon RX 7900M,AMD Radeon RX 7900M,72,,,,,,,,64 MB,,,,,,,,GDDR6,,Up to 576 GB/s,16 GB,,,,,,,,2023-Q4,,,https://www.amd.com/en/products/specifications/graphics.html,1,high,38.5 TFLOPs | Notebook
AMD,gpu,rx7000,Radeon RX,Radeon RX 7000 Series,desktop,,RX 7000 Series,Radeon RX 7800M,AMD Radeon RX 7800M,60,,,,,,,,48 MB,,,,,,,,GDDR6,,Up to 432 GB/s,12 GB,,,,,,,,2024,,,https://www.amd.com/en/products/specifications/graphics.html,1,high,39 TFLOPs | Notebook
AMD,gpu,rx7000,Radeon RX,Radeon RX 7000 Series,desktop,,RX 7000 Series,Radeon RX 7600M XT,AMD Radeon RX 7600M XT,32,,,,,,,,32 MB,,,,,,,,GDDR6,,Up to 288 GB/s,8 GB,,,,,,,,2023-Q1,,,https://www.amd.com/en/products/specifications/graphics.html,1,high,21.4 TFLOPs | Notebook
AMD,gpu,rx7000,Radeon RX,Radeon RX 7000 Series,desktop,,RX 7000 Series,Radeon RX 7600M,AMD Radeon RX 7600M,28,,,,,,,,32 MB,,,,,,,,GDDR6,,Up to 256 GB/s,8 GB,,,,,,,,2023-Q1,,,https://www.amd.com/en/products/specifications/graphics.html,1,high,17.3 TFLOPs | Notebook
AMD,gpu,rx7000,Radeon RX,Radeon RX 7000 Series,desktop,,RX 7000 Series,Radeon RX 7700S,AMD Radeon RX 7700S,32,,,,,,,,32 MB,,,,,,,,GDDR6,,Up to 288 GB/s,8 GB,,,,,,,,2023-Q1,,,https://www.amd.com/en/products/specifications/graphics.html,1,high,20.5 TFLOPs | Notebook
AMD,gpu,rx7000,Radeon RX,Radeon RX 7000 Series,desktop,,RX 7000 Series,Radeon RX 7600S,AMD Radeon RX 7600S,28,,,,,,,,32 MB,,,,,,,,GDDR6,,Up to 256 GB/s,8 GB,,,,,,,,2023-Q1,,,https://www.amd.com/en/products/specifications/graphics.html,1,high,15.7 TFLOPs | Notebook
AMD,gpu,rx6000,Radeon RX,Radeon RX 6000 Series,desktop,,RX 6000 Series,Radeon RX 6950 XT,AMD Radeon RX 6950 XT,80,,,,1.89 GHz,2.31 GHz,,,128 MB,335W,,,,,,,GDDR6,,Up to 576 GB/s,16 GB,,,,,,,,2022-Q2,,,https://www.amd.com/en/products/specifications/graphics.html,1,high,23.65 TFLOPs | Desktop
AMD,gpu,rx6000,Radeon RX,Radeon RX 6000 Series,desktop,,RX 6000 Series,Radeon RX 6900 XT,AMD Radeon RX 6900 XT,80,,,,,2.25 GHz,,,128 MB,300W,,,,,,,GDDR6,,Up to 512 GB/s,16 GB,,,,,,,,2020-Q4,,,https://www.amd.com/en/products/specifications/graphics.html,1,high,23.04 TFLOPs | Component
AMD,gpu,rx6000,Radeon RX,Radeon RX 6000 Series,desktop,,RX 6000 Series,Radeon RX 6800 XT Midnight Black,AMD Radeon RX 6800 XT Midnight Black,72,,,,,2.25 GHz,,,128 MB,300W,,,,,,,GDDR6,,Up to 512 GB/s,16 GB,,,,,,,,2021-Q2,,,https://www.amd.com/en/products/specifications/graphics.html,1,high,20.74 TFLOPs | Component
AMD,gpu,rx6000,Radeon RX,Radeon RX 6000 Series,desktop,,RX 6000 Series,Radeon RX 6800 XT,AMD Radeon RX 6800 XT,72,,,,,2.25 GHz,,,128 MB,300W,,,,,,,GDDR6,,Up to 512 GB/s,16 GB,,,,,,,,2020-Q4,,,https://www.amd.com/en/products/specifications/graphics.html,1,high,20.74 TFLOPs | Component
AMD,gpu,rx6000,Radeon RX,Radeon RX 6000 Series,desktop,,RX 6000 Series,Radeon RX 6800,AMD Radeon RX 6800,60,,,,,2.10 GHz,,,128 MB,250W,,,,,,,GDDR6,,Up to 512 GB/s,16 GB,,,,,,,,2020-Q4,,,https://www.amd.com/en/products/specifications/graphics.html,1,high,16.17 TFLOPs | Component
AMD,gpu,rx6000,Radeon RX,Radeon RX 6000 Series,desktop,,RX 6000 Series,Radeon RX 6750 XT,AMD Radeon RX 6750 XT,40,,,,2.15 GHz,2.60 GHz,,,96 MB,250W,,,,,,,GDDR6,,Up to 432 GB/s,12 GB,,,,,,,,2022-Q2,,,https://www.amd.com/en/products/specifications/graphics.html,1,high,13.31 TFLOPs | Component
AMD,gpu,rx6000,Radeon RX,Radeon RX 6000 Series,desktop,,RX 6000 Series,Radeon RX 6700 XT,AMD Radeon RX 6700 XT,40,,,,2.32 GHz,2.58 GHz,,,96 MB,230W,,,,,,,GDDR6,,Up to 384 GB/s,12 GB,,,,,,,,2021-Q1,,,https://www.amd.com/en/products/specifications/graphics.html,1,high,13.21 TFLOPs | Component
AMD,gpu,rx6000,Radeon RX,Radeon RX 6000 Series,desktop,,RX 6000 Series,Radeon RX 6700,AMD Radeon RX 6700,36,,,,1.94 GHz,2.45 GHz,,,80 MB,175W,,,,,,,GDDR6,,Up to 320 GB/s,10 GB,,,,,,,,2021-Q2,,,https://www.amd.com/en/products/specifications/graphics.html,1,high,11.29 TFLOPs | Component
AMD,gpu,rx6000,Radeon RX,Radeon RX 6000 Series,desktop,,RX 6000 Series,Radeon RX 6650 XT,AMD Radeon RX 6650 XT,32,,,,2.06 GHz,2.63 GHz,,,32 MB,180W,,,,,,,GDDR6,,Up to 280 GB/s,8 GB,,,,,,,,2022-Q2,,,https://www.amd.com/en/products/specifications/graphics.html,1,high,10.79 TFLOPs | Desktop
AMD,gpu,rx6000,Radeon RX,Radeon RX 6000 Series,desktop,,RX 6000 Series,Radeon RX 6600 XT,AMD Radeon RX 6600 XT,32,,,,,2.59 GHz,,,32 MB,160W,,,,,,,GDDR6,,Up to 256 GB/s,8 GB,,,,,,,,2021-Q3,,,https://www.amd.com/en/products/specifications/graphics.html,1,high,10.6 TFLOPs | Component
AMD,gpu,rx6000,Radeon RX,Radeon RX 6000 Series,desktop,,RX 6000 Series,Radeon RX 6600,AMD Radeon RX 6600,28,,,,,2.49 GHz,,,32 MB,132W,,,,,,,GDDR6,,Up to 224 GB/s,8 GB,,,,,,,,2021-Q4,,,https://www.amd.com/en/products/specifications/graphics.html,1,high,8.93 TFLOPs | Component
AMD,gpu,rx6000,Radeon RX,Radeon RX 6000 Series,desktop,,RX 6000 Series,Radeon RX 6500 XT,AMD Radeon RX 6500 XT,16,,,,,2.81 GHz,,,16 MB,113W,,,,,,,GDDR6,,Up to 144 GB/s,8 GB,,,,,,,,2022-Q1,,,https://www.amd.com/en/products/specifications/graphics.html,1,high,5.77 TFLOPs | Desktop
AMD,gpu,rx6000,Radeon RX,Radeon RX 6000 Series,desktop,,RX 6000 Series,Radeon RX 6500 XT (4GB),AMD Radeon RX 6500 XT (4GB),16,,,,,2.81 GHz,,,16 MB,107W,,,,,,,GDDR6,,Up to 144 GB/s,4 GB,,,,,,,,2022-Q1,,,https://www.amd.com/en/products/specifications/graphics.html,1,high,5.77 TFLOPs | Desktop
AMD,gpu,rx6000,Radeon RX,Radeon RX 6000 Series,desktop,,RX 6000 Series,Radeon RX 6400,AMD Radeon RX 6400,12,,,,,2.32 GHz,,,16 MB,53W,,,,,,,GDDR6,,Up to 128 GB/s,4 GB,,,,,,,,2022-Q1,,,https://www.amd.com/en/products/specifications/graphics.html,1,high,3.57 TFLOPs | Desktop
AMD,gpu,rx6000,Radeon RX,Radeon RX 6000 Series,desktop,,RX 6000 Series,Radeon RX 6850M XT,AMD Radeon RX 6850M XT,40,,,,,,,,96 MB,,,,,,,,GDDR6,,Up to 432 GB/s,12 GB,,,,,,,,2022-Q1,,,https://www.amd.com/en/products/specifications/graphics.html,1,high,13.3 TFLOPs | Notebook
AMD,gpu,rx6000,Radeon RX,Radeon RX 6000 Series,desktop,,RX 6000 Series,Radeon RX 6800M,AMD Radeon RX 6800M,40,,,,,,,,96 MB,,,,,,,,GDDR6,,Up to 384 GB/s,12 GB,,,,,,,,2021-Q2,,,https://www.amd.com/en/products/specifications/graphics.html,1,high,11.78 TFLOPs | Notebook
AMD,gpu,rx6000,Radeon RX,Radeon RX 6000 Series,desktop,,RX 6000 Series,Radeon RX 6700M,AMD Radeon RX 6700M,36,,,,,,,,80 MB,,,,,,,,GDDR6,,Up to 320 GB/s,10 GB,,,,,,,,2021-Q2,,,https://www.amd.com/en/products/specifications/graphics.html,1,high,10.6 TFLOPs | Notebook
AMD,gpu,rx6000,Radeon RX,Radeon RX 6000 Series,desktop,,RX 6000 Series,Radeon RX 6650M XT,AMD Radeon RX 6650M XT,32,,,,,,,,32 MB,,,,,,,,GDDR6,,Up to 256 GB/s,8 GB,,,,,,,,2022-Q1,,,https://www.amd.com/en/products/specifications/graphics.html,1,high,9.97 TFLOPs | Notebook
AMD,gpu,rx6000,Radeon RX,Radeon RX 6000 Series,desktop,,RX 6000 Series,Radeon RX 6650M,AMD Radeon RX 6650M,28,,,,,,,,32 MB,,,,,,,,GDDR6,,Up to 256 GB/s,8 GB,,,,,,,,2022-Q1,,,https://www.amd.com/en/products/specifications/graphics.html,1,high,8.85 TFLOPs | Notebook
AMD,gpu,rx6000,Radeon RX,Radeon RX 6000 Series,desktop,,RX 6000 Series,Radeon RX 6600M,AMD Radeon RX 6600M,28,,,,,,,,32 MB,,,,,,,,GDDR6,,Up to 224 GB/s,8 GB,,,,,,,,2021-Q2,,,https://www.amd.com/en/products/specifications/graphics.html,1,high,8.77 TFLOPs | Notebook
AMD,gpu,rx6000,Radeon RX,Radeon RX 6000 Series,desktop,,RX 6000 Series,Radeon RX 6550M,AMD Radeon RX 6550M,16,,,,,,,,16 MB,,,,,,,,GDDR6,,Up to 144 GB/s,4 GB,,,,,,,,2023-Q1,,,https://www.amd.com/en/products/specifications/graphics.html,1,high,5.8 TFLOPs | Notebook
AMD,gpu,rx6000,Radeon RX,Radeon RX 6000 Series,desktop,,RX 6000 Series,Radeon RX 6500M,AMD Radeon RX 6500M,16,,,,,,,,16 MB,,,,,,,,GDDR6,,Up to 128 GB/s,4 GB,,,,,,,,2022-Q1,,,https://www.amd.com/en/products/specifications/graphics.html,1,high,4.98 TFLOPs | Notebook
AMD,gpu,rx6000,Radeon RX,Radeon RX 6000 Series,desktop,,RX 6000 Series,Radeon RX 6450M,AMD Radeon RX 6450M,12,,,,,,,,16 MB,,,,,,,,GDDR6,,Up to 128 GB/s,4 GB,,,,,,,,2023-Q1,,,https://www.amd.com/en/products/specifications/graphics.html,1,high,3.78 TFLOPs | Notebook
AMD,gpu,rx6000,Radeon RX,Radeon RX 6000 Series,desktop,,RX 6000 Series,Radeon RX 6300M,AMD Radeon RX 6300M,12,,,,,,,,8 MB,,,,,,,,GDDR6,,Up to 64 GB/s,2 GB,,,,,,,,2022-Q1,,,https://www.amd.com/en/products/specifications/graphics.html,1,high,3.13 TFLOPs | Notebook
AMD,gpu,rx6000,Radeon RX,Radeon RX 6000 Series,desktop,,RX 6000 Series,Radeon RX 6800S,AMD Radeon RX 6800S,32,,,,,,,,32 MB,,,,,,,,GDDR6,,Up to 256 GB/s,8 GB,,,,,,,,2022-Q1,,,https://www.amd.com/en/products/specifications/graphics.html,1,high,9.22 TFLOPs | Notebook
AMD,gpu,rx6000,Radeon RX,Radeon RX 6000 Series,desktop,,RX 6000 Series,Radeon RX 6700S,AMD Radeon RX 6700S,28,,,,,,,,32 MB,,,,,,,,GDDR6,,Up to 224 GB/s,8 GB,,,,,,,,2022-Q1,,,https://www.amd.com/en/products/specifications/graphics.html,1,high,7.92 TFLOPs | Notebook
AMD,gpu,rx6000,Radeon RX,Radeon RX 6000 Series,desktop,,RX 6000 Series,Radeon RX 6600S,AMD Radeon RX 6600S,28,,,,,,,,32 MB,,,,,,,,GDDR6,,Up to 224 GB/s,4 GB,,,,,,,,2022-Q1,,,https://www.amd.com/en/products/specifications/graphics.html,1,high,7.81 TFLOPs | Notebook
AMD,gpu,rx6000,Radeon RX,Radeon RX 6000 Series,desktop,,RX 6000 Series,Radeon RX 6550S,AMD Radeon RX 6550S,16,,,,,,,,16 MB,,,,,,,,GDDR6,,Up to 128 GB/s,4 GB,,,,,,,,2023-Q1,,,https://www.amd.com/en/products/specifications/graphics.html,1,high,4.9 TFLOPs | Notebook
AMD,gpu,rx5000,Radeon RX,Radeon RX 5000 Series,desktop,,RX 5000 Series,Radeon RX 5700 XT 50th Anniversary,AMD Radeon RX 5700 XT 50th Anniversary,40,,,,,1.98 GHz,,,,235W,,,,,,,GDDR6,,Up to 448 GB/s,8 GB,,,,,,,,2019-Q3,,,https://www.amd.com/en/products/specifications/graphics.html,1,high,10.14 TFLOPs | Component
AMD,gpu,rx5000,Radeon RX,Radeon RX 5000 Series,desktop,,RX 5000 Series,Radeon RX 5700 XT,AMD Radeon RX 5700 XT,40,,,,,1.91 GHz,,,,225W,,,,,,,GDDR6,,Up to 448 GB/s,8 GB,,,,,,,,2019-Q3,,,https://www.amd.com/en/products/specifications/graphics.html,1,high,9.75 TFLOPs | Component
AMD,gpu,rx5000,Radeon RX,Radeon RX 5000 Series,desktop,,RX 5000 Series,Radeon RX 5700,AMD Radeon RX 5700,36,,,,,1.73 GHz,,,,180W,,,,,,,GDDR6,,Up to 448 GB/s,8 GB,,,,,,,,2019-Q3,,,https://www.amd.com/en/products/specifications/graphics.html,1,high,7.95 TFLOPs | Component
AMD,gpu,rx5000,Radeon RX,Radeon RX 5000 Series,desktop,,RX 5000 Series,Radeon RX 5600 XT,AMD Radeon RX 5600 XT,36,,,,,1.56 GHz,,,,150W,,,,,,,GDDR6,,Up to 336 GB/s,6 GB,,,,,,,,,,,https://www.amd.com/en/products/specifications/graphics.html,1,high,7.19 TFLOPs | Component
AMD,gpu,rx5000,Radeon RX,Radeon RX 5000 Series,desktop,,RX 5000 Series,Radeon RX 5600,AMD Radeon RX 5600,32,,,,,1.56 GHz,,,,150W,,,,,,,GDDR6,,Up to 288 GB/s,6 GB,,,,,,,,,,,https://www.amd.com/en/products/specifications/graphics.html,1,high,6.39 TFLOPs | Component
AMD,gpu,rx5000,Radeon RX,Radeon RX 5000 Series,desktop,,RX 5000 Series,Radeon RX 5500 XT,AMD Radeon RX 5500 XT,22,,,,,1.84 GHz,,,,130W,,,,,,,GDDR6,,Up to 224 GB/s,8 GB,,,,,,,,2019-Q4,,,https://www.amd.com/en/products/specifications/graphics.html,1,high,5.2 TFLOPs | Component
AMD,gpu,rx5000,Radeon RX,Radeon RX 5000 Series,desktop,,RX 5000 Series,Radeon RX 5500,AMD Radeon RX 5500,22,,,,,1.84 GHz,,,,150W,,,,,,,GDDR6,,Up to 224 GB/s,4 GB,,,,,,,,2019-Q4,,,https://www.amd.com/en/products/specifications/graphics.html,1,high,5.2 TFLOPs | Desktop
AMD,gpu,rx5000,Radeon RX,Radeon RX 5000 Series,desktop,,RX 5000 Series,Radeon RX 5300,AMD Radeon RX 5300,22,,,,,1.65 GHz,,,,100W,,,,,,,GDDR6,,Up to 168 GB/s,3 GB,,,,,,,,,,,https://www.amd.com/en/products/specifications/graphics.html,1,high,4.63 TFLOPs | Desktop
AMD,gpu,rx5000,Radeon RX,Radeon RX 5000 Series,desktop,,RX 5000 Series,Radeon RX 5700M,AMD Radeon RX 5700M,36,,,,,1.72 GHz,,,,,,,,,,,GDDR6,,Up to 384 GB/s,8 GB,,,,,,,,,,,https://www.amd.com/en/products/specifications/graphics.html,1,high,7.93 TFLOPs | Notebook
AMD,gpu,rx5000,Radeon RX,Radeon RX 5000 Series,desktop,,RX 5000 Series,Radeon RX 5600M,AMD Radeon RX 5600M,36,,,,,1.26 GHz,,,,,,,,,,,GDDR6,,Up to 288 GB/s,6 GB,,,,,,,,,,,https://www.amd.com/en/products/specifications/graphics.html,1,high,5.83 TFLOPs | Notebook
AMD,gpu,rx5000,Radeon RX,Radeon RX 5000 Series,desktop,,RX 5000 Series,Radeon RX 5500M,AMD Radeon RX 5500M,22,,,,,1.65 GHz,,,,,,,,,,,GDDR6,,Up to 224 GB/s,4 GB,,,,,,,,2019-Q4,,,https://www.amd.com/en/products/specifications/graphics.html,1,high,4.63 TFLOPs | Notebook
AMD,gpu,rx5000,Radeon RX,Radeon RX 5000 Series,desktop,,RX 5000 Series,Radeon RX 5300M,AMD Radeon RX 5300M,22,,,,,1.45 GHz,,,,,,,,,,,GDDR6,,Up to 168 GB/s,3 GB,,,,,,,,2019-Q4,,,https://www.amd.com/en/products/specifications/graphics.html,1,high,4.07 TFLOPs | Notebook
AMD,gpu,wvii,Radeon RX,Radeon RX Vega Series,desktop,,PRO VII Series,Radeon VII,AMD Radeon VII,60,,,,1.40 GHz,1.75 GHz,,,,300W,,,,,,,HBM2,,Up to 1024 GB/s,16 GB,,,,,,,,2019,,,https://www.amd.com/en/products/specifications/graphics.html,1,high,"13.8 TFLOPs | Desktop , Component"
AMD,gpu,rxvega,Radeon RX,Radeon RX Vega Series,desktop,,RX Vega Series,Radeon RX Vega 64 Liquid Cooled,Radeon RX Vega 64 Liquid Cooled,64,,,,1.41 GHz,1.68 GHz,,,,345W,,,,,,,HBM2,,Up to 484 GB/s,8 GB,,,,,,,,2017,,,https://www.amd.com/en/products/specifications/graphics.html,1,high,"13.7 TFLOPs | Desktop , Component"
AMD,gpu,rxvega,Radeon RX,Radeon RX Vega Series,desktop,,RX Vega Series,Radeon RX Vega 64,Radeon RX Vega 64,64,,,,1.25 GHz,1.55 GHz,,,,295W,,,,,,,HBM2,,Up to 484 GB/s,8 GB,,,,,,,,2017,,,https://www.amd.com/en/products/specifications/graphics.html,1,high,"12.6 TFLOPs | Desktop , Component"
AMD,gpu,rxvega,Radeon RX,Radeon RX Vega Series,desktop,,RX Vega Series,Radeon RX Vega 56,Radeon RX Vega 56,56,,,,1.16 GHz,1.47 GHz,,,,210W,,,,,,,HBM2,,Up to 410 GB/s,8 GB,,,,,,,,2017,,,https://www.amd.com/en/products/specifications/graphics.html,1,high,"10.5 TFLOPs | Desktop , Component"
AMD,gpu,radeon600,Radeon 600|500|400,Radeon 600 Series,desktop,,600 Series,Radeon RX 640,Radeon RX 640,8,,,,,1.29 GHz,,,,,,,,,,,GDDR5,,Up to 56 GB/s,4 GB,,,,,,,,2019,,,https://www.amd.com/en/products/specifications/graphics.html,1,high,"Desktop , Notebook"
AMD,gpu,radeon600,Radeon 600|500|400,Radeon 600 Series,desktop,,600 Series,Radeon 630,Radeon 630,8,,,,,1.22 GHz,,,,,,,,,,,GDDR5,,Up to 48 GB/s,4 GB,,,,,,,,2019,,,https://www.amd.com/en/products/specifications/graphics.html,1,high,"Desktop , Notebook"
AMD,gpu,radeon600,Radeon 600|500|400,Radeon 600 Series,desktop,,600 Series,Radeon 625,Radeon 625,6,,,,,1.02 GHz,,,,,,,,,,,GDDR5,,Up to 48 GB/s,4 GB,,,,,,,,2019,,,https://www.amd.com/en/products/specifications/graphics.html,1,high,Notebook
AMD,gpu,radeon600,Radeon 600|500|400,Radeon 600 Series,desktop,,600 Series,Radeon 620,Radeon 620,6,,,,,1.02 GHz,,,,,,,,,,,DDR3 / GDDR5,,Up to 48 GB/s,4 GB,,,,,,,,2019,,,https://www.amd.com/en/products/specifications/graphics.html,1,high,Notebook
AMD,gpu,radeon600,Radeon 600|500|400,Radeon 600 Series,desktop,,600 Series,Radeon 610,Radeon 610,5,,,,,1.03 GHz,,,,,,,,,,,GDDR5,,Up to 48 GB/s,4 GB,,,,,,,,2019,,,https://www.amd.com/en/products/specifications/graphics.html,1,high,Notebook
AMD,gpu,rx500x,Radeon 600|500|400,Radeon RX 500X Series,desktop,,RX 500X Series,Radeon RX 580X,Radeon RX 580X,36,,,,1.26 GHz,1.34 GHz,,,,,,,,,,,GDDR5,,Up to 256 GB/s,8 GB,,,,,,,,2018-Q2,,,https://www.amd.com/en/products/specifications/graphics.html,1,high,"Desktop , Notebook"
AMD,gpu,rx500x,Radeon 600|500|400,Radeon RX 500X Series,desktop,,RX 500X Series,Radeon RX 570X,Radeon RX 570X,32,,,,1.17 GHz,1.24 GHz,,,,,,,,,,,GDDR5,,Up to 224 GB/s,8 GB,,,,,,,,2018-Q2,,,https://www.amd.com/en/products/specifications/graphics.html,1,high,"Desktop , Notebook"
AMD,gpu,rx500x,Radeon 600|500|400,Radeon RX 500X Series,desktop,,RX 500X Series,Radeon RX 560X,Radeon RX 560X,14,,,,1.18 GHz,1.27 GHz,,,,,,,,,,,GDDR5,,Up to 112 GB/s,4 GB,,,,,,,,2018-Q2,,,https://www.amd.com/en/products/specifications/graphics.html,1,high,"Desktop , Notebook"
AMD,gpu,rx500x,Radeon 600|500|400,Radeon RX 500X Series,desktop,,RX 500X Series,Radeon RX 550X,Radeon RX 550X,8,,,,,1.29 GHz,,,,,,,,,,,GDDR5,,Up to 112 GB/s,4 GB,,,,,,,,2018-Q2,,,https://www.amd.com/en/products/specifications/graphics.html,1,high,"Desktop , Notebook"
AMD,gpu,rx500x,Radeon 600|500|400,Radeon RX 500X Series,desktop,,RX 500X Series,Radeon RX 540X,Radeon RX 540X,8,,,,,1.22 GHz,,,,,,,,,,,GDDR5,,Up to 96 GB/s,4 GB,,,,,,,,2018-Q2,,,https://www.amd.com/en/products/specifications/graphics.html,1,high,"Desktop , Notebook"
AMD,gpu,rx500,Radeon 600|500|400,Radeon RX 500 Series,desktop,,RX 500 Series,Radeon RX 590,Radeon RX 590,36,,,,1.47 GHz,1.54 GHz,,,,,,,,,,,GDDR5,,Up to 256 GB/s,8 GB,,,,,,,,2018-Q4,,,https://www.amd.com/en/products/specifications/graphics.html,1,high,Component
AMD,gpu,rx500,Radeon 600|500|400,Radeon RX 500 Series,desktop,,RX 500 Series,Radeon RX 580,Radeon RX 580,36,,,,1.26 GHz,1.34 GHz,,,,185W,,,,,,,GDDR5,,Up to 256 GB/s,8 GB,,,,,,,,2017-Q2,,,https://www.amd.com/en/products/specifications/graphics.html,1,high,Component
AMD,gpu,rx500,Radeon 600|500|400,Radeon RX 500 Series,desktop,,RX 500 Series,Radeon RX 580 (OEM),Radeon RX 580 (OEM),36,,,,1.12 GHz,1.27 GHz,,,,185W,,,,,,,GDDR5,,Up to 256 GB/s,8 GB,,,,,,,,2018-Q2,,,https://www.amd.com/en/products/specifications/graphics.html,1,high,"Desktop , Notebook"
AMD,gpu,rx500,Radeon 600|500|400,Radeon RX 500 Series,desktop,,RX 500 Series,Radeon RX 570 (OEM),Radeon RX 570 (OEM),,,,,0.93 GHz,1.21 GHz,,,,150W,,,,,,,GDDR5,,Up to 224 GB/s,8 GB,,,,,,,,2017-Q2,,,https://www.amd.com/en/products/specifications/graphics.html,1,high,"Desktop , Notebook"
AMD,gpu,rx500,Radeon 600|500|400,Radeon RX 500 Series,desktop,,RX 500 Series,Radeon RX 570,Radeon RX 570,32,,,,1.17 GHz,1.24 GHz,,,,150W,,,,,,,GDDR5,,Up to 224 GB/s,8 GB,,,,,,,,2017-Q2,,,https://www.amd.com/en/products/specifications/graphics.html,1,high,Component
AMD,gpu,rx500,Radeon 600|500|400,Radeon RX 500 Series,desktop,,RX 500 Series,Radeon RX 560,Radeon RX 560,14,,,,1.18 GHz,1.27 GHz,,,,80W,,,,,,,GDDR5,,Up to 112 GB/s,4 GB,,,,,,,,2017-Q2,,,https://www.amd.com/en/products/specifications/graphics.html,1,high,Component
AMD,gpu,rx500,Radeon 600|500|400,Radeon RX 500 Series,desktop,,RX 500 Series,Radeon RX 560 (OEM),Radeon RX 560 (OEM),14,,,,1.09 GHz,1.20 GHz,,,,80W,,,,,,,GDDR5,,Up to 112 GB/s,4 GB,,,,,,,,2017-Q2,,,https://www.amd.com/en/products/specifications/graphics.html,1,high,"Desktop , Notebook"
AMD,gpu,rx500,Radeon 600|500|400,Radeon RX 500 Series,desktop,,RX 500 Series,Radeon RX 550,Radeon RX 550,,,,,,1.18 GHz,,,,50W,,,,,,,GDDR5,,Up to 112 GB/s,4 GB,,,,,,,,2017-Q2,,,https://www.amd.com/en/products/specifications/graphics.html,1,high,Component
AMD,gpu,radeon500,Radeon 600|500|400,Radeon RX 500 Series,desktop,,500 Series,Radeon RX 540,Radeon RX 540,8,,,,,1.22 GHz,,,,,,,,,,,GDDR5,,Up to 96 GB/s,4 GB,,,,,,,,2017-Q2,,,https://www.amd.com/en/products/specifications/graphics.html,1,high,Notebook
AMD,gpu,rx500x,Radeon 600|500|400,Radeon RX 500X Series,desktop,,RX 500X Series,Radeon 550X,Radeon 550X,8,,,,,1.29 GHz,,,,,,,,,,,GDDR5,,Up to 56 GB/s,4 GB,,,,,,,,2018-Q2,,,https://www.amd.com/en/products/specifications/graphics.html,1,high,"Desktop , Notebook"
AMD,gpu,rx500x,Radeon 600|500|400,Radeon RX 500X Series,desktop,,RX 500X Series,Radeon 540X,Radeon 540X,8,,,,,1.22 GHz,,,,,,,,,,,GDDR5,,Up to 48 GB/s,4 GB,,,,,,,,2018-Q2,,,https://www.amd.com/en/products/specifications/graphics.html,1,high,"Desktop , Notebook"
AMD,gpu,radeon500,Radeon 600|500|400,Radeon RX 500 Series,desktop,,500 Series,Radeon 540,Radeon 540,8,,,,,1.12 GHz,,,,,,,,,,,GDDR5,,Up to 48 GB/s,4 GB,,,,,,,,,,,https://www.amd.com/en/products/specifications/graphics.html,1,high,Notebook
AMD,gpu,radeon500,Radeon 600|500|400,Radeon 500 Series,desktop,,500 Series,Radeon 535,Radeon 535,6,,,,,1.02 GHz,,,,,,,,,,,GDDR5,,Up to 48 GB/s,4 GB,,,,,,,,,,,https://www.amd.com/en/products/specifications/graphics.html,1,high,Desktop
AMD,gpu,radeon500,Radeon 600|500|400,Radeon 500 Series,desktop,,500 Series,Radeon 530,Radeon 530,6,,,,,1.02 GHz,,,,,,,,,,,DDR3 / GDDR5,,Up to 48 GB/s,4 GB,,,,,,,,2017-Q2,,,https://www.amd.com/en/products/specifications/graphics.html,1,high,"Desktop , Notebook"
AMD,gpu,radeon500,Radeon 600|500|400,Radeon 500 Series,desktop,,500 Series,Radeon 520,Radeon 520,5,,,,,1.03 GHz,,,,,,,,,,,GDDR5,,Up to 48 GB/s,4 GB,,,,,,,,2017-Q2,,,https://www.amd.com/en/products/specifications/graphics.html,1,high,"Desktop , Notebook"
AMD,gpu,rx400,Radeon 600|500|400,Radeon RX 400 Series,desktop,,RX 400 Series,Radeon RX 480,AMD Radeon RX 480,36,,,,1.12 GHz,1.27 GHz,,,,150W,,,,,,,GDDR5,,Up to 224 GB/s,4 GB,,,,,,,,,,,https://www.amd.com/en/products/specifications/graphics.html,1,high,Component
AMD,gpu,rx400,Radeon 600|500|400,Radeon RX 400 Series,desktop,,RX 400 Series,Radeon RX 470,Radeon RX 470,32,,,,0.93 GHz,1.21 GHz,,,,120W,,,,,,,GDDR5,,Up to 211 GB/s,4 GB,,,,,,,,,,,https://www.amd.com/en/products/specifications/graphics.html,1,high,Component
AMD,gpu,rx400,Radeon 600|500|400,Radeon RX 400 Series,desktop,,RX 400 Series,Radeon RX 460,Radeon RX 460,14,,,,1.09 GHz,1.20 GHz,,,,70W,,,,,,,GDDR5,,Up to 112 GB/s,2 GB,,,,,,,,,,,https://www.amd.com/en/products/specifications/graphics.html,1,high,Component
AMD,gpu,radeonr9fury,Radeon R9|R7|R5,Radeon R9 Fury Series,desktop,,R9 Fury Series,Radeon R9 Fury X,AMD Radeon R9 Fury X,64,,,,,1.05 GHz,,,,275W,,,,,,,High Bandwidth Memory (HBM),,Up to 512 GB/s,4 GB,,,,,,,,,,,https://www.amd.com/en/products/specifications/graphics.html,1,high,Component
AMD,gpu,radeonr9fury,Radeon R9|R7|R5,Radeon R9 Fury Series,desktop,,R9 Fury Series,Radeon R9 Fury,AMD Radeon R9 Fury,56,,,,,1.00 GHz,,,,275W,,,,,,,High Bandwidth Memory (HBM),,Up to 512 GB/s,4 GB,,,,,,,,,,,https://www.amd.com/en/products/specifications/graphics.html,1,high,Component
AMD,gpu,radeonr9fury,Radeon R9|R7|R5,Radeon R9 Fury Series,desktop,,R9 Fury Series,Radeon R9 Nano,AMD Radeon R9 Nano,64,,,,,1.00 GHz,,,,175W,,,,,,,High Bandwidth Memory (HBM),,Up to 512 GB/s,4 GB,,,,,,,,,,,https://www.amd.com/en/products/specifications/graphics.html,1,high,Component
AMD,gpu,radeonr9300,Radeon R9|R7|R5,Radeon R9 300 Series,desktop,,R9 300 Series,Radeon R9 390X,AMD Radeon R9 390X,44,,,,,1.05 GHz,,,,,,,,,,,GDDR5,,Up to 384 GB/s,8 GB,,,,,,,,,,,https://www.amd.com/en/products/specifications/graphics.html,1,high,Component
AMD,gpu,radeonr9300,Radeon R9|R7|R5,Radeon R9 300 Series,desktop,,R9 300 Series,Radeon R9 390,AMD Radeon R9 390,40,,,,,1.00 GHz,,,,,,,,,,,GDDR5,,Up to 384 GB/s,8 GB,,,,,,,,,,,https://www.amd.com/en/products/specifications/graphics.html,1,high,Component
AMD,gpu,radeonr9300,Radeon R9|R7|R5,Radeon R9 300 Series,desktop,,R9 300 Series,Radeon R9 380X,AMD Radeon R9 380X,32,,,,,0.97 GHz,,,,,,,,,,,GDDR5,,Up to 182 GB/s,4 GB,,,,,,,,,,,https://www.amd.com/en/products/specifications/graphics.html,1,high,Component
AMD,gpu,radeonr9300,Radeon R9|R7|R5,Radeon R9 300 Series,desktop,,R9 300 Series,Radeon R9 380,AMD Radeon R9 380,28,,,,,0.97 GHz,,,,,,,,,,,GDDR5,,Up to 182 GB/s,4 GB,,,,,,,,,,,https://www.amd.com/en/products/specifications/graphics.html,1,high,Component
AMD,gpu,radeonr9300,Radeon R9|R7|R5,Radeon R9 300 Series,desktop,,R9 300 Series,Radeon R9 M395X,AMD Radeon R9 M395X,,,,,,,,,,,,,,,,,GDDR5,,,4 GB,,,,,,,,,,,https://www.amd.com/en/products/specifications/graphics.html,1,high,Component
AMD,gpu,radeonr9300,Radeon R9|R7|R5,Radeon R9 300 Series,desktop,,R9 300 Series,Radeon R9 M395,AMD Radeon R9 M395,,,,,,,,,,,,,,,,,GDDR5,,,4 GB,,,,,,,,,,,https://www.amd.com/en/products/specifications/graphics.html,1,high,Component
AMD,gpu,radeonr9300,Radeon R9|R7|R5,Radeon R9 300 Series,desktop,,R9 300 Series,Radeon R9 M390X,AMD Radeon R9 M390X,,,,,,,,,,,,,,,,,GDDR5,,,4 GB,,,,,,,,,,,https://www.amd.com/en/products/specifications/graphics.html,1,high,Component
AMD,gpu,radeonr9300,Radeon R9|R7|R5,Radeon R9 300 Series,desktop,,R9 300 Series,Radeon R9 M390,AMD Radeon R9 M390,,,,,,,,,,,,,,,,,GDDR5,,,4 GB,,,,,,,,,,,https://www.amd.com/en/products/specifications/graphics.html,1,high,Component
AMD,gpu,radeonr9300,Radeon R9|R7|R5,Radeon R9 300 Series,desktop,,R9 300 Series,Radeon R9 M385X,AMD Radeon R9 M385X,,,,,,1.10 GHz,,,,,,,,,,,GDDR5,,,4 GB,,,,,,,,,,,https://www.amd.com/en/products/specifications/graphics.html,1,high,Component
AMD,gpu,radeonr9300,Radeon R9|R7|R5,Radeon R9 300 Series,desktop,,R9 300 Series,Radeon R9 M385,AMD Radeon R9 M385,,,,,,1.10 GHz,,,,,,,,,,,GDDR5,,,4 GB,,,,,,,,,,,https://www.amd.com/en/products/specifications/graphics.html,1,high,Component
AMD,gpu,radeonr9300,Radeon R9|R7|R5,Radeon R9 300 Series,desktop,,R9 300 Series,Radeon R9 M380,AMD Radeon R9 M380,,,,,,1.00 GHz,,,,,,,,,,,GDDR5,,,4 GB,,,,,,,,,,,https://www.amd.com/en/products/specifications/graphics.html,1,high,Component
AMD,gpu,radeonr9300,Radeon R9|R7|R5,Radeon R9 300 Series,desktop,,R9 300 Series,Radeon R9 M375X,AMD Radeon R9 M375X,10,,,,,1.01 GHz,,,,,,,,,,,GDDR5,,,4 GB,,,,,,,,,,,https://www.amd.com/en/products/specifications/graphics.html,1,high,Component
AMD,gpu,radeonr9300,Radeon R9|R7|R5,Radeon R9 300 Series,desktop,,R9 300 Series,Radeon R9 M375,AMD Radeon R9 M375,10,,,,,1.01 GHz,,,,,,,,,,,DDR3,,,4 GB,,,,,,,,,,,https://www.amd.com/en/products/specifications/graphics.html,1,high,Component
AMD,gpu,radeonr9300,Radeon R9|R7|R5,Radeon R9 300 Series,desktop,,R9 300 Series,Radeon R9 M365X,AMD Radeon R9 M365X,10,,,,,0.93 GHz,,,,,,,,,,,GDDR5,,,4 GB,,,,,,,,,,,https://www.amd.com/en/products/specifications/graphics.html,1,high,Component
AMD,gpu,radeonr9300,Radeon R9|R7|R5,Radeon R9 300 Series,desktop,,R9 300 Series,Radeon R9 M360,AMD Radeon R9 M360,8,,,,,0.93 GHz,,,,,,,,,,,GDDR5,,,4 GB,,,,,,,,,,,https://www.amd.com/en/products/specifications/graphics.html,1,high,Component
AMD,gpu,radeonr7300,Radeon R9|R7|R5,Radeon R7 300 Series,desktop,,R7 300 Series,Radeon R7 370,AMD Radeon R7 370,,,,,,0.97 GHz,,,,,,,,,,,GDDR5,,Up to 179 GB/s,4 GB,,,,,,,,,,,https://www.amd.com/en/products/specifications/graphics.html,1,high,Component
AMD,gpu,radeonr7300,Radeon R9|R7|R5,Radeon R7 300 Series,desktop,,R7 300 Series,Radeon R7 360,AMD Radeon R7 360,,,,,,1.00 GHz,,,,,,,,,,,GDDR5,,Up to 112 GB/s,2 GB,,,,,,,,,,,https://www.amd.com/en/products/specifications/graphics.html,1,high,Component
AMD,gpu,radeonr7300,Radeon R9|R7|R5,Radeon R7 300 Series,desktop,,R7 300 Series,Radeon R7 M380,AMD Radeon R7 M380,10,,,,,0.92 GHz,,,,,,,,,,,DDR3,,,4 GB,,,,,,,,,,,https://www.amd.com/en/products/specifications/graphics.html,1,high,Component
AMD,gpu,radeonr7300,Radeon R9|R7|R5,Radeon R7 300 Series,desktop,,R7 300 Series,Radeon R7 M375,AMD Radeon R7 M375,8,,,,,0.92 GHz,,,,,,,,,,,DDR3,,,4 GB,,,,,,,,,,,https://www.amd.com/en/products/specifications/graphics.html,1,high,Component
AMD,gpu,radeonr7300,Radeon R9|R7|R5,Radeon R7 300 Series,desktop,,R7 300 Series,Radeon R7 M370,AMD Radeon R7 M370,,,,,,0.96 GHz,,,,,,,,,,,GDDR5,,,4 GB,,,,,,,,,,,https://www.amd.com/en/products/specifications/graphics.html,1,high,Component
AMD,gpu,radeonr7300,Radeon R9|R7|R5,Radeon R7 300 Series,desktop,,R7 300 Series,Radeon R7 M365X,AMD Radeon R7 M365X,6,,,,,0.82 GHz,,,,,,,,,,,GDDR5,,,4 GB,,,,,,,,,,,https://www.amd.com/en/products/specifications/graphics.html,1,high,Component
AMD,gpu,radeonr7300,Radeon R9|R7|R5,Radeon R7 300 Series,desktop,,R7 300 Series,Radeon R7 M365,AMD Radeon R7 M365,,,,,,0.96 GHz,,,,,,,,,,,DDR3,,,4 GB,,,,,,,,,,,https://www.amd.com/en/products/specifications/graphics.html,1,high,Component
AMD,gpu,radeonr7300,Radeon R9|R7|R5,Radeon R7 300 Series,desktop,,R7 300 Series,Radeon R7 M360,AMD Radeon R7 M360,6,,,,,1.12 GHz,,,,,,,,,,,DDR3,,,4 GB,,,,,,,,,,,https://www.amd.com/en/products/specifications/graphics.html,1,high,Component
AMD,gpu,radeonr7300,Radeon R9|R7|R5,Radeon R7 300 Series,desktop,,R7 300 Series,Radeon R7 M350,AMD Radeon R7 M350,6,,,,,0.82 GHz,,,,,,,,,,,DDR3,,,4 GB,,,,,,,,,,,https://www.amd.com/en/products/specifications/graphics.html,1,high,Component
AMD,gpu,radeonr7300,Radeon R9|R7|R5,Radeon R7 300 Series,desktop,,R7 300 Series,Radeon R7 M340,AMD Radeon R7 M340,6,,,,,1.02 GHz,,,,,,,,,,,DDR3,,,4 GB,,,,,,,,,,,https://www.amd.com/en/products/specifications/graphics.html,1,high,Component
AMD,gpu,radeonr5300,Radeon R9|R7|R5,Radeon R5 300 Series,desktop,,R5 300 Series,Radeon R5 M335X,AMD Radeon R5 M335X,5,,,,,1.07 GHz,,,,,,,,,,,DDR3,,Up to 32 GB/s,4 GB,,,,,,,,,,,https://www.amd.com/en/products/specifications/graphics.html,1,high,Component
AMD,gpu,radeonr5300,Radeon R9|R7|R5,Radeon R5 300 Series,desktop,,R5 300 Series,Radeon R5 M335,AMD Radeon R5 M335,5,,,,,1.07 GHz,,,,,,,,,,,DDR3,,,4 GB,,,,,,,,,,,https://www.amd.com/en/products/specifications/graphics.html,1,high,Component
AMD,gpu,radeonr5300,Radeon R9|R7|R5,Radeon R5 300 Series,desktop,,R5 300 Series,Radeon R5 M330,AMD Radeon R5 M330,5,,,,,1.03 GHz,,,,,,,,,,,DDR3,,,4 GB,,,,,,,,,,,https://www.amd.com/en/products/specifications/graphics.html,1,high,Component
AMD,gpu,radeonr5300,Radeon R9|R7|R5,Radeon R5 300 Series,desktop,,R5 300 Series,Radeon R5 M320,AMD Radeon R5 M320,5,,,,,0.85 GHz,,,,,,,,,,,DDR3,,,4 GB,,,,,,,,,,,https://www.amd.com/en/products/specifications/graphics.html,1,high,Component
AMD,gpu,radeonr5300,Radeon R9|R7|R5,Radeon R5 300 Series,desktop,,R5 300 Series,Radeon R5 M315,AMD Radeon R5 M315,5,,,,,,,,,,,,,,,,DDR3,,,4 GB,,,,,,,,,,,https://www.amd.com/en/products/specifications/graphics.html,1,high,Component
AMD,gpu,radeonr9200,Radeon R9|R7|R5,Radeon R9 200 Series,desktop,,R9 200 Series,Radeon R9 295X2,AMD Radeon R9 295X2,,,,,,1.02 GHz,,,,500W,,,,,,,,,Up to 640 GB/s,8 GB,,,,,,,,,,,https://www.amd.com/en/products/specifications/graphics.html,1,high,Component
AMD,gpu,radeonr9200,Radeon R9|R7|R5,Radeon R9 200 Series,desktop,,R9 200 Series,Radeon R9 290X,AMD Radeon R9 290X,,,,,,0.95 GHz,,,,250W,,,,,,,,,Up to 320 GB/s,4 GB,,,,,,,,,,,https://www.amd.com/en/products/specifications/graphics.html,1,high,Component
AMD,gpu,radeonr9200,Radeon R9|R7|R5,Radeon R9 200 Series,desktop,,R9 200 Series,Radeon R9 290,AMD Radeon R9 290,,,,,,,,,,,,,,,,,,,,,,,,,,,,,,,https://www.amd.com/en/products/specifications/graphics.html,1,high,Component
AMD,gpu,radeonr9200,Radeon R9|R7|R5,Radeon R9 200 Series,desktop,,R9 200 Series,Radeon R9 285,AMD Radeon R9 285,,,,,,,,,,,,,,,,,,,,,,,,,,,,,,,https://www.amd.com/en/products/specifications/graphics.html,1,high,Component
AMD,gpu,radeonr9200,Radeon R9|R7|R5,Radeon R9 200 Series,desktop,,R9 200 Series,Radeon R9 280X,AMD Radeon R9 280X,,,,,,1.00 GHz,,,,250W,,,,,,,,,Up to 288 GB/s,3 GB,,,,,,,,,,,https://www.amd.com/en/products/specifications/graphics.html,1,high,Component
AMD,gpu,radeonr9200,Radeon R9|R7|R5,Radeon R9 200 Series,desktop,,R9 200 Series,Radeon R9 280,AMD Radeon R9 280,,,,,,0.93 GHz,,,,,,,,,,,,,Up to 240 GB/s,3 GB,,,,,,,,,,,https://www.amd.com/en/products/specifications/graphics.html,1,high,Component
AMD,gpu,radeonr9200,Radeon R9|R7|R5,Radeon R9 200 Series,desktop,,R9 200 Series,Radeon R9 270X,AMD Radeon R9 270X,,,,,,1.05 GHz,,,,180W,,,,,,,,,Up to 179 GB/s,2 GB,,,,,,,,,,,https://www.amd.com/en/products/specifications/graphics.html,1,high,Component
AMD,gpu,radeonr9200,Radeon R9|R7|R5,Radeon R9 200 Series,desktop,,R9 200 Series,Radeon R9 270,AMD Radeon R9 270,,,,,,0.93 GHz,,,,150W,,,,,,,,,Up to 179 GB/s,2 GB,,,,,,,,,,,https://www.amd.com/en/products/specifications/graphics.html,1,high,Component
AMD,gpu,radeonr9200,Radeon R9|R7|R5,Radeon R9 200 Series,desktop,,R9 200 Series,Radeon R9 M295X,AMD Radeon R9 M295X,,,,,,,,,,,,,,,,,,,,,,,,,,,,,,,https://www.amd.com/en/products/specifications/graphics.html,1,high,Component
AMD,gpu,radeonr9200,Radeon R9|R7|R5,Radeon R9 200 Series,desktop,,R9 200 Series,Radeon R9 M290X,AMD Radeon R9 M290X,20,,,,,0.90 GHz,,,,,,,,,,,GDDR5,,Up to 154 GB/s,4 GB,,,,,,,,,,,https://www.amd.com/en/products/specifications/graphics.html,1,high,Component
AMD,gpu,radeonr9200,Radeon R9|R7|R5,Radeon R9 200 Series,desktop,,R9 200 Series,Radeon R9 M285X,AMD Radeon R9 M285X,,,,,,,,,,,,,,,,,,,,,,,,,,,,,,,https://www.amd.com/en/products/specifications/graphics.html,1,high,Component
AMD,gpu,radeonr9200,Radeon R9|R7|R5,Radeon R9 200 Series,desktop,,R9 200 Series,Radeon R9 M280X,AMD Radeon R9 M280X,,,,,,,,,,,,,,,,,,,,,,,,,,,,,,,https://www.amd.com/en/products/specifications/graphics.html,1,high,Component
AMD,gpu,radeonr9200,Radeon R9|R7|R5,Radeon R9 200 Series,desktop,,R9 200 Series,Radeon R9 M280,AMD Radeon R9 M280,14,,,,,1.10 GHz,,,,,,,,,,,GDDR5,,Up to 96 GB/s,4 GB,,,,,,,,,,,https://www.amd.com/en/products/specifications/graphics.html,1,high,Component
AMD,gpu,radeonr9200,Radeon R9|R7|R5,Radeon R9 200 Series,desktop,,R9 200 Series,Radeon R9 M275X,AMD Radeon R9 M275X,10,,,,,0.93 GHz,,,,,,,,,,,GDDR5,,Up to 72 GB/s,4 GB,,,,,,,,,,,https://www.amd.com/en/products/specifications/graphics.html,1,high,Component
AMD,gpu,radeonr9200,Radeon R9|R7|R5,Radeon R9 200 Series,desktop,,R9 200 Series,Radeon R9 M270X,AMD Radeon R9 M270X,10,,,,,0.78 GHz,,,,,,,,,,,GDDR5,,Up to 72 GB/s,4 GB,,,,,,,,,,,https://www.amd.com/en/products/specifications/graphics.html,1,high,Component
AMD,gpu,radeonr9200,Radeon R9|R7|R5,Radeon R9 200 Series,desktop,,R9 200 Series,Radeon R9 M265X,AMD Radeon R9 M265X,10,,,,,0.62 GHz,,,,,,,,,,,GDDR5,,Up to 72 GB/s,4 GB,,,,,,,,,,,https://www.amd.com/en/products/specifications/graphics.html,1,high,Component
AMD,gpu,radeonr7200,Radeon R9|R7|R5,Radeon R7 200 Series,desktop,,R7 200 Series,Radeon R7 265,AMD Radeon R7 265,,,,,,0.93 GHz,,,,,,,,,,,,,Up to 179 GB/s,4 GB,,,,,,,,,,,https://www.amd.com/en/products/specifications/graphics.html,1,high,Component
AMD,gpu,radeonr7200,Radeon R9|R7|R5,Radeon R7 200 Series,desktop,,R7 200 Series,Radeon R7 260X,AMD Radeon R7 260X,,,,,,1.00 GHz,,,,,,,,,,,,,Up to 104 GB/s,4 GB,,,,,,,,,,,https://www.amd.com/en/products/specifications/graphics.html,1,high,Component
AMD,gpu,radeonr7200,Radeon R9|R7|R5,Radeon R7 200 Series,desktop,,R7 200 Series,Radeon R7 260,AMD Radeon R7 260,,,,,,1.10 GHz,,,,115W,,,,,,,,,Up to 104 GB/s,2 GB,,,,,,,,,,,https://www.amd.com/en/products/specifications/graphics.html,1,high,Component
AMD,gpu,radeonr7200,Radeon R9|R7|R5,Radeon R7 200 Series,desktop,,R7 200 Series,Radeon R7 250X,AMD Radeon R7 250X,,,,,,1.00 GHz,,,,,,,,,,,,,Up to 96 GB/s,2 GB,,,,,,,,,,,https://www.amd.com/en/products/specifications/graphics.html,1,high,Component
AMD,gpu,radeonr7200,Radeon R9|R7|R5,Radeon R7 200 Series,desktop,,R7 200 Series,Radeon R7 250,AMD Radeon R7 250,,,,,,1.05 GHz,,,,75W,,,,,,,,,Up to 72 GB/s,2 GB,,,,,,,,,,,https://www.amd.com/en/products/specifications/graphics.html,1,high,Component
AMD,gpu,radeonr7200,Radeon R9|R7|R5,Radeon R7 200 Series,desktop,,R7 200 Series,Radeon R7 240,AMD Radeon R7 240,,,,,,0.78 GHz,,,,50W,,,,,,,,,Up to 72 GB/s,2 GB,,,,,,,,,,,https://www.amd.com/en/products/specifications/graphics.html,1,high,Component
AMD,gpu,radeonr7200,Radeon R9|R7|R5,Radeon R7 200 Series,desktop,,R7 200 Series,Radeon R7 M270,AMD Radeon R7 M270,,,,,,,,,,,,,,,,,,,,,,,,,,,,,,,https://www.amd.com/en/products/specifications/graphics.html,1,high,Component
AMD,gpu,radeonr7200,Radeon R9|R7|R5,Radeon R7 200 Series,desktop,,R7 200 Series,Radeon R7 M265X,AMD Radeon R7 M265X,,,,,,,,,,,,,,,,,,,,,,,,,,,,,,,https://www.amd.com/en/products/specifications/graphics.html,1,high,Component
AMD,gpu,radeonr7200,Radeon R9|R7|R5,Radeon R7 200 Series,desktop,,R7 200 Series,Radeon R7 M265,AMD Radeon R7 M265,6,,,,,0.82 GHz,,,,,,,,,,,DDR3,,Up to 32 GB/s,4 GB,,,,,,,,,,,https://www.amd.com/en/products/specifications/graphics.html,1,high,Component
AMD,gpu,radeonr7200,Radeon R9|R7|R5,Radeon R7 200 Series,desktop,,R7 200 Series,Radeon R7 M265AE,AMD Radeon R7 M265AE,,,,,,,,,,,,,,,,,,,,,,,,,,,,,,,https://www.amd.com/en/products/specifications/graphics.html,1,high,Component
AMD,gpu,radeonr7200,Radeon R9|R7|R5,Radeon R7 200 Series,desktop,,R7 200 Series,Radeon R7 M260X,AMD Radeon R7 M260X,6,,,,,0.71 GHz,,,,,,,,,,,GDDR5,,Up to 64 GB/s,4 GB,,,,,,,,,,,https://www.amd.com/en/products/specifications/graphics.html,1,high,Component
AMD,gpu,radeonr7200,Radeon R9|R7|R5,Radeon R7 200 Series,desktop,,R7 200 Series,Radeon R7 M260,AMD Radeon R7 M260,6,,,,,0.98 GHz,,,,,,,,,,,DDR3,,Up to 32 GB/s,4 GB,,,,,,,,,,,https://www.amd.com/en/products/specifications/graphics.html,1,high,Component
AMD,gpu,radeonr5200,Radeon R9|R7|R5,Radeon R5 200 Series,desktop,,R5 200 Series,Radeon R5 235,AMD Radeon R5 235,,,,,,,,,,,,,,,,,,,,4 GB,,,,,,,,,,,https://www.amd.com/en/products/specifications/graphics.html,1,high,Component
AMD,gpu,radeonr5200,Radeon R9|R7|R5,Radeon R5 200 Series,desktop,,R5 200 Series,Radeon R5 230,AMD Radeon R5 230,,,,,,,,,,,,,,,,,,,,4 GB,,,,,,,,,,,https://www.amd.com/en/products/specifications/graphics.html,1,high,Component
AMD,gpu,radeonr5200,Radeon R9|R7|R5,Radeon R5 200 Series,desktop,,R5 200 Series,Radeon R5 M255X,AMD Radeon R5 M255X,5,,,,,0.94 GHz,,,,,,,,,,,DDR3,,Up to 16 GB/s,4 GB,,,,,,,,,,,https://www.amd.com/en/products/specifications/graphics.html,1,high,Component
AMD,gpu,radeonr5200,Radeon R9|R7|R5,Radeon R5 200 Series,desktop,,R5 200 Series,Radeon R5 M255,AMD Radeon R5 M255,5,,,,,0.94 GHz,,,,,,,,,,,DDR3,,Up to 16 GB/s,4 GB,,,,,,,,,,,https://www.amd.com/en/products/specifications/graphics.html,1,high,Component
AMD,gpu,radeonr5200,Radeon R9|R7|R5,Radeon R5 200 Series,desktop,,R5 200 Series,Radeon R5 M240X,AMD Radeon R5 M240X,,,,,,,,,,,,,,,,,,,,,,,,,,,,,,,https://www.amd.com/en/products/specifications/graphics.html,1,high,Component
AMD,gpu,radeonr5200,Radeon R9|R7|R5,Radeon R5 200 Series,desktop,,R5 200 Series,Radeon R5 M240,AMD Radeon R5 M240,,,,,,,,,,,,,,,,,,,,,,,,,,,,,,,https://www.amd.com/en/products/specifications/graphics.html,1,high,Component
AMD,gpu,radeonr5200,Radeon R9|R7|R5,Radeon R5 200 Series,desktop,,R5 200 Series,Radeon R5 M230,AMD Radeon R5 M230,5,,,,,0.85 GHz,,,,,,,,,,,DDR3,,Up to 16 GB/s,4 GB,,,,,,,,,,,https://www.amd.com/en/products/specifications/graphics.html,1,high,Component
AMD,gpu,radeonhd8000m,Radeon HD,Radeon HD 8000M Series,desktop,,HD 8000M Series,Radeon HD 8970M Series GPU,AMD Radeon HD 8970M Series GPU,20,,,,,0.85 GHz,,,,,,,,,,,GDDR5,,Up to 154 GB/s,4 GB,,,,,,,,,,,https://www.amd.com/en/products/specifications/graphics.html,1,high,Component
AMD,gpu,radeonhd8000m,Radeon HD,Radeon HD 8000M Series,desktop,,HD 8000M Series,Radeon HD 8870M Series GPU,AMD Radeon HD 8870M Series GPU,10,,,,,0.72 GHz,,,,,,,,,,,GDDR5,,,2 GB,,,,,,,,,,,https://www.amd.com/en/products/specifications/graphics.html,1,high,Component
AMD,gpu,radeonhd8000m,Radeon HD,Radeon HD 8000M Series,desktop,,HD 8000M Series,Radeon HD 8850M Series GPU,AMD Radeon HD 8850M Series GPU,10,,,,,0.72 GHz,,,,,,,,,,,GDDR5,,,2 GB,,,,,,,,,,,https://www.amd.com/en/products/specifications/graphics.html,1,high,Component
AMD,gpu,radeonhd8000m,Radeon HD,Radeon HD 8000M Series,desktop,,HD 8000M Series,Radeon HD 8830M Series GPU,AMD Radeon HD 8830M Series GPU,10,,,,,0.57 GHz,,,,,,,,,,,DDR3,,,2 GB,,,,,,,,,,,https://www.amd.com/en/products/specifications/graphics.html,1,high,Component
AMD,gpu,radeonhd8000m,Radeon HD,Radeon HD 8000M Series,desktop,,HD 8000M Series,Radeon HD 8790M Series GPU,AMD Radeon HD 8790M Series GPU,6,,,,,0.85 GHz,,,,,,,,,,,GDDR5,,,2 GB,,,,,,,,,,,https://www.amd.com/en/products/specifications/graphics.html,1,high,Component
AMD,gpu,radeonhd8000m,Radeon HD,Radeon HD 8000M Series,desktop,,HD 8000M Series,Radeon HD 8770M Series GPU,AMD Radeon HD 8770M Series GPU,6,,,,,0.78 GHz,,,,,,,,,,,GDDR5,,,2 GB,,,,,,,,,,,https://www.amd.com/en/products/specifications/graphics.html,1,high,Component
AMD,gpu,radeonhd8000m,Radeon HD,Radeon HD 8000M Series,desktop,,HD 8000M Series,Radeon HD 8750M Series GPU,AMD Radeon HD 8750M Series GPU,6,,,,,0.78 GHz,,,,,,,,,,,GDDR5,,,2 GB,,,,,,,,,,,https://www.amd.com/en/products/specifications/graphics.html,1,high,Component
AMD,gpu,radeonhd8000m,Radeon HD,Radeon HD 8000M Series,desktop,,HD 8000M Series,Radeon HD 8730M Series GPU,AMD Radeon HD 8730M Series GPU,6,,,,,0.65 GHz,,,,,,,,,,,DDR3,,,2 GB,,,,,,,,,,,https://www.amd.com/en/products/specifications/graphics.html,1,high,Component
AMD,gpu,radeonhd8000m,Radeon HD,Radeon HD 8000M Series,desktop,,HD 8000M Series,Radeon HD 8690M Series GPU,AMD Radeon HD 8690M Series GPU,6,,,,,0.78 GHz,,,,,,,,,,,GDDR5,,,2 GB,,,,,,,,,,,https://www.amd.com/en/products/specifications/graphics.html,1,high,Component
AMD,gpu,radeonhd8000m,Radeon HD,Radeon HD 8000M Series,desktop,,HD 8000M Series,Radeon HD 8670M Series GPU,AMD Radeon HD 8670M Series GPU,6,,,,,0.78 GHz,,,,,,,,,,,DDR3,,,2 GB,,,,,,,,,,,https://www.amd.com/en/products/specifications/graphics.html,1,high,Component
AMD,gpu,radeonhd8000m,Radeon HD,Radeon HD 8000M Series,desktop,,HD 8000M Series,Radeon HD 8590M Series GPU,AMD Radeon HD 8590M Series GPU,5,,,,,0.75 GHz,,,,,,,,,,,GDDR5,,Up to 36 GB/s,2 GB,,,,,,,,,,,https://www.amd.com/en/products/specifications/graphics.html,1,high,Component
AMD,gpu,radeonhd8000m,Radeon HD,Radeon HD 8000M Series,desktop,,HD 8000M Series,Radeon HD 8570M Series GPU,AMD Radeon HD 8570M Series GPU,5,,,,,0.65 GHz,,,,,,,,,,,GDDR5,,,2 GB,,,,,,,,,,,https://www.amd.com/en/products/specifications/graphics.html,1,high,Component
AMD,gpu,radeonhd7000,Radeon HD,Radeon HD 7000 Series,desktop,,HD 7000 Series,Radeon HD 7990,AMD Radeon HD 7990,,,,,,,,,,,,,,,,,,,,,,,,,,,,,,,https://www.amd.com/en/products/specifications/graphics.html,1,high,Component
AMD,gpu,radeonhd7000,Radeon HD,Radeon HD 7000 Series,desktop,,HD 7000 Series,Radeon HD 7970 GHz Edition,AMD Radeon HD 7970 GHz Edition,,,,,,1.05 GHz,,,,250W,,,,,,,,,Up to 288 GB/s,3 GB,,,,,,,,,,,https://www.amd.com/en/products/specifications/graphics.html,1,high,Component
AMD,gpu,radeonhd7000,Radeon HD,Radeon HD 7000 Series,desktop,,HD 7000 Series,Radeon HD 7970,AMD Radeon HD 7970,,,,,,0.93 GHz,,,,300W,,,,,,,,,Up to 264 GB/s,3 GB,,,,,,,,,,,https://www.amd.com/en/products/specifications/graphics.html,1,high,Component
AMD,gpu,radeonhd7000,Radeon HD,Radeon HD 7000 Series,desktop,,HD 7000 Series,Radeon HD 7950,AMD Radeon HD 7950,28,,,,,1.25 GHz,,,,300W,,,,,,,GDDR5,,Up to 240 GB/s,3 GB,,,,,,,,,,,https://www.amd.com/en/products/specifications/graphics.html,1,high,Component
AMD,gpu,radeonhd7000,Radeon HD,Radeon HD 7000 Series,desktop,,HD 7000 Series,Radeon HD 7870 GHz Edition,AMD Radeon HD 7870 GHz Edition,,,,,,1.00 GHz,,,,225W,,,,,,,,,Up to 154 GB/s,2 GB,,,,,,,,,,,https://www.amd.com/en/products/specifications/graphics.html,1,high,Component
AMD,gpu,radeonhd7000,Radeon HD,Radeon HD 7000 Series,desktop,,HD 7000 Series,Radeon HD 7850,AMD Radeon HD 7850,,,,,,1.00 GHz,,,,225W,,,,,,,,,Up to 154 GB/s,2 GB,,,,,,,,,,,https://www.amd.com/en/products/specifications/graphics.html,1,high,Component
AMD,gpu,radeonhd7000,Radeon HD,Radeon HD 7000 Series,desktop,,HD 7000 Series,Radeon HD 7790,AMD Radeon HD 7790,,,,,,,,,,,,,,,,,,,,,,,,,,,,,,,https://www.amd.com/en/products/specifications/graphics.html,1,high,Component
AMD,gpu,radeonhd7000,Radeon HD,Radeon HD 7000 Series,desktop,,HD 7000 Series,Radeon HD 7770 GHz Edition,AMD Radeon HD 7770 GHz Edition,,,,,,1.00 GHz,,,,125W,,,,,,,,,Up to 72 GB/s,1 GB,,,,,,,,,,,https://www.amd.com/en/products/specifications/graphics.html,1,high,Component
AMD,gpu,radeonhd7000,Radeon HD,Radeon HD 7000 Series,desktop,,HD 7000 Series,Radeon HD 7750,AMD Radeon HD 7750,,,,,,0.80 GHz,,,,75W,,,,,,,,,Up to 72 GB/s,1 GB,,,,,,,,,,,https://www.amd.com/en/products/specifications/graphics.html,1,high,Component
AMD,gpu,radeonhd7000,Radeon HD,Radeon HD 7000 Series,desktop,,HD 7000 Series,Radeon HD 7730,AMD Radeon HD 7730,,,,,,,,,,,,,,,,,,,,,,,,,,,,,,,https://www.amd.com/en/products/specifications/graphics.html,1,high,Component
AMD,gpu,radeonhd6000,Radeon HD,Radeon HD 6000 Series,desktop,,HD 6000 Series,Radeon HD 6970,AMD Radeon HD 6970,,,,,,0.88 GHz,,,,550W,,,,,,,,,,2 GB,,,,,,,,,,,https://www.amd.com/en/products/specifications/graphics.html,1,high,Component
AMD,gpu,radeonhd6000,Radeon HD,Radeon HD 6000 Series,desktop,,HD 6000 Series,Radeon HD 6950,AMD Radeon HD 6950,,,,,,0.80 GHz,,,,500W,,,,,,,,,,2 GB,,,,,,,,,,,https://www.amd.com/en/products/specifications/graphics.html,1,high,Component
AMD,gpu,radeonhd6000,Radeon HD,Radeon HD 6000 Series,desktop,,HD 6000 Series,Radeon HD 6870,AMD Radeon HD 6870,,,,,,0.90 GHz,,,,,,,,,,,,,,1 GB,,,,,,,,,,,https://www.amd.com/en/products/specifications/graphics.html,1,high,Component
AMD,gpu,radeonhd6000,Radeon HD,Radeon HD 6000 Series,desktop,,HD 6000 Series,Radeon HD 6850,AMD Radeon HD 6850,,,,,,,,,,,,,,,,,,,,1 GB,,,,,,,,,,,https://www.amd.com/en/products/specifications/graphics.html,1,high,Component
AMD,gpu,radeonhd6000,Radeon HD,Radeon HD 6000 Series,desktop,,HD 6000 Series,Radeon HD 6770,AMD Radeon HD 6770,,,,,,0.90 GHz,,,,,,,,,,,,,,1 GB,,,,,,,,,,,https://www.amd.com/en/products/specifications/graphics.html,1,high,Component
AMD,gpu,radeonhd6000,Radeon HD,Radeon HD 6000 Series,desktop,,HD 6000 Series,Radeon HD 6750,AMD Radeon HD 6750,,,,,,0.90 GHz,,,,,,,,,,,,,,1 GB,,,,,,,,,,,https://www.amd.com/en/products/specifications/graphics.html,1,high,Component
AMD,gpu,radeonhd6000,Radeon HD,Radeon HD 6000 Series,desktop,,HD 6000 Series,Radeon HD 6670,AMD Radeon HD 6670,,,,,,0.80 GHz,,,,,,,,,,,,,Up to 64 GB/s,1 GB,,,,,,,,,,,https://www.amd.com/en/products/specifications/graphics.html,1,high,Component
AMD,gpu,radeonhd6000,Radeon HD,Radeon HD 6000 Series,desktop,,HD 6000 Series,Radeon HD 6570,AMD Radeon HD 6570,,,,,,0.65 GHz,,,,40W,,,,,,,GDDR5,,Up to 29 GB/s,1 GB,,,,,,,,,,,https://www.amd.com/en/products/specifications/graphics.html,1,high,Component
AMD,gpu,radeonhd6000,Radeon HD,Radeon HD 6000 Series,desktop,,HD 6000 Series,Radeon HD 6450,AMD Radeon HD 6450,,,,,,0.75 GHz,,,,30W,,,,,,,,,,1 GB,,,,,,,,,,,https://www.amd.com/en/products/specifications/graphics.html,1,high,Component
AMD,gpu,radeonhd5000,Radeon HD,Radeon HD 5000 Series,desktop,,HD 5000 Series,Radeon HD 5970,ATI Radeon HD 5970,,,,,,0.72 GHz,,,,300W,,,,,,,,,,2 GB,,,,,,,,,,,https://www.amd.com/en/products/specifications/graphics.html,1,high,Component
AMD,gpu,radeonhd5000,Radeon HD,Radeon HD 5000 Series,desktop,,HD 5000 Series,Radeon HD 5870,ATI Radeon HD 5870,,,,,,0.85 GHz,,,,,,,,,,,,,,1 GB,,,,,,,,,,,https://www.amd.com/en/products/specifications/graphics.html,1,high,Component
AMD,gpu,radeonhd5000,Radeon HD,Radeon HD 5000 Series,desktop,,HD 5000 Series,Radeon HD 5850,ATI Radeon HD 5850,,,,,,0.72 GHz,,,,,,,,,,,,,,1 GB,,,,,,,,,,,https://www.amd.com/en/products/specifications/graphics.html,1,high,Component
AMD,gpu,radeonhd5000,Radeon HD,Radeon HD 5000 Series,desktop,,HD 5000 Series,Radeon HD 5830,ATI Radeon HD 5830,,,,,,0.80 GHz,,,,,,,,,,,,,,1 GB,,,,,,,,,,,https://www.amd.com/en/products/specifications/graphics.html,1,high,Component
AMD,gpu,radeonhd5000,Radeon HD,Radeon HD 5000 Series,desktop,,HD 5000 Series,Radeon HD 5770,ATI Radeon HD 5770,,,,,,0.85 GHz,,,,,,,,,,,,,,1 GB,,,,,,,,,,,https://www.amd.com/en/products/specifications/graphics.html,1,high,Component
AMD,gpu,radeonhd5000,Radeon HD,Radeon HD 5000 Series,desktop,,HD 5000 Series,Radeon HD 5750,ATI Radeon HD 5750,,,,,,0.70 GHz,,,,,,,,,,,,,,1 GB,,,,,,,,,,,https://www.amd.com/en/products/specifications/graphics.html,1,high,Component
AMD,gpu,radeonhd5000,Radeon HD,Radeon HD 5000 Series,desktop,,HD 5000 Series,Radeon HD 5670,ATI Radeon HD 5670,,,,,,0.78 GHz,,,,,,,,,,,GDDR5,,Up to 64 GB/s,1 GB,,,,,,,,,,,https://www.amd.com/en/products/specifications/graphics.html,1,high,Component
AMD,gpu,radeonhd5000,Radeon HD,Radeon HD 5000 Series,desktop,,HD 5000 Series,Radeon HD 5570,ATI Radeon HD 5570,,,,,,0.65 GHz,,,,,,,,,,,,,,1 GB,,,,,,,,,,,https://www.amd.com/en/products/specifications/graphics.html,1,high,Component
AMD,gpu,radeonhd5000,Radeon HD,Radeon HD 5000 Series,desktop,,HD 5000 Series,Radeon HD 5450,ATI Radeon HD 5450,,,,,,0.65 GHz,,,,,,,,,,,,,,1 GB,,,,,,,,,,,https://www.amd.com/en/products/specifications/graphics.html,1,high,Component
AMD,gpu,aiwr9000,Radeon AI PRO,Radeon AI PRO R9000 Series,workstation,,AMD RDNA 4,Radeon AI PRO R9700,AMD Radeon AI PRO R9700,64,,,,,,,,64 MB,300W,,,,,,,GDDR6,,640 GB/s,32 GB,yes,,,,,,,,,,https://www.amd.com/en/products/specifications/professional-graphics.html,1,high,47.8 TFLOPs
AMD,gpu,aiwr9000,Radeon AI PRO,Radeon AI PRO R9000 Series,workstation,,AMD RDNA 4,Radeon AI PRO R9700S,AMD Radeon AI PRO R9700S,64,,,,,,,,64 MB,300W,,,,,,,GDDR6,,640 GB/s,32 GB,yes,,,,,,,,,,https://www.amd.com/en/products/specifications/professional-graphics.html,1,high,47.8 TFLOPs
AMD,gpu,aiwr9000,Radeon AI PRO,Radeon AI PRO R9000 Series,workstation,Navi 48,AMD RDNA 4,Radeon AI PRO R9600,AMD Radeon AI PRO R9600,48,,,,,,,,64 MB,150W,,,,,,,GDDR6,,640 GB/s,32 GB,yes,,,,,,,,,,https://www.amd.com/en/products/specifications/professional-graphics.html,1,high,24.8 TFLOPs
AMD,gpu,aiwr9000,Radeon AI PRO,Radeon AI PRO R9000 Series,workstation,,AMD RDNA 4,Radeon AI PRO R9600D,AMD Radeon AI PRO R9600D,48,,,,,,,,64 MB,150W,,,,,,,GDDR6,,640 GB/s,32 GB,yes,,,,,,,,,,https://www.amd.com/en/products/specifications/professional-graphics.html,1,high,24.8 TFLOPs
AMD,gpu,ww7000,Radeon PRO,Radeon PRO W7000 Series,workstation,,AMD RDNA 3,Radeon PRO W7900 Dual Slot,AMD Radeon PRO W7900 Dual Slot,96,,,,,,,,96 MB,295W,,,,,,,GDDR6,,864 GB/s,48 GB,yes,,,,,,,,,,https://www.amd.com/en/products/specifications/professional-graphics.html,1,high,61.3 TFLOPs | PCIe Add-in Card
AMD,gpu,ww7000,Radeon PRO,Radeon PRO W7000 Series,workstation,,AMD RDNA 3,Radeon PRO W7900,AMD Radeon PRO W7900,96,,,,,,,,96 MB,295W,,,,,,,GDDR6,,864 GB/s,48 GB,yes,,,,,,,,,,https://www.amd.com/en/products/specifications/professional-graphics.html,1,high,61.3 TFLOPs | PCIe Add-in Card
AMD,gpu,ww7000,Radeon PRO,Radeon PRO W7000 Series,workstation,,AMD RDNA 3,Radeon PRO W7800 48GB,AMD Radeon PRO W7800 48GB,70,,,,,,,,96 MB,260W,,,,,,,GDDR6,,864 GB/s,48 GB,yes,,,,,,,,,,https://www.amd.com/en/products/specifications/professional-graphics.html,1,high,45.2 TFLOPs | PCIe Add-in Card
AMD,gpu,ww7000,Radeon PRO,Radeon PRO W7000 Series,workstation,,AMD RDNA 3,Radeon PRO W7800,AMD Radeon PRO W7800,70,,,,,,,,64 MB,260W,,,,,,,GDDR6,,576 GB/s,32 GB,yes,,,,,,,,,,https://www.amd.com/en/products/specifications/professional-graphics.html,1,high,45.2 TFLOPs | PCIe Add-in Card
AMD,gpu,ww7000,Radeon PRO,Radeon PRO W7000 Series,workstation,,AMD RDNA 3,Radeon PRO W7700,AMD Radeon PRO W7700,48,,,,,,,,64 MB,190W,,,,,,,GDDR6,,576 GB/s,16 GB,yes,,,,,,,,,,https://www.amd.com/en/products/specifications/professional-graphics.html,1,high,28.3 TFLOPs | PCIe Add-in Card
AMD,gpu,ww7000,Radeon PRO,Radeon PRO W7000 Series,workstation,,AMD RDNA 3,Radeon PRO W7600,AMD Radeon PRO W7600,32,,,,,,,,32 MB,130W,,,,,,,GDDR6,,288 GB/s,8 GB,,,,,,,,,,,https://www.amd.com/en/products/specifications/professional-graphics.html,1,high,20 TFLOPs | PCIe Add-in Card
AMD,gpu,ww7000,Radeon PRO,Radeon PRO W7000 Series,workstation,,AMD RDNA 3,Radeon PRO W7500,AMD Radeon PRO W7500,28,,,,,,,,32 MB,70W,,,,,,,GDDR6,,256 GB/s,8 GB,,,,,,,,,,,https://www.amd.com/en/products/specifications/professional-graphics.html,1,high,12.2 TFLOPs | PCIe Add-in Card
AMD,gpu,ww7000,Radeon PRO,Radeon PRO W7000 Series,workstation,,AMD RDNA 3,Radeon PRO W7400,AMD Radeon PRO W7400,28,,,,,,,,32 MB,55W,,,,,,,GDDR6,,172.8 GB/s,8 GB,,,,,,,,,,,https://www.amd.com/en/products/specifications/professional-graphics.html,1,high,7.9 TFLOPs | PCIe Add-in Card
AMD,gpu,ww7000,Radeon PRO,Radeon PRO W7000 Mobile Series,mobile,Navi 33,AMD RDNA 3,Radeon PRO W7500M,AMD Radeon PRO W7500M,28,,,,,,,,32 MB,,,,,,,,GDDR6,,256 GB/s,8 GB,,,,,,,,,,,https://www.amd.com/en/products/specifications/professional-graphics.html,1,medium,"17.3 TFLOPs | codename medium-confidence (researched, not on AMD spec sheet)"
AMD,gpu,ww6000,Radeon PRO,Radeon PRO W6000 Series,workstation,,AMD RDNA 2,Radeon PRO W6800,AMD Radeon PRO W6800,60,,,,,,,,128 MB,250W,,,,,,,GDDR6,,512 GB/s,32 GB,yes,,,,,,,2021-Q2,,,https://www.amd.com/en/products/specifications/professional-graphics.html,1,high,17.8 TFLOPs | PCIe Add-in Card
AMD,gpu,ww6000,Radeon PRO,Radeon PRO W6000 Series,workstation,,PRO W6000 Series,Radeon PRO W6600,AMD Radeon PRO W6600,28,,,,,,,,32 MB,130W,,,,,,,GDDR6,,224 GB/s,8 GB,,,,,,,,2021-Q2,,,https://www.amd.com/en/products/specifications/professional-graphics.html,1,high,10.4 TFLOPs | PCIe Add-in Card
AMD,gpu,ww6000,Radeon PRO,Radeon PRO W6000 Series,workstation,,AMD RDNA 2,Radeon PRO W6400,AMD Radeon PRO W6400,12,,,,,,,,16 MB,,,,,,,,GDDR6,,128 GB/s,4 GB,,,,,,,,2022-Q1,,,https://www.amd.com/en/products/specifications/professional-graphics.html,1,high,3.5 TFLOPs | PCIe Add-in Card
AMD,gpu,ww6000mobile,Radeon PRO,Radeon PRO W6000 Mobile Series,mobile,,PRO W6000 Mobile Series,Radeon PRO W6600M,AMD Radeon PRO W6600M,28,,,,,,,,32 MB,90W,,,,,,,GDDR6,,224 GB/s,8 GB,,,,,,,,2021-Q2,,,https://www.amd.com/en/products/specifications/professional-graphics.html,1,high,10.4 TFLOPs
AMD,gpu,ww6000mobile,Radeon PRO,Radeon PRO W6000 Mobile Series,mobile,,AMD RDNA 2,Radeon PRO W6500M,AMD Radeon PRO W6500M,16,,,,,,,,16 MB,,,,,,,,GDDR6,,128 GB/s,4 GB,,,,,,,,2022-Q1,,,https://www.amd.com/en/products/specifications/professional-graphics.html,1,high,5.3 TFLOPs
AMD,gpu,ww6000mobile,Radeon PRO,Radeon PRO W6000 Mobile Series,mobile,,AMD RDNA 2,Radeon PRO W6300M,AMD Radeon PRO W6300M,12,,,,,,,,8 MB,,,,,,,,GDDR6,,64 GB/s,2 GB,,,,,,,,2022-Q1,,,https://www.amd.com/en/products/specifications/professional-graphics.html,1,high,3.4 TFLOPs
AMD,gpu,wvii,Radeon PRO,Radeon RX Vega Series,workstation,,Vega20,Radeon Pro VII,Radeon Pro VII,60,,,,,,,,,250W,,,,,,,HBM2,,1 TB/s,16 GB,yes,,,,,,,2020-Q2,,,https://www.amd.com/en/products/specifications/professional-graphics.html,1,high,13.1 TFLOPs | PCIe Add-in Card
AMD,gpu,ww5000,Radeon PRO,Radeon PRO W5000 Series,workstation,,RDNA,Radeon Pro W5700,Radeon Pro W5700,36,,,,,,,,,205W,,,,,,,GDDR6,,448 GB/s,8 GB,,,,,,,,2019-Q4,,,https://www.amd.com/en/products/specifications/professional-graphics.html,1,high,8.89 TFLOPs | PCIe Add-in Card
AMD,gpu,ww5000,Radeon PRO,Radeon PRO W5000 Series,workstation,,RDNA,Radeon Pro W5500,Radeon Pro W5500,22,,,,,,,,,125W,,,,,,,GDDR6,,224 GB/s,8 GB,,,,,,,,,,,https://www.amd.com/en/products/specifications/professional-graphics.html,1,high,5.35 TFLOPs | PCIe Add-in Card
AMD,gpu,ww5000mobile,Radeon PRO,Radeon PRO W5000 Mobile Series,mobile,,RDNA,Radeon PRO W5500M (Mobile),Radeon PRO W5500M (Mobile),22,,,,,,,,,,,,,,,,GDDR6,,224 GB/s,4 GB,,,,,,,,,,,https://www.amd.com/en/products/specifications/professional-graphics.html,1,high,4.79 TFLOPs
AMD,gpu,wwxx200,Radeon PRO,Radeon PRO WX x200 Series,workstation,,Vega,Radeon Pro WX 8200,Radeon Pro WX 8200,56,,,,,,,,,230W,,,,,,,HBM2,,512 GB/s,8 GB,yes,,,,,,,2018,,,https://www.amd.com/en/products/specifications/professional-graphics.html,1,high,10.75 TFLOPs | PCIe Add-in Card
AMD,gpu,wwxx200,Radeon PRO,Radeon PRO WX x200 Series,workstation,,Polaris,Radeon Pro WX 3200,Radeon Pro WX 3200,10,,,,,,,,,50W,,,,,,,GDDR5,,96 GB/s,4 GB,,,,,,,,,,,https://www.amd.com/en/products/specifications/professional-graphics.html,1,high,1.66 TFLOPs | PCIe Add-in Card
AMD,gpu,wwxx200mobile,Radeon PRO,Radeon PRO WX X200 Mobile Series,mobile,,Polaris,Radeon PRO WX 3200 (Mobile),Radeon PRO WX 3200 (Mobile),10,,,,,,,,,,,,,,,,GDDR5,,64 GB/s,4 GB,,,,,,,,,,,https://www.amd.com/en/products/specifications/professional-graphics.html,1,high,1.66 TFLOPs
AMD,gpu,wwxx100,Radeon PRO,Radeon PRO WX x100 Series,workstation,,Vega,Radeon Pro WX 9100,Radeon Pro WX 9100,64,,,,,,,,,230W,,,,,,,HBM2,,484 GB/s,16 GB,yes,,,,,,,2017,,,https://www.amd.com/en/products/specifications/professional-graphics.html,1,high,12.3 TFLOPs | PCIe Add-in Card
AMD,gpu,wwxx100,Radeon PRO,Radeon PRO WX x100 Series,workstation,,Polaris,Radeon Pro WX 7100,Radeon Pro WX 7100,36,,,,,,,,,130W,,,,,,,GDDR5,,224 GB/s,8 GB,,,,,,,,2016,,,https://www.amd.com/en/products/specifications/professional-graphics.html,1,high,5.73 TFLOPs | PCIe Add-in Card
AMD,gpu,wwxx100,Radeon PRO,Radeon PRO WX x100 Series,workstation,,Polaris,Radeon Pro WX 5100,Radeon Pro WX 5100,28,,,,,,,,,75W,,,,,,,GDDR5,,160 GB/s,8 GB,,,,,,,,2016,,,https://www.amd.com/en/products/specifications/professional-graphics.html,1,high,3.89 TFLOPs | PCIe Add-in Card
AMD,gpu,wwxx100,Radeon PRO,Radeon PRO WX x100 Series,workstation,,Polaris,Radeon Pro WX 4100,Radeon Pro WX 4100,16,,,,,,,,,50W,,,,,,,GDDR5,,96 GB/s,4 GB,,,,,,,,2016,,,https://www.amd.com/en/products/specifications/professional-graphics.html,1,high,2.46 TFLOPs | PCIe Add-in Card
AMD,gpu,wwxx100,Radeon PRO,Radeon PRO WX x100 Series,workstation,,Polaris,Radeon Pro WX 3100,Radeon Pro WX 3100,8,,,,,,,,,50W,,,,,,,GDDR5,,96 GB/s,4 GB,,,,,,,,2017,,,https://www.amd.com/en/products/specifications/professional-graphics.html,1,high,1.25 TFLOPs | PCIe Add-in Card
AMD,gpu,wwxx100,Radeon PRO,Radeon PRO WX x100 Series,workstation,,Polaris,Radeon Pro WX 2100,Radeon Pro WX 2100,8,,,,,,,,,35W,,,,,,,GDDR5,,48 GB/s,2 GB,,,,,,,,2017,,,https://www.amd.com/en/products/specifications/professional-graphics.html,1,high,1.25 TFLOPs | PCIe Add-in Card
AMD,gpu,wwxx100mobile,Radeon PRO,Radeon PRO WX X100 Mobile Series,mobile,,Polaris,Radeon PRO WX 7100 (Mobile),Radeon PRO WX 7100 (Mobile),,,,,,,,,,100W,,,,,,,GDDR5,,160 GB/s,8 GB,,,,,,,,,,,https://www.amd.com/en/products/specifications/professional-graphics.html,1,high,5.73 TFLOPs
AMD,gpu,wwxx100mobile,Radeon PRO,Radeon PRO WX X100 Mobile Series,mobile,,Polaris,Radeon PRO WX 4170 (Mobile),Radeon PRO WX 4170 (Mobile),16,,,,,,,,,60W,,,,,,,GDDR5,,96 GB/s,4 GB,,,,,,,,,,,https://www.amd.com/en/products/specifications/professional-graphics.html,1,high,2.46 TFLOPs
AMD,gpu,wwxx100mobile,Radeon PRO,Radeon PRO WX X100 Mobile Series,mobile,,Polaris,Radeon PRO WX 4150 (Mobile),Radeon PRO WX 4150 (Mobile),14,,,,,,,,,45W,,,,,,,GDDR5,,96 GB/s,4 GB,,,,,,,,,,,https://www.amd.com/en/products/specifications/professional-graphics.html,1,high,1.89 TFLOPs
AMD,gpu,wwxx100mobile,Radeon PRO,Radeon PRO WX X100 Mobile Series,mobile,,Polaris,Radeon PRO WX 4130 (Mobile),Radeon PRO WX 4130 (Mobile),10,,,,,,,,,,,,,,,,GDDR5,,96 GB/s,4 GB,,,,,,,,,,,https://www.amd.com/en/products/specifications/professional-graphics.html,1,high,1.35 TFLOPs
AMD,gpu,wwxx100mobile,Radeon PRO,Radeon PRO WX X100 Mobile Series,mobile,,Polaris,Radeon PRO WX 3100 (Mobile),Radeon PRO WX 3100 (Mobile),8,,,,,,,,,,,,,,,,GDDR5,,96 GB/s,4 GB,,,,,,,,,,,https://www.amd.com/en/products/specifications/professional-graphics.html,1,high,1.25 TFLOPs
AMD,gpu,wwxx100mobile,Radeon PRO,Radeon PRO WX X100 Mobile Series,mobile,,Polaris,Radeon PRO WX 2100 (Mobile),Radeon PRO WX 2100 (Mobile),8,,,,,,,,,,,,,,,,GDDR5,,48 GB/s,2 GB,,,,,,,,,,,https://www.amd.com/en/products/specifications/professional-graphics.html,1,high,1.25 TFLOPs
AMD,gpu,wv,Radeon PRO,Radeon PRO V Series,workstation,,AMD RDNA 3,Radeon PRO V710,AMD Radeon PRO V710,54,,,,,2.00 GHz,,,54 MB,158W,,,,,,,GDDR6,,448 GB/s,28 GB,yes,,,,,,,2024-Q4,,,https://www.amd.com/en/products/specifications/professional-graphics.html,1,high,27.65 TFLOPs | PCIe Add-in Card
AMD,gpu,wv,Radeon PRO,Radeon PRO V Series,workstation,,AMD RDNA 2,Radeon PRO V620,AMD Radeon PRO V620,72,,,,,2.20 GHz,,,128 MB,300W,,,,,,,GDDR6,,512 GB/s,32 GB,yes,,,,,,,2023-Q3,,,https://www.amd.com/en/products/specifications/professional-graphics.html,1,high,20.28 TFLOPs | PCIe Add-in Card
AMD,gpu,wv,Radeon PRO,Radeon PRO V Series,workstation,,RDNA,Radeon PRO V520,AMD Radeon PRO V520,36,,,,,1.60 GHz,,,,225W,,,,,,,HBM2,,512 GB/s,8 GB,yes,,,,,,,2020-Q1,,,https://www.amd.com/en/products/specifications/professional-graphics.html,1,high,7.4 TFLOPs | PCIe Add-in Card
AMD,gpu,w,Radeon PRO,Radeon PRO Series,workstation,,Vega,Radeon Pro SSG,Radeon Pro SSG,64,,,,,,,,,260W,,,,,,,HBM2,,484 GB/s,16 GB,yes,,,,,,,2017,,,https://www.amd.com/en/products/specifications/professional-graphics.html,1,high,12.3 TFLOPs | PCIe Add-in Card
AMD,gpu,w,Radeon PRO,Radeon PRO Series,workstation,,Vega,Radeon Vega Frontier Edition (Liquid-cooled),Radeon Vega Frontier Edition (Liquid-cooled),64,,,,,,,,,375W,,,,,,,HBM2,,484 GB/s,16 GB,,,,,,,,2017,,,https://www.amd.com/en/products/specifications/professional-graphics.html,1,high,13.1 TFLOPs | PCIe Add-in Card
AMD,gpu,w,Radeon PRO,Radeon PRO Series,workstation,,Vega,Radeon Vega Frontier Edition (Air-cooled),Radeon Vega Frontier Edition (Air-cooled),64,,,,,,,,,300W,,,,,,,HBM2,,484 GB/s,16 GB,,,,,,,,2017,,,https://www.amd.com/en/products/specifications/professional-graphics.html,1,high,13.1 TFLOPs | PCIe Add-in Card
AMD,gpu,w,Radeon PRO,Radeon PRO Series,workstation,,Polaris,Radeon Pro Duo,Radeon Pro Duo,72,,,,,,,,,250W,,,,,,,GDDR5,,448 GB/s,32 GB,,,,,,,,2017,,,https://www.amd.com/en/products/specifications/professional-graphics.html,1,high,11.5 TFLOPs | PCIe Add-in Card
AMD,gpu,firepro,FirePro,FirePro Wx100 Series,workstation,Hawaii,Graphics Core Next (GCN) 2nd Gen,FirePro W9100 32GB,FirePro W9100 32GB,,,,,,,,,,275W,,,,,,,GDDR5,,320 GB/s,32 GB,yes,,,,,,,2016,,,https://www.amd.com/en/products/specifications/professional-graphics.html,1,high,5.24 TFLOPs | PCIe Add-in Card
AMD,gpu,firepro,FirePro,FirePro Wx100 Series,workstation,Hawaii,Graphics Core Next (GCN) 2nd Gen,FirePro W9100,FirePro W9100,,,,,,,,,,275W,,,,,,,GDDR5,,320 GB/s,16 GB,yes,,,,,,,2014,,,https://www.amd.com/en/products/specifications/professional-graphics.html,1,high,5.24 TFLOPs | PCIe Add-in Card
AMD,gpu,firepro,FirePro,FirePro Wx100 Series,workstation,Hawaii,Graphics Core Next (GCN) 2nd Gen,FirePro W8100,FirePro W8100,,,,,,,,,,225W,,,,,,,GDDR5,,320 GB/s,8 GB,yes,,,,,,,2014,,,https://www.amd.com/en/products/specifications/professional-graphics.html,1,high,4.22 TFLOPs | PCIe Add-in Card
AMD,gpu,firepro,FirePro,FirePro Wx100 Series,workstation,Tonga,Graphics Core Next (GCN) 3rd Gen,FirePro W7100,FirePro W7100,,,,,,,,,,150W,,,,,,,GDDR5,,160 GB/s,8 GB,,,,,,,,2014,,,https://www.amd.com/en/products/specifications/professional-graphics.html,1,high,3.3 TFLOPs | PCIe Add-in Card
AMD,gpu,firepro,FirePro,FirePro Wx100 Series,workstation,Bonaire,Graphics Core Next (GCN) 2nd Gen,FirePro W5100,FirePro W5100,,,,,,,,,,75W,,,,,,,GDDR5,,96 GB/s,4 GB,,,,,,,,2014,,,https://www.amd.com/en/products/specifications/professional-graphics.html,1,high,1.43 TFLOPs | PCIe Add-in Card
AMD,gpu,firepro,FirePro,FirePro Wx100 Series,workstation,Bonaire,Graphics Core Next (GCN) 2nd Gen,FirePro W4300,FirePro W4300,,,,,,,,,,48W,,,,,,,GDDR5,,96 GB/s,4 GB,,,,,,,,2015,,,https://www.amd.com/en/products/specifications/professional-graphics.html,1,high,1.43 TFLOPs | PCIe Add-in Card
AMD,gpu,firepro,FirePro,FirePro Wx100 Series,workstation,Cape Verde,Graphics Core Next (GCN),FirePro W4100,FirePro W4100,,,,,,,,,,50W,,,,,,,GDDR5,,72 GB/s,2 GB,,,,,,,,2014,,,https://www.amd.com/en/products/specifications/professional-graphics.html,1,high,650 GFLOPs | PCIe Add-in Card
AMD,gpu,firepro,FirePro,FirePro Wx100 Series,workstation,Oland,Graphics Core Next (GCN),FirePro W2100,FirePro W2100,,,,,,,,,,26W,,,,,,,DDR3,,28.8 GB/s,2 GB,,,,,,,,2014,,,https://www.amd.com/en/products/specifications/professional-graphics.html,1,high,400 GFLOPs | PCIe Add-in Card
AMD,gpu,firepro,FirePro,FirePro Wx000 Series,workstation,Tahiti,Graphics Core Next (GCN),FirePro W9000,FirePro W9000,,,,,,,,,,274W,,,,,,,GDDR5,,264 GB/s,6 GB,yes,,,,,,,2012,,,https://www.amd.com/en/products/specifications/professional-graphics.html,1,high,4 TFLOPs | PCIe Add-in Card
AMD,gpu,firepro,FirePro,FirePro Wx000 Series,workstation,Tahiti,Graphics Core Next (GCN),FirePro W8000,FirePro W8000,,,,,,,,,,189W,,,,,,,GDDR5,,176 GB/s,4 GB,yes,,,,,,,2012,,,https://www.amd.com/en/products/specifications/professional-graphics.html,1,high,3.2 TFLOPs | PCIe Add-in Card
AMD,gpu,firepro,FirePro,FirePro Wx000 Series,workstation,Pitcairn,Graphics Core Next (GCN),FirePro W7000,FirePro W7000,,,,,,,,,,150W,,,,,,,GDDR5,,154 GB/s,4 GB,,,,,,,,2012,,,https://www.amd.com/en/products/specifications/professional-graphics.html,1,high,2.43 TFLOPs | PCIe Add-in Card
AMD,gpu,firepro,FirePro,FirePro Wx000 Series,workstation,Pitcairn,Graphics Core Next (GCN),FirePro W5000,FirePro W5000,,,,,,,,,,71W,,,,,,,GDDR5,,102 GB/s,2 GB,,,,,,,,2012,,,https://www.amd.com/en/products/specifications/professional-graphics.html,1,high,1.27 TFLOPs | PCIe Add-in Card
AMD,gpu,firepro,FirePro,FirePro Wx000 Series,workstation,Pitcairn,Graphics Core Next (GCN),FirePro W5000 DVI,FirePro W5000 DVI,,,,,,,,,,71W,,,,,,,GDDR5,,102 GB/s,2 GB,,,,,,,,2013,,,https://www.amd.com/en/products/specifications/professional-graphics.html,1,high,1.27 TFLOPs | PCIe Add-in Card
AMD,gpu,firepro,FirePro,FirePro Wx000 Series,workstation,Cape Verde,Graphics Core Next (GCN),FirePro W600,FirePro W600,,,,,,,,,,75W,,,,,,,GDDR5,,19.2 GB/s,2 GB,,,,,,,,2012,,,https://www.amd.com/en/products/specifications/professional-graphics.html,1,high,770 GFLOPs | PCIe Add-in Card
AMD,gpu,firepros,FirePro,FirePro S-series,workstation,Tahiti,Graphics Core Next (GCN),FirePro S10000,FirePro S10000,,,,,,,,,,375W,,,,,,,GDDR5,,480 GB/s,6 GB,yes,,,,,,,2012,,,https://www.amd.com/en/products/specifications/professional-graphics.html,1,high,5.91 TFLOPs | PCIe Add-in Card
AMD,gpu,firepros,FirePro,FirePro S-series,workstation,Tahiti,Graphics Core Next (GCN),FirePro S10000 (Active Cooling),FirePro S10000 (Active Cooling),,,,,,,,,,375W,,,,,,,GDDR5,,480 GB/s,6 GB,yes,,,,,,,2012,,,https://www.amd.com/en/products/specifications/professional-graphics.html,1,high,5.91 TFLOPs | PCIe Add-in Card
AMD,gpu,firepros,FirePro,FirePro S-series,workstation,Tahiti,Graphics Core Next (GCN),FirePro S10000 12GB Edition,FirePro S10000 12GB Edition,,,,,,,,,,375W,,,,,,,GDDR5,,480 GB/s,12 GB,yes,,,,,,,2013,,,https://www.amd.com/en/products/specifications/professional-graphics.html,1,high,5.91 TFLOPs | PCIe Add-in Card
AMD,gpu,firepros,FirePro,FirePro S-series,workstation,Fiji,Graphics Core Next (GCN) 3rd Gen,FirePro S9300 X2,FirePro S9300 X2,,,,,,,,,,300W,,,,,,,High Bandwidth Memory (HBM),,1 TB/s,8 GB,,,,,,,,2016,,,https://www.amd.com/en/products/specifications/professional-graphics.html,1,high,13.93 TFLOPs | PCIe Add-in Card
AMD,gpu,firepros,FirePro,FirePro S-series,workstation,Hawaii,Graphics Core Next (GCN) 2nd Gen,FirePro S9170,FirePro S9170,,,,,,,,,,275W,,,,,,,GDDR5,,320 GB/s,32 GB,yes,,,,,,,2015,,,https://www.amd.com/en/products/specifications/professional-graphics.html,1,high,5.24 TFLOPs | PCIe Add-in Card
AMD,gpu,firepros,FirePro,FirePro S-series,workstation,Hawaii,Graphics Core Next (GCN) 2nd Gen,FirePro S9150,FirePro S9150,,,,,,,,,,235W,,,,,,,GDDR5,,320 GB/s,16 GB,yes,,,,,,,2014,,,https://www.amd.com/en/products/specifications/professional-graphics.html,1,high,5.07 TFLOPs | PCIe Add-in Card
AMD,gpu,firepros,FirePro,FirePro S-series,workstation,Hawaii,Graphics Core Next (GCN) 2nd Gen,FirePro S9100,FirePro S9100,,,,,,,,,,225W,,,,,,,GDDR5,,320 GB/s,12 GB,yes,,,,,,,2014,,,https://www.amd.com/en/products/specifications/professional-graphics.html,1,high,4.22 TFLOPs | PCIe Add-in Card
AMD,gpu,firepros,FirePro,FirePro S-series,workstation,Tahiti,Graphics Core Next (GCN),FirePro S9050,FirePro S9050,,,,,,,,,,225W,,,,,,,GDDR5,,264 GB/s,12 GB,yes,,,,,,,2014,,,https://www.amd.com/en/products/specifications/professional-graphics.html,1,high,3.23 TFLOPs | PCIe Add-in Card
AMD,gpu,firepros,FirePro,FirePro S-series,workstation,Tahiti,Graphics Core Next (GCN),FirePro S9000,FirePro S9000,,,,,,,,,,225W,,,,,,,GDDR5,,264 GB/s,6 GB,yes,,,,,,,2012,,,https://www.amd.com/en/products/specifications/professional-graphics.html,1,high,3.23 TFLOPs | PCIe Add-in Card
AMD,gpu,firepros,FirePro,FirePro S-series,workstation,Tonga,Graphics Core Next (GCN) 3rd Gen,FirePro S7150 X2,FirePro S7150 X2,,,,,,,,,,265W,,,,,,,GDDR5,,320 GB/s,16 GB,,,,,,,,2016,,,https://www.amd.com/en/products/specifications/professional-graphics.html,1,high,PCIe Add-in Card
AMD,gpu,firepros,FirePro,FirePro S-series,workstation,Tonga,Graphics Core Next (GCN) 3rd Gen,FirePro S7150 (Active Cooling),FirePro S7150 (Active Cooling),,,,,,,,,,150W,,,,,,,GDDR5,,160 GB/s,8 GB,,,,,,,,2016,,,https://www.amd.com/en/products/specifications/professional-graphics.html,1,high,PCIe Add-in Card
AMD,gpu,firepros,FirePro,FirePro S-series,workstation,Tonga,Graphics Core Next (GCN) 3rd Gen,FirePro S7150 (Passive Cooling),FirePro S7150 (Passive Cooling),,,,,,,,,,150W,,,,,,,GDDR5,,160 GB/s,8 GB,,,,,,,,2016,,,https://www.amd.com/en/products/specifications/professional-graphics.html,1,high,PCIe Add-in Card
AMD,gpu,firepros,FirePro,FirePro S-series,workstation,Venus,Graphics Core Next (GCN),FirePro S4000X,FirePro S4000X,,,,,,,,,,45W,,,,,,,GDDR5,,72 GB/s,2 GB,,,,,,,,2014,,,https://www.amd.com/en/products/specifications/professional-graphics.html,1,medium,"MXM (Type A) | codename medium-confidence (researched, not on AMD spec sheet)"
AMD,gpu,firepros,FirePro,FirePro S-series,workstation,,,FirePro S400 Synchronization Module,FirePro S400 Synchronization Module,,,,,,,,,,,,,,,,,,,,,,,,,,,,2009,,,https://www.amd.com/en/products/specifications/professional-graphics.html,1,low,"PCIe Add-in Card | codename low-confidence (researched, not on AMD spec sheet)"
AMD,gpu,firepros,FirePro,FirePro S-series,workstation,Amethyst,Graphics Core Next (GCN) 3rd Gen,FirePro S7100X,FirePro S7100X,,,,,,,,,,100W,,,,,,,GDDR5,,160 GB/s,8 GB,,,,,,,,2016,,,https://www.amd.com/en/products/specifications/professional-graphics.html,1,medium,"MXM (Type B) | codename medium-confidence (researched, not on AMD spec sheet)"
AMD,gpu,firepros,FirePro,FirePro S-series,workstation,Pitcairn,Graphics Core Next (GCN),FirePro S7000,FirePro S7000,,,,,,,,,,150W,,,,,,,GDDR5,,154 GB/s,4 GB,,,,,,,,2012,,,https://www.amd.com/en/products/specifications/professional-graphics.html,1,high,PCIe Add-in Card
AMD,gpu,firepro,FirePro,FirePro R-series,workstation,Pitcairn,Graphics Core Next (GCN),FirePro R5000,FirePro R5000,,,,,,,,,,150W,,,,,,,GDDR5,,102.4 GB/s,2 GB,,,,,,,,2013,,,https://www.amd.com/en/products/specifications/professional-graphics.html,1,medium,"PCIe Add-in Card | codename medium-confidence (researched, not on AMD spec sheet)"
AMD,gpu,firepro,FirePro,FirePro Mobility Series,workstation,Tonga,Graphics Core Next (GCN) 3rd Gen,FirePro W7170M,FirePro W7170M,,,,,,,,,,100W,,,,,,,GDDR5,,160 GB/s,4 GB,,,,,,,,,,,https://www.amd.com/en/products/specifications/professional-graphics.html,1,high,2.96 TFLOPs
AMD,gpu,firepro,FirePro,FirePro Mobility Series,workstation,Trinidad,Graphics Core Next (GCN) 2nd Gen,FirePro W6150M,FirePro W6150M,,,,,,,,,,100W,,,,,,,GDDR5,,88 GB/s,4 GB,,,,,,,,,,,https://www.amd.com/en/products/specifications/professional-graphics.html,1,low,"1.97 TFLOPs | codename low-confidence (researched, not on AMD spec sheet)"
AMD,gpu,firepro,FirePro,FirePro Mobility Series,workstation,Bonaire,Graphics Core Next (GCN),FirePro W5170M,FirePro W5170M,,,,,,,,,,45W,,,,,,,GDDR5,,72 GB/s,2 GB,,,,,,,,,,,https://www.amd.com/en/products/specifications/professional-graphics.html,1,low,"1.18 TFLOPs | codename low-confidence (researched, not on AMD spec sheet)"
AMD,gpu,firepro,FirePro,FirePro Mobility Series,workstation,Bonaire,Graphics Core Next (GCN),FirePro W5130M,FirePro W5130M,,,,,,,,,,35W,,,,,,,GDDR5,,64 GB/s,2 GB,,,,,,,,,,,https://www.amd.com/en/products/specifications/professional-graphics.html,1,low,"950 GFLOPs | codename low-confidence (researched, not on AMD spec sheet)"
AMD,gpu,firepro,FirePro,FirePro Mobility Series,workstation,Mars,Graphics Core Next (GCN),FirePro W4190M,FirePro W4190M,,,,,,,,,,25W,,,,,,,GDDR5,,64 GB/s,2 GB,,,,,,,,,,,https://www.amd.com/en/products/specifications/professional-graphics.html,1,low,"630 GFLOPs | codename low-confidence (researched, not on AMD spec sheet)"
AMD,gpu,firepro,FirePro,FirePro Mobility Series,workstation,Mars,Graphics Core Next (GCN),FirePro W4170M,FirePro W4170M,,,,,,,,,,25W,,,,,,,GDDR5,,64 GB/s,2 GB,,,,,,,,,,,https://www.amd.com/en/products/specifications/professional-graphics.html,1,low,"630 GFLOPs | codename low-confidence (researched, not on AMD spec sheet)"
AMD,gpu,mi400,Instinct,Instinct MI400 Series,datacenter,,CDNA5,Instinct MI455X,AMD Instinct MI455X,,,,,,2.40 GHz,,,,,,,,,,,HBM4,,23.3 TB/s,432 GB,yes,,,,,,,2026-Q3,,,https://www.amd.com/en/products/specifications/accelerators.html,1,medium,"Enhanced Accelerator Module (EAM) | codename medium-confidence (researched, not on AMD spec sheet)"
AMD,gpu,mi350,Instinct,Instinct MI350 Series,datacenter,,CDNA4,Instinct MI355X,AMD Instinct MI355X,256,,,,,2.40 GHz,,,,1400W,,,,,,,HBM3E,,8 TB/s,288 GB,yes,,,,,,,2025-Q2,,,https://www.amd.com/en/products/specifications/accelerators.html,1,high,OAM Module
AMD,gpu,mi350,Instinct,Instinct MI350 Series,datacenter,,CDNA4,Instinct MI350P,AMD Instinct MI350P,128,,,,,2.20 GHz,,,,600W,,,,,,,HBM3E,,4 TB/s,144 GB,yes,,,,,,,,,,https://www.amd.com/en/products/specifications/accelerators.html,1,medium,"PCIe Add-in Card | codename medium-confidence (researched, not on AMD spec sheet)"
AMD,gpu,mi350,Instinct,Instinct MI350 Series,datacenter,,CDNA4,Instinct MI350X,AMD Instinct MI350X,256,,,,,2.20 GHz,,,,1000W,,,,,,,HBM3E,,8 TB/s,288 GB,yes,,,,,,,2025-Q2,,,https://www.amd.com/en/products/specifications/accelerators.html,1,high,OAM Module
AMD,gpu,mi300,Instinct,Instinct MI300 Series,datacenter,,CDNA3,Instinct MI325X,AMD Instinct MI325X,304,,,,,2.10 GHz,,,,1000W,,,,,,,HBM3E,,6 TB/s,256 GB,yes,,,,,,,2024-Q4,,,https://www.amd.com/en/products/specifications/accelerators.html,1,high,OAM Module
AMD,gpu,mi300,Instinct,Instinct MI300 Series,datacenter,,CDNA3,Instinct MI300X,AMD Instinct MI300X,304,,,,,2.10 GHz,,,,750W,,,,,,,HBM3,,5.3 TB/s,192 GB,yes,,,,,,,2023-Q4,,,https://www.amd.com/en/products/specifications/accelerators.html,1,high,OAM Module
AMD,gpu,mi300,Instinct,Instinct MI300 Series,datacenter,,CDNA3,Instinct MI300A,AMD Instinct MI300A,228,,,,,2.10 GHz,,,,,,,,,,,HBM3,,5.3 TB/s,128 GB,yes,,,,,,,2023-Q4,,,https://www.amd.com/en/products/specifications/accelerators.html,1,high,APU SH5 Socket
AMD,gpu,mi200,Instinct,Instinct MI200 Series,datacenter,,CDNA2,Instinct MI250X,AMD Instinct MI250X,220,,,,,1.70 GHz,,,,,,,,,,,HBM2e,,3.2 TB/s,128 GB,yes,,,,,,,,,,https://www.amd.com/en/products/specifications/accelerators.html,1,high,OAM Module
AMD,gpu,mi200,Instinct,Instinct MI200 Series,datacenter,,CDNA2,Instinct MI250,AMD Instinct MI250,208,,,,,1.70 GHz,,,,,,,,,,,HBM2e,,3.2 TB/s,128 GB,yes,,,,,,,2021-Q4,,,https://www.amd.com/en/products/specifications/accelerators.html,1,high,OAM Module
AMD,gpu,mi200,Instinct,Instinct MI200 Series,datacenter,,CDNA2,Instinct MI210,AMD Instinct MI210,104,,,,,1.70 GHz,,,,,,,,,,,HBM2e,,1.6 TB/s,64 GB,yes,,,,,,,,,,https://www.amd.com/en/products/specifications/accelerators.html,1,high,PCIe Add-in Card
AMD,gpu,mi100,Instinct,Instinct MI100 Series,datacenter,,CDNA,Instinct MI100,AMD Instinct MI100,120,,,,,1.50 GHz,,,,,,,,,,,HBM2,,1.2 TB/s,32 GB,yes,,,,,,,2020-Q4,,,https://www.amd.com/en/products/specifications/accelerators.html,1,high,PCIe Add-in Card
AMD,gpu,mi50,Instinct,Instinct MI Series,datacenter,,Vega20,Instinct MI60,Instinct MI60,64,,,,,1.80 GHz,,,,,,,,,,,HBM2,,1 TB/s,32 GB,yes,,,,,,,2018-Q4,,,https://www.amd.com/en/products/specifications/accelerators.html,1,high,PCIe Add-in Card
AMD,gpu,mi50,Instinct,Instinct MI Series,datacenter,,Vega20,Instinct MI50 (32GB),Instinct MI50 (32GB),60,,,,,1.73 GHz,,,,,,,,,,,HBM2,,1 TB/s,32 GB,yes,,,,,,,2018-Q4,,,https://www.amd.com/en/products/specifications/accelerators.html,1,high,PCIe Add-in Card
AMD,gpu,mi50,Instinct,Instinct MI Series,datacenter,,Vega20,Instinct MI50 (16GB),Instinct MI50 (16GB),60,,,,,1.73 GHz,,,,,,,,,,,HBM2,,1 TB/s,16 GB,yes,,,,,,,2018-Q4,,,https://www.amd.com/en/products/specifications/accelerators.html,1,high,PCIe Add-in Card
AMD,gpu,mi25,Instinct,Instinct MI Series,datacenter,,Vega,Instinct MI25,Instinct MI25,64,,,,,,,,,,,,,,,,HBM2,,484 GB/s,16 GB,yes,,,,,,,2017,,,https://www.amd.com/en/products/specifications/accelerators.html,1,high,PCIe Add-in Card
AMD,gpu,mi8,Instinct,Instinct MI Series,datacenter,,Graphics Core Next (GCN) 3rd Gen,Instinct MI8,Instinct MI8,,,,,,,,,,,,,,,,,High Bandwidth Memory (HBM),,512 GB/s,4 GB,,,,,,,,2017,,,https://www.amd.com/en/products/specifications/accelerators.html,1,high,PCIe Add-in Card
AMD,gpu,mi8,Instinct,Instinct MI Series,datacenter,,Polaris,Instinct MI6,Instinct MI6,,,,,,,,,,,,,,,,,GDDR5,,224 GB/s,16 GB,,,,,,,,2017,,,https://www.amd.com/en/products/specifications/accelerators.html,1,high,PCIe Add-in Card
