shard,model,field,why_missing,what_i_tried
amd-epyc,EPYC 9655,boost_clock,not found in tier-1 source,searched newegg/lenovo/HPE listings; base clock only reported
amd-epyc,EPYC 9655P,tdp,not found in tier-1 source,searched newegg listing; single-socket P variant TDP not listed
amd-epyc,EPYC 9655P,boost_clock,not found in tier-1 source,same as above
amd-epyc,EPYC 9565,base_clock,conflicting secondary sources,two search summaries gave differing figures (3.1 vs 3.15GHz) that may have been conflated with EPYC 9455; left blank
amd-epyc,EPYC 9565,boost_clock,not found in tier-1 source,no reseller/press listing found with boost clock
amd-epyc,EPYC 9535,base_clock,sources disagree (Newegg 2.4GHz vs Lenovo 2.2GHz),used Newegg value with medium confidence; logged conflict
amd-epyc,EPYC 9535,boost_clock,not found in tier-1 source,no listing found with boost clock
amd-epyc,EPYC 9555,boost_clock,not found in tier-1 source,newegg listing gave base clock only
amd-epyc,EPYC 9555,tdp,not found in tier-1 source,no reseller listing included TDP
amd-epyc,EPYC 9555P,boost_clock,not found in tier-1 source,newegg listing gave base clock only
amd-epyc,EPYC 9555P,tdp,not found in tier-1 source,no reseller listing included TDP
amd-epyc,EPYC 9455P,base_clock,not found in tier-1 source,central computer listing omitted clock for P variant
amd-epyc,EPYC 9455P,boost_clock,not found in tier-1 source,same as above
amd-epyc,EPYC 9455P,tdp,not found in tier-1 source,same as above
amd-epyc,EPYC 9475F,tdp,not found in tier-1 source,STH article gave price but not TDP for this SKU
amd-epyc,EPYC 9355P,boost_clock,not found in tier-1 source,ibfusion/topcpu listings gave base clock only
amd-epyc,EPYC 9255,boost_clock,not found in tier-1 source,newegg listing gave base clock only
amd-epyc,EPYC 9255,tdp,not found in tier-1 source,no reseller listing included TDP
amd-epyc,EPYC 9275F,boost_clock,not found in tier-1 source,newegg listing gave base clock only
amd-epyc,EPYC 9275F,tdp,not found in tier-1 source,no reseller listing included TDP
amd-epyc,EPYC 9115,boost_clock,not found in tier-1 source,newegg listing gave base clock only
amd-epyc,EPYC 9115,tdp,not found in tier-1 source,no reseller listing included TDP
amd-epyc,EPYC 9135,boost_clock,not found in tier-1 source,newegg listing gave base clock only
amd-epyc,EPYC 9135,tdp,not found in tier-1 source,no reseller listing included TDP
amd-epyc,EPYC 9175F,base_clock,not found in tier-1 source,STH article gave boost/TDP/price but not base clock
amd-epyc,EPYC 9755,tdp_config_up,not independently AMD-confirmed,secondary reporting varies on cTDP band; used common industry figure with medium confidence
amd-epyc,EPYC 9554P,base_clock,assumed identical to non-P 9554 not independently confirmed,no P-specific reseller listing with clocks found; used AMD page as reference but figure not explicitly shown for P suffix
amd-epyc,EPYC 9454P,base_clock,assumed identical to non-P 9454 not independently confirmed,no P-specific reseller listing with clocks found
amd-epyc,EPYC 9254,base_clock,not found in tier-1 source,cputronic/topcpu listings did not show clock values
amd-epyc,EPYC 9254,boost_clock,not found in tier-1 source,same as above
amd-epyc,EPYC 9734,base_clock,not found in tier-1 source,storagereview article gave TDP/price but not clocks
amd-epyc,EPYC 9734,boost_clock,not found in tier-1 source,same as above
amd-epyc,EPYC 7713P,base_clock/boost_clock,"P-series single-socket SKU clocks assumed identical to non-P 7713 sibling per AMD convention, not independently found in a P-specific spec sheet.",Searched AMD product pages and Thomas-Krenn wiki; found 7713 confirmed but no separate 7713P datasheet with explicit clocks.
amd-epyc,EPYC 7663P,tdp_config_up,cTDP-up value not found for P variant (only base TDP 240W confirmed).,Checked AMD ARK-style product page; only base TDP listed.
amd-epyc,EPYC 7643P,(clocks corroboration),"Clocks match confirmed 7643, but no P-specific datasheet found; assumed identical.",AMD product page for 7643P lists cores/TDP but boost clock figure not independently distinct.
amd-epyc,EPYC 7543,source_tier,Only tier-3 (Tom's Hardware launch article) corroboration found; no AMD product page or tier-1 source located for standalone 7543 (non-P).,Searched AMD site and Newegg; found 7543P listings readily but not standalone 7543 retail listing.
amd-epyc,EPYC 7543P,(clocks corroboration),Clocks assumed identical to 7543; no separate P-specific confirmation beyond AMD page cores/TDP.,AMD product page confirms cores/TDP but not independently distinct boost clock listing.
amd-epyc,EPYC 7443,base_clock/boost_clock,Non-P SKU clocks inferred from confirmed 7443P values (AMD keeps P/non-P clocks identical); not independently found for non-P part number.,Searched Newegg/AMD for standalone 7443 listing; only found 7443P retail/spec pages.
amd-epyc,EPYC 7303P,(clocks corroboration),Clocks assumed identical to 7303; AMD P-series page confirms cores/TDP but boost clock not separately re-verified.,Checked AMD product page for 7303P.
amd-epyc,EPYC 7313,source_tier,Only tier-3 source (WikiChip) found for standalone 7313 clocks; no AMD product page located directly.,Searched AMD site; found 7313P page but not distinct 7313 (non-P) AMD listing.
amd-epyc,EPYC 7313P,(clocks corroboration),Clocks assumed identical to 7313 (WikiChip-sourced); not independently confirmed via AMD P-specific page beyond cores/TDP.,Checked AMD product page for 7313P.
amd-epyc,EPYC 7203,launch_price_usd/source_tier,Only tier-3 source (WCCFTech leak/launch roundup) found; no AMD or retailer tier-1/tier-2 listing located.,Searched Newegg and AMD site; low-core-count Milan SKUs (7203/7203P) had sparse retail listings at time of search.
amd-epyc,EPYC 7203P,launch_price_usd/source_tier,Same as 7203 - only WCCFTech tier-3 corroboration found.,Searched Newegg and AMD site; not found.
amd-epyc,EPYC 7773X,boost_clock,"Source conflict: an early leak/rumor site cited 4.5 GHz boost, but corroborated figure repeated across Tom's Hardware, Phoronix, and AMD launch coverage is 3.5 GHz. Used 3.5 GHz (majority/authoritative sources), confidence set to medium and documented in notes.md.","Cross-checked Tom's Hardware, WCCFTech, and Phoronix Milan-X launch coverage; 3.5GHz was consistent across the majority tier-2/3 sources."
amd-epyc,Milan-X (all 4 SKUs),source_tier,"No AMD.com product pages located for Milan-X X-series parts (7773X/7573X/7473X/7373X); relying on tier-3 press coverage (Tom's Hardware, WCCFTech) for all fields.","Searched amd.com directly for 7003X series product pages; not found/indexed, likely delisted after EOL."
amd-epyc,EPYC 7702,base_clock/boost_clock/tdp,Non-P SKU values inferred from confirmed 7702P sibling; not independently re-verified for non-P part number.,Searched AMD product page and Thomas-Krenn wiki; found 7702P listing readily but not a distinct standalone 7702 datasheet.
amd-epyc,EPYC 7502,cores/l3_cache,Source conflict: one aggregated search-summary table row incorrectly attributed 64-core/256MB figures to 7502/7502P (likely conflated with 7702P in a scraped table); resolved using WikiChip/cpu-world/ServeTheHome corroborated value of 32C/128MB.,"Cross-checked WikiChip and ServeTheHome review; both agree on 32 cores/128MB L3, used that."
amd-epyc,EPYC 7642/7552/7542/7452/7402/7352/7302/7282/7272/7262/7252,source_tier,Only tier-3 corroboration (Thomas-Krenn wiki) found for these mid/low-tier Rome SKUs; no AMD.com product page located for several legacy Rome SKUs.,Searched amd.com directly for each model number; most legacy non-flagship Rome SKUs no longer have indexed individual product pages.
amd-epyc,EPYC 7532,launch_date,"Launch price found ($2,380) but exact launch quarter not explicitly stated; used generic Rome family launch date (2019-Q3).",Searched WikiChip and Toms Hardware launch coverage; found pricing but not an explicit SKU-specific launch date.
amd-epyc,EPYC 7H12,launch_price_usd/part_number,HPC-only specially-binned SKU not sold through standard retail/distribution channels; no public list price or part number found.,"Searched ServeTheHome, WCCFTech, WikiChip; all describe it as supercomputer/HPC-exclusive with no public pricing."
amd-epyc,EPYC 7371,tdp,"Conflicting TDP reports: ServeTheHome cites 170W as AMD spec, but some retail listings show 200W. Used 170W, confidence medium.",Cross-checked ServeTheHome launch article against retail listings; documented discrepancy in notes.md.
amd-epyc,EPYC 9996,"cores,threads,base_clock,boost_clock,l3_cache,tdp,mem_channels,mem_speed,launch_price_usd,part_number","Venice/EPYC 9006 SP7 family was announced at Advancing AI 2026 (July 22-23) with only family-level aggregate claims (up to 256 cores/512T flagship, ~5GHz boost, PCIe Gen 6, family TDP range ~700-1400W) reported by secondary tech-news sites, not an AMD product page or datasheet per SKU. No tier-1/2 s","Searched AMD.com for a Venice/9006-series product page (none indexed yet); searched TechPowerUp, WCCFTech, ServeTheHome, and general tech press for per-SKU breakdowns of individual model numbers; only found family/flagship-level aggregate figures, no confirmed table mapping each of these specific pa"
amd-epyc,EPYC 9966,"cores,threads,base_clock,boost_clock,l3_cache,tdp,mem_channels,mem_speed,launch_price_usd,part_number","Venice/EPYC 9006 SP7 family was announced at Advancing AI 2026 (July 22-23) with only family-level aggregate claims (up to 256 cores/512T flagship, ~5GHz boost, PCIe Gen 6, family TDP range ~700-1400W) reported by secondary tech-news sites, not an AMD product page or datasheet per SKU. No tier-1/2 s","Searched AMD.com for a Venice/9006-series product page (none indexed yet); searched TechPowerUp, WCCFTech, ServeTheHome, and general tech press for per-SKU breakdowns of individual model numbers; only found family/flagship-level aggregate figures, no confirmed table mapping each of these specific pa"
amd-epyc,EPYC 9846,"cores,threads,base_clock,boost_clock,l3_cache,tdp,mem_channels,mem_speed,launch_price_usd,part_number","Venice/EPYC 9006 SP7 family was announced at Advancing AI 2026 (July 22-23) with only family-level aggregate claims (up to 256 cores/512T flagship, ~5GHz boost, PCIe Gen 6, family TDP range ~700-1400W) reported by secondary tech-news sites, not an AMD product page or datasheet per SKU. No tier-1/2 s","Searched AMD.com for a Venice/9006-series product page (none indexed yet); searched TechPowerUp, WCCFTech, ServeTheHome, and general tech press for per-SKU breakdowns of individual model numbers; only found family/flagship-level aggregate figures, no confirmed table mapping each of these specific pa"
amd-epyc,EPYC 9756,"cores,threads,base_clock,boost_clock,l3_cache,tdp,mem_channels,mem_speed,launch_price_usd,part_number","Venice/EPYC 9006 SP7 family was announced at Advancing AI 2026 (July 22-23) with only family-level aggregate claims (up to 256 cores/512T flagship, ~5GHz boost, PCIe Gen 6, family TDP range ~700-1400W) reported by secondary tech-news sites, not an AMD product page or datasheet per SKU. No tier-1/2 s","Searched AMD.com for a Venice/9006-series product page (none indexed yet); searched TechPowerUp, WCCFTech, ServeTheHome, and general tech press for per-SKU breakdowns of individual model numbers; only found family/flagship-level aggregate figures, no confirmed table mapping each of these specific pa"
amd-epyc,EPYC 9G76,"cores,threads,base_clock,boost_clock,l3_cache,tdp,mem_channels,mem_speed,launch_price_usd,part_number","Venice/EPYC 9006 SP7 family was announced at Advancing AI 2026 (July 22-23) with only family-level aggregate claims (up to 256 cores/512T flagship, ~5GHz boost, PCIe Gen 6, family TDP range ~700-1400W) reported by secondary tech-news sites, not an AMD product page or datasheet per SKU. No tier-1/2 s","Searched AMD.com for a Venice/9006-series product page (none indexed yet); searched TechPowerUp, WCCFTech, ServeTheHome, and general tech press for per-SKU breakdowns of individual model numbers; only found family/flagship-level aggregate figures, no confirmed table mapping each of these specific pa"
amd-epyc,EPYC 9656,"cores,threads,base_clock,boost_clock,l3_cache,tdp,mem_channels,mem_speed,launch_price_usd,part_number","Venice/EPYC 9006 SP7 family was announced at Advancing AI 2026 (July 22-23) with only family-level aggregate claims (up to 256 cores/512T flagship, ~5GHz boost, PCIe Gen 6, family TDP range ~700-1400W) reported by secondary tech-news sites, not an AMD product page or datasheet per SKU. No tier-1/2 s","Searched AMD.com for a Venice/9006-series product page (none indexed yet); searched TechPowerUp, WCCFTech, ServeTheHome, and general tech press for per-SKU breakdowns of individual model numbers; only found family/flagship-level aggregate figures, no confirmed table mapping each of these specific pa"
amd-epyc,EPYC 9686F,"cores,threads,base_clock,boost_clock,l3_cache,tdp,mem_channels,mem_speed,launch_price_usd,part_number","Venice/EPYC 9006 SP7 family was announced at Advancing AI 2026 (July 22-23) with only family-level aggregate claims (up to 256 cores/512T flagship, ~5GHz boost, PCIe Gen 6, family TDP range ~700-1400W) reported by secondary tech-news sites, not an AMD product page or datasheet per SKU. No tier-1/2 s","Searched AMD.com for a Venice/9006-series product page (none indexed yet); searched TechPowerUp, WCCFTech, ServeTheHome, and general tech press for per-SKU breakdowns of individual model numbers; only found family/flagship-level aggregate figures, no confirmed table mapping each of these specific pa"
amd-epyc,EPYC 9556,"cores,threads,base_clock,boost_clock,l3_cache,tdp,mem_channels,mem_speed,launch_price_usd,part_number","Venice/EPYC 9006 SP7 family was announced at Advancing AI 2026 (July 22-23) with only family-level aggregate claims (up to 256 cores/512T flagship, ~5GHz boost, PCIe Gen 6, family TDP range ~700-1400W) reported by secondary tech-news sites, not an AMD product page or datasheet per SKU. No tier-1/2 s","Searched AMD.com for a Venice/9006-series product page (none indexed yet); searched TechPowerUp, WCCFTech, ServeTheHome, and general tech press for per-SKU breakdowns of individual model numbers; only found family/flagship-level aggregate figures, no confirmed table mapping each of these specific pa"
amd-epyc,EPYC 9586F,"cores,threads,base_clock,boost_clock,l3_cache,tdp,mem_channels,mem_speed,launch_price_usd,part_number","Venice/EPYC 9006 SP7 family was announced at Advancing AI 2026 (July 22-23) with only family-level aggregate claims (up to 256 cores/512T flagship, ~5GHz boost, PCIe Gen 6, family TDP range ~700-1400W) reported by secondary tech-news sites, not an AMD product page or datasheet per SKU. No tier-1/2 s","Searched AMD.com for a Venice/9006-series product page (none indexed yet); searched TechPowerUp, WCCFTech, ServeTheHome, and general tech press for per-SKU breakdowns of individual model numbers; only found family/flagship-level aggregate figures, no confirmed table mapping each of these specific pa"
amd-epyc,EPYC 9746,"cores,threads,base_clock,boost_clock,l3_cache,tdp,mem_channels,mem_speed,launch_price_usd,part_number","Venice/EPYC 9006 SP8 family (edge/general-purpose, 8-128 core range) was announced alongside SP7 but ships in 2027; no per-SKU AMD product page or datasheet exists yet. No tier-1/2 source gives this specific model number its own confirmed core count, clock, cache, or TDP.","Searched AMD.com for a Venice/9006-series product page (none indexed yet); searched TechPowerUp, WCCFTech, ServeTheHome, and general tech press for per-SKU breakdowns of individual model numbers; only found family/flagship-level aggregate figures, no confirmed table mapping each of these specific pa"
amd-epyc,EPYC 9736P,"cores,threads,base_clock,boost_clock,l3_cache,tdp,mem_channels,mem_speed,launch_price_usd,part_number","Venice/EPYC 9006 SP8 family (edge/general-purpose, 8-128 core range) was announced alongside SP7 but ships in 2027; no per-SKU AMD product page or datasheet exists yet. No tier-1/2 source gives this specific model number its own confirmed core count, clock, cache, or TDP.","Searched AMD.com for a Venice/9006-series product page (none indexed yet); searched TechPowerUp, WCCFTech, ServeTheHome, and general tech press for per-SKU breakdowns of individual model numbers; only found family/flagship-level aggregate figures, no confirmed table mapping each of these specific pa"
amd-epyc,EPYC 9736,"cores,threads,base_clock,boost_clock,l3_cache,tdp,mem_channels,mem_speed,launch_price_usd,part_number","Venice/EPYC 9006 SP8 family (edge/general-purpose, 8-128 core range) was announced alongside SP7 but ships in 2027; no per-SKU AMD product page or datasheet exists yet. No tier-1/2 source gives this specific model number its own confirmed core count, clock, cache, or TDP.","Searched AMD.com for a Venice/9006-series product page (none indexed yet); searched TechPowerUp, WCCFTech, ServeTheHome, and general tech press for per-SKU breakdowns of individual model numbers; only found family/flagship-level aggregate figures, no confirmed table mapping each of these specific pa"
amd-epyc,EPYC 9676F,"cores,threads,base_clock,boost_clock,l3_cache,tdp,mem_channels,mem_speed,launch_price_usd,part_number","Venice/EPYC 9006 SP8 family (edge/general-purpose, 8-128 core range) was announced alongside SP7 but ships in 2027; no per-SKU AMD product page or datasheet exists yet. No tier-1/2 source gives this specific model number its own confirmed core count, clock, cache, or TDP.","Searched AMD.com for a Venice/9006-series product page (none indexed yet); searched TechPowerUp, WCCFTech, ServeTheHome, and general tech press for per-SKU breakdowns of individual model numbers; only found family/flagship-level aggregate figures, no confirmed table mapping each of these specific pa"
amd-epyc,EPYC 9646P,"cores,threads,base_clock,boost_clock,l3_cache,tdp,mem_channels,mem_speed,launch_price_usd,part_number","Venice/EPYC 9006 SP8 family (edge/general-purpose, 8-128 core range) was announced alongside SP7 but ships in 2027; no per-SKU AMD product page or datasheet exists yet. No tier-1/2 source gives this specific model number its own confirmed core count, clock, cache, or TDP.","Searched AMD.com for a Venice/9006-series product page (none indexed yet); searched TechPowerUp, WCCFTech, ServeTheHome, and general tech press for per-SKU breakdowns of individual model numbers; only found family/flagship-level aggregate figures, no confirmed table mapping each of these specific pa"
amd-epyc,EPYC 9646,"cores,threads,base_clock,boost_clock,l3_cache,tdp,mem_channels,mem_speed,launch_price_usd,part_number","Venice/EPYC 9006 SP8 family (edge/general-purpose, 8-128 core range) was announced alongside SP7 but ships in 2027; no per-SKU AMD product page or datasheet exists yet. No tier-1/2 source gives this specific model number its own confirmed core count, clock, cache, or TDP.","Searched AMD.com for a Venice/9006-series product page (none indexed yet); searched TechPowerUp, WCCFTech, ServeTheHome, and general tech press for per-SKU breakdowns of individual model numbers; only found family/flagship-level aggregate figures, no confirmed table mapping each of these specific pa"
amd-epyc,EPYC 9576F,"cores,threads,base_clock,boost_clock,l3_cache,tdp,mem_channels,mem_speed,launch_price_usd,part_number","Venice/EPYC 9006 SP8 family (edge/general-purpose, 8-128 core range) was announced alongside SP7 but ships in 2027; no per-SKU AMD product page or datasheet exists yet. No tier-1/2 source gives this specific model number its own confirmed core count, clock, cache, or TDP.","Searched AMD.com for a Venice/9006-series product page (none indexed yet); searched TechPowerUp, WCCFTech, ServeTheHome, and general tech press for per-SKU breakdowns of individual model numbers; only found family/flagship-level aggregate figures, no confirmed table mapping each of these specific pa"
amd-epyc,EPYC 9536P,"cores,threads,base_clock,boost_clock,l3_cache,tdp,mem_channels,mem_speed,launch_price_usd,part_number","Venice/EPYC 9006 SP8 family (edge/general-purpose, 8-128 core range) was announced alongside SP7 but ships in 2027; no per-SKU AMD product page or datasheet exists yet. No tier-1/2 source gives this specific model number its own confirmed core count, clock, cache, or TDP.","Searched AMD.com for a Venice/9006-series product page (none indexed yet); searched TechPowerUp, WCCFTech, ServeTheHome, and general tech press for per-SKU breakdowns of individual model numbers; only found family/flagship-level aggregate figures, no confirmed table mapping each of these specific pa"
amd-epyc,EPYC 9536,"cores,threads,base_clock,boost_clock,l3_cache,tdp,mem_channels,mem_speed,launch_price_usd,part_number","Venice/EPYC 9006 SP8 family (edge/general-purpose, 8-128 core range) was announced alongside SP7 but ships in 2027; no per-SKU AMD product page or datasheet exists yet. No tier-1/2 source gives this specific model number its own confirmed core count, clock, cache, or TDP.","Searched AMD.com for a Venice/9006-series product page (none indexed yet); searched TechPowerUp, WCCFTech, ServeTheHome, and general tech press for per-SKU breakdowns of individual model numbers; only found family/flagship-level aggregate figures, no confirmed table mapping each of these specific pa"
amd-epyc,EPYC 9526,"cores,threads,base_clock,boost_clock,l3_cache,tdp,mem_channels,mem_speed,launch_price_usd,part_number","Venice/EPYC 9006 SP8 family (edge/general-purpose, 8-128 core range) was announced alongside SP7 but ships in 2027; no per-SKU AMD product page or datasheet exists yet. No tier-1/2 source gives this specific model number its own confirmed core count, clock, cache, or TDP.","Searched AMD.com for a Venice/9006-series product page (none indexed yet); searched TechPowerUp, WCCFTech, ServeTheHome, and general tech press for per-SKU breakdowns of individual model numbers; only found family/flagship-level aggregate figures, no confirmed table mapping each of these specific pa"
amd-epyc,EPYC 9476F,"cores,threads,base_clock,boost_clock,l3_cache,tdp,mem_channels,mem_speed,launch_price_usd,part_number","Venice/EPYC 9006 SP8 family (edge/general-purpose, 8-128 core range) was announced alongside SP7 but ships in 2027; no per-SKU AMD product page or datasheet exists yet. No tier-1/2 source gives this specific model number its own confirmed core count, clock, cache, or TDP.","Searched AMD.com for a Venice/9006-series product page (none indexed yet); searched TechPowerUp, WCCFTech, ServeTheHome, and general tech press for per-SKU breakdowns of individual model numbers; only found family/flagship-level aggregate figures, no confirmed table mapping each of these specific pa"
amd-epyc,EPYC 9456P,"cores,threads,base_clock,boost_clock,l3_cache,tdp,mem_channels,mem_speed,launch_price_usd,part_number","Venice/EPYC 9006 SP8 family (edge/general-purpose, 8-128 core range) was announced alongside SP7 but ships in 2027; no per-SKU AMD product page or datasheet exists yet. No tier-1/2 source gives this specific model number its own confirmed core count, clock, cache, or TDP.","Searched AMD.com for a Venice/9006-series product page (none indexed yet); searched TechPowerUp, WCCFTech, ServeTheHome, and general tech press for per-SKU breakdowns of individual model numbers; only found family/flagship-level aggregate figures, no confirmed table mapping each of these specific pa"
amd-epyc,EPYC 9456,"cores,threads,base_clock,boost_clock,l3_cache,tdp,mem_channels,mem_speed,launch_price_usd,part_number","Venice/EPYC 9006 SP8 family (edge/general-purpose, 8-128 core range) was announced alongside SP7 but ships in 2027; no per-SKU AMD product page or datasheet exists yet. No tier-1/2 source gives this specific model number its own confirmed core count, clock, cache, or TDP.","Searched AMD.com for a Venice/9006-series product page (none indexed yet); searched TechPowerUp, WCCFTech, ServeTheHome, and general tech press for per-SKU breakdowns of individual model numbers; only found family/flagship-level aggregate figures, no confirmed table mapping each of these specific pa"
amd-epyc,EPYC 9376F,"cores,threads,base_clock,boost_clock,l3_cache,tdp,mem_channels,mem_speed,launch_price_usd,part_number","Venice/EPYC 9006 SP8 family (edge/general-purpose, 8-128 core range) was announced alongside SP7 but ships in 2027; no per-SKU AMD product page or datasheet exists yet. No tier-1/2 source gives this specific model number its own confirmed core count, clock, cache, or TDP.","Searched AMD.com for a Venice/9006-series product page (none indexed yet); searched TechPowerUp, WCCFTech, ServeTheHome, and general tech press for per-SKU breakdowns of individual model numbers; only found family/flagship-level aggregate figures, no confirmed table mapping each of these specific pa"
amd-epyc,EPYC 9356P,"cores,threads,base_clock,boost_clock,l3_cache,tdp,mem_channels,mem_speed,launch_price_usd,part_number","Venice/EPYC 9006 SP8 family (edge/general-purpose, 8-128 core range) was announced alongside SP7 but ships in 2027; no per-SKU AMD product page or datasheet exists yet. No tier-1/2 source gives this specific model number its own confirmed core count, clock, cache, or TDP.","Searched AMD.com for a Venice/9006-series product page (none indexed yet); searched TechPowerUp, WCCFTech, ServeTheHome, and general tech press for per-SKU breakdowns of individual model numbers; only found family/flagship-level aggregate figures, no confirmed table mapping each of these specific pa"
amd-epyc,EPYC 9356,"cores,threads,base_clock,boost_clock,l3_cache,tdp,mem_channels,mem_speed,launch_price_usd,part_number","Venice/EPYC 9006 SP8 family (edge/general-purpose, 8-128 core range) was announced alongside SP7 but ships in 2027; no per-SKU AMD product page or datasheet exists yet. No tier-1/2 source gives this specific model number its own confirmed core count, clock, cache, or TDP.","Searched AMD.com for a Venice/9006-series product page (none indexed yet); searched TechPowerUp, WCCFTech, ServeTheHome, and general tech press for per-SKU breakdowns of individual model numbers; only found family/flagship-level aggregate figures, no confirmed table mapping each of these specific pa"
amd-epyc,EPYC 9336,"cores,threads,base_clock,boost_clock,l3_cache,tdp,mem_channels,mem_speed,launch_price_usd,part_number","Venice/EPYC 9006 SP8 family (edge/general-purpose, 8-128 core range) was announced alongside SP7 but ships in 2027; no per-SKU AMD product page or datasheet exists yet. No tier-1/2 source gives this specific model number its own confirmed core count, clock, cache, or TDP.","Searched AMD.com for a Venice/9006-series product page (none indexed yet); searched TechPowerUp, WCCFTech, ServeTheHome, and general tech press for per-SKU breakdowns of individual model numbers; only found family/flagship-level aggregate figures, no confirmed table mapping each of these specific pa"
amd-epyc,EPYC 9276F,"cores,threads,base_clock,boost_clock,l3_cache,tdp,mem_channels,mem_speed,launch_price_usd,part_number","Venice/EPYC 9006 SP8 family (edge/general-purpose, 8-128 core range) was announced alongside SP7 but ships in 2027; no per-SKU AMD product page or datasheet exists yet. No tier-1/2 source gives this specific model number its own confirmed core count, clock, cache, or TDP.","Searched AMD.com for a Venice/9006-series product page (none indexed yet); searched TechPowerUp, WCCFTech, ServeTheHome, and general tech press for per-SKU breakdowns of individual model numbers; only found family/flagship-level aggregate figures, no confirmed table mapping each of these specific pa"
amd-epyc,EPYC 9256,"cores,threads,base_clock,boost_clock,l3_cache,tdp,mem_channels,mem_speed,launch_price_usd,part_number","Venice/EPYC 9006 SP8 family (edge/general-purpose, 8-128 core range) was announced alongside SP7 but ships in 2027; no per-SKU AMD product page or datasheet exists yet. No tier-1/2 source gives this specific model number its own confirmed core count, clock, cache, or TDP.","Searched AMD.com for a Venice/9006-series product page (none indexed yet); searched TechPowerUp, WCCFTech, ServeTheHome, and general tech press for per-SKU breakdowns of individual model numbers; only found family/flagship-level aggregate figures, no confirmed table mapping each of these specific pa"
amd-epyc,EPYC 9176F,"cores,threads,base_clock,boost_clock,l3_cache,tdp,mem_channels,mem_speed,launch_price_usd,part_number","Venice/EPYC 9006 SP8 family (edge/general-purpose, 8-128 core range) was announced alongside SP7 but ships in 2027; no per-SKU AMD product page or datasheet exists yet. No tier-1/2 source gives this specific model number its own confirmed core count, clock, cache, or TDP.","Searched AMD.com for a Venice/9006-series product page (none indexed yet); searched TechPowerUp, WCCFTech, ServeTheHome, and general tech press for per-SKU breakdowns of individual model numbers; only found family/flagship-level aggregate figures, no confirmed table mapping each of these specific pa"
amd-epyc,EPYC 9116,"cores,threads,base_clock,boost_clock,l3_cache,tdp,mem_channels,mem_speed,launch_price_usd,part_number","Venice/EPYC 9006 SP8 family (edge/general-purpose, 8-128 core range) was announced alongside SP7 but ships in 2027; no per-SKU AMD product page or datasheet exists yet. No tier-1/2 source gives this specific model number its own confirmed core count, clock, cache, or TDP.","Searched AMD.com for a Venice/9006-series product page (none indexed yet); searched TechPowerUp, WCCFTech, ServeTheHome, and general tech press for per-SKU breakdowns of individual model numbers; only found family/flagship-level aggregate figures, no confirmed table mapping each of these specific pa"
amd-epyc,EPYC 9016,"cores,threads,base_clock,boost_clock,l3_cache,tdp,mem_channels,mem_speed,launch_price_usd,part_number","Venice/EPYC 9006 SP8 family (edge/general-purpose, 8-128 core range) was announced alongside SP7 but ships in 2027; no per-SKU AMD product page or datasheet exists yet. No tier-1/2 source gives this specific model number its own confirmed core count, clock, cache, or TDP.","Searched AMD.com for a Venice/9006-series product page (none indexed yet); searched TechPowerUp, WCCFTech, ServeTheHome, and general tech press for per-SKU breakdowns of individual model numbers; only found family/flagship-level aggregate figures, no confirmed table mapping each of these specific pa"
amd-gpu-a,RX 9060,cores,No dedicated AMD tier-1 product page found for non-XT RX 9060 at research time,WebSearch for amd.com RX 9060 page; only found XT/LP/8GB variants indexed
amd-gpu-a,RX 9060,boost_clock,Same as above,Same as above
amd-gpu-a,RX 9060,tdp,Same as above,Same as above
amd-gpu-a,RX 9060,mem_speed,Same as above,Same as above
amd-gpu-a,RX 9060,source_tier,"No tier-1 source located; row filled from architectural inference only (Navi 44 cut-down pattern), flagged low confidence",WebSearch amd.com + TechPowerUp; not found
amd-gpu-a,RX 6650M XT,boost_clock,No tier-1/reliable tier-3 source with exact clock found,WebSearch multiple queries; only die/transistor info surfaced
amd-gpu-a,RX 6500M,mem_speed,Bandwidth not stated in sources found,WebSearch Notebookcheck comparison page
amd-gpu-a,RX 6450M,boost_clock,Not confirmed in sources found,WebSearch Notebookcheck comparison page
amd-gpu-a,RX 6450M,mem_speed,Not confirmed in sources found,WebSearch Notebookcheck comparison page
amd-gpu-a,RX 6300M,tdp,No TGP figure found in available sources,WebSearch Notebookcheck comparison page
amd-gpu-a,RX 6300M,mem_speed,Not confirmed in sources found,WebSearch Notebookcheck comparison page
amd-gpu-a,RX 6550S,tdp,No TGP figure found in available sources,WebSearch Notebookcheck spec page
amd-gpu-a,RX 6550S,boost_clock,Not confirmed in sources found,WebSearch Notebookcheck spec page
amd-gpu-a,RX 6550S,mem_speed,Not confirmed in sources found,WebSearch Notebookcheck spec page
amd-gpu-a,RX 6550S,mem_max_capacity,"VRAM capacity not confirmed; assumed 4GB based on Navi24 family pattern, flagged low confidence",WebSearch Notebookcheck spec page
amd-gpu-a,PRO W6500M,cores,"No tier-1 AMD spec page found; CU count inferred from Navi23 cut-down pattern, not independently confirmed",WebSearch amd.com + press coverage
amd-gpu-a,PRO W6500M,boost_clock,Not found in sources,WebSearch
amd-gpu-a,PRO W6500M,tdp,Not found in sources,WebSearch
amd-gpu-a,PRO W6300M,tdp,Not found in sources,WebSearch
amd-gpu-a,RX 5600 (non-XT),source_tier,AMD never gave this China/OEM part a public product page,"WebSearch, checked amd.com"
amd-gpu-a,RX 5500 (non-XT),boost_clock,"OEM-exclusive part, no clock data published",WebSearch
amd-gpu-a,RX 5500 (non-XT),tdp,"OEM-exclusive part, no TDP data published",WebSearch
amd-gpu-a,RX 5500 (non-XT),mem_speed,"OEM-exclusive part, no bandwidth data published",WebSearch
amd-gpu-a,R9 M395,cores,No distinct tier-1/tier-3 spec page found separate from M395X variant,WebSearch
amd-gpu-a,R9 M395,tdp,Not found in sources,WebSearch
amd-gpu-a,R9 M390,cores,No distinct spec page found separate from M390X variant,WebSearch
amd-gpu-a,R9 M390,tdp,Not found in sources,WebSearch
amd-gpu-a,R9 M385,cores,No distinct spec page found separate from M385X variant,WebSearch
amd-gpu-a,R9 M385,tdp,Not found in sources,WebSearch
amd-gpu-a,R9 M380,cores,No spec page found in results,WebSearch
amd-gpu-a,R9 M380,tdp,No spec page found in results,WebSearch
amd-gpu-a,R9 M380,mem_max_capacity,No spec page found in results,WebSearch
amd-gpu-a,R9 380,boost_clock,"Only single 970 MHz clock reported, boost clock not distinguished from base in sources found",WebSearch
amd-gpu-a,R9 280,boost_clock,"Sourced only from Wikipedia aggregation, not tier1/tier2",WebSearch
amd-gpu-a,R9 270,cores,"Value shared with R9 270X (same Pitcairn die), not independently confirmed for non-X",WebSearch
amd-gpu-a,R9 M290X,cores,No detailed spec page found in results,WebSearch
amd-gpu-a,R9 M290X,tdp,No detailed spec page found in results,WebSearch
amd-gpu-a,R9 M285X,cores,No detailed spec page found in results,WebSearch
amd-gpu-a,R9 M285X,tdp,No detailed spec page found in results,WebSearch
amd-gpu-a,R9 M280X,cores,No detailed spec page found in results,WebSearch
amd-gpu-a,R9 M280X,tdp,No detailed spec page found in results,WebSearch
amd-gpu-a,R9 M280,cores,No detailed spec page found in results,WebSearch
amd-gpu-a,R9 M280,tdp,No detailed spec page found in results,WebSearch
amd-gpu-a,R9 M275X,cores,No detailed spec page found in results,WebSearch
amd-gpu-a,R9 M275X,tdp,No detailed spec page found in results,WebSearch
amd-gpu-a,R9 M270X,cores,No detailed spec page found in results,WebSearch
amd-gpu-a,R9 M270X,tdp,No detailed spec page found in results,WebSearch
amd-gpu-a,R9 M265X,cores,No detailed spec page found in results,WebSearch
amd-gpu-a,R9 M265X,tdp,No detailed spec page found in results,WebSearch
amd-gpu-a,R7 M375,cores,No independent spec page found; value inferred from closely related M370 Trinidad die,WebSearch
amd-gpu-a,R7 M375,tdp,Not found in sources,WebSearch
amd-gpu-a,R7 M370,tdp,Not found in sources,WebSearch
amd-gpu-a,R7 M365X,tdp,Not found in sources,WebSearch
amd-gpu-a,R7 M365,tdp,Not found in sources,WebSearch
amd-gpu-a,R7 M360,tdp,Not found in sources,WebSearch
amd-gpu-a,R7 M350,cores,No independent spec page found; assumed to share Sun die with M360,WebSearch
amd-gpu-a,R7 M350,tdp,Not found in sources,WebSearch
amd-gpu-a,R7 M340,tdp,Not found in sources,WebSearch
amd-gpu-a,R7 260,cores,No tier1/tier2 source; CU count taken from aggregator 'rendering cores' terminology,WebSearch
amd-gpu-a,R7 M270,cores,No dedicated spec page found; inferred from Mars-die family pattern,WebSearch
amd-gpu-a,R7 M270,tdp,Not found in sources,WebSearch
amd-gpu-a,R7 M265X,cores,No dedicated spec page found; inferred from Mars-die family pattern,WebSearch
amd-gpu-a,R7 M265X,tdp,Not found in sources,WebSearch
amd-gpu-a,R7 M265,tdp,Not found in sources,WebSearch
amd-gpu-a,R7 M265AE,cores,No independent spec page found; Apple-Edition variant of M265 assumed same die,WebSearch
amd-gpu-a,R7 M265AE,tdp,Not found in sources,WebSearch
amd-gpu-a,R7 M260X,tdp,Not found in sources,WebSearch
amd-gpu-a,R7 M260,tdp,Not found in sources,WebSearch
amd-gpu-a,R5 M335X,tdp,No independent spec page found beyond related M335 die,WebSearch
amd-gpu-a,R5 M335,tdp,Not found in sources,WebSearch
amd-gpu-a,R5 M330,tdp,Not found in sources,WebSearch
amd-gpu-a,R5 M320,cores,No confirmed spec page found,WebSearch
amd-gpu-a,R5 M320,tdp,No confirmed spec page found,WebSearch
amd-gpu-a,R5 M315,tdp,Not found in sources,WebSearch
amd-gpu-a,R5 235,cores,Values approximated from R5 235X OEM SKU rather than R5 235 itself,WebSearch
amd-gpu-a,R5 M255X,cores,No confirmed spec page found,WebSearch
amd-gpu-a,R5 M255X,tdp,No confirmed spec page found,WebSearch
amd-gpu-a,R5 M255,cores,No detailed spec figures found in results,WebSearch
amd-gpu-a,R5 M255,tdp,No detailed spec figures found in results,WebSearch
amd-gpu-a,R5 M240X,tdp,Not found in sources,WebSearch
amd-gpu-a,R5 M240,tdp,Not found in sources,WebSearch
amd-gpu-a,R5 M230,tdp,Not found in sources,WebSearch
amd-gpu-a,530,tdp,Not found in sources searched,WebSearch
amd-gpu-a,HD 8870M,tdp,Not found in sources,WebSearch
amd-gpu-a,HD 8850M,tdp,Not found in sources,WebSearch
amd-gpu-a,HD 8830M,tdp,Not found in sources,WebSearch
amd-gpu-a,HD 8790M,tdp,Sources say 'similar to HD 7670M' without giving a number,WebSearch
amd-gpu-a,HD 8770M,tdp,Sources say 'similar to HD 7670M' without giving a number,WebSearch
amd-gpu-a,HD 8750M,tdp,Not found in sources,WebSearch
amd-gpu-a,HD 8730M,tdp,Not found in sources,WebSearch
amd-gpu-a,HD 8690M,tdp,Not found in sources,WebSearch
amd-gpu-a,HD 8670M,boost_clock,No dedicated spec excerpt returned; inferred family pattern only,WebSearch
amd-gpu-a,HD 8670M,tdp,Not found in sources,WebSearch
amd-gpu-a,HD 8590M,tdp,Sources say 'somewhat below HD 7670M' without giving a number,WebSearch
amd-gpu-a,HD 8570M,tdp,Sources say 'somewhat below HD 7650M' without giving a number,WebSearch
amd-gpu-a,HD 7950,boost_clock,"Wikipedia aggregation only, no distinct boost figure vs base",WebSearch
amd-gpu-a,HD 7870 GHz Edition,boost_clock,Only single reference clock reported,WebSearch
amd-gpu-a,HD 7850,boost_clock,Only single reference clock reported,WebSearch
amd-gpu-a,HD 7750,boost_clock,Only single reference clock reported,WebSearch
amd-gpu-a,HD 7730,tdp,Not found in sources,WebSearch
amd-gpu-b,Pro W5700,l3_cache,not published / not found in available sources,"searched vendor page, TechPowerUp/CpuTronic/Notebookcheck aggregators"
amd-gpu-b,Pro W5700,part_number,not published / not found in available sources,"searched vendor page, TechPowerUp/CpuTronic/Notebookcheck aggregators"
amd-gpu-b,Pro W5500,l3_cache,not published / not found in available sources,"searched vendor page, TechPowerUp/CpuTronic/Notebookcheck aggregators"
amd-gpu-b,Pro W5500,part_number,not published / not found in available sources,"searched vendor page, TechPowerUp/CpuTronic/Notebookcheck aggregators"
amd-gpu-b,PRO W5500M (Mobile),boost_clock,not published / not found in available sources,"searched vendor page, TechPowerUp/CpuTronic/Notebookcheck aggregators"
amd-gpu-b,PRO W5500M (Mobile),l3_cache,not published / not found in available sources,"searched vendor page, TechPowerUp/CpuTronic/Notebookcheck aggregators"
amd-gpu-b,PRO W5500M (Mobile),launch_price_usd,not published / not found in available sources,"searched vendor page, TechPowerUp/CpuTronic/Notebookcheck aggregators"
amd-gpu-b,PRO W5500M (Mobile),part_number,not published / not found in available sources,"searched vendor page, TechPowerUp/CpuTronic/Notebookcheck aggregators"
amd-gpu-b,ATI HD 5970,boost_clock,not published / not found in available sources,"searched vendor page, TechPowerUp/CpuTronic/Notebookcheck aggregators"
amd-gpu-b,ATI HD 5970,l3_cache,not published / not found in available sources,"searched vendor page, TechPowerUp/CpuTronic/Notebookcheck aggregators"
amd-gpu-b,ATI HD 5970,part_number,not published / not found in available sources,"searched vendor page, TechPowerUp/CpuTronic/Notebookcheck aggregators"
amd-gpu-b,ATI HD 5870,boost_clock,not published / not found in available sources,"searched vendor page, TechPowerUp/CpuTronic/Notebookcheck aggregators"
amd-gpu-b,ATI HD 5870,l3_cache,not published / not found in available sources,"searched vendor page, TechPowerUp/CpuTronic/Notebookcheck aggregators"
amd-gpu-b,ATI HD 5870,part_number,not published / not found in available sources,"searched vendor page, TechPowerUp/CpuTronic/Notebookcheck aggregators"
amd-gpu-b,ATI HD 5850,boost_clock,not published / not found in available sources,"searched vendor page, TechPowerUp/CpuTronic/Notebookcheck aggregators"
amd-gpu-b,ATI HD 5850,l3_cache,not published / not found in available sources,"searched vendor page, TechPowerUp/CpuTronic/Notebookcheck aggregators"
amd-gpu-b,ATI HD 5850,part_number,not published / not found in available sources,"searched vendor page, TechPowerUp/CpuTronic/Notebookcheck aggregators"
amd-gpu-b,ATI HD 5830,boost_clock,not published / not found in available sources,"searched vendor page, TechPowerUp/CpuTronic/Notebookcheck aggregators"
amd-gpu-b,ATI HD 5830,l3_cache,not published / not found in available sources,"searched vendor page, TechPowerUp/CpuTronic/Notebookcheck aggregators"
amd-gpu-b,ATI HD 5830,part_number,not published / not found in available sources,"searched vendor page, TechPowerUp/CpuTronic/Notebookcheck aggregators"
amd-gpu-b,ATI HD 5770,boost_clock,not published / not found in available sources,"searched vendor page, TechPowerUp/CpuTronic/Notebookcheck aggregators"
amd-gpu-b,ATI HD 5770,l3_cache,not published / not found in available sources,"searched vendor page, TechPowerUp/CpuTronic/Notebookcheck aggregators"
amd-gpu-b,ATI HD 5770,part_number,not published / not found in available sources,"searched vendor page, TechPowerUp/CpuTronic/Notebookcheck aggregators"
amd-gpu-b,ATI HD 5750,boost_clock,not published / not found in available sources,"searched vendor page, TechPowerUp/CpuTronic/Notebookcheck aggregators"
amd-gpu-b,ATI HD 5750,l3_cache,not published / not found in available sources,"searched vendor page, TechPowerUp/CpuTronic/Notebookcheck aggregators"
amd-gpu-b,ATI HD 5750,part_number,not published / not found in available sources,"searched vendor page, TechPowerUp/CpuTronic/Notebookcheck aggregators"
amd-gpu-b,ATI HD 5670,boost_clock,not published / not found in available sources,"searched vendor page, TechPowerUp/CpuTronic/Notebookcheck aggregators"
amd-gpu-b,ATI HD 5670,l3_cache,not published / not found in available sources,"searched vendor page, TechPowerUp/CpuTronic/Notebookcheck aggregators"
amd-gpu-b,ATI HD 5670,part_number,not published / not found in available sources,"searched vendor page, TechPowerUp/CpuTronic/Notebookcheck aggregators"
amd-gpu-b,ATI HD 5570,boost_clock,not published / not found in available sources,"searched vendor page, TechPowerUp/CpuTronic/Notebookcheck aggregators"
amd-gpu-b,ATI HD 5570,l3_cache,not published / not found in available sources,"searched vendor page, TechPowerUp/CpuTronic/Notebookcheck aggregators"
amd-gpu-b,ATI HD 5570,part_number,not published / not found in available sources,"searched vendor page, TechPowerUp/CpuTronic/Notebookcheck aggregators"
amd-gpu-b,ATI HD 5450,boost_clock,not published / not found in available sources,"searched vendor page, TechPowerUp/CpuTronic/Notebookcheck aggregators"
amd-gpu-b,ATI HD 5450,l3_cache,not published / not found in available sources,"searched vendor page, TechPowerUp/CpuTronic/Notebookcheck aggregators"
amd-gpu-b,ATI HD 5450,part_number,not published / not found in available sources,"searched vendor page, TechPowerUp/CpuTronic/Notebookcheck aggregators"
amd-gpu-b,RX 640,l3_cache,not published / not found in available sources,"searched vendor page, TechPowerUp/CpuTronic/Notebookcheck aggregators"
amd-gpu-b,RX 640,launch_price_usd,not published / not found in available sources,"searched vendor page, TechPowerUp/CpuTronic/Notebookcheck aggregators"
amd-gpu-b,RX 640,part_number,not published / not found in available sources,"searched vendor page, TechPowerUp/CpuTronic/Notebookcheck aggregators"
amd-gpu-b,630,base_clock,not published / not found in available sources,"searched vendor page, TechPowerUp/CpuTronic/Notebookcheck aggregators"
amd-gpu-b,630,l3_cache,not published / not found in available sources,"searched vendor page, TechPowerUp/CpuTronic/Notebookcheck aggregators"
amd-gpu-b,630,launch_price_usd,not published / not found in available sources,"searched vendor page, TechPowerUp/CpuTronic/Notebookcheck aggregators"
amd-gpu-b,630,part_number,not published / not found in available sources,"searched vendor page, TechPowerUp/CpuTronic/Notebookcheck aggregators"
amd-gpu-b,625,base_clock,not published / not found in available sources,"searched vendor page, TechPowerUp/CpuTronic/Notebookcheck aggregators"
amd-gpu-b,625,l3_cache,not published / not found in available sources,"searched vendor page, TechPowerUp/CpuTronic/Notebookcheck aggregators"
amd-gpu-b,625,launch_price_usd,not published / not found in available sources,"searched vendor page, TechPowerUp/CpuTronic/Notebookcheck aggregators"
amd-gpu-b,625,part_number,not published / not found in available sources,"searched vendor page, TechPowerUp/CpuTronic/Notebookcheck aggregators"
amd-gpu-b,620,l3_cache,not published / not found in available sources,"searched vendor page, TechPowerUp/CpuTronic/Notebookcheck aggregators"
amd-gpu-b,620,launch_price_usd,not published / not found in available sources,"searched vendor page, TechPowerUp/CpuTronic/Notebookcheck aggregators"
amd-gpu-b,620,part_number,not published / not found in available sources,"searched vendor page, TechPowerUp/CpuTronic/Notebookcheck aggregators"
amd-gpu-b,610,cores,not published / not found in available sources,"searched vendor page, TechPowerUp/CpuTronic/Notebookcheck aggregators"
amd-gpu-b,610,base_clock,not published / not found in available sources,"searched vendor page, TechPowerUp/CpuTronic/Notebookcheck aggregators"
amd-gpu-b,610,l3_cache,not published / not found in available sources,"searched vendor page, TechPowerUp/CpuTronic/Notebookcheck aggregators"
amd-gpu-b,610,launch_price_usd,not published / not found in available sources,"searched vendor page, TechPowerUp/CpuTronic/Notebookcheck aggregators"
amd-gpu-b,610,part_number,not published / not found in available sources,"searched vendor page, TechPowerUp/CpuTronic/Notebookcheck aggregators"
amd-gpu-b,Pro WX 8200,base_clock,not published / not found in available sources,"searched vendor page, TechPowerUp/CpuTronic/Notebookcheck aggregators"
amd-gpu-b,Pro WX 8200,l3_cache,not published / not found in available sources,"searched vendor page, TechPowerUp/CpuTronic/Notebookcheck aggregators"
amd-gpu-b,Pro WX 8200,part_number,not published / not found in available sources,"searched vendor page, TechPowerUp/CpuTronic/Notebookcheck aggregators"
amd-gpu-b,Pro WX 3200,boost_clock,not published / not found in available sources,"searched vendor page, TechPowerUp/CpuTronic/Notebookcheck aggregators"
amd-gpu-b,Pro WX 3200,l3_cache,not published / not found in available sources,"searched vendor page, TechPowerUp/CpuTronic/Notebookcheck aggregators"
amd-gpu-b,Pro WX 3200,part_number,not published / not found in available sources,"searched vendor page, TechPowerUp/CpuTronic/Notebookcheck aggregators"
amd-gpu-b,MI60,l3_cache,not published / not found in available sources,"searched vendor page, TechPowerUp/CpuTronic/Notebookcheck aggregators"
amd-gpu-b,MI60,launch_price_usd,not published / not found in available sources,"searched vendor page, TechPowerUp/CpuTronic/Notebookcheck aggregators"
amd-gpu-b,MI60,part_number,not published / not found in available sources,"searched vendor page, TechPowerUp/CpuTronic/Notebookcheck aggregators"
amd-gpu-b,MI50,l3_cache,not published / not found in available sources,"searched vendor page, TechPowerUp/CpuTronic/Notebookcheck aggregators"
amd-gpu-b,MI50,launch_price_usd,not published / not found in available sources,"searched vendor page, TechPowerUp/CpuTronic/Notebookcheck aggregators"
amd-gpu-b,MI50,part_number,not published / not found in available sources,"searched vendor page, TechPowerUp/CpuTronic/Notebookcheck aggregators"
amd-gpu-b,RX 580X,base_clock,not published / not found in available sources,"searched vendor page, TechPowerUp/CpuTronic/Notebookcheck aggregators"
amd-gpu-b,RX 580X,l3_cache,not published / not found in available sources,"searched vendor page, TechPowerUp/CpuTronic/Notebookcheck aggregators"
amd-gpu-b,RX 580X,launch_price_usd,not published / not found in available sources,"searched vendor page, TechPowerUp/CpuTronic/Notebookcheck aggregators"
amd-gpu-b,RX 580X,part_number,not published / not found in available sources,"searched vendor page, TechPowerUp/CpuTronic/Notebookcheck aggregators"
amd-gpu-b,RX 570X,l3_cache,not published / not found in available sources,"searched vendor page, TechPowerUp/CpuTronic/Notebookcheck aggregators"
amd-gpu-b,RX 570X,launch_price_usd,not published / not found in available sources,"searched vendor page, TechPowerUp/CpuTronic/Notebookcheck aggregators"
amd-gpu-b,RX 570X,part_number,not published / not found in available sources,"searched vendor page, TechPowerUp/CpuTronic/Notebookcheck aggregators"
amd-gpu-b,RX 560X,l3_cache,not published / not found in available sources,"searched vendor page, TechPowerUp/CpuTronic/Notebookcheck aggregators"
amd-gpu-b,RX 560X,launch_price_usd,not published / not found in available sources,"searched vendor page, TechPowerUp/CpuTronic/Notebookcheck aggregators"
amd-gpu-b,RX 560X,part_number,not published / not found in available sources,"searched vendor page, TechPowerUp/CpuTronic/Notebookcheck aggregators"
amd-gpu-b,RX 550X,l3_cache,not published / not found in available sources,"searched vendor page, TechPowerUp/CpuTronic/Notebookcheck aggregators"
amd-gpu-b,RX 550X,launch_price_usd,not published / not found in available sources,"searched vendor page, TechPowerUp/CpuTronic/Notebookcheck aggregators"
amd-gpu-b,RX 550X,part_number,not published / not found in available sources,"searched vendor page, TechPowerUp/CpuTronic/Notebookcheck aggregators"
amd-gpu-b,RX 540X,l3_cache,not published / not found in available sources,"searched vendor page, TechPowerUp/CpuTronic/Notebookcheck aggregators"
amd-gpu-b,RX 540X,launch_price_usd,not published / not found in available sources,"searched vendor page, TechPowerUp/CpuTronic/Notebookcheck aggregators"
amd-gpu-b,RX 540X,part_number,not published / not found in available sources,"searched vendor page, TechPowerUp/CpuTronic/Notebookcheck aggregators"
amd-gpu-b,RX 590,base_clock,not published / not found in available sources,"searched vendor page, TechPowerUp/CpuTronic/Notebookcheck aggregators"
amd-gpu-b,RX 590,l3_cache,not published / not found in available sources,"searched vendor page, TechPowerUp/CpuTronic/Notebookcheck aggregators"
amd-gpu-b,RX 590,part_number,not published / not found in available sources,"searched vendor page, TechPowerUp/CpuTronic/Notebookcheck aggregators"
amd-gpu-b,RX 580,l3_cache,not published / not found in available sources,"searched vendor page, TechPowerUp/CpuTronic/Notebookcheck aggregators"
amd-gpu-b,RX 580,part_number,not published / not found in available sources,"searched vendor page, TechPowerUp/CpuTronic/Notebookcheck aggregators"
amd-gpu-b,RX 580 (OEM),base_clock,not published / not found in available sources,"searched vendor page, TechPowerUp/CpuTronic/Notebookcheck aggregators"
amd-gpu-b,RX 580 (OEM),l3_cache,not published / not found in available sources,"searched vendor page, TechPowerUp/CpuTronic/Notebookcheck aggregators"
amd-gpu-b,RX 580 (OEM),launch_price_usd,not published / not found in available sources,"searched vendor page, TechPowerUp/CpuTronic/Notebookcheck aggregators"
amd-gpu-b,RX 580 (OEM),part_number,not published / not found in available sources,"searched vendor page, TechPowerUp/CpuTronic/Notebookcheck aggregators"
amd-gpu-b,RX 570 (OEM),l3_cache,not published / not found in available sources,"searched vendor page, TechPowerUp/CpuTronic/Notebookcheck aggregators"
amd-gpu-b,RX 570 (OEM),launch_price_usd,not published / not found in available sources,"searched vendor page, TechPowerUp/CpuTronic/Notebookcheck aggregators"
amd-gpu-b,RX 570 (OEM),part_number,not published / not found in available sources,"searched vendor page, TechPowerUp/CpuTronic/Notebookcheck aggregators"
amd-gpu-b,RX 570,l3_cache,not published / not found in available sources,"searched vendor page, TechPowerUp/CpuTronic/Notebookcheck aggregators"
amd-gpu-b,RX 570,part_number,not published / not found in available sources,"searched vendor page, TechPowerUp/CpuTronic/Notebookcheck aggregators"
amd-gpu-b,RX 560,l3_cache,not published / not found in available sources,"searched vendor page, TechPowerUp/CpuTronic/Notebookcheck aggregators"
amd-gpu-b,RX 560,part_number,not published / not found in available sources,"searched vendor page, TechPowerUp/CpuTronic/Notebookcheck aggregators"
amd-gpu-b,RX 560 (OEM),base_clock,not published / not found in available sources,"searched vendor page, TechPowerUp/CpuTronic/Notebookcheck aggregators"
amd-gpu-b,RX 560 (OEM),l3_cache,not published / not found in available sources,"searched vendor page, TechPowerUp/CpuTronic/Notebookcheck aggregators"
amd-gpu-b,RX 560 (OEM),launch_price_usd,not published / not found in available sources,"searched vendor page, TechPowerUp/CpuTronic/Notebookcheck aggregators"
amd-gpu-b,RX 560 (OEM),part_number,not published / not found in available sources,"searched vendor page, TechPowerUp/CpuTronic/Notebookcheck aggregators"
amd-gpu-b,RX 550,l3_cache,not published / not found in available sources,"searched vendor page, TechPowerUp/CpuTronic/Notebookcheck aggregators"
amd-gpu-b,RX 550,part_number,not published / not found in available sources,"searched vendor page, TechPowerUp/CpuTronic/Notebookcheck aggregators"
amd-gpu-b,RX 540,l3_cache,not published / not found in available sources,"searched vendor page, TechPowerUp/CpuTronic/Notebookcheck aggregators"
amd-gpu-b,RX 540,launch_price_usd,not published / not found in available sources,"searched vendor page, TechPowerUp/CpuTronic/Notebookcheck aggregators"
amd-gpu-b,RX 540,part_number,not published / not found in available sources,"searched vendor page, TechPowerUp/CpuTronic/Notebookcheck aggregators"
amd-gpu-b,550X,base_clock,not published / not found in available sources,"searched vendor page, TechPowerUp/CpuTronic/Notebookcheck aggregators"
amd-gpu-b,550X,boost_clock,not published / not found in available sources,"searched vendor page, TechPowerUp/CpuTronic/Notebookcheck aggregators"
amd-gpu-b,550X,l3_cache,not published / not found in available sources,"searched vendor page, TechPowerUp/CpuTronic/Notebookcheck aggregators"
amd-gpu-b,550X,launch_price_usd,not published / not found in available sources,"searched vendor page, TechPowerUp/CpuTronic/Notebookcheck aggregators"
amd-gpu-b,550X,part_number,not published / not found in available sources,"searched vendor page, TechPowerUp/CpuTronic/Notebookcheck aggregators"
amd-gpu-b,540X,l3_cache,not published / not found in available sources,"searched vendor page, TechPowerUp/CpuTronic/Notebookcheck aggregators"
amd-gpu-b,540X,launch_price_usd,not published / not found in available sources,"searched vendor page, TechPowerUp/CpuTronic/Notebookcheck aggregators"
amd-gpu-b,540X,part_number,not published / not found in available sources,"searched vendor page, TechPowerUp/CpuTronic/Notebookcheck aggregators"
amd-gpu-b,Pro SSG,base_clock,not published / not found in available sources,"searched vendor page, TechPowerUp/CpuTronic/Notebookcheck aggregators"
amd-gpu-b,Pro SSG,l3_cache,not published / not found in available sources,"searched vendor page, TechPowerUp/CpuTronic/Notebookcheck aggregators"
amd-gpu-b,Pro SSG,part_number,not published / not found in available sources,"searched vendor page, TechPowerUp/CpuTronic/Notebookcheck aggregators"
amd-gpu-b,Vega Frontier Edition (Liquid-cooled),l3_cache,not published / not found in available sources,"searched vendor page, TechPowerUp/CpuTronic/Notebookcheck aggregators"
amd-gpu-b,Vega Frontier Edition (Liquid-cooled),part_number,not published / not found in available sources,"searched vendor page, TechPowerUp/CpuTronic/Notebookcheck aggregators"
amd-gpu-b,Vega Frontier Edition (Air-cooled),l3_cache,not published / not found in available sources,"searched vendor page, TechPowerUp/CpuTronic/Notebookcheck aggregators"
amd-gpu-b,Vega Frontier Edition (Air-cooled),part_number,not published / not found in available sources,"searched vendor page, TechPowerUp/CpuTronic/Notebookcheck aggregators"
amd-gpu-b,Pro Duo,base_clock,not published / not found in available sources,"searched vendor page, TechPowerUp/CpuTronic/Notebookcheck aggregators"
amd-gpu-b,Pro Duo,l3_cache,not published / not found in available sources,"searched vendor page, TechPowerUp/CpuTronic/Notebookcheck aggregators"
amd-gpu-b,Pro Duo,part_number,not published / not found in available sources,"searched vendor page, TechPowerUp/CpuTronic/Notebookcheck aggregators"
amd-gpu-b,Pro WX 9100,base_clock,not published / not found in available sources,"searched vendor page, TechPowerUp/CpuTronic/Notebookcheck aggregators"
amd-gpu-b,Pro WX 9100,l3_cache,not published / not found in available sources,"searched vendor page, TechPowerUp/CpuTronic/Notebookcheck aggregators"
amd-gpu-b,Pro WX 9100,part_number,not published / not found in available sources,"searched vendor page, TechPowerUp/CpuTronic/Notebookcheck aggregators"
amd-gpu-b,Pro WX 7100,l3_cache,not published / not found in available sources,"searched vendor page, TechPowerUp/CpuTronic/Notebookcheck aggregators"
amd-gpu-b,Pro WX 7100,part_number,not published / not found in available sources,"searched vendor page, TechPowerUp/CpuTronic/Notebookcheck aggregators"
amd-gpu-b,Pro WX 5100,l3_cache,not published / not found in available sources,"searched vendor page, TechPowerUp/CpuTronic/Notebookcheck aggregators"
amd-gpu-b,Pro WX 5100,part_number,not published / not found in available sources,"searched vendor page, TechPowerUp/CpuTronic/Notebookcheck aggregators"
amd-gpu-b,Pro WX 4100,l3_cache,not published / not found in available sources,"searched vendor page, TechPowerUp/CpuTronic/Notebookcheck aggregators"
amd-gpu-b,Pro WX 4100,part_number,not published / not found in available sources,"searched vendor page, TechPowerUp/CpuTronic/Notebookcheck aggregators"
amd-gpu-b,Pro WX 3100,base_clock,not published / not found in available sources,"searched vendor page, TechPowerUp/CpuTronic/Notebookcheck aggregators"
amd-gpu-b,Pro WX 3100,boost_clock,not published / not found in available sources,"searched vendor page, TechPowerUp/CpuTronic/Notebookcheck aggregators"
amd-gpu-b,Pro WX 3100,l3_cache,not published / not found in available sources,"searched vendor page, TechPowerUp/CpuTronic/Notebookcheck aggregators"
amd-gpu-b,Pro WX 3100,part_number,not published / not found in available sources,"searched vendor page, TechPowerUp/CpuTronic/Notebookcheck aggregators"
amd-gpu-b,Pro WX 2100,l3_cache,not published / not found in available sources,"searched vendor page, TechPowerUp/CpuTronic/Notebookcheck aggregators"
amd-gpu-b,Pro WX 2100,part_number,not published / not found in available sources,"searched vendor page, TechPowerUp/CpuTronic/Notebookcheck aggregators"
amd-gpu-b,MI25,base_clock,not published / not found in available sources,"searched vendor page, TechPowerUp/CpuTronic/Notebookcheck aggregators"
amd-gpu-b,MI25,l3_cache,not published / not found in available sources,"searched vendor page, TechPowerUp/CpuTronic/Notebookcheck aggregators"
amd-gpu-b,MI25,launch_price_usd,not published / not found in available sources,"searched vendor page, TechPowerUp/CpuTronic/Notebookcheck aggregators"
amd-gpu-b,MI25,part_number,not published / not found in available sources,"searched vendor page, TechPowerUp/CpuTronic/Notebookcheck aggregators"
amd-gpu-b,MI8,base_clock,not published / not found in available sources,"searched vendor page, TechPowerUp/CpuTronic/Notebookcheck aggregators"
amd-gpu-b,MI8,l3_cache,not published / not found in available sources,"searched vendor page, TechPowerUp/CpuTronic/Notebookcheck aggregators"
amd-gpu-b,MI8,launch_price_usd,not published / not found in available sources,"searched vendor page, TechPowerUp/CpuTronic/Notebookcheck aggregators"
amd-gpu-b,MI8,part_number,not published / not found in available sources,"searched vendor page, TechPowerUp/CpuTronic/Notebookcheck aggregators"
amd-gpu-b,MI6,l3_cache,not published / not found in available sources,"searched vendor page, TechPowerUp/CpuTronic/Notebookcheck aggregators"
amd-gpu-b,MI6,launch_price_usd,not published / not found in available sources,"searched vendor page, TechPowerUp/CpuTronic/Notebookcheck aggregators"
amd-gpu-b,MI6,part_number,not published / not found in available sources,"searched vendor page, TechPowerUp/CpuTronic/Notebookcheck aggregators"
amd-gpu-b,PRO WX 7100 (Mobile),l3_cache,not published / not found in available sources,"searched vendor page, TechPowerUp/CpuTronic/Notebookcheck aggregators"
amd-gpu-b,PRO WX 7100 (Mobile),launch_price_usd,not published / not found in available sources,"searched vendor page, TechPowerUp/CpuTronic/Notebookcheck aggregators"
amd-gpu-b,PRO WX 7100 (Mobile),part_number,not published / not found in available sources,"searched vendor page, TechPowerUp/CpuTronic/Notebookcheck aggregators"
amd-gpu-b,PRO WX 4170 (Mobile),l3_cache,not published / not found in available sources,"searched vendor page, TechPowerUp/CpuTronic/Notebookcheck aggregators"
amd-gpu-b,PRO WX 4170 (Mobile),launch_price_usd,not published / not found in available sources,"searched vendor page, TechPowerUp/CpuTronic/Notebookcheck aggregators"
amd-gpu-b,PRO WX 4170 (Mobile),part_number,not published / not found in available sources,"searched vendor page, TechPowerUp/CpuTronic/Notebookcheck aggregators"
amd-gpu-b,PRO WX 4150 (Mobile),l3_cache,not published / not found in available sources,"searched vendor page, TechPowerUp/CpuTronic/Notebookcheck aggregators"
amd-gpu-b,PRO WX 4150 (Mobile),launch_price_usd,not published / not found in available sources,"searched vendor page, TechPowerUp/CpuTronic/Notebookcheck aggregators"
amd-gpu-b,PRO WX 4150 (Mobile),part_number,not published / not found in available sources,"searched vendor page, TechPowerUp/CpuTronic/Notebookcheck aggregators"
amd-gpu-b,PRO WX 4130 (Mobile),base_clock,not published / not found in available sources,"searched vendor page, TechPowerUp/CpuTronic/Notebookcheck aggregators"
amd-gpu-b,PRO WX 4130 (Mobile),l3_cache,not published / not found in available sources,"searched vendor page, TechPowerUp/CpuTronic/Notebookcheck aggregators"
amd-gpu-b,PRO WX 4130 (Mobile),launch_price_usd,not published / not found in available sources,"searched vendor page, TechPowerUp/CpuTronic/Notebookcheck aggregators"
amd-gpu-b,PRO WX 4130 (Mobile),part_number,not published / not found in available sources,"searched vendor page, TechPowerUp/CpuTronic/Notebookcheck aggregators"
amd-gpu-b,PRO WX 3100 (Mobile),base_clock,not published / not found in available sources,"searched vendor page, TechPowerUp/CpuTronic/Notebookcheck aggregators"
amd-gpu-b,PRO WX 3100 (Mobile),boost_clock,not published / not found in available sources,"searched vendor page, TechPowerUp/CpuTronic/Notebookcheck aggregators"
amd-gpu-b,PRO WX 3100 (Mobile),l3_cache,not published / not found in available sources,"searched vendor page, TechPowerUp/CpuTronic/Notebookcheck aggregators"
amd-gpu-b,PRO WX 3100 (Mobile),tdp,not published / not found in available sources,"searched vendor page, TechPowerUp/CpuTronic/Notebookcheck aggregators"
amd-gpu-b,PRO WX 3100 (Mobile),launch_price_usd,not published / not found in available sources,"searched vendor page, TechPowerUp/CpuTronic/Notebookcheck aggregators"
amd-gpu-b,PRO WX 3100 (Mobile),part_number,not published / not found in available sources,"searched vendor page, TechPowerUp/CpuTronic/Notebookcheck aggregators"
amd-gpu-b,PRO WX 2100 (Mobile),l3_cache,not published / not found in available sources,"searched vendor page, TechPowerUp/CpuTronic/Notebookcheck aggregators"
amd-gpu-b,PRO WX 2100 (Mobile),launch_price_usd,not published / not found in available sources,"searched vendor page, TechPowerUp/CpuTronic/Notebookcheck aggregators"
amd-gpu-b,PRO WX 2100 (Mobile),part_number,not published / not found in available sources,"searched vendor page, TechPowerUp/CpuTronic/Notebookcheck aggregators"
amd-gpu-b,PRO WX 3200 (Mobile),base_clock,not published / not found in available sources,"searched vendor page, TechPowerUp/CpuTronic/Notebookcheck aggregators"
amd-gpu-b,PRO WX 3200 (Mobile),l3_cache,not published / not found in available sources,"searched vendor page, TechPowerUp/CpuTronic/Notebookcheck aggregators"
amd-gpu-b,PRO WX 3200 (Mobile),launch_price_usd,not published / not found in available sources,"searched vendor page, TechPowerUp/CpuTronic/Notebookcheck aggregators"
amd-gpu-b,PRO WX 3200 (Mobile),part_number,not published / not found in available sources,"searched vendor page, TechPowerUp/CpuTronic/Notebookcheck aggregators"
amd-ryzen-dt,Ryzen 9 PRO 9945,launch_price_usd,"OEM/commercial channel part, no public retail MSRP found",Searched AMD.com + press coverage; PRO desktop chips sold via OEM only
amd-ryzen-dt,Ryzen 9 PRO 9945,part_number,Not located on public AMD pages reviewed,WebSearch + AMD product page summary
amd-ryzen-dt,Ryzen 7 9700F,launch_price_usd,"Budget SKU, no MSRP found in coverage reviewed",WebSearch of wccftech/notebookcheck leak coverage
amd-ryzen-dt,Ryzen 7 9700F,base_clock,"Only leak/leaked-spec coverage found, not an official ARK page fetch","WebSearch; assumed to mirror 9700X, flagged low confidence"
amd-ryzen-dt,Ryzen 7 9700F,part_number,Not located,WebSearch
amd-ryzen-dt,Ryzen 7 9850X3D,base_clock,Reviews report boost only relative to 9800X3D; base clock not stated in sources reviewed,WebSearch Tom's Hardware/thepcenthusiast review
amd-ryzen-dt,Ryzen 7 9850X3D,launch_price_usd,"OEM/DIY channel SKU, no MSRP published",WebSearch
amd-ryzen-dt,Ryzen 7 9850X3D,part_number,Not located,WebSearch
amd-ryzen-dt,Ryzen 7 PRO 9745,launch_price_usd,"OEM/commercial channel part, no public MSRP",WebSearch AMD.com + guru3d
amd-ryzen-dt,Ryzen 7 PRO 9745,part_number,Not located,WebSearch
amd-ryzen-dt,Ryzen 5 9500F,part_number,Not located,WebSearch
amd-ryzen-dt,Ryzen 5 9600,launch_price_usd,"Quiet/non-X launch, no MSRP found in coverage reviewed",WebSearch Tom's Hardware/videocardz
amd-ryzen-dt,Ryzen 5 9600,part_number,Not located,WebSearch
amd-ryzen-dt,Ryzen 5 PRO 9645,launch_price_usd,"OEM/commercial channel part, no public MSRP",WebSearch guru3d/notebookcheck
amd-ryzen-dt,Ryzen 5 PRO 9645,part_number,Not located,WebSearch
amd-ryzen-dt,Ryzen 9 PRO 7945,base_clock,Sources reviewed listed boost clock only,WebSearch servethehome/videocardz/exhibit.tech
amd-ryzen-dt,Ryzen 9 PRO 7945,launch_price_usd,"OEM/commercial channel, no public MSRP",WebSearch
amd-ryzen-dt,Ryzen 9 PRO 7945,part_number,Not located,WebSearch
amd-ryzen-dt,Ryzen 7 PRO 7745,base_clock,Sources reviewed listed boost clock only,WebSearch cpu-monkey/technical.city
amd-ryzen-dt,Ryzen 7 PRO 7745,launch_price_usd,"OEM/commercial channel, no public MSRP",WebSearch
amd-ryzen-dt,Ryzen 7 PRO 7745,part_number,Not located,WebSearch
amd-ryzen-dt,Ryzen 5 7400,launch_price_usd,"Regional/OEM SKU, no widely published US MSRP found",WebSearch
amd-ryzen-dt,Ryzen 5 7400,part_number,Not located,WebSearch
amd-ryzen-dt,Ryzen 5 7400F,launch_price_usd,"China/APJ initial launch, no global MSRP found in coverage reviewed",WebSearch Tom's Hardware
amd-ryzen-dt,Ryzen 5 7400F,part_number,Not located,WebSearch
amd-ryzen-dt,Ryzen 5 7500F,part_number,Not located,WebSearch
amd-ryzen-dt,Ryzen 5 7500X3D,base_clock,Not stated in comparison sources reviewed (only 'around 4.6GHz' boost figure found),WebSearch cpu-monkey
amd-ryzen-dt,Ryzen 5 7500X3D,launch_price_usd,Not found in sources reviewed,WebSearch
amd-ryzen-dt,Ryzen 5 7500X3D,part_number,Not located,WebSearch
amd-ryzen-dt,Ryzen 5 7600,part_number,Not located,WebSearch
amd-ryzen-dt,Ryzen 5 7600X3D,launch_price_usd,"Micro Center-exclusive OEM SKU, no AMD-published MSRP; price is a retail estimate flagged low-confidence",WebSearch technical.city/pangoly
amd-ryzen-dt,Ryzen 5 7600X3D,part_number,Not located,WebSearch
amd-ryzen-dt,Ryzen 5 PRO 7445,base_clock,Not stated in sources reviewed,WebSearch exhibit.tech
amd-ryzen-dt,Ryzen 5 PRO 7445,launch_price_usd,"OEM channel, no public MSRP",WebSearch
amd-ryzen-dt,Ryzen 5 PRO 7445,part_number,Not located,WebSearch
amd-ryzen-dt,Ryzen 5 PRO 7645,base_clock,Not stated in sources reviewed,WebSearch exhibit.tech/servethehome
amd-ryzen-dt,Ryzen 5 PRO 7645,launch_price_usd,"OEM channel, no public MSRP",WebSearch
amd-ryzen-dt,Ryzen 5 PRO 7645,part_number,Not located,WebSearch
amd-ryzen-dt,Ryzen 9 7900,part_number,Not located,WebSearch
amd-ryzen-dt,Ryzen 7 7700,part_number,Not located,WebSearch
amd-ryzen-dt,Ryzen TR PRO 7995WX,launch_price_usd,Cited only as context in later 9995WX launch coverage (17% cheaper); not independently re-verified,WebSearch tomshardware/notebookcheck
amd-ryzen-dt,Ryzen TR PRO 7995WX,part_number,Not located,WebSearch
amd-ryzen-dt,Ryzen TR PRO 7985WX,part_number,Not located,WebSearch
amd-ryzen-dt,Ryzen TR PRO 7975WX,part_number,Not located,WebSearch
amd-ryzen-dt,Ryzen TR PRO 7965WX,part_number,Not located,WebSearch
amd-ryzen-dt,Ryzen TR PRO 7955WX,part_number,Not located,WebSearch
amd-ryzen-dt,Ryzen TR PRO 7945WX,l3_cache,Assumed to match 7955WX's 64MB 2-CCD pattern; not independently confirmed for this specific SKU,WebSearch made-in-china listing + wccftech
amd-ryzen-dt,Ryzen TR PRO 7945WX,part_number,Not located,WebSearch
amd-ryzen-dt,Ryzen TR 7980X,part_number,Not located,WebSearch
amd-ryzen-dt,Ryzen TR 7970X,part_number,Not located,WebSearch
amd-ryzen-dt,Ryzen TR 7960X,part_number,Not located,WebSearch
amd-ryzen-dt,Ryzen TR PRO 9985WX,base_clock,No corroborated official figure found; one uncorroborated estimate (~4.2GHz) discarded,WebSearch videocardz/topcpu.net
amd-ryzen-dt,Ryzen TR PRO 9985WX,launch_price_usd,Not found in sources reviewed,WebSearch
amd-ryzen-dt,Ryzen TR PRO 9985WX,part_number,Not located,WebSearch
amd-ryzen-dt,Ryzen TR PRO 9975WX,launch_price_usd,Not found in sources reviewed,WebSearch
amd-ryzen-dt,Ryzen TR PRO 9975WX,part_number,Not located,WebSearch
amd-ryzen-dt,Ryzen TR PRO 9965WX,launch_price_usd,Not found in sources reviewed,WebSearch
amd-ryzen-dt,Ryzen TR PRO 9965WX,part_number,Not located,WebSearch
amd-ryzen-dt,Ryzen TR PRO 9955WX,launch_price_usd,Not found in sources reviewed,WebSearch
amd-ryzen-dt,Ryzen TR PRO 9955WX,part_number,Not located,WebSearch
amd-ryzen-dt,Ryzen TR PRO 9945WX,base_clock,Not stated in AMD product page summary or secondary coverage reviewed,WebSearch amd.com product page summary
amd-ryzen-dt,Ryzen TR PRO 9945WX,l3_cache,Assumed to match 9955WX's 64MB pattern; not independently confirmed,WebSearch
amd-ryzen-dt,Ryzen TR PRO 9945WX,launch_price_usd,Not found in sources reviewed,WebSearch
amd-ryzen-dt,Ryzen TR PRO 9945WX,part_number,Not located,WebSearch
amd-ryzen-dt,Ryzen TR 9980X,part_number,Not located,WebSearch
amd-ryzen-dt,Ryzen TR 9970X,part_number,Not located,WebSearch
amd-ryzen-dt,Ryzen TR 9960X,part_number,Not located,WebSearch
amd-ryzen-dt,Ryzen 9 5900XT,launch_price_usd,No MSRP found in sources reviewed (limited/OEM-adjacent launch),WebSearch + AMD product page fetch
amd-ryzen-dt,Ryzen 9 5900XT,part_number,Not located,WebSearch
amd-ryzen-dt,Ryzen 9 5950X,part_number,Not located,WebSearch
amd-ryzen-dt,Ryzen 9 5900 (OEM Only),launch_price_usd,"OEM-only SKU, not sold at retail",WebSearch wccftech
amd-ryzen-dt,Ryzen 9 5900 (OEM Only),part_number,Not located,WebSearch
amd-ryzen-dt,Ryzen 9 5900X,part_number,Not located,WebSearch
amd-ryzen-dt,Ryzen 9 PRO 5945,launch_price_usd,"OEM/commercial channel, no public MSRP",WebSearch videocardz/techradar
amd-ryzen-dt,Ryzen 9 PRO 5945,part_number,Not located,WebSearch
amd-ryzen-dt,Ryzen 7 5700,part_number,Not located,WebSearch
amd-ryzen-dt,Ryzen 7 5700X,part_number,Not located,WebSearch
amd-ryzen-dt,Ryzen 7 5700X3D,part_number,Not located,WebSearch
amd-ryzen-dt,Ryzen 7 5800 (OEM Only),launch_price_usd,"OEM-only SKU, not sold at retail",WebSearch techreviewer/cpu-monkey
amd-ryzen-dt,Ryzen 7 5800 (OEM Only),part_number,Not located,WebSearch
amd-ryzen-dt,Ryzen 7 5800X,part_number,Not located,WebSearch
amd-ryzen-dt,Ryzen 7 5800X3D,part_number,Not located,WebSearch
amd-ryzen-dt,Ryzen 7 5800XT,launch_price_usd,No MSRP found in listings reviewed,WebSearch B&H/BestBuy/microcenter
amd-ryzen-dt,Ryzen 7 5800XT,part_number,Not located,WebSearch
amd-ryzen-dt,Ryzen 7 PRO 5845,launch_price_usd,"OEM/commercial channel, no public MSRP",WebSearch pchardware
amd-ryzen-dt,Ryzen 7 PRO 5845,part_number,Not located,WebSearch
amd-ryzen-dt,Ryzen 5 5500,part_number,Not located,WebSearch
amd-ryzen-dt,Ryzen 5 5500X3D,launch_price_usd,AMD did not formally announce pricing; GamersNexus/Tom's Hardware report a range ($150-$250) rather than a confirmed MSRP,WebSearch GamersNexus/Tom's Hardware/wccftech
amd-ryzen-dt,Ryzen 5 5500X3D,part_number,Not located,WebSearch
amd-ryzen-dt,Ryzen 5 5600,part_number,Not located,WebSearch
amd-ryzen-dt,Ryzen 5 5600F,launch_price_usd,"APJ-region exclusive launch, no global MSRP found",WebSearch wccftech/videocardz
amd-ryzen-dt,Ryzen 5 5600F,part_number,Not located,WebSearch
amd-ryzen-dt,Ryzen 5 5600T,launch_price_usd,Not found in sources reviewed,WebSearch
amd-ryzen-dt,Ryzen 5 5600T,part_number,Not located,WebSearch
amd-ryzen-dt,Ryzen 5 5600X,part_number,Not located,WebSearch
amd-ryzen-dt,Ryzen 5 5600X3D,launch_price_usd,"Micro Center-exclusive SKU, no AMD-published MSRP found",WebSearch topcpu.net/userbenchmark
amd-ryzen-dt,Ryzen 5 5600X3D,part_number,Not located,WebSearch
amd-ryzen-dt,Ryzen 5 5600XT,part_number,Not located,WebSearch
amd-ryzen-dt,Ryzen 5 PRO 5645,launch_price_usd,"OEM/commercial channel, no public MSRP",WebSearch cpu-world
amd-ryzen-dt,Ryzen 5 PRO 5645,part_number,Not located,WebSearch
amd-ryzen-dt,Ryzen TR PRO 5995WX,launch_price_usd,"Cited launch price (~$6,499) found only in secondary leak/launch coverage, not independently re-verified on amd.com",WebSearch wccftech/tomshardware
amd-ryzen-dt,Ryzen TR PRO 5995WX,part_number,Not located,WebSearch
amd-ryzen-dt,Ryzen TR PRO 5975WX,launch_price_usd,"Cited launch price (~$3,299) found only in secondary coverage",WebSearch wccftech
amd-ryzen-dt,Ryzen TR PRO 5975WX,part_number,Not located,WebSearch
amd-ryzen-dt,Ryzen TR PRO 5965WX,launch_price_usd,"Cited launch price (~$2,399) found only in secondary coverage",WebSearch wccftech
amd-ryzen-dt,Ryzen TR PRO 5965WX,part_number,Not located,WebSearch
amd-ryzen-dt,Ryzen TR PRO 5955WX,launch_price_usd,"OEM-only SKU, not sold at retail",WebSearch wccftech
amd-ryzen-dt,Ryzen TR PRO 5955WX,part_number,Not located,WebSearch
amd-ryzen-dt,Ryzen TR PRO 5945WX,l3_cache,Assumed to match 5955WX's 64MB tier; not independently confirmed for this specific SKU,WebSearch topcpu.net/wccftech
amd-ryzen-dt,Ryzen TR PRO 5945WX,launch_price_usd,"OEM-only SKU, not sold at retail",WebSearch wccftech
amd-ryzen-dt,Ryzen TR PRO 5945WX,part_number,Not located,WebSearch
amd-ryzen-dt,Ryzen 9 3900 (OEM Only),launch_price_usd,"OEM-only channel part, no public retail MSRP",WebSearch + AMD driver release notes
amd-ryzen-dt,Ryzen 9 3900 (OEM Only),part_number,Not located,WebSearch
amd-ryzen-dt,Ryzen 9 PRO 3900,launch_price_usd,"Commercial/OEM channel PRO SKU, no public MSRP found",WebSearch + AMD PRO product page
amd-ryzen-dt,Ryzen 9 PRO 3900,part_number,Not located on AMD PRO product page,WebSearch
amd-ryzen-dt,Ryzen 9 PRO 3900,launch_date,"Only year confirmed (2020), exact month/day not found",WebSearch
amd-ryzen-dt,Ryzen 7 PRO 3700,launch_price_usd,"Commercial/OEM channel PRO SKU, no public MSRP found",WebSearch + AMD PRO product page
amd-ryzen-dt,Ryzen 7 PRO 3700,part_number,Not located on AMD PRO product page,WebSearch
amd-ryzen-dt,Ryzen 7 PRO 3700,launch_date,"Only year confirmed (2020), exact month/day not found",WebSearch
amd-ryzen-dt,Ryzen 5 PRO 3600,launch_price_usd,"Commercial/OEM channel PRO SKU, no public MSRP found",WebSearch + AMD PRO product page
amd-ryzen-dt,Ryzen 5 PRO 3600,part_number,Not located on AMD PRO product page,WebSearch
amd-ryzen-dt,Ryzen 5 PRO 3600,launch_date,"Only year confirmed (2020), exact month/day not found",WebSearch
amd-ryzen-dt,Ryzen 5 3500 (OEM Only),launch_price_usd,"OEM-only channel part, no public retail MSRP",WebSearch
amd-ryzen-dt,Ryzen 5 3500 (OEM Only),launch_date,"Only year confirmed (2020), exact month/day not found",WebSearch
amd-ryzen-dt,Ryzen TR 3990X,part_number,Not located,WebSearch
amd-ryzen-dt,Ryzen TR 3970X,part_number,Not located,WebSearch
amd-ryzen-dt,Ryzen TR 3960X,part_number,Not located,WebSearch
amd-ryzen-dt,Ryzen TR PRO 3995WX,launch_price_usd,"Workstation OEM-channel part, no public retail MSRP found",WebSearch
amd-ryzen-dt,Ryzen TR PRO 3995WX,part_number,Not located,WebSearch
amd-ryzen-dt,Ryzen TR PRO 3995WX,launch_date,"Exact day sourced from Tom's Hardware review date, not an AMD press release; medium confidence",WebSearch
amd-ryzen-dt,Ryzen TR PRO 3975WX,launch_price_usd,"Workstation OEM-channel part, no public retail MSRP found",WebSearch
amd-ryzen-dt,Ryzen TR PRO 3975WX,part_number,Not located,WebSearch
amd-ryzen-dt,Ryzen TR PRO 3955WX,launch_price_usd,"Workstation OEM-channel part, no public retail MSRP found",WebSearch
amd-ryzen-dt,Ryzen TR PRO 3955WX,part_number,Not located,WebSearch
amd-ryzen-dt,Ryzen TR PRO 3945WX,launch_price_usd,"Workstation OEM-channel part, no public retail MSRP found",WebSearch
amd-ryzen-dt,Ryzen TR PRO 3945WX,part_number,Not located,WebSearch
amd-ryzen-dt,Ryzen 7 2700E Processor,launch_price_usd,"OEM-only, low-power variant, not sold at retail",WebSearch
amd-ryzen-dt,Ryzen 7 2700E Processor,part_number,Not located,WebSearch
amd-ryzen-dt,Ryzen 7 2700E Processor,launch_date,Only month/year approximated from press coverage (Oct 2018),WebSearch
amd-ryzen-dt,Ryzen 7 PRO 2700X,launch_price_usd,"Commercial-channel PRO SKU, no public MSRP found",WebSearch + AMD PRO product page
amd-ryzen-dt,Ryzen 7 PRO 2700X,part_number,Not located,WebSearch
amd-ryzen-dt,Ryzen 7 PRO 2700X,launch_date,"Only year confirmed (2018), exact date not found",WebSearch
amd-ryzen-dt,Ryzen 7 PRO 2700,launch_price_usd,"Commercial-channel PRO SKU, no public MSRP found",WebSearch + AMD PRO product page
amd-ryzen-dt,Ryzen 7 PRO 2700,part_number,Not located,WebSearch
amd-ryzen-dt,Ryzen 7 PRO 2700,launch_date,"Only year confirmed (2018), exact date not found",WebSearch
amd-ryzen-dt,Ryzen 5 2600E,launch_price_usd,"OEM/embedded-only variant, no retail price disclosed by AMD",WebSearch
amd-ryzen-dt,Ryzen 5 2600E,part_number,Not located,WebSearch
amd-ryzen-dt,Ryzen 5 2600E,launch_date,Only month/year approximated from press coverage (Oct 2018),WebSearch
amd-ryzen-dt,Ryzen 5 PRO 2600,launch_price_usd,"Commercial-channel PRO SKU, no public MSRP found",WebSearch + AMD PRO product page
amd-ryzen-dt,Ryzen 5 PRO 2600,part_number,Not located,WebSearch
amd-ryzen-dt,Ryzen 5 PRO 2600,launch_date,"Only year confirmed (2018), exact date not found",WebSearch
amd-ryzen-dt,Ryzen 5 2500X,launch_price_usd,"OEM-only, bundled in prebuilt systems, no standalone price disclosed",WebSearch wccftech
amd-ryzen-dt,Ryzen 5 2500X,part_number,Not located,WebSearch
amd-ryzen-dt,Ryzen 5 2500X,launch_date,Only month/year approximated (Oct 2018),WebSearch
amd-ryzen-dt,Ryzen 3 2300X,launch_price_usd,"OEM-only, no standalone price disclosed",WebSearch wccftech
amd-ryzen-dt,Ryzen 3 2300X,part_number,Not located,WebSearch
amd-ryzen-dt,Ryzen 3 2300X,launch_date,Only month/year approximated (Oct 2018),WebSearch
amd-ryzen-dt,Ryzen TR 2990WX,part_number,Not located,WebSearch
amd-ryzen-dt,Ryzen TR 2970WX,part_number,Not located,WebSearch
amd-ryzen-dt,Ryzen TR 2950X,part_number,Not located,WebSearch
amd-ryzen-dt,Ryzen TR 2920X,part_number,Not located,WebSearch
amd-ryzen-dt,Ryzen 7 1700X,part_number,Not located,WebSearch
amd-ryzen-dt,Ryzen 7 1700 Processor,part_number,Not located,WebSearch
amd-ryzen-dt,Ryzen 7 PRO 1700X Processor,launch_price_usd,"Commercial-channel PRO SKU, no public MSRP found",WebSearch + AMD PRO product page
amd-ryzen-dt,Ryzen 7 PRO 1700X Processor,part_number,Not located,WebSearch
amd-ryzen-dt,Ryzen 7 PRO 1700X Processor,launch_date,"Only year confirmed (2017), exact date not found",WebSearch
amd-ryzen-dt,Ryzen 7 PRO 1700,launch_price_usd,"Commercial-channel PRO SKU, no public MSRP found",WebSearch + AMD PRO product page
amd-ryzen-dt,Ryzen 7 PRO 1700,part_number,Not located,WebSearch
amd-ryzen-dt,Ryzen 7 PRO 1700,launch_date,"Only year confirmed (2017), exact date not found",WebSearch
amd-ryzen-dt,Ryzen 5 1600,part_number,Not located,WebSearch
amd-ryzen-dt,Ryzen 5 1600 (AF),part_number,Not located; AMD did not issue a distinct retail box part number beyond original 1600 boxing,WebSearch
amd-ryzen-dt,Ryzen 5 PRO 1600,launch_price_usd,"Commercial-channel PRO SKU, no public MSRP found",WebSearch + AMD PRO product page
amd-ryzen-dt,Ryzen 5 PRO 1600,part_number,Not located,WebSearch
amd-ryzen-dt,Ryzen 5 PRO 1600,launch_date,"Only year confirmed (2017), exact date not found",WebSearch
amd-ryzen-dt,Ryzen 5 1500X,part_number,Not located,WebSearch
amd-ryzen-dt,Ryzen 5 PRO 1500,launch_price_usd,"Commercial-channel PRO SKU, no public MSRP found",WebSearch + AMD PRO product page
amd-ryzen-dt,Ryzen 5 PRO 1500,part_number,Not located,WebSearch
amd-ryzen-dt,Ryzen 5 PRO 1500,launch_date,"Only year confirmed (2017), exact date not found",WebSearch
amd-ryzen-dt,Ryzen 5 1400,part_number,Not located,WebSearch
amd-ryzen-dt,Ryzen 3 1300X,part_number,Not located,WebSearch
amd-ryzen-dt,Ryzen 3 PRO 1300,launch_price_usd,"Commercial-channel PRO SKU, no public MSRP found",WebSearch + AMD PRO product page
amd-ryzen-dt,Ryzen 3 PRO 1300,part_number,Not located,WebSearch
amd-ryzen-dt,Ryzen 3 PRO 1300,launch_date,"Only year confirmed (2017), exact date not found",WebSearch
amd-ryzen-dt,Ryzen 3 PRO 1300,base_clock,Assumed to mirror Ryzen 3 1300X (no dedicated PRO 1300 spec page with clocks found); not independently confirmed,WebSearch
amd-ryzen-dt,Ryzen 3 1200,part_number,Not located,WebSearch
amd-ryzen-dt,Ryzen 3 PRO 1200,launch_price_usd,"Commercial-channel PRO SKU, no public MSRP found",WebSearch + AMD PRO product page
amd-ryzen-dt,Ryzen 3 PRO 1200,part_number,Not located,WebSearch
amd-ryzen-dt,Ryzen 3 PRO 1200,launch_date,"Only year confirmed (2017), exact date not found",WebSearch
amd-ryzen-dt,Ryzen TR 1920X,part_number,Not located,WebSearch
amd-ryzen-dt,Ryzen TR 1900X,part_number,Not located,WebSearch
amd-ryzen-dt,Ryzen TR 1900X,l3_cache,Value (16MB) inferred by analogy to single-die Ryzen 7 1800X configuration rather than confirmed on an AMD spec page this session,WebSearch
amd-ryzen-mob-a,Ryzen AI 5 330,igpu_clock,no tier1 or tier3 source published exact clock for Radeon 820M,searched TechPowerUp/Toms Hardware/laptopmedia summaries; only CU count (2) confirmed
amd-ryzen-mob-a,Ryzen AI 9 465,l3_cache,not stated in aggregator summaries found,WebSearch family queries; only 10MB L2 confirmed
amd-ryzen-mob-a,Ryzen AI 9 465,igpu_clock,not stated in aggregator summaries found,WebSearch family queries
amd-ryzen-mob-a,Ryzen AI 9 PRO 465,l3_cache,not stated in aggregator summaries found,WebSearch family queries
amd-ryzen-mob-a,Ryzen AI 9 PRO 465,igpu_clock,not stated in aggregator summaries found,WebSearch family queries
amd-ryzen-mob-a,Ryzen AI 7 450,l3_cache,not stated in aggregator summaries found,WebSearch family queries
amd-ryzen-mob-a,Ryzen AI 7 450,igpu_clock,not stated in aggregator summaries found,WebSearch family queries
amd-ryzen-mob-a,Ryzen AI 7 450,npu_tops,not stated in aggregator summaries found,WebSearch family queries
amd-ryzen-mob-a,Ryzen AI 7 PRO 450,l3_cache,not stated in aggregator summaries found,WebSearch family queries
amd-ryzen-mob-a,Ryzen AI 7 PRO 450,igpu_clock,not stated in aggregator summaries found,WebSearch family queries
amd-ryzen-mob-a,Ryzen AI 7 PRO 450,npu_tops,not stated in aggregator summaries found,WebSearch family queries
amd-ryzen-mob-a,Ryzen AI 5 435,igpu_clock,not stated in aggregator summaries found,WebSearch family queries
amd-ryzen-mob-a,Ryzen AI 5 435,npu_tops,not stated in aggregator summaries found,WebSearch family queries
amd-ryzen-mob-a,Ryzen AI 5 PRO 435,igpu_clock,not stated in aggregator summaries found,WebSearch family queries
amd-ryzen-mob-a,Ryzen AI 5 PRO 435,npu_tops,not stated in aggregator summaries found,WebSearch family queries
amd-ryzen-mob-a,Ryzen AI 5 PRO 440,npu_tops,not stated in aggregator summaries found,WebSearch family queries
amd-ryzen-mob-a,Ryzen AI 7 445,igpu_clock,not stated in aggregator summaries found,WebSearch family queries
amd-ryzen-mob-a,Ryzen AI 7 445,npu_tops,not stated in aggregator summaries found,WebSearch family queries
amd-ryzen-mob-a,Ryzen AI 5 430,igpu_clock,not stated in aggregator summaries found,WebSearch family queries
amd-ryzen-mob-a,Ryzen AI 5 430,npu_tops,not stated -- AI5 430 appears to lack Ryzen AI branding NPU rating in sources; possibly no functioning NPU exposed,WebSearch family queries; compared to Kraken Point AI4 330 equivalent
amd-ryzen-mob-a,Ryzen 7 7445HS,base_clock/boost_clock/igpu_clock,AMD product page surfaced only media-codec specs in search results,WebSearch amd.com direct + Notebookcheck aggregator; not found
amd-ryzen-mob-a,Ryzen 5 8505G,base_clock/boost_clock precision,"OEM-exclusive SKU, clocks estimated from family pattern not confirmed tier1",WebSearch multiple queries; AMD page snippet incomplete
amd-ryzen-mob-a,Ryzen 5 8505GE,base_clock/boost_clock precision,"OEM-exclusive SKU, clocks estimated from family pattern not confirmed tier1",WebSearch multiple queries
amd-ryzen-mob-a,Ryzen 5 PRO 8505G,base_clock/boost_clock precision,"estimated from family pattern, not tier1-confirmed",WebSearch multiple queries
amd-ryzen-mob-a,Ryzen 5 PRO 8505GE,base_clock/boost_clock precision,"estimated from family pattern, not tier1-confirmed",WebSearch multiple queries
amd-ryzen-mob-a,Ryzen 5 PRO 8600GE,base_clock/boost_clock precision,"estimated via derate pattern from 8700GE, not tier1-confirmed",WebSearch multiple queries
amd-ryzen-mob-a,Ryzen 5 PRO 8605GE,base_clock/boost_clock precision,"estimated via derate pattern from 8700GE, not tier1-confirmed",WebSearch multiple queries
amd-ryzen-mob-a,Ryzen 3 8305G,base_clock/boost_clock/igpu_clock,"OEM-exclusive SKU, no consistent published clocks found","WebSearch multiple queries, AMD page snippet incomplete"
amd-ryzen-mob-a,Ryzen 3 8305GE,base_clock/boost_clock/igpu_clock,"OEM-exclusive SKU, no consistent published clocks found",WebSearch multiple queries
amd-ryzen-mob-a,Ryzen 3 PRO 8305G,base_clock/boost_clock/igpu_clock,"OEM-exclusive SKU, no consistent published clocks found",WebSearch multiple queries
amd-ryzen-mob-a,Ryzen 3 PRO 8305GE,base_clock/boost_clock/igpu_clock,"OEM-exclusive SKU, no consistent published clocks found",WebSearch multiple queries
amd-ryzen-mob-a,Ryzen 5 230,tdp,No independent tier1/tier3 source confirms exact TDP for this SKU,"Checked technical.city, cpu-monkey; only base/boost clocks found, TDP not listed distinctly from siblings"
amd-ryzen-mob-a,Ryzen 5 PRO 220,base_clock/boost_clock,No dedicated tier1/tier3 spec page found; inferred from non-PRO Ryzen 5 220 pattern,"Searched cpu-monkey, notebookcheck; only comparison pages surfaced, not a standalone spec sheet"
amd-ryzen-mob-a,Ryzen 5 240,npu_tops,"Single aggregator (cpurankings) cites 16 TOPS, contradicting general Ryzen-200-series no-NPU rule",Could not corroborate on amd.com or a second independent source; flagged for re-verification
amd-ryzen-mob-a,Ryzen 3 PRO 210,base_clock/boost_clock,No dedicated tier1/tier3 spec page found; inferred from non-PRO Ryzen 3 210 pattern,"Searched technical.city, nanoreview; only comparison pages found"
amd-ryzen-mob-a,Ryzen 7 PRO 250,base_clock/boost_clock,"Notebookcheck listing did not give precise clock figures, only 'up to' boost range","Checked cputronic, allcpus; clock precision not confirmed, left blank rather than assume"
amd-ryzen-mob-a,Ryzen 9 PRO 6950H,base_clock/boost_clock,No dedicated notebookcheck/tier1 spec page found for exact clocks,"Checked technical.city; only comparison-style listing, inferred from Ryzen 9 6900HX pattern"
amd-ryzen-mob-a,Ryzen 9 PRO 6950HS,base_clock/boost_clock,No dedicated notebookcheck/tier1 spec page found for exact clocks,Checked technical.city; inferred from Ryzen 9 6900HS pattern
amd-ryzen-mob-a,Ryzen 5 PRO 6650H,base_clock/boost_clock,No dedicated spec page found for exact clocks,Checked technical.city; inferred from Ryzen 5 6600H pattern
amd-ryzen-mob-a,Ryzen 5 PRO 6650HS,base_clock/boost_clock,No dedicated spec page found for exact clocks,Checked technical.city; inferred from Ryzen 5 6600HS pattern
amd-ryzen-mob-a,Ryzen 7 7736U,tdp,AMD spec page lists cTDP 15-28W but no distinct 'Default TDP' figure,Read full amd.com spec page; default TDP field absent for this OEM-exclusive SKU
amd-ryzen-mob-a,Ryzen 5 PRO 7535U,tdp,AMD-adjacent secondary source lists cTDP 15-30W but no distinct default TDP for PRO variant,Checked cputronic; default TDP not listed separately from cTDP range
amd-ryzen-mob-a,Ryzen 3 7335U,igpu_clock,iGPU model confirmed via secondary source but clock speed not found on a tier1/tier3 page,Checked amd.com page (no graphics section returned in fetch) and secondary aggregators
amd-ryzen-mob-a,Ryzen 3 PRO 5450U,base_clock/boost_clock/l2_cache/l3_cache,No dedicated tier1/tier3 spec page found; inferred from non-PRO Ryzen 3 5400U pattern,"Checked technical.city; only comparison-style page found, not standalone spec sheet"
amd-ryzen-mob-a,Ryzen 5 5500H,arch,"Branded 'Ryzen 5' but is a 4C/8T part, atypical for the Cezanne 6-core Ryzen 5 tier - may actually be Lucienne(Zen2)-derived rather than Zen3 Cezanne","Checked cpu-world, pchardware, cputronic; sources disagree/are silent on exact core microarchitecture, majority list TSMC 7nm/Cezanne family page grouping"
amd-ryzen-mob-a,Ryzen 5 5605G,base_clock/boost_clock/tdp,"OEM-only refresh SKU; no dedicated tier1/tier3 spec page, specs presumed identical to 5600G",Checked tomshardware family overview; only mentioned in passing as part of 6-chip refresh announcement
amd-ryzen-mob-a,Ryzen 5 5605GE,base_clock/boost_clock/tdp,OEM-only 35W refresh SKU; no dedicated spec page found,Checked tomshardware family overview; not independently detailed
amd-ryzen-mob-a,Ryzen 5 PRO 5650GE,base_clock/boost_clock,No dedicated spec page found; presumed parity with non-PRO 5600GE,"Checked wccftech PRO-series article; only 5750G/5650G/5350G detailed individually, GE variants only mentioned as siblings"
amd-ryzen-mob-a,Ryzen 5 PRO 5655G,base_clock/boost_clock/tdp,Direct AMD.com page for non-GE 5655G not returned; inferred from PRO 5650G and sibling 5655GE comparison,Checked amd.com search results; only 5655GE page surfaced directly
amd-ryzen-mob-b,Ryzen 3 PRO 7330U,launch_date,conflicting sources with no clear majority (Q4 2022 vs Q1 2023 for non-PRO sibling),searched NotebookCheck/cputronic/pc-builds; used Q4 2022 as best available but flagged low confidence
amd-ryzen-mob-b,Ryzen 7 PRO 5875U,part_number,no official AMD OPN/part number surfaced in search results,searched AMD support/driver pages and secondary databases; none listed a part number
amd-ryzen-mob-b,Ryzen 3 PRO 4450U,part_number,no official AMD OPN surfaced,searched WikiChip/notebookcheck; not found
amd-ryzen-mob-b,Ryzen 3 PRO 4355GE,launch_date,exact date not found beyond 2022 refresh wave,searched techpowerup/cpu-monkey; only year-level confirmation
amd-ryzen-mob-b,Ryzen 7 160,launch_price_usd,no public price found,OEM-embedded chip no boxed retail SKU pricing published
amd-ryzen-mob-b,Ryzen 7 170,launch_price_usd,no public price found,OEM-embedded chip not sold at retail
amd-ryzen-mob-b,Ryzen 5 130,launch_price_usd,no public price found,OEM-embedded chip searched multiple aggregators
amd-ryzen-mob-b,Ryzen 5 130,ecc,unconfirmed for this exact SKU,one secondary source mentioned ECC for the family generally but not this SKU specifically
amd-ryzen-mob-b,Ryzen 5 150,launch_price_usd,no public price found,OEM-embedded chip searched multiple aggregators
amd-ryzen-mob-b,Ryzen 3 110,launch_price_usd,no public price found,OEM-embedded chip searched multiple aggregators
amd-ryzen-mob-b,Ryzen 3 30,part_number,not published,searched AMD.com and aggregators only generic OEM listings found
amd-ryzen-mob-b,Ryzen 3 7320C,launch_price_usd,no public price found,Chromebook OEM part no boxed pricing
amd-ryzen-mob-b,Ryzen 5 40,launch_price_usd,no public price found,OEM-embedded chip searched multiple aggregators
amd-ryzen-mob-b,Ryzen 5 40,part_number,not published,no dedicated retail part number found
amd-ryzen-mob-b,Ryzen 5 7520C,launch_price_usd,no public price found,Chromebook OEM part
amd-ryzen-mob-b,Athlon Gold 20,launch_price_usd,no public price found,OEM-embedded chip
amd-ryzen-mob-b,Athlon Gold 7220C,l3_cache,conflicting values across sources (2MB vs 4MB),notebookcheck lists 2MB while other aggregators and matched 7220U sibling list 4MB; resolved to 4MB by analogy but flagged low confidence
amd-ryzen-mob-b,Athlon Gold 7220U,launch_date,quarter-level disagreement (Q1 2023 vs Q3 2022),aggregators disagree; picked Q1 2023 as majority view
amd-ryzen-mob-b,Athlon Silver 10,launch_price_usd,no public price found,OEM-embedded chip
amd-ryzen-mob-b,Athlon Silver 7120C,boost_clock,conflicting values (3.1 GHz vs 3.5 GHz),sources disagree; resolved to 3.5 GHz by analogy to identical 7120U die
amd-ryzen-mob-b,AMD 3015Ce,launch_date,quarter disagreement (Q2 2021 vs Q3 2020),some sources conflate with 3015e's Q3 2020 launch; used Q2 2021 as most C-variant-specific citation found
amd-ryzen-mob-b,Athlon Gold 3150C,mem_channels,not explicitly confirmed as dual vs single,no source explicitly stated channel count for the C-variant specifically
amd-ryzen-mob-b,Ryzen 3 3250C,arch,microarchitecture label ambiguity (Zen vs Zen+ vs Picasso),Dali family described inconsistently across sources; no tier-1 AMD source labeling this exact SKU
amd-ryzen-mob-b,Athlon Gold 3150G (OEM Only),igpu_clock,no independent Vega 3 clock published for this exact SKU,searched TechPowerUp/technical.city/cputronic; only found clock for sibling parts
amd-ryzen-mob-b,Athlon Gold 3150G (OEM Only),launch_price_usd,OEM-only part never had public retail pricing,searched multiple retailer/aggregator sites; no price listings found
amd-ryzen-mob-b,Ryzen 3 3200GE (OEM Only),igpu_clock,no independent Vega 8 clock confirmed for the non-PRO 3200GE,searched technical.city/cputronic
amd-ryzen-mob-b,Ryzen 5 3400GE (OEM Only),igpu_clock,Vega 11 clock not stated in available secondary sources,searched cputronic/technical.city
amd-ryzen-mob-b,Ryzen 5 PRO 3350G,igpu_clock,Vega 10 clock not stated for this SKU,searched pchardware/technical.city/cpugate
amd-ryzen-mob-b,Ryzen 5 PRO 3400GE,igpu_clock,Vega 11 clock not stated for this SKU,searched fpsbench/pchardware/cpu-compare
amd-ryzen-mob-b,Ryzen 5 3500C,igpu_clock,Chromebook C-series iGPU clock not published,searched techarp/kitguru/gizbot/thefpsreview
amd-ryzen-mob-b,Ryzen 7 3700C,igpu_clock,Chromebook C-series iGPU clock not published,searched techarp/kitguru/gizbot
amd-ryzen-mob-b,Athlon Silver 3050GE (OEM Only),base_clock,source only gives single max-turbo figure with unlocked multiplier; unclear if distinct lower base exists,searched technical.city/askgeek
amd-ryzen-mob-b,Athlon Silver 3050GE (OEM Only),igpu_model,no iGPU details found in available sources,searched technical.city/askgeek/productindetail
amd-ryzen-mob-b,Athlon Silver 3050GE (OEM Only),igpu_cores,no iGPU details found,searched technical.city/askgeek
amd-ryzen-mob-b,Athlon Silver PRO 3125GE,base_clock,no exact clock found beyond relative PassMark comparison vs 3050GE,searched technical.city/productindetail
amd-ryzen-mob-b,Athlon Silver PRO 3125GE,boost_clock,same as above,searched technical.city/productindetail
amd-ryzen-mob-b,Athlon Silver PRO 3125GE,igpu_model,no iGPU details found,searched technical.city/productindetail
amd-ryzen-mob-b,Athlon Silver PRO 3125GE,igpu_cores,no iGPU details found,searched technical.city/productindetail
amd-ryzen-mob-b,all Picasso/Raven Ridge/Dali OEM-only and PRO desktop SKUs,part_number,part numbers not surfaced by secondary sources used,relied on TechPowerUp/WikiChip/notebookcheck/technical.city/cputronic aggregators which generally omit OPN numbers
amd-ryzen-mob-b,all Picasso models,pcie_lanes,exact usable PCIe lane counts per SKU not stated by secondary sources,secondary sources state PCIe 3.0 generation only not lane counts; AMD legacy product pages not fetched directly to avoid overflow
amd-ryzen-mob-b,Ryzen 3 2200GE,launch_price_usd,OEM-only channel part,searched TechPowerUp/Tom's Hardware/WCCFTech announcement coverage; no consumer MSRP ever published for GE-suffix parts
amd-ryzen-mob-b,Ryzen 5 2400GE,launch_price_usd,OEM-only channel part,GE parts sold only to OEMs/system integrators
amd-ryzen-mob-b,Ryzen 3 PRO 2200G,launch_price_usd,PRO parts sold through business/OEM channel not retail,checked cpu-world/topcpu/technical.city; no MSRP listed
amd-ryzen-mob-b,Ryzen 3 PRO 2200GE,launch_price_usd,PRO+GE OEM part with minimal press coverage,checked WikiChip and PRO series drivers page; no exact price found
amd-ryzen-mob-b,Ryzen 3 PRO 2300U,launch_price_usd,mobile OEM part not individually priced,AMD driver page and WikiChip lack MSRP
amd-ryzen-mob-b,Ryzen 5 PRO 2400GE,launch_price_usd,PRO+GE OEM part with minimal press coverage,only benchmark comparison pages found
amd-ryzen-mob-b,Ryzen 5 PRO 2500U,launch_price_usd,mobile OEM part,same rationale as other PRO mobile parts
amd-ryzen-mob-b,Ryzen 7 PRO 2700U,launch_price_usd,mobile OEM part,same rationale as other PRO mobile parts
amd-ryzen-mob-b,Athlon 220GE,launch_date,exact day-level launch date not found in press coverage,checked TechPowerUp WikiChip Tom's Hardware review; only approximate Q1 2019 window established
amd-ryzen-mob-b,Athlon 240GE,launch_date,exact day-level launch date not found,same sources as Athlon 220GE
amd-ryzen-mob-b,Athlon 300GE,launch_price_usd,no retail/press MSRP found,checked cpu-monkey quietpc cputronic; none cite original launch price
amd-ryzen-mob-b,Athlon 320GE,launch_date,OEM-only part with no dedicated press launch,checked cpu-world compare page TechPowerUp; no launch announcement found
amd-ryzen-mob-b,Athlon 320GE,launch_price_usd,OEM-only part with no dedicated press launch,checked cpu-world compare page TechPowerUp; no launch announcement found
amd-ryzen-mob-b,Athlon PRO 200GE,launch_price_usd,business-channel OEM part,checked WikiChip cpu-world cputronic; no MSRP published
amd-ryzen-mob-b,Athlon PRO 200U,launch_date,only general-year (2018) mentions found, no month/day
amd-ryzen-mob-b,Athlon PRO 200U,igpu_clock,no SKU-specific GPU clock explicitly published,assumed 1000MHz by analogy to other Vega 3 Raven Ridge parts; not independently confirmed
amd-ryzen-mob-b,Athlon PRO 300GE,launch_price_usd,business-channel OEM part,checked WikiChip SHI product page cpu-world; no MSRP found
amd-ryzen-mob-b,Ryzen 3 2200GE,part_number,not found in sources checked,searched Amazon/cpu-world/TechPowerUp listings; GE parts OEM-only
amd-ryzen-mob-b,Ryzen 5 2400GE,part_number,not found in sources checked,same as above
intel-arc,Arc A310,l2_cache,Intel ARK does not publish L2 cache size for Arc desktop parts,Checked ARK spec page; no L2 cache field listed; not corroborated on TechPowerUp either
intel-arc,Arc A380,l2_cache,Intel ARK does not publish L2 cache size for Arc desktop parts,Checked ARK spec page
intel-arc,Arc A580,l2_cache,Intel ARK does not publish L2 cache size for Arc desktop parts,Checked ARK spec page
intel-arc,Arc A750,l2_cache,Intel ARK does not publish L2 cache size for Arc desktop parts,Checked ARK spec page
intel-arc,Arc A770 8GB,l2_cache,Intel ARK does not publish L2 cache size for Arc desktop parts,Checked ARK spec page
intel-arc,Arc A770 16GB,l2_cache,Intel ARK does not publish L2 cache size for Arc desktop parts,Checked ARK spec page
intel-arc,Arc A350M,l2_cache,Intel ARK does not publish L2 cache size for Arc mobile parts,Checked ARK spec page
intel-arc,Arc A370M,l2_cache,Intel ARK does not publish L2 cache size for Arc mobile parts,Checked ARK spec page
intel-arc,Arc A550M,l2_cache,Intel ARK does not publish L2 cache size for Arc mobile parts,Checked ARK spec page
intel-arc,Arc A730M,l2_cache,Intel ARK does not publish L2 cache size for Arc mobile parts,Checked ARK spec page
intel-arc,Arc A770M,l2_cache,Intel ARK does not publish L2 cache size for Arc mobile parts,Checked ARK spec page
intel-arc,Flex 140,mem_speed,Card-level bandwidth not clearly published as single figure for dual-GPU card (per-GPU 6GB/96-bit bus figure not confirmed to tier-1 precision),Searched Intel ARK + Tom's Hardware + topcpu.net; found per-die core/memory but not a clean bandwidth GB/s figure I could confirm to tier-1
intel-arc,Flex 170,mem_speed,Search summaries reported GB/s bandwidth but not a distinct Gbps memory speed figure tier-1 confirmed,Would need direct ARK fetch to confirm Gbps memory clock; bandwidth figure (576 GB/s) already captured via mem_speed field instead
intel-arc,Max 1100,l3_cache,Intel ARK/datasheet did not surface an L2/Rambo cache figure for the 1100 in search summaries (unlike 1550's well-documented 408MB),Searched ARK + Intel datasheet PDF summary; L2 cache size for the cut-down 56-Xe-core 1100 not found in available snippets
intel-arc,Max 1450,source_url,Could not reach an Intel ARK tier-1 deep link for Max 1450 without risking a direct-fetch overflow per method notes; relied on tier-3 press coverage,Searched multiple times; Max 1450 appears on Intel's Max Series ARK family page but individual SKU URL not confirmed in search snippets
intel-arc,Max 1450,l3_cache,"Assumed identical to Max 1550 (408 MB) based on same full-die config, but not independently tier-1 confirmed for this specific SKU",Not fetched directly; left blank in CSV rather than assume - see notes.md
intel-client-dt,Core Ultra 5 235UA,segment,SKU exists on ARK (sku/243859) but Vertical Segment=Mobile not Desktop,Fetched and grepped ARK page directly; confirmed via 'Vertical Segment' field=Mobile. Excluded from this desktop-only shard per task convention (segment=desktop); belongs in the mobile Core Ultra shard instead.
intel-client-dt,Core Ultra 9 285K,igpu_cores,ARK does not label the Xe-core count field explicitly; value appeared as unlabeled span due to footnote markup on original 8 rows written before the Xe-core-count pattern was recognized,"Left blank in the original 8 rows (285K/285/285T/265K/265KF/265F/265T/265); pattern was later identified on subsequent SKUs (value appears right after 'Graphics Output' resolution string, e.g. 245K=4 225=2 235=3). Recommend backfill pass re-grepping the original 8 fetch files to extract this value p"
intel-client-dt,Core Ultra 5 245KF,ecc,Single-line span grep did not capture the ECC Yes/No line for this SKU (label likely has footnote/nested markup breaking the regex match),Manually inferred ECC=No from the consistent F-suffix pattern (265KF/265F/225F/225T all showed ECC=No); not directly read as text for 245KF specifically. Row written with confidence=medium and this caveat noted.
intel-client-dt,All 22 SKUs,part_number,ARK 'Processor Number' field only gives short marketing number (e.g. 245K) not a boxed ordering part number (e.g. BX80768245K),"Did not fetch each SKU's separate /ordering.html ARK subpage to avoid excessive additional fetches per SKU; left blank for all rows rather than invent values. A couple of boxed part numbers were incidentally seen in third-party retailer listings during Plus-series research (e.g. BX80768270K, BX80768"
intel-client-dt,Core i9-14900,launch_price_usd,not surfaced in ARK search excerpt for non-K SKU,"searched ""Core i9-14900 (non-K) ARK specifications""; only K/KF/F/T/KS prices confirmed"
intel-client-dt,Core i9-14900,part_number,boxed part number (BX...) not surfaced,searched ARK/retail listings; not found in excerpt returned
intel-client-dt,Core i9-14900KS,part_number,confirmed BX8071514900KS via retailer listing title only (not ARK page itself),used retailer product title as corroboration; treat as medium confidence
intel-client-dt,Core i7-14700,launch_price_usd,not surfaced in ARK search excerpt for non-K SKU,"searched ""Core i7-14700 (non-K) ARK specifications""; only K/KF/F/T prices confirmed"
intel-client-dt,Core i7-14700,part_number,boxed part number not surfaced,searched ARK/retail listings; not found in excerpt returned
intel-client-dt,Core i5-14600,launch_price_usd,not surfaced in ARK search excerpt for non-K SKU,"searched ""Core i5-14600 (non-K) ARK specifications""; only K/KF/T prices confirmed"
intel-client-dt,Core i5-14600,part_number,boxed part number not surfaced,searched ARK/retail listings; not found in excerpt returned
intel-client-dt,ALL_SKUS,igpu_clock,ARK Graphics Max Dynamic Frequency value not captured in any WebSearch excerpt,search snippets consistently omitted this field; would require direct ARK page fetch (ARK pages were too large - 400K+ chars - for full web_fetch in this session)
intel-client-dt,ALL_SKUS,all_core_boost,Intel ARK does not publish an all-core boost spec field for these SKUs,ARK only exposes Max Turbo Frequency P-core Max Turbo E-core Max Turbo and (i9-only) Turbo Boost Max 3.0 Frequency and Thermal Velocity Boost Frequency - no single-value all-core figure
intel-client-dt,MOST_SKUS,part_number,boxed retail Ordering Code (BX80715...) only captured for i5-14500 i9-14900KS i7-14700K/KF/F i5-14600K i3-14100,ARK product pages include an Ordering Code table further down the page that was not reachable via WebSearch snippets; would need direct ARK page fetch per SKU
intel-client-dt,Core i9-13900T,igpu_cores,not individually confirmed on ARK for this SKU,searched ARK snippets and secondary sources; only confirmed for K/KF/i7-13700 variants; assumed 32 EU by family pattern but left blank rather than assert
intel-client-dt,Core i9-13900T,igpu_clock,not individually confirmed on ARK for this SKU,WebSearch summaries did not return Graphics Base/Max Dynamic Frequency values for this exact SKU
intel-client-dt,Core i9-13900T,mem_max_capacity,not found in search results for this exact SKU,did not surface a Max Memory Size figure specific to this SKU; left blank given conflicting 128/192GB values elsewhere in family
intel-client-dt,Core i9-13900T,part_number,no confirmed boxed/tray ordering code found,one listing referenced an unconfirmed tray code fragment in a URL slug; not validated against an authoritative source
intel-client-dt,Core i9-13900T,all_core_boost,ARK snippets did not list a distinct all-core turbo figure,left blank rather than assume it equals Max Turbo Frequency
intel-client-dt,Core i9-13900,igpu_clock,not found for this exact SKU,search snippets did not return Graphics Base/Max Dynamic Frequency for this SKU
intel-client-dt,Core i9-13900,mem_max_capacity,conflicting values across sources (128GB vs 192GB seen on sibling F/K/KF/KS ARK pages),used ARK-quoted 128GB but flagged unresolved conflict; recommend direct ARK page fetch to resolve
intel-client-dt,Core i9-13900F,launch_date,not independently confirmed via direct ARK fetch,inferred Q1'23 from sibling non-K SKUs launching same wave
intel-client-dt,Core i9-13900KS,igpu_clock,not found in search results for this exact SKU,summaries confirmed UHD Graphics 770 presence but not specific Graphics Max Dynamic Frequency
intel-client-dt,Core i9-13900KS,tdp_config_up (real-world vs ARK),TechPowerUp reports an unofficial 320W board default turbo power mode not reflected in ARK's 253W,logged as source disagreement; used ARK 253W value as the tier-1 figure
intel-client-dt,Core i7-13700T,pcie_gen/pcie_lanes exact wording,not individually re-verified via direct ARK fetch for this SKU,"used platform-consistent inferred value (5.0, 20 lanes)"
intel-client-dt,Core i7-13700,mem_max_capacity,conflicting values (128GB vs 192GB) seen across different search passes,used 192GB from more detailed pass; flagged conflict rather than silently picking one
intel-client-dt,Core i7-13700KF,part_number,tray part number not surfaced in searches,only boxed BX8071513700KF confirmed
intel-client-dt,Core i5-13600K,mem_max_capacity,not stated in any retrieved ARK summary for this SKU,"value present for sibling SKUs (13600T/13600=192GB, 13500/13500T/13700-series=128GB) but not confirmed for 13600K itself; left blank rather than guess"
intel-client-dt,Core i5-13600,igpu_clock,ARK summary did not include Graphics Max Dynamic Frequency for this specific SKU,"only 13600K (1.50GHz) and 13500 (1.55GHz) values were returned in search results, not the non-K 13600"
intel-client-dt,Core i5-13600,part_number,tray/OEM part number not found,only boxed BX8071513600 surfaced in retail listings
intel-client-dt,Core i5-13500,part_number,tray/OEM part number not found,only boxed BX8071513500 surfaced in retail listings
intel-client-dt,Core i5-13600T,part_number,no boxed or tray part number surfaced,directly fetched ARK page did not expose SKU/spec code within retrieved sections
intel-client-dt,Core i5-13500T,part_number (boxed),boxed retail part number not found (T-suffix SKUs are commonly OEM/tray-only),only tray CM8071505092901 confirmed
intel-client-dt,all i5/i7 non-HEDT rows (group B),all_core_boost,Intel ARK does not publish a distinct all-core-turbo field for these mainstream desktop SKUs,only single-core Max Turbo Frequency and per-core-type (P-core/E-core) max turbo values are listed
intel-client-dt,Core i5-13600KF,all_core_boost,ARK does not publish a distinct all-core-turbo field for this SKU,checked Essentials/CPU Specifications sections; only per-core-type max turbo listed
intel-client-dt,Core i5-13600KF,part_number,"ARK specs page exposes only Processor Number (=model name), no separate boxed/tray part number code",searched Essentials section; no distinct part-number field present
intel-client-dt,Core i5-13400,all_core_boost,same as above,same as above
intel-client-dt,Core i5-13400,part_number,same as above,same as above
intel-client-dt,Core i5-13400T,all_core_boost,same as above,same as above
intel-client-dt,Core i5-13400T,part_number,same as above,same as above
intel-client-dt,Core i5-13400F,all_core_boost,same as above,same as above
intel-client-dt,Core i5-13400F,part_number,same as above,same as above
intel-client-dt,Core i3-13100,all_core_boost,same as above,same as above
intel-client-dt,Core i3-13100,part_number,same as above,same as above
intel-client-dt,Core i3-13100T,all_core_boost,same as above,same as above
intel-client-dt,Core i3-13100T,part_number,same as above,same as above
intel-client-dt,Core i3-13100F,all_core_boost,same as above,same as above
intel-client-dt,Core i3-13100F,part_number,same as above,same as above
intel-client-dt,Core i9-12900K,all_core_boost,not published on Intel ARK,searched ARK spec page and cross-source summaries; only P-core/E-core max turbo and base freq are listed there
intel-client-dt,Core i9-12900KF,all_core_boost,not published on Intel ARK,same as i9-12900K
intel-client-dt,Core i9-12900KF,part_number,not captured in retrieved search snippet,searched ARK + retailer listings; only i9-12900K and i7-12700K box part numbers were captured confidently
intel-client-dt,Core i9-12900KS,launch_price_usd,conflicting figures across sources ($739 Intel launch RCP vs $813 cited in one AI-search ARK summary),cross-checked HotHardware/Tom's Hardware launch coverage vs initial ARK search summary; did not independently load raw ARK HTML to resolve
intel-client-dt,Core i9-12900,pcie_gen,not independently re-verified for this specific non-K SKU (assumed identical to i9-12900K platform spec),relied on consistent Alder Lake-S platform pattern (5.0+4.0/20 lanes) confirmed on several other SKUs; did not pull dedicated PCIe field for this exact SKU
intel-client-dt,Core i9-12900,igpu_clock,not independently confirmed for this SKU,assumed identical UHD 770 max dynamic frequency as i9-12900K; ARK snippet for i9-12900 itself did not surface this field
intel-client-dt,Core i9-12900F,part_number,not captured,search snippet did not include boxed part number
intel-client-dt,Core i9-12900T,igpu_clock,not independently confirmed for this SKU,assumed identical UHD 770 spec as i9-12900K
intel-client-dt,Core i7-12700K,igpu_clock,minor cross-source conflict (1.4GHz vs 1.5GHz boost cited by different secondary sources),used 1.50GHz per one source description of ARK data; flagged discrepancy rather than silently picking one
intel-client-dt,Core i7-12700,launch_date,not explicitly restated in retrieved snippet for the base (non-suffix) SKU,inferred 2022-Q1 from F/T sibling SKUs which explicitly showed Q1'22; did not load full ARK page for i7-12700 to directly confirm
intel-client-dt,Core i7-12700,igpu_clock,not independently confirmed for this SKU,assumed identical UHD 770 spec as i7-12700K
intel-client-dt,Core i7-12700T,igpu_clock,not independently confirmed for this SKU,assumed identical UHD 770 spec as i7-12700K
intel-client-dt,Core i5-12600,igpu_clock,not independently confirmed for this SKU,assumed identical UHD 770 spec as i5-12600K
intel-client-dt,Core i5-12600T,pcie_gen,one secondary source (cpu-monkey-style aggregator) claimed PCIe 3.0 with 20 lanes," conflicting with the uniform Alder Lake-S PCIe 5.0+4.0 pattern seen on every other verified SKU,treated the outlier claim as likely an aggregator error and kept the platform-consistent 5.0+4.0/20-lane value; did not resolve by loading raw ARK HTML"
intel-client-dt,Core i5-12600T,igpu_clock,not independently confirmed for this SKU,assumed identical UHD 770 spec as i5-12600K
intel-client-dt,Core i5-12500,igpu_clock,not independently confirmed for this SKU,assumed identical UHD 770 spec as i5-12600K
intel-client-dt,Core i5-12500T,igpu_clock,not independently confirmed for this SKU,assumed identical UHD 770 spec as i5-12600K
intel-client-dt,Core i3-12300,igpu_clock,not independently confirmed for this SKU,assumed identical UHD 730 spec as i5-12400/i3-12100
intel-client-dt,Core i3-12100,launch_price_usd,exact ARK Recommended Customer Price not captured in retrieved snippet (only retail ~$180 seen),searched ARK specifications page; snippet returned overview/cache/clock fields but not the RCP line item
intel-client-dt,Core i3-12100,igpu_clock,not independently confirmed for this SKU,assumed identical UHD 730 spec as i5-12400
intel-client-dt,Core i3-12100T,igpu_clock,not independently confirmed for this SKU,assumed identical UHD 730 spec as i5-12400/i3-12100
intel-client-dt,(all 25 SKUs),part_number,boxed/tray part numbers (BX/CM ordering codes) not systematically captured for most SKUs; only i9-12900K BX8071512900K," i7-12700K BX8071512700K, and i5-12600KF BX8071512600KF were confidently sourced,would require a dedicated ordering-info page fetch per SKU (ark.intel.com .../ordering.html) which was out of scope for the search-summary approach used in this pass"
intel-client-dt,Core i9-11900T,launch_price_usd,search result duplicated non-T sibling price exactly ($483) - suspected artifact,"Searched ""Core i9-11900T ARK specifications"" via WebSearch; ARK sku page 212256 not fetched directly for price field"
intel-client-dt,Core i9-11900T,pcie_lanes,one third-party source claims 16 lanes vs 20 on siblings - unconfirmed on ARK snippet,Same WebSearch as above; did not independently fetch ARK page to confirm lane count
intel-client-dt,Core i7-11700T,launch_price_usd,search result duplicated non-T sibling price exactly ($355) - suspected artifact,"Searched ""Core i7-11700T ARK specifications"" via WebSearch"
intel-client-dt,Core i5-11600T,launch_price_usd,search result duplicated non-T sibling price exactly ($234) - suspected artifact,"Searched ""Core i5-11600T ARK specifications"" via WebSearch"
intel-client-dt,Core i5-11500T,launch_price_usd,search result duplicated non-T sibling price exactly ($211) - suspected artifact,"Searched ""Core i5-11500T ARK specifications"" via WebSearch"
intel-client-dt,Core i5-11400T,launch_price_usd,search result duplicated non-T sibling price exactly - suspected artifact,"Searched ""Core i5-11400T ARK specifications"" via WebSearch"
intel-client-dt,Core i5-11400,launch_price_usd,conflicting figures ($200 vs ~$182 in other sources) - not independently resolved,"Searched ""Core i5-11400 ARK specifications"" via WebSearch; recorded ARK-quoted $200 but flagged confidence medium"
intel-client-dt,ALL SKUs,all_core_boost,ARK does not publish an explicit all-core turbo bin table for Rocket Lake desktop SKUs (only single/dual-core Turbo Boost 2.0 / Max 3.0 / TVB frequencies are listed); third-party all-core estimates exist but are not tier-1 sourced,Reviewed ARK spec text returned by WebSearch for every SKU; no all-core field present
intel-client-dt,ALL SKUs,tdp_config_up (Maximum Turbo Power/PL2),"ARK does not expose a ""Maximum Turbo Power"" field for Rocket Lake desktop (that field appears starting later generations); only Processor Base Power (TDP) and Configurable TDP-down are listed","Reviewed ARK spec text for every SKU; PL2/224W figures found only in enthusiast reviews (tier 2/3), not ARK, so left blank"
intel-client-dt,Core i5-11600 (non-K/non-T),igpu_clock,ARK confirms Graphics Base Frequency 350MHz but max dynamic frequency for this specific non-K SKU not separately located in search snippet,"Searched ""Core i5-11600 i5-11600K UHD Graphics 750 EU count graphics frequency ARK"""
intel-client-dt,Core i5-11500 / i5-11500T / i5-11400T,igpu_clock,Max dynamic graphics frequency not confirmed per-SKU from ARK snippet (only EU count and base freq generalized from Rocket Lake iGPU family),"Searched ""Core i5-11500 UHD Graphics 750 or 730 EU count ARK"" and related queries"
intel-client-dt,ALL SKUs,part_number,"ARK ""processor number"" (e.g. i9-11900K) is captured in model field; no distinct ordering/box SKU code (e.g. BX8070811900K) was verified directly from an ARK ordering page for every SKU",Not independently fetched from ARK ordering/compliance sub-pages for each SKU
intel-client-dt,i9-10900KF,launch_price_usd,Current ARK page template does not display a Recommended Customer Price field for many Comet Lake-S SKUs; where third-party figures existed they were unreliable or conflicting (duplicate/contradictory values),WebSearch 'ARK specifications' plus secondary retailer/cpu-world price citations; discarded unverified or conflicting figures per accuracy policy
intel-client-dt,i9-10900,launch_price_usd,Current ARK page template does not display a Recommended Customer Price field for many Comet Lake-S SKUs; where third-party figures existed they were unreliable or conflicting (duplicate/contradictory values),WebSearch 'ARK specifications' plus secondary retailer/cpu-world price citations; discarded unverified or conflicting figures per accuracy policy
intel-client-dt,i7-10700,launch_price_usd,Current ARK page template does not display a Recommended Customer Price field for many Comet Lake-S SKUs; where third-party figures existed they were unreliable or conflicting (duplicate/contradictory values),WebSearch 'ARK specifications' plus secondary retailer/cpu-world price citations; discarded unverified or conflicting figures per accuracy policy
intel-client-dt,i7-10700F,launch_price_usd,Current ARK page template does not display a Recommended Customer Price field for many Comet Lake-S SKUs; where third-party figures existed they were unreliable or conflicting (duplicate/contradictory values),WebSearch 'ARK specifications' plus secondary retailer/cpu-world price citations; discarded unverified or conflicting figures per accuracy policy
intel-client-dt,i5-10600K,launch_price_usd,Current ARK page template does not display a Recommended Customer Price field for many Comet Lake-S SKUs; where third-party figures existed they were unreliable or conflicting (duplicate/contradictory values),WebSearch 'ARK specifications' plus secondary retailer/cpu-world price citations; discarded unverified or conflicting figures per accuracy policy
intel-client-dt,i5-10600KF,launch_price_usd,Current ARK page template does not display a Recommended Customer Price field for many Comet Lake-S SKUs; where third-party figures existed they were unreliable or conflicting (duplicate/contradictory values),WebSearch 'ARK specifications' plus secondary retailer/cpu-world price citations; discarded unverified or conflicting figures per accuracy policy
intel-client-dt,i5-10600,launch_price_usd,Current ARK page template does not display a Recommended Customer Price field for many Comet Lake-S SKUs; where third-party figures existed they were unreliable or conflicting (duplicate/contradictory values),WebSearch 'ARK specifications' plus secondary retailer/cpu-world price citations; discarded unverified or conflicting figures per accuracy policy
intel-client-dt,i5-10600T,launch_price_usd,Current ARK page template does not display a Recommended Customer Price field for many Comet Lake-S SKUs; where third-party figures existed they were unreliable or conflicting (duplicate/contradictory values),WebSearch 'ARK specifications' plus secondary retailer/cpu-world price citations; discarded unverified or conflicting figures per accuracy policy
intel-client-dt,i5-10500,launch_price_usd,Current ARK page template does not display a Recommended Customer Price field for many Comet Lake-S SKUs; where third-party figures existed they were unreliable or conflicting (duplicate/contradictory values),WebSearch 'ARK specifications' plus secondary retailer/cpu-world price citations; discarded unverified or conflicting figures per accuracy policy
intel-client-dt,i5-10500T,launch_price_usd,Current ARK page template does not display a Recommended Customer Price field for many Comet Lake-S SKUs; where third-party figures existed they were unreliable or conflicting (duplicate/contradictory values),WebSearch 'ARK specifications' plus secondary retailer/cpu-world price citations; discarded unverified or conflicting figures per accuracy policy
intel-client-dt,i5-10400,launch_price_usd,Current ARK page template does not display a Recommended Customer Price field for many Comet Lake-S SKUs; where third-party figures existed they were unreliable or conflicting (duplicate/contradictory values),WebSearch 'ARK specifications' plus secondary retailer/cpu-world price citations; discarded unverified or conflicting figures per accuracy policy
intel-client-dt,i5-10400F,launch_price_usd,Current ARK page template does not display a Recommended Customer Price field for many Comet Lake-S SKUs; where third-party figures existed they were unreliable or conflicting (duplicate/contradictory values),WebSearch 'ARK specifications' plus secondary retailer/cpu-world price citations; discarded unverified or conflicting figures per accuracy policy
intel-client-dt,i5-10400T,launch_price_usd,Current ARK page template does not display a Recommended Customer Price field for many Comet Lake-S SKUs; where third-party figures existed they were unreliable or conflicting (duplicate/contradictory values),WebSearch 'ARK specifications' plus secondary retailer/cpu-world price citations; discarded unverified or conflicting figures per accuracy policy
intel-client-dt,i3-10325,launch_price_usd,Current ARK page template does not display a Recommended Customer Price field for many Comet Lake-S SKUs; where third-party figures existed they were unreliable or conflicting (duplicate/contradictory values),WebSearch 'ARK specifications' plus secondary retailer/cpu-world price citations; discarded unverified or conflicting figures per accuracy policy
intel-client-dt,i3-10105T,launch_price_usd,Current ARK page template does not display a Recommended Customer Price field for many Comet Lake-S SKUs; where third-party figures existed they were unreliable or conflicting (duplicate/contradictory values),WebSearch 'ARK specifications' plus secondary retailer/cpu-world price citations; discarded unverified or conflicting figures per accuracy policy
intel-client-dt,i3-10305,launch_price_usd,Current ARK page template does not display a Recommended Customer Price field for many Comet Lake-S SKUs; where third-party figures existed they were unreliable or conflicting (duplicate/contradictory values),WebSearch 'ARK specifications' plus secondary retailer/cpu-world price citations; discarded unverified or conflicting figures per accuracy policy
intel-client-dt,i3-10305T,launch_price_usd,Current ARK page template does not display a Recommended Customer Price field for many Comet Lake-S SKUs; where third-party figures existed they were unreliable or conflicting (duplicate/contradictory values),WebSearch 'ARK specifications' plus secondary retailer/cpu-world price citations; discarded unverified or conflicting figures per accuracy policy
intel-client-dt,i9-10900K,part_number,"ARK's current page template does not surface an official Spec Code (sSpec) for most Comet Lake-S SKUs in search-derived excerpts; only box SKU codes (e.g. BX8070...) appear via retailer listings, not ARK's official field",WebSearch per SKU plus cpu-world.com cross-reference; left blank where no ARK-sourced spec code was found rather than use a retailer box code
intel-client-dt,i9-10900,part_number,"ARK's current page template does not surface an official Spec Code (sSpec) for most Comet Lake-S SKUs in search-derived excerpts; only box SKU codes (e.g. BX8070...) appear via retailer listings, not ARK's official field",WebSearch per SKU plus cpu-world.com cross-reference; left blank where no ARK-sourced spec code was found rather than use a retailer box code
intel-client-dt,i9-10900F,part_number,"ARK's current page template does not surface an official Spec Code (sSpec) for most Comet Lake-S SKUs in search-derived excerpts; only box SKU codes (e.g. BX8070...) appear via retailer listings, not ARK's official field",WebSearch per SKU plus cpu-world.com cross-reference; left blank where no ARK-sourced spec code was found rather than use a retailer box code
intel-client-dt,i9-10900T,part_number,"ARK's current page template does not surface an official Spec Code (sSpec) for most Comet Lake-S SKUs in search-derived excerpts; only box SKU codes (e.g. BX8070...) appear via retailer listings, not ARK's official field",WebSearch per SKU plus cpu-world.com cross-reference; left blank where no ARK-sourced spec code was found rather than use a retailer box code
intel-client-dt,i9-10850K,part_number,"ARK's current page template does not surface an official Spec Code (sSpec) for most Comet Lake-S SKUs in search-derived excerpts; only box SKU codes (e.g. BX8070...) appear via retailer listings, not ARK's official field",WebSearch per SKU plus cpu-world.com cross-reference; left blank where no ARK-sourced spec code was found rather than use a retailer box code
intel-client-dt,i7-10700KF,part_number,"ARK's current page template does not surface an official Spec Code (sSpec) for most Comet Lake-S SKUs in search-derived excerpts; only box SKU codes (e.g. BX8070...) appear via retailer listings, not ARK's official field",WebSearch per SKU plus cpu-world.com cross-reference; left blank where no ARK-sourced spec code was found rather than use a retailer box code
intel-client-dt,i7-10700,part_number,"ARK's current page template does not surface an official Spec Code (sSpec) for most Comet Lake-S SKUs in search-derived excerpts; only box SKU codes (e.g. BX8070...) appear via retailer listings, not ARK's official field",WebSearch per SKU plus cpu-world.com cross-reference; left blank where no ARK-sourced spec code was found rather than use a retailer box code
intel-client-dt,i7-10700F,part_number,"ARK's current page template does not surface an official Spec Code (sSpec) for most Comet Lake-S SKUs in search-derived excerpts; only box SKU codes (e.g. BX8070...) appear via retailer listings, not ARK's official field",WebSearch per SKU plus cpu-world.com cross-reference; left blank where no ARK-sourced spec code was found rather than use a retailer box code
intel-client-dt,i7-10700T,part_number,"ARK's current page template does not surface an official Spec Code (sSpec) for most Comet Lake-S SKUs in search-derived excerpts; only box SKU codes (e.g. BX8070...) appear via retailer listings, not ARK's official field",WebSearch per SKU plus cpu-world.com cross-reference; left blank where no ARK-sourced spec code was found rather than use a retailer box code
intel-client-dt,i5-10600K,part_number,"ARK's current page template does not surface an official Spec Code (sSpec) for most Comet Lake-S SKUs in search-derived excerpts; only box SKU codes (e.g. BX8070...) appear via retailer listings, not ARK's official field",WebSearch per SKU plus cpu-world.com cross-reference; left blank where no ARK-sourced spec code was found rather than use a retailer box code
intel-client-dt,i5-10600KF,part_number,"ARK's current page template does not surface an official Spec Code (sSpec) for most Comet Lake-S SKUs in search-derived excerpts; only box SKU codes (e.g. BX8070...) appear via retailer listings, not ARK's official field",WebSearch per SKU plus cpu-world.com cross-reference; left blank where no ARK-sourced spec code was found rather than use a retailer box code
intel-client-dt,i5-10600,part_number,"ARK's current page template does not surface an official Spec Code (sSpec) for most Comet Lake-S SKUs in search-derived excerpts; only box SKU codes (e.g. BX8070...) appear via retailer listings, not ARK's official field",WebSearch per SKU plus cpu-world.com cross-reference; left blank where no ARK-sourced spec code was found rather than use a retailer box code
intel-client-dt,i5-10600T,part_number,"ARK's current page template does not surface an official Spec Code (sSpec) for most Comet Lake-S SKUs in search-derived excerpts; only box SKU codes (e.g. BX8070...) appear via retailer listings, not ARK's official field",WebSearch per SKU plus cpu-world.com cross-reference; left blank where no ARK-sourced spec code was found rather than use a retailer box code
intel-client-dt,i5-10500,part_number,"ARK's current page template does not surface an official Spec Code (sSpec) for most Comet Lake-S SKUs in search-derived excerpts; only box SKU codes (e.g. BX8070...) appear via retailer listings, not ARK's official field",WebSearch per SKU plus cpu-world.com cross-reference; left blank where no ARK-sourced spec code was found rather than use a retailer box code
intel-client-dt,i5-10500T,part_number,"ARK's current page template does not surface an official Spec Code (sSpec) for most Comet Lake-S SKUs in search-derived excerpts; only box SKU codes (e.g. BX8070...) appear via retailer listings, not ARK's official field",WebSearch per SKU plus cpu-world.com cross-reference; left blank where no ARK-sourced spec code was found rather than use a retailer box code
intel-client-dt,i5-10400,part_number,"ARK's current page template does not surface an official Spec Code (sSpec) for most Comet Lake-S SKUs in search-derived excerpts; only box SKU codes (e.g. BX8070...) appear via retailer listings, not ARK's official field",WebSearch per SKU plus cpu-world.com cross-reference; left blank where no ARK-sourced spec code was found rather than use a retailer box code
intel-client-dt,i5-10400F,part_number,"ARK's current page template does not surface an official Spec Code (sSpec) for most Comet Lake-S SKUs in search-derived excerpts; only box SKU codes (e.g. BX8070...) appear via retailer listings, not ARK's official field",WebSearch per SKU plus cpu-world.com cross-reference; left blank where no ARK-sourced spec code was found rather than use a retailer box code
intel-client-dt,i5-10400T,part_number,"ARK's current page template does not surface an official Spec Code (sSpec) for most Comet Lake-S SKUs in search-derived excerpts; only box SKU codes (e.g. BX8070...) appear via retailer listings, not ARK's official field",WebSearch per SKU plus cpu-world.com cross-reference; left blank where no ARK-sourced spec code was found rather than use a retailer box code
intel-client-dt,i3-10320,part_number,"ARK's current page template does not surface an official Spec Code (sSpec) for most Comet Lake-S SKUs in search-derived excerpts; only box SKU codes (e.g. BX8070...) appear via retailer listings, not ARK's official field",WebSearch per SKU plus cpu-world.com cross-reference; left blank where no ARK-sourced spec code was found rather than use a retailer box code
intel-client-dt,i3-10300,part_number,"ARK's current page template does not surface an official Spec Code (sSpec) for most Comet Lake-S SKUs in search-derived excerpts; only box SKU codes (e.g. BX8070...) appear via retailer listings, not ARK's official field",WebSearch per SKU plus cpu-world.com cross-reference; left blank where no ARK-sourced spec code was found rather than use a retailer box code
intel-client-dt,i3-10300T,part_number,"ARK's current page template does not surface an official Spec Code (sSpec) for most Comet Lake-S SKUs in search-derived excerpts; only box SKU codes (e.g. BX8070...) appear via retailer listings, not ARK's official field",WebSearch per SKU plus cpu-world.com cross-reference; left blank where no ARK-sourced spec code was found rather than use a retailer box code
intel-client-dt,i3-10100,part_number,"ARK's current page template does not surface an official Spec Code (sSpec) for most Comet Lake-S SKUs in search-derived excerpts; only box SKU codes (e.g. BX8070...) appear via retailer listings, not ARK's official field",WebSearch per SKU plus cpu-world.com cross-reference; left blank where no ARK-sourced spec code was found rather than use a retailer box code
intel-client-dt,i3-10100T,part_number,"ARK's current page template does not surface an official Spec Code (sSpec) for most Comet Lake-S SKUs in search-derived excerpts; only box SKU codes (e.g. BX8070...) appear via retailer listings, not ARK's official field",WebSearch per SKU plus cpu-world.com cross-reference; left blank where no ARK-sourced spec code was found rather than use a retailer box code
intel-client-dt,i3-10325,part_number,"ARK's current page template does not surface an official Spec Code (sSpec) for most Comet Lake-S SKUs in search-derived excerpts; only box SKU codes (e.g. BX8070...) appear via retailer listings, not ARK's official field",WebSearch per SKU plus cpu-world.com cross-reference; left blank where no ARK-sourced spec code was found rather than use a retailer box code
intel-client-dt,i3-10105T,part_number,"ARK's current page template does not surface an official Spec Code (sSpec) for most Comet Lake-S SKUs in search-derived excerpts; only box SKU codes (e.g. BX8070...) appear via retailer listings, not ARK's official field",WebSearch per SKU plus cpu-world.com cross-reference; left blank where no ARK-sourced spec code was found rather than use a retailer box code
intel-client-dt,i3-10305,part_number,"ARK's current page template does not surface an official Spec Code (sSpec) for most Comet Lake-S SKUs in search-derived excerpts; only box SKU codes (e.g. BX8070...) appear via retailer listings, not ARK's official field",WebSearch per SKU plus cpu-world.com cross-reference; left blank where no ARK-sourced spec code was found rather than use a retailer box code
intel-client-dt,i3-10105,part_number,"ARK's current page template does not surface an official Spec Code (sSpec) for most Comet Lake-S SKUs in search-derived excerpts; only box SKU codes (e.g. BX8070...) appear via retailer listings, not ARK's official field",WebSearch per SKU plus cpu-world.com cross-reference; left blank where no ARK-sourced spec code was found rather than use a retailer box code
intel-client-dt,i3-10305T,part_number,"ARK's current page template does not surface an official Spec Code (sSpec) for most Comet Lake-S SKUs in search-derived excerpts; only box SKU codes (e.g. BX8070...) appear via retailer listings, not ARK's official field",WebSearch per SKU plus cpu-world.com cross-reference; left blank where no ARK-sourced spec code was found rather than use a retailer box code
intel-client-dt,i3-10100F,part_number,"ARK's current page template does not surface an official Spec Code (sSpec) for most Comet Lake-S SKUs in search-derived excerpts; only box SKU codes (e.g. BX8070...) appear via retailer listings, not ARK's official field",WebSearch per SKU plus cpu-world.com cross-reference; left blank where no ARK-sourced spec code was found rather than use a retailer box code
intel-client-dt,i3-10105F,part_number,"ARK's current page template does not surface an official Spec Code (sSpec) for most Comet Lake-S SKUs in search-derived excerpts; only box SKU codes (e.g. BX8070...) appear via retailer listings, not ARK's official field",WebSearch per SKU plus cpu-world.com cross-reference; left blank where no ARK-sourced spec code was found rather than use a retailer box code
intel-client-dt,ALL_32_SKUS,l2_cache,Intel ARK does not publish a 'total L2 cache' field for Comet Lake-S desktop SKUs (only L3/Smart Cache is itemized); per-core L2 is well-documented elsewhere as 256KB/core but that is not an ARK line item,WebSearch + direct ARK page fetch (i5-10600) confirmed L2 total absent from the page; left blank per policy of not inferring un-cited values
intel-client-dt,ALL_IGPU_SKUS,igpu_cores,"Intel ARK does not list Execution Unit (EU) count as a field on current Comet Lake-S product pages; UHD Graphics 630 = 24 EU is a widely-cited platform constant but was only incidentally confirmed for i9-10900K in one source, not independently verified per SKU",WebSearch per SKU; left blank rather than assume the family-wide 24 EU figure applies uniformly without per-page confirmation
intel-client-dt,Core i3-N305,launch_price_usd,no public RCP populated on ARK for N-series tray parts,checked ARK specifications+ordering pages; RCP field present but empty at fetch time; no third-party tray pricing found
intel-client-dt,Core i3-N305,part_number,ARK does not surface a distinct Intel Ordering Code / part number string beyond the SKU page itself,checked ARK ordering.html page; field renders via client-side JS not present in static fetch
intel-client-dt,Core i3-N300,launch_price_usd,no public RCP found,same as N305
intel-client-dt,Core i3-N300,part_number,not resolvable from static ARK fetch,same as N305
intel-client-dt,Processor N100,launch_price_usd,no public RCP found,checked ARK specifications page
intel-client-dt,Processor N100,part_number,not resolvable from static ARK fetch,same as above
intel-client-dt,Processor N200,launch_price_usd,no public RCP found,checked ARK specifications page
intel-client-dt,Processor N200,part_number,not resolvable from static ARK fetch,same as above
intel-client-dt,Processor N97,launch_price_usd,RCP field exists on ARK page but value not populated at fetch time (dynamic render),"fetched ARK specifications.html directly and grepped for Recommended Customer Price row; label present, value empty in static HTML"
intel-client-dt,Processor N97,part_number,not resolvable from static ARK fetch,same as above
intel-client-dt,Processor N95,launch_price_usd,no public RCP found,checked ARK specifications page via ark.intel.com
intel-client-dt,Processor N95,part_number,not resolvable from static ARK fetch,same as above
intel-client-dt,Core 3 N350,base_clock,ARK does not list a base-frequency field for this SKU; secondary trackers (allcpus/passmark) report wildly inconsistent values (0.1GHz/3GHz/etc.),searched notebookcheck+allcpus+passmark aggregators; treated as unreliable and left blank per no-invention rule
intel-client-dt,Core 3 N350,all_core_boost,not published by Intel; notebookcheck only says sustained clocks will be well below 3.9GHz turbo due to 7W TDP but gives no figure,searched notebookcheck N350 page
intel-client-dt,Core 3 N350,l2_cache,conflicting secondary-source claim (2x2MB=4MB) vs 8MB seen on architecturally similar 8-core i3-N305/N300,searched notebookcheck-derived summaries; ARK itself does not publish L2 size; left blank due to unresolved conflict
intel-client-dt,Core 3 N350,pcie_gen,not directly confirmed for this specific SKU via a fetched source,ARK page fetch did not return rendered PCIe row value; websearch did not surface an explicit N350 PCIe generation citation
intel-client-dt,Core 3 N350,pcie_lanes,not directly confirmed for this specific SKU via a fetched source,same as pcie_gen
intel-client-dt,Core 3 N350,launch_price_usd,no public RCP found,checked ARK specifications page
intel-client-dt,Core 3 N350,part_number,not resolvable from static ARK fetch,same as above
intel-client-dt,Core 3 N355,base_clock,same issue as N350,same as N350
intel-client-dt,Core 3 N355,all_core_boost,not published by Intel,same as N350
intel-client-dt,Core 3 N355,l2_cache,same conflicting-source issue as N350,same as N350
intel-client-dt,Core 3 N355,pcie_gen,not directly confirmed for this specific SKU,same as N350
intel-client-dt,Core 3 N355,pcie_lanes,not directly confirmed for this specific SKU,same as N350
intel-client-dt,Core 3 N355,launch_price_usd,no public RCP found,checked ARK specifications page
intel-client-dt,Core 3 N355,part_number,not resolvable from static ARK fetch,same as above
intel-client-mob,Core Ultra 9 285H,l2_cache,conflicting third-party figures (2MB vs 6MB per package),searched notebookcheck/pchardware/cpu-monkey; no ARK page reproduced exact total L2 figure in search summaries
intel-client-mob,Core Ultra 7 265H,l2_cache,conflicting third-party figures,same as 285H
intel-client-mob,Core Ultra 7 255H,l2_cache,conflicting third-party figures,same as 285H
intel-client-mob,Core Ultra 5 235H,l2_cache,conflicting third-party figures,same as 285H
intel-client-mob,Core Ultra 5 225H,l2_cache,conflicting third-party figures,same as 285H
intel-client-mob,Core Ultra 5 332,npu_tops,not found in search results distinctly from 322,searched cpu-monkey/allcpus/technical.city comparisons; no NPU figure surfaced
intel-client-mob,Core Ultra 5 332,igpu_clock,not found,same as above
intel-client-mob,Core Ultra 5 322,npu_tops,not found in search results distinctly from 332,searched notebookcheck/comparigon; no NPU figure surfaced
intel-client-mob,Core Ultra 5 322,igpu_clock,not found,same as above
intel-client-mob,Core Ultra 5 336H,npu_tops,not found for this specific SKU in search results,searched notebookcheck/allcpus/technical.city/siliconcat/geecool/cpu-monkey; NPU figure not surfaced despite finding it for sibling SKUs
intel-client-mob,Core i7-13700TE,base_clock,Multiple secondary sources conflict on base clock; TE tier typically ~1.1GHz but not independently ARK-confirmed this session,Searched ARK/TechPowerUp summaries; used TE-family pattern estimate with medium confidence instead of leaving blank since boost/TDP/cache were confirmed
intel-client-mob,Core i5-13500TE,base_clock,Source was a staging ARK mirror (arkpwa-stg.intel.com) not canonical ark.intel.com,Used estimate consistent with TE-tier pattern; logged as tier-2 medium confidence rather than blank
intel-client-mob,Core i5-14401E,tdp,Could not re-confirm TDP figure independently in final research batch,Estimated 65W by matching i5-14501E tier pattern (P-core-only 6c/12t at same die tier); logged medium confidence
intel-client-mob,Core i5-14401TE,tdp,Could not re-confirm TDP figure independently in final research batch,Estimated 45W by matching i5-14501TE tier pattern; logged medium confidence
intel-client-mob,Core Ultra 5 135H,l2_cache,L2 cache size not found broken out separately from L3 for 4P+8E+2LPE tier this session,"Searched ARK/notebookcheck summaries; 6P-tier (155H/165H/185H) confirmed at 18MB L2 but 4P-tier figure not located, left blank rather than guess"
intel-client-mob,Core Ultra 5 125H,l2_cache,Same as 135H - 4P+8E+2LPE tier L2 cache figure not located,"Same search effort as 135H sibling, left blank"
intel-client-mob,Core Ultra 5 135HL,l2_cache,PS/edge variant mirrors 135H gap,"Not independently searched, inherited same blank as non-L sibling"
intel-client-mob,Core Ultra 5 125HL,l2_cache,PS/edge variant mirrors 125H gap,"Not independently searched, inherited same blank as non-L sibling"
intel-client-mob,Core Ultra 7 165U,l2_cache,Meteor Lake-U family L2 cache figure not broken out in sources found this session,All 11 Meteor Lake-U/UL rows left l2_cache blank for this reason
intel-client-mob,Core Ultra 3 105UL,cores,P/E core split (4P+4E assumed) for bottom-tier PS SKU not independently ARK-confirmed; only 10MB L3 cache and general naming pattern used to infer config,Searched ARK/driver-page listings; found boost clock and cache size but not detailed core topology breakdown; flagged medium confidence in notes
intel-xeon-dew,Xeon D-2187NT,all_core_boost,ARK/secondary sources for this generation do not report a distinct all-core turbo frequency separate from max turbo,Checked ARK page and TechPowerUp/WikiChip; no all-core value published
intel-xeon-dew,Xeon D-2187NT,tdp_config_up,No configurable TDP-up/down or Maximum Turbo Power value published for this SKU (embedded/entry SKUs and Skylake-W often single-TDP),Checked ARK; only base TDP field present
intel-xeon-dew,Xeon D-2187NT,igpu_cores,iGPU execution unit count not published for this SKU (either no iGPU present or ARK omits EU count),Checked ARK graphics specifications; no EU/core count listed
intel-xeon-dew,Xeon D-2187NT,igpu_clock,iGPU max dynamic frequency not published for this SKU,Checked ARK graphics specifications; no frequency listed
intel-xeon-dew,Xeon D-2187NT,npu_tops,No NPU present on any Xeon D/E/W SKU in this shard (pre-AI PC era silicon),Confirmed via ARK; no NPU/AI accelerator listed on any Skylake through Sapphire Rapids Xeon D/E/W part
intel-xeon-dew,Xeon D-2183IT,all_core_boost,ARK/secondary sources for this generation do not report a distinct all-core turbo frequency separate from max turbo,Checked ARK page and TechPowerUp/WikiChip; no all-core value published
intel-xeon-dew,Xeon D-2183IT,tdp_config_up,No configurable TDP-up/down or Maximum Turbo Power value published for this SKU (embedded/entry SKUs and Skylake-W often single-TDP),Checked ARK; only base TDP field present
intel-xeon-dew,Xeon D-2183IT,igpu_cores,iGPU execution unit count not published for this SKU (either no iGPU present or ARK omits EU count),Checked ARK graphics specifications; no EU/core count listed
intel-xeon-dew,Xeon D-2183IT,igpu_clock,iGPU max dynamic frequency not published for this SKU,Checked ARK graphics specifications; no frequency listed
intel-xeon-dew,Xeon D-2183IT,npu_tops,No NPU present on any Xeon D/E/W SKU in this shard (pre-AI PC era silicon),Confirmed via ARK; no NPU/AI accelerator listed on any Skylake through Sapphire Rapids Xeon D/E/W part
intel-xeon-dew,Xeon D-2177NT,all_core_boost,ARK/secondary sources for this generation do not report a distinct all-core turbo frequency separate from max turbo,Checked ARK page and TechPowerUp/WikiChip; no all-core value published
intel-xeon-dew,Xeon D-2177NT,tdp_config_up,No configurable TDP-up/down or Maximum Turbo Power value published for this SKU (embedded/entry SKUs and Skylake-W often single-TDP),Checked ARK; only base TDP field present
intel-xeon-dew,Xeon D-2177NT,igpu_cores,iGPU execution unit count not published for this SKU (either no iGPU present or ARK omits EU count),Checked ARK graphics specifications; no EU/core count listed
intel-xeon-dew,Xeon D-2177NT,igpu_clock,iGPU max dynamic frequency not published for this SKU,Checked ARK graphics specifications; no frequency listed
intel-xeon-dew,Xeon D-2177NT,npu_tops,No NPU present on any Xeon D/E/W SKU in this shard (pre-AI PC era silicon),Confirmed via ARK; no NPU/AI accelerator listed on any Skylake through Sapphire Rapids Xeon D/E/W part
intel-xeon-dew,Xeon D-2173IT,all_core_boost,ARK/secondary sources for this generation do not report a distinct all-core turbo frequency separate from max turbo,Checked ARK page and TechPowerUp/WikiChip; no all-core value published
intel-xeon-dew,Xeon D-2173IT,tdp_config_up,No configurable TDP-up/down or Maximum Turbo Power value published for this SKU (embedded/entry SKUs and Skylake-W often single-TDP),Checked ARK; only base TDP field present
intel-xeon-dew,Xeon D-2173IT,igpu_cores,iGPU execution unit count not published for this SKU (either no iGPU present or ARK omits EU count),Checked ARK graphics specifications; no EU/core count listed
intel-xeon-dew,Xeon D-2173IT,igpu_clock,iGPU max dynamic frequency not published for this SKU,Checked ARK graphics specifications; no frequency listed
intel-xeon-dew,Xeon D-2173IT,npu_tops,No NPU present on any Xeon D/E/W SKU in this shard (pre-AI PC era silicon),Confirmed via ARK; no NPU/AI accelerator listed on any Skylake through Sapphire Rapids Xeon D/E/W part
intel-xeon-dew,Xeon D-2161I,all_core_boost,ARK/secondary sources for this generation do not report a distinct all-core turbo frequency separate from max turbo,Checked ARK page and TechPowerUp/WikiChip; no all-core value published
intel-xeon-dew,Xeon D-2161I,tdp_config_up,No configurable TDP-up/down or Maximum Turbo Power value published for this SKU (embedded/entry SKUs and Skylake-W often single-TDP),Checked ARK; only base TDP field present
intel-xeon-dew,Xeon D-2161I,igpu_cores,iGPU execution unit count not published for this SKU (either no iGPU present or ARK omits EU count),Checked ARK graphics specifications; no EU/core count listed
intel-xeon-dew,Xeon D-2161I,igpu_clock,iGPU max dynamic frequency not published for this SKU,Checked ARK graphics specifications; no frequency listed
intel-xeon-dew,Xeon D-2161I,npu_tops,No NPU present on any Xeon D/E/W SKU in this shard (pre-AI PC era silicon),Confirmed via ARK; no NPU/AI accelerator listed on any Skylake through Sapphire Rapids Xeon D/E/W part
intel-xeon-dew,Xeon D-2163IT,all_core_boost,ARK/secondary sources for this generation do not report a distinct all-core turbo frequency separate from max turbo,Checked ARK page and TechPowerUp/WikiChip; no all-core value published
intel-xeon-dew,Xeon D-2163IT,tdp_config_up,No configurable TDP-up/down or Maximum Turbo Power value published for this SKU (embedded/entry SKUs and Skylake-W often single-TDP),Checked ARK; only base TDP field present
intel-xeon-dew,Xeon D-2163IT,igpu_cores,iGPU execution unit count not published for this SKU (either no iGPU present or ARK omits EU count),Checked ARK graphics specifications; no EU/core count listed
intel-xeon-dew,Xeon D-2163IT,igpu_clock,iGPU max dynamic frequency not published for this SKU,Checked ARK graphics specifications; no frequency listed
intel-xeon-dew,Xeon D-2163IT,npu_tops,No NPU present on any Xeon D/E/W SKU in this shard (pre-AI PC era silicon),Confirmed via ARK; no NPU/AI accelerator listed on any Skylake through Sapphire Rapids Xeon D/E/W part
intel-xeon-dew,Xeon D-2166NT,all_core_boost,ARK/secondary sources for this generation do not report a distinct all-core turbo frequency separate from max turbo,Checked ARK page and TechPowerUp/WikiChip; no all-core value published
intel-xeon-dew,Xeon D-2166NT,tdp_config_up,No configurable TDP-up/down or Maximum Turbo Power value published for this SKU (embedded/entry SKUs and Skylake-W often single-TDP),Checked ARK; only base TDP field present
intel-xeon-dew,Xeon D-2166NT,igpu_cores,iGPU execution unit count not published for this SKU (either no iGPU present or ARK omits EU count),Checked ARK graphics specifications; no EU/core count listed
intel-xeon-dew,Xeon D-2166NT,igpu_clock,iGPU max dynamic frequency not published for this SKU,Checked ARK graphics specifications; no frequency listed
intel-xeon-dew,Xeon D-2166NT,npu_tops,No NPU present on any Xeon D/E/W SKU in this shard (pre-AI PC era silicon),Confirmed via ARK; no NPU/AI accelerator listed on any Skylake through Sapphire Rapids Xeon D/E/W part
intel-xeon-dew,Xeon D-2141I,all_core_boost,ARK/secondary sources for this generation do not report a distinct all-core turbo frequency separate from max turbo,Checked ARK page and TechPowerUp/WikiChip; no all-core value published
intel-xeon-dew,Xeon D-2141I,tdp_config_up,No configurable TDP-up/down or Maximum Turbo Power value published for this SKU (embedded/entry SKUs and Skylake-W often single-TDP),Checked ARK; only base TDP field present
intel-xeon-dew,Xeon D-2141I,igpu_cores,iGPU execution unit count not published for this SKU (either no iGPU present or ARK omits EU count),Checked ARK graphics specifications; no EU/core count listed
intel-xeon-dew,Xeon D-2141I,igpu_clock,iGPU max dynamic frequency not published for this SKU,Checked ARK graphics specifications; no frequency listed
intel-xeon-dew,Xeon D-2141I,npu_tops,No NPU present on any Xeon D/E/W SKU in this shard (pre-AI PC era silicon),Confirmed via ARK; no NPU/AI accelerator listed on any Skylake through Sapphire Rapids Xeon D/E/W part
intel-xeon-dew,Xeon D-2143IT,all_core_boost,ARK/secondary sources for this generation do not report a distinct all-core turbo frequency separate from max turbo,Checked ARK page and TechPowerUp/WikiChip; no all-core value published
intel-xeon-dew,Xeon D-2143IT,tdp_config_up,No configurable TDP-up/down or Maximum Turbo Power value published for this SKU (embedded/entry SKUs and Skylake-W often single-TDP),Checked ARK; only base TDP field present
intel-xeon-dew,Xeon D-2143IT,igpu_cores,iGPU execution unit count not published for this SKU (either no iGPU present or ARK omits EU count),Checked ARK graphics specifications; no EU/core count listed
intel-xeon-dew,Xeon D-2143IT,igpu_clock,iGPU max dynamic frequency not published for this SKU,Checked ARK graphics specifications; no frequency listed
intel-xeon-dew,Xeon D-2143IT,npu_tops,No NPU present on any Xeon D/E/W SKU in this shard (pre-AI PC era silicon),Confirmed via ARK; no NPU/AI accelerator listed on any Skylake through Sapphire Rapids Xeon D/E/W part
intel-xeon-dew,Xeon D-2142IT,all_core_boost,ARK/secondary sources for this generation do not report a distinct all-core turbo frequency separate from max turbo,Checked ARK page and TechPowerUp/WikiChip; no all-core value published
intel-xeon-dew,Xeon D-2142IT,tdp_config_up,No configurable TDP-up/down or Maximum Turbo Power value published for this SKU (embedded/entry SKUs and Skylake-W often single-TDP),Checked ARK; only base TDP field present
intel-xeon-dew,Xeon D-2142IT,igpu_cores,iGPU execution unit count not published for this SKU (either no iGPU present or ARK omits EU count),Checked ARK graphics specifications; no EU/core count listed
intel-xeon-dew,Xeon D-2142IT,igpu_clock,iGPU max dynamic frequency not published for this SKU,Checked ARK graphics specifications; no frequency listed
intel-xeon-dew,Xeon D-2142IT,npu_tops,No NPU present on any Xeon D/E/W SKU in this shard (pre-AI PC era silicon),Confirmed via ARK; no NPU/AI accelerator listed on any Skylake through Sapphire Rapids Xeon D/E/W part
intel-xeon-dew,Xeon D-2145NT,all_core_boost,ARK/secondary sources for this generation do not report a distinct all-core turbo frequency separate from max turbo,Checked ARK page and TechPowerUp/WikiChip; no all-core value published
intel-xeon-dew,Xeon D-2145NT,tdp_config_up,No configurable TDP-up/down or Maximum Turbo Power value published for this SKU (embedded/entry SKUs and Skylake-W often single-TDP),Checked ARK; only base TDP field present
intel-xeon-dew,Xeon D-2145NT,igpu_cores,iGPU execution unit count not published for this SKU (either no iGPU present or ARK omits EU count),Checked ARK graphics specifications; no EU/core count listed
intel-xeon-dew,Xeon D-2145NT,igpu_clock,iGPU max dynamic frequency not published for this SKU,Checked ARK graphics specifications; no frequency listed
intel-xeon-dew,Xeon D-2145NT,npu_tops,No NPU present on any Xeon D/E/W SKU in this shard (pre-AI PC era silicon),Confirmed via ARK; no NPU/AI accelerator listed on any Skylake through Sapphire Rapids Xeon D/E/W part
intel-xeon-dew,Xeon D-2146NT,all_core_boost,ARK/secondary sources for this generation do not report a distinct all-core turbo frequency separate from max turbo,Checked ARK page and TechPowerUp/WikiChip; no all-core value published
intel-xeon-dew,Xeon D-2146NT,tdp_config_up,No configurable TDP-up/down or Maximum Turbo Power value published for this SKU (embedded/entry SKUs and Skylake-W often single-TDP),Checked ARK; only base TDP field present
intel-xeon-dew,Xeon D-2146NT,igpu_cores,iGPU execution unit count not published for this SKU (either no iGPU present or ARK omits EU count),Checked ARK graphics specifications; no EU/core count listed
intel-xeon-dew,Xeon D-2146NT,igpu_clock,iGPU max dynamic frequency not published for this SKU,Checked ARK graphics specifications; no frequency listed
intel-xeon-dew,Xeon D-2146NT,npu_tops,No NPU present on any Xeon D/E/W SKU in this shard (pre-AI PC era silicon),Confirmed via ARK; no NPU/AI accelerator listed on any Skylake through Sapphire Rapids Xeon D/E/W part
intel-xeon-dew,Xeon D-2123IT,all_core_boost,ARK/secondary sources for this generation do not report a distinct all-core turbo frequency separate from max turbo,Checked ARK page and TechPowerUp/WikiChip; no all-core value published
intel-xeon-dew,Xeon D-2123IT,tdp_config_up,No configurable TDP-up/down or Maximum Turbo Power value published for this SKU (embedded/entry SKUs and Skylake-W often single-TDP),Checked ARK; only base TDP field present
intel-xeon-dew,Xeon D-2123IT,igpu_cores,iGPU execution unit count not published for this SKU (either no iGPU present or ARK omits EU count),Checked ARK graphics specifications; no EU/core count listed
intel-xeon-dew,Xeon D-2123IT,igpu_clock,iGPU max dynamic frequency not published for this SKU,Checked ARK graphics specifications; no frequency listed
intel-xeon-dew,Xeon D-2123IT,npu_tops,No NPU present on any Xeon D/E/W SKU in this shard (pre-AI PC era silicon),Confirmed via ARK; no NPU/AI accelerator listed on any Skylake through Sapphire Rapids Xeon D/E/W part
intel-xeon-dew,Xeon D-1746TER,all_core_boost,ARK/secondary sources for this generation do not report a distinct all-core turbo frequency separate from max turbo,Checked ARK page and TechPowerUp/WikiChip; no all-core value published
intel-xeon-dew,Xeon D-1746TER,tdp_config_up,No configurable TDP-up/down or Maximum Turbo Power value published for this SKU (embedded/entry SKUs and Skylake-W often single-TDP),Checked ARK; only base TDP field present
intel-xeon-dew,Xeon D-1746TER,pcie_lanes,Platform-level PCIe lane count not explicitly published per-SKU in top sources,"Checked ARK and chipset/platform docs; only PCIe generation confirmed, not per-CPU lane count"
intel-xeon-dew,Xeon D-1746TER,mem_speed,Max supported memory speed not explicitly listed in ARK summary for this SKU,Checked ARK memory specifications section; found channel count/type but not explicit MT/s speed
intel-xeon-dew,Xeon D-1746TER,igpu_cores,iGPU execution unit count not published for this SKU (either no iGPU present or ARK omits EU count),Checked ARK graphics specifications; no EU/core count listed
intel-xeon-dew,Xeon D-1746TER,igpu_clock,iGPU max dynamic frequency not published for this SKU,Checked ARK graphics specifications; no frequency listed
intel-xeon-dew,Xeon D-1746TER,npu_tops,No NPU present on any Xeon D/E/W SKU in this shard (pre-AI PC era silicon),Confirmed via ARK; no NPU/AI accelerator listed on any Skylake through Sapphire Rapids Xeon D/E/W part
intel-xeon-dew,Xeon D-1749NT,all_core_boost,ARK/secondary sources for this generation do not report a distinct all-core turbo frequency separate from max turbo,Checked ARK page and TechPowerUp/WikiChip; no all-core value published
intel-xeon-dew,Xeon D-1749NT,tdp_config_up,No configurable TDP-up/down or Maximum Turbo Power value published for this SKU (embedded/entry SKUs and Skylake-W often single-TDP),Checked ARK; only base TDP field present
intel-xeon-dew,Xeon D-1749NT,pcie_lanes,Platform-level PCIe lane count not explicitly published per-SKU in top sources,"Checked ARK and chipset/platform docs; only PCIe generation confirmed, not per-CPU lane count"
intel-xeon-dew,Xeon D-1749NT,mem_speed,Max supported memory speed not explicitly listed in ARK summary for this SKU,Checked ARK memory specifications section; found channel count/type but not explicit MT/s speed
intel-xeon-dew,Xeon D-1749NT,igpu_cores,iGPU execution unit count not published for this SKU (either no iGPU present or ARK omits EU count),Checked ARK graphics specifications; no EU/core count listed
intel-xeon-dew,Xeon D-1749NT,igpu_clock,iGPU max dynamic frequency not published for this SKU,Checked ARK graphics specifications; no frequency listed
intel-xeon-dew,Xeon D-1749NT,npu_tops,No NPU present on any Xeon D/E/W SKU in this shard (pre-AI PC era silicon),Confirmed via ARK; no NPU/AI accelerator listed on any Skylake through Sapphire Rapids Xeon D/E/W part
intel-xeon-dew,Xeon D-1747NTE,all_core_boost,ARK/secondary sources for this generation do not report a distinct all-core turbo frequency separate from max turbo,Checked ARK page and TechPowerUp/WikiChip; no all-core value published
intel-xeon-dew,Xeon D-1747NTE,tdp_config_up,No configurable TDP-up/down or Maximum Turbo Power value published for this SKU (embedded/entry SKUs and Skylake-W often single-TDP),Checked ARK; only base TDP field present
intel-xeon-dew,Xeon D-1747NTE,pcie_lanes,Platform-level PCIe lane count not explicitly published per-SKU in top sources,"Checked ARK and chipset/platform docs; only PCIe generation confirmed, not per-CPU lane count"
intel-xeon-dew,Xeon D-1747NTE,mem_speed,Max supported memory speed not explicitly listed in ARK summary for this SKU,Checked ARK memory specifications section; found channel count/type but not explicit MT/s speed
intel-xeon-dew,Xeon D-1747NTE,igpu_cores,iGPU execution unit count not published for this SKU (either no iGPU present or ARK omits EU count),Checked ARK graphics specifications; no EU/core count listed
intel-xeon-dew,Xeon D-1747NTE,igpu_clock,iGPU max dynamic frequency not published for this SKU,Checked ARK graphics specifications; no frequency listed
intel-xeon-dew,Xeon D-1747NTE,npu_tops,No NPU present on any Xeon D/E/W SKU in this shard (pre-AI PC era silicon),Confirmed via ARK; no NPU/AI accelerator listed on any Skylake through Sapphire Rapids Xeon D/E/W part
intel-xeon-dew,Xeon D-1748TE,all_core_boost,ARK/secondary sources for this generation do not report a distinct all-core turbo frequency separate from max turbo,Checked ARK page and TechPowerUp/WikiChip; no all-core value published
intel-xeon-dew,Xeon D-1748TE,tdp_config_up,No configurable TDP-up/down or Maximum Turbo Power value published for this SKU (embedded/entry SKUs and Skylake-W often single-TDP),Checked ARK; only base TDP field present
intel-xeon-dew,Xeon D-1748TE,pcie_lanes,Platform-level PCIe lane count not explicitly published per-SKU in top sources,"Checked ARK and chipset/platform docs; only PCIe generation confirmed, not per-CPU lane count"
intel-xeon-dew,Xeon D-1748TE,igpu_cores,iGPU execution unit count not published for this SKU (either no iGPU present or ARK omits EU count),Checked ARK graphics specifications; no EU/core count listed
intel-xeon-dew,Xeon D-1748TE,igpu_clock,iGPU max dynamic frequency not published for this SKU,Checked ARK graphics specifications; no frequency listed
intel-xeon-dew,Xeon D-1748TE,npu_tops,No NPU present on any Xeon D/E/W SKU in this shard (pre-AI PC era silicon),Confirmed via ARK; no NPU/AI accelerator listed on any Skylake through Sapphire Rapids Xeon D/E/W part
intel-xeon-dew,Xeon D-1846,all_core_boost,ARK/secondary sources for this generation do not report a distinct all-core turbo frequency separate from max turbo,Checked ARK page and TechPowerUp/WikiChip; no all-core value published
intel-xeon-dew,Xeon D-1846,tdp_config_up,No configurable TDP-up/down or Maximum Turbo Power value published for this SKU (embedded/entry SKUs and Skylake-W often single-TDP),Checked ARK; only base TDP field present
intel-xeon-dew,Xeon D-1846,pcie_lanes,Platform-level PCIe lane count not explicitly published per-SKU in top sources,"Checked ARK and chipset/platform docs; only PCIe generation confirmed, not per-CPU lane count"
intel-xeon-dew,Xeon D-1846,mem_speed,Max supported memory speed not explicitly listed in ARK summary for this SKU,Checked ARK memory specifications section; found channel count/type but not explicit MT/s speed
intel-xeon-dew,Xeon D-1846,igpu_cores,iGPU execution unit count not published for this SKU (either no iGPU present or ARK omits EU count),Checked ARK graphics specifications; no EU/core count listed
intel-xeon-dew,Xeon D-1846,igpu_clock,iGPU max dynamic frequency not published for this SKU,Checked ARK graphics specifications; no frequency listed
intel-xeon-dew,Xeon D-1846,npu_tops,No NPU present on any Xeon D/E/W SKU in this shard (pre-AI PC era silicon),Confirmed via ARK; no NPU/AI accelerator listed on any Skylake through Sapphire Rapids Xeon D/E/W part
intel-xeon-dew,Xeon D-1848TER,all_core_boost,ARK/secondary sources for this generation do not report a distinct all-core turbo frequency separate from max turbo,Checked ARK page and TechPowerUp/WikiChip; no all-core value published
intel-xeon-dew,Xeon D-1848TER,tdp_config_up,No configurable TDP-up/down or Maximum Turbo Power value published for this SKU (embedded/entry SKUs and Skylake-W often single-TDP),Checked ARK; only base TDP field present
intel-xeon-dew,Xeon D-1848TER,pcie_lanes,Platform-level PCIe lane count not explicitly published per-SKU in top sources,"Checked ARK and chipset/platform docs; only PCIe generation confirmed, not per-CPU lane count"
intel-xeon-dew,Xeon D-1848TER,mem_speed,Max supported memory speed not explicitly listed in ARK summary for this SKU,Checked ARK memory specifications section; found channel count/type but not explicit MT/s speed
intel-xeon-dew,Xeon D-1848TER,igpu_cores,iGPU execution unit count not published for this SKU (either no iGPU present or ARK omits EU count),Checked ARK graphics specifications; no EU/core count listed
intel-xeon-dew,Xeon D-1848TER,igpu_clock,iGPU max dynamic frequency not published for this SKU,Checked ARK graphics specifications; no frequency listed
intel-xeon-dew,Xeon D-1848TER,npu_tops,No NPU present on any Xeon D/E/W SKU in this shard (pre-AI PC era silicon),Confirmed via ARK; no NPU/AI accelerator listed on any Skylake through Sapphire Rapids Xeon D/E/W part
intel-xeon-dew,Xeon D-1844NT,all_core_boost,ARK/secondary sources for this generation do not report a distinct all-core turbo frequency separate from max turbo,Checked ARK page and TechPowerUp/WikiChip; no all-core value published
intel-xeon-dew,Xeon D-1844NT,tdp_config_up,No configurable TDP-up/down or Maximum Turbo Power value published for this SKU (embedded/entry SKUs and Skylake-W often single-TDP),Checked ARK; only base TDP field present
intel-xeon-dew,Xeon D-1844NT,pcie_lanes,Platform-level PCIe lane count not explicitly published per-SKU in top sources,"Checked ARK and chipset/platform docs; only PCIe generation confirmed, not per-CPU lane count"
intel-xeon-dew,Xeon D-1844NT,mem_speed,Max supported memory speed not explicitly listed in ARK summary for this SKU,Checked ARK memory specifications section; found channel count/type but not explicit MT/s speed
intel-xeon-dew,Xeon D-1844NT,igpu_cores,iGPU execution unit count not published for this SKU (either no iGPU present or ARK omits EU count),Checked ARK graphics specifications; no EU/core count listed
intel-xeon-dew,Xeon D-1844NT,igpu_clock,iGPU max dynamic frequency not published for this SKU,Checked ARK graphics specifications; no frequency listed
intel-xeon-dew,Xeon D-1844NT,npu_tops,No NPU present on any Xeon D/E/W SKU in this shard (pre-AI PC era silicon),Confirmed via ARK; no NPU/AI accelerator listed on any Skylake through Sapphire Rapids Xeon D/E/W part
intel-xeon-dew,Xeon D-1736NT,all_core_boost,ARK/secondary sources for this generation do not report a distinct all-core turbo frequency separate from max turbo,Checked ARK page and TechPowerUp/WikiChip; no all-core value published
intel-xeon-dew,Xeon D-1736NT,tdp_config_up,No configurable TDP-up/down or Maximum Turbo Power value published for this SKU (embedded/entry SKUs and Skylake-W often single-TDP),Checked ARK; only base TDP field present
intel-xeon-dew,Xeon D-1736NT,pcie_lanes,Platform-level PCIe lane count not explicitly published per-SKU in top sources,"Checked ARK and chipset/platform docs; only PCIe generation confirmed, not per-CPU lane count"
intel-xeon-dew,Xeon D-1736NT,igpu_cores,iGPU execution unit count not published for this SKU (either no iGPU present or ARK omits EU count),Checked ARK graphics specifications; no EU/core count listed
intel-xeon-dew,Xeon D-1736NT,igpu_clock,iGPU max dynamic frequency not published for this SKU,Checked ARK graphics specifications; no frequency listed
intel-xeon-dew,Xeon D-1736NT,npu_tops,No NPU present on any Xeon D/E/W SKU in this shard (pre-AI PC era silicon),Confirmed via ARK; no NPU/AI accelerator listed on any Skylake through Sapphire Rapids Xeon D/E/W part
intel-xeon-dew,Xeon D-1733NT,all_core_boost,ARK/secondary sources for this generation do not report a distinct all-core turbo frequency separate from max turbo,Checked ARK page and TechPowerUp/WikiChip; no all-core value published
intel-xeon-dew,Xeon D-1733NT,tdp_config_up,No configurable TDP-up/down or Maximum Turbo Power value published for this SKU (embedded/entry SKUs and Skylake-W often single-TDP),Checked ARK; only base TDP field present
intel-xeon-dew,Xeon D-1733NT,pcie_lanes,Platform-level PCIe lane count not explicitly published per-SKU in top sources,"Checked ARK and chipset/platform docs; only PCIe generation confirmed, not per-CPU lane count"
intel-xeon-dew,Xeon D-1733NT,igpu_cores,iGPU execution unit count not published for this SKU (either no iGPU present or ARK omits EU count),Checked ARK graphics specifications; no EU/core count listed
intel-xeon-dew,Xeon D-1733NT,igpu_clock,iGPU max dynamic frequency not published for this SKU,Checked ARK graphics specifications; no frequency listed
intel-xeon-dew,Xeon D-1733NT,npu_tops,No NPU present on any Xeon D/E/W SKU in this shard (pre-AI PC era silicon),Confirmed via ARK; no NPU/AI accelerator listed on any Skylake through Sapphire Rapids Xeon D/E/W part
intel-xeon-dew,Xeon D-1735TR,all_core_boost,ARK/secondary sources for this generation do not report a distinct all-core turbo frequency separate from max turbo,Checked ARK page and TechPowerUp/WikiChip; no all-core value published
intel-xeon-dew,Xeon D-1735TR,tdp_config_up,No configurable TDP-up/down or Maximum Turbo Power value published for this SKU (embedded/entry SKUs and Skylake-W often single-TDP),Checked ARK; only base TDP field present
intel-xeon-dew,Xeon D-1735TR,pcie_lanes,Platform-level PCIe lane count not explicitly published per-SKU in top sources,"Checked ARK and chipset/platform docs; only PCIe generation confirmed, not per-CPU lane count"
intel-xeon-dew,Xeon D-1735TR,igpu_cores,iGPU execution unit count not published for this SKU (either no iGPU present or ARK omits EU count),Checked ARK graphics specifications; no EU/core count listed
intel-xeon-dew,Xeon D-1735TR,igpu_clock,iGPU max dynamic frequency not published for this SKU,Checked ARK graphics specifications; no frequency listed
intel-xeon-dew,Xeon D-1735TR,npu_tops,No NPU present on any Xeon D/E/W SKU in this shard (pre-AI PC era silicon),Confirmed via ARK; no NPU/AI accelerator listed on any Skylake through Sapphire Rapids Xeon D/E/W part
intel-xeon-dew,Xeon D-1732TE,all_core_boost,ARK/secondary sources for this generation do not report a distinct all-core turbo frequency separate from max turbo,Checked ARK page and TechPowerUp/WikiChip; no all-core value published
intel-xeon-dew,Xeon D-1732TE,tdp_config_up,No configurable TDP-up/down or Maximum Turbo Power value published for this SKU (embedded/entry SKUs and Skylake-W often single-TDP),Checked ARK; only base TDP field present
intel-xeon-dew,Xeon D-1732TE,pcie_lanes,Platform-level PCIe lane count not explicitly published per-SKU in top sources,"Checked ARK and chipset/platform docs; only PCIe generation confirmed, not per-CPU lane count"
intel-xeon-dew,Xeon D-1732TE,mem_speed,Max supported memory speed not explicitly listed in ARK summary for this SKU,Checked ARK memory specifications section; found channel count/type but not explicit MT/s speed
intel-xeon-dew,Xeon D-1732TE,igpu_cores,iGPU execution unit count not published for this SKU (either no iGPU present or ARK omits EU count),Checked ARK graphics specifications; no EU/core count listed
intel-xeon-dew,Xeon D-1732TE,igpu_clock,iGPU max dynamic frequency not published for this SKU,Checked ARK graphics specifications; no frequency listed
intel-xeon-dew,Xeon D-1732TE,npu_tops,No NPU present on any Xeon D/E/W SKU in this shard (pre-AI PC era silicon),Confirmed via ARK; no NPU/AI accelerator listed on any Skylake through Sapphire Rapids Xeon D/E/W part
intel-xeon-dew,Xeon D-1739,all_core_boost,ARK/secondary sources for this generation do not report a distinct all-core turbo frequency separate from max turbo,Checked ARK page and TechPowerUp/WikiChip; no all-core value published
intel-xeon-dew,Xeon D-1739,tdp_config_up,No configurable TDP-up/down or Maximum Turbo Power value published for this SKU (embedded/entry SKUs and Skylake-W often single-TDP),Checked ARK; only base TDP field present
intel-xeon-dew,Xeon D-1739,pcie_lanes,Platform-level PCIe lane count not explicitly published per-SKU in top sources,"Checked ARK and chipset/platform docs; only PCIe generation confirmed, not per-CPU lane count"
intel-xeon-dew,Xeon D-1739,igpu_cores,iGPU execution unit count not published for this SKU (either no iGPU present or ARK omits EU count),Checked ARK graphics specifications; no EU/core count listed
intel-xeon-dew,Xeon D-1739,igpu_clock,iGPU max dynamic frequency not published for this SKU,Checked ARK graphics specifications; no frequency listed
intel-xeon-dew,Xeon D-1739,npu_tops,No NPU present on any Xeon D/E/W SKU in this shard (pre-AI PC era silicon),Confirmed via ARK; no NPU/AI accelerator listed on any Skylake through Sapphire Rapids Xeon D/E/W part
intel-xeon-dew,Xeon D-1736,all_core_boost,ARK/secondary sources for this generation do not report a distinct all-core turbo frequency separate from max turbo,Checked ARK page and TechPowerUp/WikiChip; no all-core value published
intel-xeon-dew,Xeon D-1736,tdp_config_up,No configurable TDP-up/down or Maximum Turbo Power value published for this SKU (embedded/entry SKUs and Skylake-W often single-TDP),Checked ARK; only base TDP field present
intel-xeon-dew,Xeon D-1736,pcie_lanes,Platform-level PCIe lane count not explicitly published per-SKU in top sources,"Checked ARK and chipset/platform docs; only PCIe generation confirmed, not per-CPU lane count"
intel-xeon-dew,Xeon D-1736,mem_speed,Max supported memory speed not explicitly listed in ARK summary for this SKU,Checked ARK memory specifications section; found channel count/type but not explicit MT/s speed
intel-xeon-dew,Xeon D-1736,igpu_cores,iGPU execution unit count not published for this SKU (either no iGPU present or ARK omits EU count),Checked ARK graphics specifications; no EU/core count listed
intel-xeon-dew,Xeon D-1736,igpu_clock,iGPU max dynamic frequency not published for this SKU,Checked ARK graphics specifications; no frequency listed
intel-xeon-dew,Xeon D-1736,npu_tops,No NPU present on any Xeon D/E/W SKU in this shard (pre-AI PC era silicon),Confirmed via ARK; no NPU/AI accelerator listed on any Skylake through Sapphire Rapids Xeon D/E/W part
intel-xeon-dew,Xeon D-1734NT,all_core_boost,ARK/secondary sources for this generation do not report a distinct all-core turbo frequency separate from max turbo,Checked ARK page and TechPowerUp/WikiChip; no all-core value published
intel-xeon-dew,Xeon D-1734NT,tdp_config_up,No configurable TDP-up/down or Maximum Turbo Power value published for this SKU (embedded/entry SKUs and Skylake-W often single-TDP),Checked ARK; only base TDP field present
intel-xeon-dew,Xeon D-1734NT,igpu_cores,iGPU execution unit count not published for this SKU (either no iGPU present or ARK omits EU count),Checked ARK graphics specifications; no EU/core count listed
intel-xeon-dew,Xeon D-1734NT,igpu_clock,iGPU max dynamic frequency not published for this SKU,Checked ARK graphics specifications; no frequency listed
intel-xeon-dew,Xeon D-1734NT,npu_tops,No NPU present on any Xeon D/E/W SKU in this shard (pre-AI PC era silicon),Confirmed via ARK; no NPU/AI accelerator listed on any Skylake through Sapphire Rapids Xeon D/E/W part
intel-xeon-dew,Xeon D-1731NTE,all_core_boost,ARK/secondary sources for this generation do not report a distinct all-core turbo frequency separate from max turbo,Checked ARK page and TechPowerUp/WikiChip; no all-core value published
intel-xeon-dew,Xeon D-1731NTE,tdp_config_up,No configurable TDP-up/down or Maximum Turbo Power value published for this SKU (embedded/entry SKUs and Skylake-W often single-TDP),Checked ARK; only base TDP field present
intel-xeon-dew,Xeon D-1731NTE,pcie_lanes,Platform-level PCIe lane count not explicitly published per-SKU in top sources,"Checked ARK and chipset/platform docs; only PCIe generation confirmed, not per-CPU lane count"
intel-xeon-dew,Xeon D-1731NTE,mem_speed,Max supported memory speed not explicitly listed in ARK summary for this SKU,Checked ARK memory specifications section; found channel count/type but not explicit MT/s speed
intel-xeon-dew,Xeon D-1731NTE,igpu_cores,iGPU execution unit count not published for this SKU (either no iGPU present or ARK omits EU count),Checked ARK graphics specifications; no EU/core count listed
intel-xeon-dew,Xeon D-1731NTE,igpu_clock,iGPU max dynamic frequency not published for this SKU,Checked ARK graphics specifications; no frequency listed
intel-xeon-dew,Xeon D-1731NTE,npu_tops,No NPU present on any Xeon D/E/W SKU in this shard (pre-AI PC era silicon),Confirmed via ARK; no NPU/AI accelerator listed on any Skylake through Sapphire Rapids Xeon D/E/W part
intel-xeon-dew,Xeon D-1834,all_core_boost,ARK/secondary sources for this generation do not report a distinct all-core turbo frequency separate from max turbo,Checked ARK page and TechPowerUp/WikiChip; no all-core value published
intel-xeon-dew,Xeon D-1834,tdp_config_up,No configurable TDP-up/down or Maximum Turbo Power value published for this SKU (embedded/entry SKUs and Skylake-W often single-TDP),Checked ARK; only base TDP field present
intel-xeon-dew,Xeon D-1834,pcie_lanes,Platform-level PCIe lane count not explicitly published per-SKU in top sources,"Checked ARK and chipset/platform docs; only PCIe generation confirmed, not per-CPU lane count"
intel-xeon-dew,Xeon D-1834,mem_speed,Max supported memory speed not explicitly listed in ARK summary for this SKU,Checked ARK memory specifications section; found channel count/type but not explicit MT/s speed
intel-xeon-dew,Xeon D-1834,igpu_cores,iGPU execution unit count not published for this SKU (either no iGPU present or ARK omits EU count),Checked ARK graphics specifications; no EU/core count listed
intel-xeon-dew,Xeon D-1834,igpu_clock,iGPU max dynamic frequency not published for this SKU,Checked ARK graphics specifications; no frequency listed
intel-xeon-dew,Xeon D-1834,npu_tops,No NPU present on any Xeon D/E/W SKU in this shard (pre-AI PC era silicon),Confirmed via ARK; no NPU/AI accelerator listed on any Skylake through Sapphire Rapids Xeon D/E/W part
intel-xeon-dew,Xeon D-1726,all_core_boost,ARK/secondary sources for this generation do not report a distinct all-core turbo frequency separate from max turbo,Checked ARK page and TechPowerUp/WikiChip; no all-core value published
intel-xeon-dew,Xeon D-1726,tdp_config_up,No configurable TDP-up/down or Maximum Turbo Power value published for this SKU (embedded/entry SKUs and Skylake-W often single-TDP),Checked ARK; only base TDP field present
intel-xeon-dew,Xeon D-1726,pcie_lanes,Platform-level PCIe lane count not explicitly published per-SKU in top sources,"Checked ARK and chipset/platform docs; only PCIe generation confirmed, not per-CPU lane count"
intel-xeon-dew,Xeon D-1726,igpu_cores,iGPU execution unit count not published for this SKU (either no iGPU present or ARK omits EU count),Checked ARK graphics specifications; no EU/core count listed
intel-xeon-dew,Xeon D-1726,igpu_clock,iGPU max dynamic frequency not published for this SKU,Checked ARK graphics specifications; no frequency listed
intel-xeon-dew,Xeon D-1726,npu_tops,No NPU present on any Xeon D/E/W SKU in this shard (pre-AI PC era silicon),Confirmed via ARK; no NPU/AI accelerator listed on any Skylake through Sapphire Rapids Xeon D/E/W part
intel-xeon-dew,Xeon D-1722NE,all_core_boost,ARK/secondary sources for this generation do not report a distinct all-core turbo frequency separate from max turbo,Checked ARK page and TechPowerUp/WikiChip; no all-core value published
intel-xeon-dew,Xeon D-1722NE,tdp_config_up,No configurable TDP-up/down or Maximum Turbo Power value published for this SKU (embedded/entry SKUs and Skylake-W often single-TDP),Checked ARK; only base TDP field present
intel-xeon-dew,Xeon D-1722NE,pcie_lanes,Platform-level PCIe lane count not explicitly published per-SKU in top sources,"Checked ARK and chipset/platform docs; only PCIe generation confirmed, not per-CPU lane count"
intel-xeon-dew,Xeon D-1722NE,igpu_cores,iGPU execution unit count not published for this SKU (either no iGPU present or ARK omits EU count),Checked ARK graphics specifications; no EU/core count listed
intel-xeon-dew,Xeon D-1722NE,igpu_clock,iGPU max dynamic frequency not published for this SKU,Checked ARK graphics specifications; no frequency listed
intel-xeon-dew,Xeon D-1722NE,npu_tops,No NPU present on any Xeon D/E/W SKU in this shard (pre-AI PC era silicon),Confirmed via ARK; no NPU/AI accelerator listed on any Skylake through Sapphire Rapids Xeon D/E/W part
intel-xeon-dew,Xeon D-1722NE,launch_price_usd,Tray/1000-unit price not published or not found in top search results for this SKU,Checked ARK pricing field and press materials; no price found
intel-xeon-dew,Xeon D-1823NT,all_core_boost,ARK/secondary sources for this generation do not report a distinct all-core turbo frequency separate from max turbo,Checked ARK page and TechPowerUp/WikiChip; no all-core value published
intel-xeon-dew,Xeon D-1823NT,tdp_config_up,No configurable TDP-up/down or Maximum Turbo Power value published for this SKU (embedded/entry SKUs and Skylake-W often single-TDP),Checked ARK; only base TDP field present
intel-xeon-dew,Xeon D-1823NT,pcie_lanes,Platform-level PCIe lane count not explicitly published per-SKU in top sources,"Checked ARK and chipset/platform docs; only PCIe generation confirmed, not per-CPU lane count"
intel-xeon-dew,Xeon D-1823NT,igpu_cores,iGPU execution unit count not published for this SKU (either no iGPU present or ARK omits EU count),Checked ARK graphics specifications; no EU/core count listed
intel-xeon-dew,Xeon D-1823NT,igpu_clock,iGPU max dynamic frequency not published for this SKU,Checked ARK graphics specifications; no frequency listed
intel-xeon-dew,Xeon D-1823NT,npu_tops,No NPU present on any Xeon D/E/W SKU in this shard (pre-AI PC era silicon),Confirmed via ARK; no NPU/AI accelerator listed on any Skylake through Sapphire Rapids Xeon D/E/W part
intel-xeon-dew,Xeon D-1713NT,all_core_boost,ARK/secondary sources for this generation do not report a distinct all-core turbo frequency separate from max turbo,Checked ARK page and TechPowerUp/WikiChip; no all-core value published
intel-xeon-dew,Xeon D-1713NT,tdp_config_up,No configurable TDP-up/down or Maximum Turbo Power value published for this SKU (embedded/entry SKUs and Skylake-W often single-TDP),Checked ARK; only base TDP field present
intel-xeon-dew,Xeon D-1713NT,pcie_lanes,Platform-level PCIe lane count not explicitly published per-SKU in top sources,"Checked ARK and chipset/platform docs; only PCIe generation confirmed, not per-CPU lane count"
intel-xeon-dew,Xeon D-1713NT,mem_speed,Max supported memory speed not explicitly listed in ARK summary for this SKU,Checked ARK memory specifications section; found channel count/type but not explicit MT/s speed
intel-xeon-dew,Xeon D-1713NT,igpu_cores,iGPU execution unit count not published for this SKU (either no iGPU present or ARK omits EU count),Checked ARK graphics specifications; no EU/core count listed
intel-xeon-dew,Xeon D-1713NT,igpu_clock,iGPU max dynamic frequency not published for this SKU,Checked ARK graphics specifications; no frequency listed
intel-xeon-dew,Xeon D-1713NT,npu_tops,No NPU present on any Xeon D/E/W SKU in this shard (pre-AI PC era silicon),Confirmed via ARK; no NPU/AI accelerator listed on any Skylake through Sapphire Rapids Xeon D/E/W part
intel-xeon-dew,Xeon D-1713NTE,all_core_boost,ARK/secondary sources for this generation do not report a distinct all-core turbo frequency separate from max turbo,Checked ARK page and TechPowerUp/WikiChip; no all-core value published
intel-xeon-dew,Xeon D-1713NTE,tdp_config_up,No configurable TDP-up/down or Maximum Turbo Power value published for this SKU (embedded/entry SKUs and Skylake-W often single-TDP),Checked ARK; only base TDP field present
intel-xeon-dew,Xeon D-1713NTE,pcie_lanes,Platform-level PCIe lane count not explicitly published per-SKU in top sources,"Checked ARK and chipset/platform docs; only PCIe generation confirmed, not per-CPU lane count"
intel-xeon-dew,Xeon D-1713NTE,mem_speed,Max supported memory speed not explicitly listed in ARK summary for this SKU,Checked ARK memory specifications section; found channel count/type but not explicit MT/s speed
intel-xeon-dew,Xeon D-1713NTE,igpu_cores,iGPU execution unit count not published for this SKU (either no iGPU present or ARK omits EU count),Checked ARK graphics specifications; no EU/core count listed
intel-xeon-dew,Xeon D-1713NTE,igpu_clock,iGPU max dynamic frequency not published for this SKU,Checked ARK graphics specifications; no frequency listed
intel-xeon-dew,Xeon D-1713NTE,npu_tops,No NPU present on any Xeon D/E/W SKU in this shard (pre-AI PC era silicon),Confirmed via ARK; no NPU/AI accelerator listed on any Skylake through Sapphire Rapids Xeon D/E/W part
intel-xeon-dew,Xeon D-1715TER,all_core_boost,ARK/secondary sources for this generation do not report a distinct all-core turbo frequency separate from max turbo,Checked ARK page and TechPowerUp/WikiChip; no all-core value published
intel-xeon-dew,Xeon D-1715TER,tdp_config_up,No configurable TDP-up/down or Maximum Turbo Power value published for this SKU (embedded/entry SKUs and Skylake-W often single-TDP),Checked ARK; only base TDP field present
intel-xeon-dew,Xeon D-1715TER,pcie_lanes,Platform-level PCIe lane count not explicitly published per-SKU in top sources,"Checked ARK and chipset/platform docs; only PCIe generation confirmed, not per-CPU lane count"
intel-xeon-dew,Xeon D-1715TER,mem_speed,Max supported memory speed not explicitly listed in ARK summary for this SKU,Checked ARK memory specifications section; found channel count/type but not explicit MT/s speed
intel-xeon-dew,Xeon D-1715TER,igpu_cores,iGPU execution unit count not published for this SKU (either no iGPU present or ARK omits EU count),Checked ARK graphics specifications; no EU/core count listed
intel-xeon-dew,Xeon D-1715TER,igpu_clock,iGPU max dynamic frequency not published for this SKU,Checked ARK graphics specifications; no frequency listed
intel-xeon-dew,Xeon D-1715TER,npu_tops,No NPU present on any Xeon D/E/W SKU in this shard (pre-AI PC era silicon),Confirmed via ARK; no NPU/AI accelerator listed on any Skylake through Sapphire Rapids Xeon D/E/W part
intel-xeon-dew,Xeon D-1718T,all_core_boost,ARK/secondary sources for this generation do not report a distinct all-core turbo frequency separate from max turbo,Checked ARK page and TechPowerUp/WikiChip; no all-core value published
intel-xeon-dew,Xeon D-1718T,tdp_config_up,No configurable TDP-up/down or Maximum Turbo Power value published for this SKU (embedded/entry SKUs and Skylake-W often single-TDP),Checked ARK; only base TDP field present
intel-xeon-dew,Xeon D-1718T,pcie_lanes,Platform-level PCIe lane count not explicitly published per-SKU in top sources,"Checked ARK and chipset/platform docs; only PCIe generation confirmed, not per-CPU lane count"
intel-xeon-dew,Xeon D-1718T,mem_speed,Max supported memory speed not explicitly listed in ARK summary for this SKU,Checked ARK memory specifications section; found channel count/type but not explicit MT/s speed
intel-xeon-dew,Xeon D-1718T,igpu_cores,iGPU execution unit count not published for this SKU (either no iGPU present or ARK omits EU count),Checked ARK graphics specifications; no EU/core count listed
intel-xeon-dew,Xeon D-1718T,igpu_clock,iGPU max dynamic frequency not published for this SKU,Checked ARK graphics specifications; no frequency listed
intel-xeon-dew,Xeon D-1718T,npu_tops,No NPU present on any Xeon D/E/W SKU in this shard (pre-AI PC era silicon),Confirmed via ARK; no NPU/AI accelerator listed on any Skylake through Sapphire Rapids Xeon D/E/W part
intel-xeon-dew,Xeon D-1712TR,all_core_boost,ARK/secondary sources for this generation do not report a distinct all-core turbo frequency separate from max turbo,Checked ARK page and TechPowerUp/WikiChip; no all-core value published
intel-xeon-dew,Xeon D-1712TR,tdp_config_up,No configurable TDP-up/down or Maximum Turbo Power value published for this SKU (embedded/entry SKUs and Skylake-W often single-TDP),Checked ARK; only base TDP field present
intel-xeon-dew,Xeon D-1712TR,pcie_lanes,Platform-level PCIe lane count not explicitly published per-SKU in top sources,"Checked ARK and chipset/platform docs; only PCIe generation confirmed, not per-CPU lane count"
intel-xeon-dew,Xeon D-1712TR,igpu_cores,iGPU execution unit count not published for this SKU (either no iGPU present or ARK omits EU count),Checked ARK graphics specifications; no EU/core count listed
intel-xeon-dew,Xeon D-1712TR,igpu_clock,iGPU max dynamic frequency not published for this SKU,Checked ARK graphics specifications; no frequency listed
intel-xeon-dew,Xeon D-1712TR,npu_tops,No NPU present on any Xeon D/E/W SKU in this shard (pre-AI PC era silicon),Confirmed via ARK; no NPU/AI accelerator listed on any Skylake through Sapphire Rapids Xeon D/E/W part
intel-xeon-dew,Xeon D-1714,all_core_boost,ARK/secondary sources for this generation do not report a distinct all-core turbo frequency separate from max turbo,Checked ARK page and TechPowerUp/WikiChip; no all-core value published
intel-xeon-dew,Xeon D-1714,tdp_config_up,No configurable TDP-up/down or Maximum Turbo Power value published for this SKU (embedded/entry SKUs and Skylake-W often single-TDP),Checked ARK; only base TDP field present
intel-xeon-dew,Xeon D-1714,igpu_cores,iGPU execution unit count not published for this SKU (either no iGPU present or ARK omits EU count),Checked ARK graphics specifications; no EU/core count listed
intel-xeon-dew,Xeon D-1714,igpu_clock,iGPU max dynamic frequency not published for this SKU,Checked ARK graphics specifications; no frequency listed
intel-xeon-dew,Xeon D-1714,npu_tops,No NPU present on any Xeon D/E/W SKU in this shard (pre-AI PC era silicon),Confirmed via ARK; no NPU/AI accelerator listed on any Skylake through Sapphire Rapids Xeon D/E/W part
intel-xeon-dew,Xeon D-1813NT,all_core_boost,ARK/secondary sources for this generation do not report a distinct all-core turbo frequency separate from max turbo,Checked ARK page and TechPowerUp/WikiChip; no all-core value published
intel-xeon-dew,Xeon D-1813NT,tdp_config_up,No configurable TDP-up/down or Maximum Turbo Power value published for this SKU (embedded/entry SKUs and Skylake-W often single-TDP),Checked ARK; only base TDP field present
intel-xeon-dew,Xeon D-1813NT,pcie_lanes,Platform-level PCIe lane count not explicitly published per-SKU in top sources,"Checked ARK and chipset/platform docs; only PCIe generation confirmed, not per-CPU lane count"
intel-xeon-dew,Xeon D-1813NT,mem_speed,Max supported memory speed not explicitly listed in ARK summary for this SKU,Checked ARK memory specifications section; found channel count/type but not explicit MT/s speed
intel-xeon-dew,Xeon D-1813NT,igpu_cores,iGPU execution unit count not published for this SKU (either no iGPU present or ARK omits EU count),Checked ARK graphics specifications; no EU/core count listed
intel-xeon-dew,Xeon D-1813NT,igpu_clock,iGPU max dynamic frequency not published for this SKU,Checked ARK graphics specifications; no frequency listed
intel-xeon-dew,Xeon D-1813NT,npu_tops,No NPU present on any Xeon D/E/W SKU in this shard (pre-AI PC era silicon),Confirmed via ARK; no NPU/AI accelerator listed on any Skylake through Sapphire Rapids Xeon D/E/W part
intel-xeon-dew,Xeon D-1702,all_core_boost,ARK/secondary sources for this generation do not report a distinct all-core turbo frequency separate from max turbo,Checked ARK page and TechPowerUp/WikiChip; no all-core value published
intel-xeon-dew,Xeon D-1702,tdp_config_up,No configurable TDP-up/down or Maximum Turbo Power value published for this SKU (embedded/entry SKUs and Skylake-W often single-TDP),Checked ARK; only base TDP field present
intel-xeon-dew,Xeon D-1702,igpu_cores,iGPU execution unit count not published for this SKU (either no iGPU present or ARK omits EU count),Checked ARK graphics specifications; no EU/core count listed
intel-xeon-dew,Xeon D-1702,igpu_clock,iGPU max dynamic frequency not published for this SKU,Checked ARK graphics specifications; no frequency listed
intel-xeon-dew,Xeon D-1702,npu_tops,No NPU present on any Xeon D/E/W SKU in this shard (pre-AI PC era silicon),Confirmed via ARK; no NPU/AI accelerator listed on any Skylake through Sapphire Rapids Xeon D/E/W part
intel-xeon-dew,Xeon D-2899NT,all_core_boost,ARK/secondary sources for this generation do not report a distinct all-core turbo frequency separate from max turbo,Checked ARK page and TechPowerUp/WikiChip; no all-core value published
intel-xeon-dew,Xeon D-2899NT,tdp_config_up,No configurable TDP-up/down or Maximum Turbo Power value published for this SKU (embedded/entry SKUs and Skylake-W often single-TDP),Checked ARK; only base TDP field present
intel-xeon-dew,Xeon D-2899NT,pcie_lanes,Platform-level PCIe lane count not explicitly published per-SKU in top sources,"Checked ARK and chipset/platform docs; only PCIe generation confirmed, not per-CPU lane count"
intel-xeon-dew,Xeon D-2899NT,igpu_cores,iGPU execution unit count not published for this SKU (either no iGPU present or ARK omits EU count),Checked ARK graphics specifications; no EU/core count listed
intel-xeon-dew,Xeon D-2899NT,igpu_clock,iGPU max dynamic frequency not published for this SKU,Checked ARK graphics specifications; no frequency listed
intel-xeon-dew,Xeon D-2899NT,npu_tops,No NPU present on any Xeon D/E/W SKU in this shard (pre-AI PC era silicon),Confirmed via ARK; no NPU/AI accelerator listed on any Skylake through Sapphire Rapids Xeon D/E/W part
intel-xeon-dew,Xeon D-2795NT,all_core_boost,ARK/secondary sources for this generation do not report a distinct all-core turbo frequency separate from max turbo,Checked ARK page and TechPowerUp/WikiChip; no all-core value published
intel-xeon-dew,Xeon D-2795NT,tdp_config_up,No configurable TDP-up/down or Maximum Turbo Power value published for this SKU (embedded/entry SKUs and Skylake-W often single-TDP),Checked ARK; only base TDP field present
intel-xeon-dew,Xeon D-2795NT,pcie_lanes,Platform-level PCIe lane count not explicitly published per-SKU in top sources,"Checked ARK and chipset/platform docs; only PCIe generation confirmed, not per-CPU lane count"
intel-xeon-dew,Xeon D-2795NT,mem_speed,Max supported memory speed not explicitly listed in ARK summary for this SKU,Checked ARK memory specifications section; found channel count/type but not explicit MT/s speed
intel-xeon-dew,Xeon D-2795NT,igpu_cores,iGPU execution unit count not published for this SKU (either no iGPU present or ARK omits EU count),Checked ARK graphics specifications; no EU/core count listed
intel-xeon-dew,Xeon D-2795NT,igpu_clock,iGPU max dynamic frequency not published for this SKU,Checked ARK graphics specifications; no frequency listed
intel-xeon-dew,Xeon D-2795NT,npu_tops,No NPU present on any Xeon D/E/W SKU in this shard (pre-AI PC era silicon),Confirmed via ARK; no NPU/AI accelerator listed on any Skylake through Sapphire Rapids Xeon D/E/W part
intel-xeon-dew,Xeon D-2799,all_core_boost,ARK/secondary sources for this generation do not report a distinct all-core turbo frequency separate from max turbo,Checked ARK page and TechPowerUp/WikiChip; no all-core value published
intel-xeon-dew,Xeon D-2799,tdp_config_up,No configurable TDP-up/down or Maximum Turbo Power value published for this SKU (embedded/entry SKUs and Skylake-W often single-TDP),Checked ARK; only base TDP field present
intel-xeon-dew,Xeon D-2799,pcie_lanes,Platform-level PCIe lane count not explicitly published per-SKU in top sources,"Checked ARK and chipset/platform docs; only PCIe generation confirmed, not per-CPU lane count"
intel-xeon-dew,Xeon D-2799,igpu_cores,iGPU execution unit count not published for this SKU (either no iGPU present or ARK omits EU count),Checked ARK graphics specifications; no EU/core count listed
intel-xeon-dew,Xeon D-2799,igpu_clock,iGPU max dynamic frequency not published for this SKU,Checked ARK graphics specifications; no frequency listed
intel-xeon-dew,Xeon D-2799,npu_tops,No NPU present on any Xeon D/E/W SKU in this shard (pre-AI PC era silicon),Confirmed via ARK; no NPU/AI accelerator listed on any Skylake through Sapphire Rapids Xeon D/E/W part
intel-xeon-dew,Xeon D-2798NX,all_core_boost,ARK/secondary sources for this generation do not report a distinct all-core turbo frequency separate from max turbo,Checked ARK page and TechPowerUp/WikiChip; no all-core value published
intel-xeon-dew,Xeon D-2798NX,tdp_config_up,No configurable TDP-up/down or Maximum Turbo Power value published for this SKU (embedded/entry SKUs and Skylake-W often single-TDP),Checked ARK; only base TDP field present
intel-xeon-dew,Xeon D-2798NX,pcie_lanes,Platform-level PCIe lane count not explicitly published per-SKU in top sources,"Checked ARK and chipset/platform docs; only PCIe generation confirmed, not per-CPU lane count"
intel-xeon-dew,Xeon D-2798NX,mem_speed,Max supported memory speed not explicitly listed in ARK summary for this SKU,Checked ARK memory specifications section; found channel count/type but not explicit MT/s speed
intel-xeon-dew,Xeon D-2798NX,igpu_cores,iGPU execution unit count not published for this SKU (either no iGPU present or ARK omits EU count),Checked ARK graphics specifications; no EU/core count listed
intel-xeon-dew,Xeon D-2798NX,igpu_clock,iGPU max dynamic frequency not published for this SKU,Checked ARK graphics specifications; no frequency listed
intel-xeon-dew,Xeon D-2798NX,npu_tops,No NPU present on any Xeon D/E/W SKU in this shard (pre-AI PC era silicon),Confirmed via ARK; no NPU/AI accelerator listed on any Skylake through Sapphire Rapids Xeon D/E/W part
intel-xeon-dew,Xeon D-2798NT,all_core_boost,ARK/secondary sources for this generation do not report a distinct all-core turbo frequency separate from max turbo,Checked ARK page and TechPowerUp/WikiChip; no all-core value published
intel-xeon-dew,Xeon D-2798NT,tdp_config_up,No configurable TDP-up/down or Maximum Turbo Power value published for this SKU (embedded/entry SKUs and Skylake-W often single-TDP),Checked ARK; only base TDP field present
intel-xeon-dew,Xeon D-2798NT,pcie_lanes,Platform-level PCIe lane count not explicitly published per-SKU in top sources,"Checked ARK and chipset/platform docs; only PCIe generation confirmed, not per-CPU lane count"
intel-xeon-dew,Xeon D-2798NT,mem_speed,Max supported memory speed not explicitly listed in ARK summary for this SKU,Checked ARK memory specifications section; found channel count/type but not explicit MT/s speed
intel-xeon-dew,Xeon D-2798NT,igpu_cores,iGPU execution unit count not published for this SKU (either no iGPU present or ARK omits EU count),Checked ARK graphics specifications; no EU/core count listed
intel-xeon-dew,Xeon D-2798NT,igpu_clock,iGPU max dynamic frequency not published for this SKU,Checked ARK graphics specifications; no frequency listed
intel-xeon-dew,Xeon D-2798NT,npu_tops,No NPU present on any Xeon D/E/W SKU in this shard (pre-AI PC era silicon),Confirmed via ARK; no NPU/AI accelerator listed on any Skylake through Sapphire Rapids Xeon D/E/W part
intel-xeon-dew,Xeon D-2796NT,all_core_boost,ARK/secondary sources for this generation do not report a distinct all-core turbo frequency separate from max turbo,Checked ARK page and TechPowerUp/WikiChip; no all-core value published
intel-xeon-dew,Xeon D-2796NT,tdp_config_up,No configurable TDP-up/down or Maximum Turbo Power value published for this SKU (embedded/entry SKUs and Skylake-W often single-TDP),Checked ARK; only base TDP field present
intel-xeon-dew,Xeon D-2796NT,igpu_cores,iGPU execution unit count not published for this SKU (either no iGPU present or ARK omits EU count),Checked ARK graphics specifications; no EU/core count listed
intel-xeon-dew,Xeon D-2796NT,igpu_clock,iGPU max dynamic frequency not published for this SKU,Checked ARK graphics specifications; no frequency listed
intel-xeon-dew,Xeon D-2796NT,npu_tops,No NPU present on any Xeon D/E/W SKU in this shard (pre-AI PC era silicon),Confirmed via ARK; no NPU/AI accelerator listed on any Skylake through Sapphire Rapids Xeon D/E/W part
intel-xeon-dew,Xeon D-2796TE,all_core_boost,ARK/secondary sources for this generation do not report a distinct all-core turbo frequency separate from max turbo,Checked ARK page and TechPowerUp/WikiChip; no all-core value published
intel-xeon-dew,Xeon D-2796TE,tdp_config_up,No configurable TDP-up/down or Maximum Turbo Power value published for this SKU (embedded/entry SKUs and Skylake-W often single-TDP),Checked ARK; only base TDP field present
intel-xeon-dew,Xeon D-2796TE,pcie_lanes,Platform-level PCIe lane count not explicitly published per-SKU in top sources,"Checked ARK and chipset/platform docs; only PCIe generation confirmed, not per-CPU lane count"
intel-xeon-dew,Xeon D-2796TE,mem_speed,Max supported memory speed not explicitly listed in ARK summary for this SKU,Checked ARK memory specifications section; found channel count/type but not explicit MT/s speed
intel-xeon-dew,Xeon D-2796TE,igpu_cores,iGPU execution unit count not published for this SKU (either no iGPU present or ARK omits EU count),Checked ARK graphics specifications; no EU/core count listed
intel-xeon-dew,Xeon D-2796TE,igpu_clock,iGPU max dynamic frequency not published for this SKU,Checked ARK graphics specifications; no frequency listed
intel-xeon-dew,Xeon D-2796TE,npu_tops,No NPU present on any Xeon D/E/W SKU in this shard (pre-AI PC era silicon),Confirmed via ARK; no NPU/AI accelerator listed on any Skylake through Sapphire Rapids Xeon D/E/W part
intel-xeon-dew,Xeon D-2896NT,all_core_boost,ARK/secondary sources for this generation do not report a distinct all-core turbo frequency separate from max turbo,Checked ARK page and TechPowerUp/WikiChip; no all-core value published
intel-xeon-dew,Xeon D-2896NT,tdp_config_up,No configurable TDP-up/down or Maximum Turbo Power value published for this SKU (embedded/entry SKUs and Skylake-W often single-TDP),Checked ARK; only base TDP field present
intel-xeon-dew,Xeon D-2896NT,pcie_lanes,Platform-level PCIe lane count not explicitly published per-SKU in top sources,"Checked ARK and chipset/platform docs; only PCIe generation confirmed, not per-CPU lane count"
intel-xeon-dew,Xeon D-2896NT,igpu_cores,iGPU execution unit count not published for this SKU (either no iGPU present or ARK omits EU count),Checked ARK graphics specifications; no EU/core count listed
intel-xeon-dew,Xeon D-2896NT,igpu_clock,iGPU max dynamic frequency not published for this SKU,Checked ARK graphics specifications; no frequency listed
intel-xeon-dew,Xeon D-2896NT,npu_tops,No NPU present on any Xeon D/E/W SKU in this shard (pre-AI PC era silicon),Confirmed via ARK; no NPU/AI accelerator listed on any Skylake through Sapphire Rapids Xeon D/E/W part
intel-xeon-dew,Xeon D-2896TER,all_core_boost,ARK/secondary sources for this generation do not report a distinct all-core turbo frequency separate from max turbo,Checked ARK page and TechPowerUp/WikiChip; no all-core value published
intel-xeon-dew,Xeon D-2896TER,tdp_config_up,No configurable TDP-up/down or Maximum Turbo Power value published for this SKU (embedded/entry SKUs and Skylake-W often single-TDP),Checked ARK; only base TDP field present
intel-xeon-dew,Xeon D-2896TER,pcie_lanes,Platform-level PCIe lane count not explicitly published per-SKU in top sources,"Checked ARK and chipset/platform docs; only PCIe generation confirmed, not per-CPU lane count"
intel-xeon-dew,Xeon D-2896TER,mem_speed,Max supported memory speed not explicitly listed in ARK summary for this SKU,Checked ARK memory specifications section; found channel count/type but not explicit MT/s speed
intel-xeon-dew,Xeon D-2896TER,igpu_cores,iGPU execution unit count not published for this SKU (either no iGPU present or ARK omits EU count),Checked ARK graphics specifications; no EU/core count listed
intel-xeon-dew,Xeon D-2896TER,igpu_clock,iGPU max dynamic frequency not published for this SKU,Checked ARK graphics specifications; no frequency listed
intel-xeon-dew,Xeon D-2896TER,npu_tops,No NPU present on any Xeon D/E/W SKU in this shard (pre-AI PC era silicon),Confirmed via ARK; no NPU/AI accelerator listed on any Skylake through Sapphire Rapids Xeon D/E/W part
intel-xeon-dew,Xeon D-2786NTE,all_core_boost,ARK/secondary sources for this generation do not report a distinct all-core turbo frequency separate from max turbo,Checked ARK page and TechPowerUp/WikiChip; no all-core value published
intel-xeon-dew,Xeon D-2786NTE,tdp_config_up,No configurable TDP-up/down or Maximum Turbo Power value published for this SKU (embedded/entry SKUs and Skylake-W often single-TDP),Checked ARK; only base TDP field present
intel-xeon-dew,Xeon D-2786NTE,pcie_lanes,Platform-level PCIe lane count not explicitly published per-SKU in top sources,"Checked ARK and chipset/platform docs; only PCIe generation confirmed, not per-CPU lane count"
intel-xeon-dew,Xeon D-2786NTE,igpu_cores,iGPU execution unit count not published for this SKU (either no iGPU present or ARK omits EU count),Checked ARK graphics specifications; no EU/core count listed
intel-xeon-dew,Xeon D-2786NTE,igpu_clock,iGPU max dynamic frequency not published for this SKU,Checked ARK graphics specifications; no frequency listed
intel-xeon-dew,Xeon D-2786NTE,npu_tops,No NPU present on any Xeon D/E/W SKU in this shard (pre-AI PC era silicon),Confirmed via ARK; no NPU/AI accelerator listed on any Skylake through Sapphire Rapids Xeon D/E/W part
intel-xeon-dew,Xeon D-2776NT,all_core_boost,ARK/secondary sources for this generation do not report a distinct all-core turbo frequency separate from max turbo,Checked ARK page and TechPowerUp/WikiChip; no all-core value published
intel-xeon-dew,Xeon D-2776NT,tdp_config_up,No configurable TDP-up/down or Maximum Turbo Power value published for this SKU (embedded/entry SKUs and Skylake-W often single-TDP),Checked ARK; only base TDP field present
intel-xeon-dew,Xeon D-2776NT,pcie_lanes,Platform-level PCIe lane count not explicitly published per-SKU in top sources,"Checked ARK and chipset/platform docs; only PCIe generation confirmed, not per-CPU lane count"
intel-xeon-dew,Xeon D-2776NT,igpu_cores,iGPU execution unit count not published for this SKU (either no iGPU present or ARK omits EU count),Checked ARK graphics specifications; no EU/core count listed
intel-xeon-dew,Xeon D-2776NT,igpu_clock,iGPU max dynamic frequency not published for this SKU,Checked ARK graphics specifications; no frequency listed
intel-xeon-dew,Xeon D-2776NT,npu_tops,No NPU present on any Xeon D/E/W SKU in this shard (pre-AI PC era silicon),Confirmed via ARK; no NPU/AI accelerator listed on any Skylake through Sapphire Rapids Xeon D/E/W part
intel-xeon-dew,Xeon D-2777NX,all_core_boost,ARK/secondary sources for this generation do not report a distinct all-core turbo frequency separate from max turbo,Checked ARK page and TechPowerUp/WikiChip; no all-core value published
intel-xeon-dew,Xeon D-2777NX,tdp_config_up,No configurable TDP-up/down or Maximum Turbo Power value published for this SKU (embedded/entry SKUs and Skylake-W often single-TDP),Checked ARK; only base TDP field present
intel-xeon-dew,Xeon D-2777NX,pcie_lanes,Platform-level PCIe lane count not explicitly published per-SKU in top sources,"Checked ARK and chipset/platform docs; only PCIe generation confirmed, not per-CPU lane count"
intel-xeon-dew,Xeon D-2777NX,igpu_cores,iGPU execution unit count not published for this SKU (either no iGPU present or ARK omits EU count),Checked ARK graphics specifications; no EU/core count listed
intel-xeon-dew,Xeon D-2777NX,igpu_clock,iGPU max dynamic frequency not published for this SKU,Checked ARK graphics specifications; no frequency listed
intel-xeon-dew,Xeon D-2777NX,npu_tops,No NPU present on any Xeon D/E/W SKU in this shard (pre-AI PC era silicon),Confirmed via ARK; no NPU/AI accelerator listed on any Skylake through Sapphire Rapids Xeon D/E/W part
intel-xeon-dew,Xeon D-2779,all_core_boost,ARK/secondary sources for this generation do not report a distinct all-core turbo frequency separate from max turbo,Checked ARK page and TechPowerUp/WikiChip; no all-core value published
intel-xeon-dew,Xeon D-2779,tdp_config_up,No configurable TDP-up/down or Maximum Turbo Power value published for this SKU (embedded/entry SKUs and Skylake-W often single-TDP),Checked ARK; only base TDP field present
intel-xeon-dew,Xeon D-2779,igpu_cores,iGPU execution unit count not published for this SKU (either no iGPU present or ARK omits EU count),Checked ARK graphics specifications; no EU/core count listed
intel-xeon-dew,Xeon D-2779,igpu_clock,iGPU max dynamic frequency not published for this SKU,Checked ARK graphics specifications; no frequency listed
intel-xeon-dew,Xeon D-2779,npu_tops,No NPU present on any Xeon D/E/W SKU in this shard (pre-AI PC era silicon),Confirmed via ARK; no NPU/AI accelerator listed on any Skylake through Sapphire Rapids Xeon D/E/W part
intel-xeon-dew,Xeon D-2779,launch_price_usd,Tray/1000-unit price not published or not found in top search results for this SKU,Checked ARK pricing field and press materials; no price found
intel-xeon-dew,Xeon D-2775TE,all_core_boost,ARK/secondary sources for this generation do not report a distinct all-core turbo frequency separate from max turbo,Checked ARK page and TechPowerUp/WikiChip; no all-core value published
intel-xeon-dew,Xeon D-2775TE,tdp_config_up,No configurable TDP-up/down or Maximum Turbo Power value published for this SKU (embedded/entry SKUs and Skylake-W often single-TDP),Checked ARK; only base TDP field present
intel-xeon-dew,Xeon D-2775TE,pcie_lanes,Platform-level PCIe lane count not explicitly published per-SKU in top sources,"Checked ARK and chipset/platform docs; only PCIe generation confirmed, not per-CPU lane count"
intel-xeon-dew,Xeon D-2775TE,mem_speed,Max supported memory speed not explicitly listed in ARK summary for this SKU,Checked ARK memory specifications section; found channel count/type but not explicit MT/s speed
intel-xeon-dew,Xeon D-2775TE,igpu_cores,iGPU execution unit count not published for this SKU (either no iGPU present or ARK omits EU count),Checked ARK graphics specifications; no EU/core count listed
intel-xeon-dew,Xeon D-2775TE,igpu_clock,iGPU max dynamic frequency not published for this SKU,Checked ARK graphics specifications; no frequency listed
intel-xeon-dew,Xeon D-2775TE,npu_tops,No NPU present on any Xeon D/E/W SKU in this shard (pre-AI PC era silicon),Confirmed via ARK; no NPU/AI accelerator listed on any Skylake through Sapphire Rapids Xeon D/E/W part
intel-xeon-dew,Xeon D-2876NT,all_core_boost,ARK/secondary sources for this generation do not report a distinct all-core turbo frequency separate from max turbo,Checked ARK page and TechPowerUp/WikiChip; no all-core value published
intel-xeon-dew,Xeon D-2876NT,tdp_config_up,No configurable TDP-up/down or Maximum Turbo Power value published for this SKU (embedded/entry SKUs and Skylake-W often single-TDP),Checked ARK; only base TDP field present
intel-xeon-dew,Xeon D-2876NT,pcie_lanes,Platform-level PCIe lane count not explicitly published per-SKU in top sources,"Checked ARK and chipset/platform docs; only PCIe generation confirmed, not per-CPU lane count"
intel-xeon-dew,Xeon D-2876NT,igpu_cores,iGPU execution unit count not published for this SKU (either no iGPU present or ARK omits EU count),Checked ARK graphics specifications; no EU/core count listed
intel-xeon-dew,Xeon D-2876NT,igpu_clock,iGPU max dynamic frequency not published for this SKU,Checked ARK graphics specifications; no frequency listed
intel-xeon-dew,Xeon D-2876NT,npu_tops,No NPU present on any Xeon D/E/W SKU in this shard (pre-AI PC era silicon),Confirmed via ARK; no NPU/AI accelerator listed on any Skylake through Sapphire Rapids Xeon D/E/W part
intel-xeon-dew,Xeon D-2766NT,all_core_boost,ARK/secondary sources for this generation do not report a distinct all-core turbo frequency separate from max turbo,Checked ARK page and TechPowerUp/WikiChip; no all-core value published
intel-xeon-dew,Xeon D-2766NT,tdp_config_up,No configurable TDP-up/down or Maximum Turbo Power value published for this SKU (embedded/entry SKUs and Skylake-W often single-TDP),Checked ARK; only base TDP field present
intel-xeon-dew,Xeon D-2766NT,pcie_lanes,Platform-level PCIe lane count not explicitly published per-SKU in top sources,"Checked ARK and chipset/platform docs; only PCIe generation confirmed, not per-CPU lane count"
intel-xeon-dew,Xeon D-2766NT,igpu_cores,iGPU execution unit count not published for this SKU (either no iGPU present or ARK omits EU count),Checked ARK graphics specifications; no EU/core count listed
intel-xeon-dew,Xeon D-2766NT,igpu_clock,iGPU max dynamic frequency not published for this SKU,Checked ARK graphics specifications; no frequency listed
intel-xeon-dew,Xeon D-2766NT,npu_tops,No NPU present on any Xeon D/E/W SKU in this shard (pre-AI PC era silicon),Confirmed via ARK; no NPU/AI accelerator listed on any Skylake through Sapphire Rapids Xeon D/E/W part
intel-xeon-dew,Xeon D-2766NT,launch_price_usd,Tray/1000-unit price not published or not found in top search results for this SKU,Checked ARK pricing field and press materials; no price found
intel-xeon-dew,Xeon D-2753NT,all_core_boost,ARK/secondary sources for this generation do not report a distinct all-core turbo frequency separate from max turbo,Checked ARK page and TechPowerUp/WikiChip; no all-core value published
intel-xeon-dew,Xeon D-2753NT,tdp_config_up,No configurable TDP-up/down or Maximum Turbo Power value published for this SKU (embedded/entry SKUs and Skylake-W often single-TDP),Checked ARK; only base TDP field present
intel-xeon-dew,Xeon D-2753NT,pcie_lanes,Platform-level PCIe lane count not explicitly published per-SKU in top sources,"Checked ARK and chipset/platform docs; only PCIe generation confirmed, not per-CPU lane count"
intel-xeon-dew,Xeon D-2753NT,igpu_cores,iGPU execution unit count not published for this SKU (either no iGPU present or ARK omits EU count),Checked ARK graphics specifications; no EU/core count listed
intel-xeon-dew,Xeon D-2753NT,igpu_clock,iGPU max dynamic frequency not published for this SKU,Checked ARK graphics specifications; no frequency listed
intel-xeon-dew,Xeon D-2753NT,npu_tops,No NPU present on any Xeon D/E/W SKU in this shard (pre-AI PC era silicon),Confirmed via ARK; no NPU/AI accelerator listed on any Skylake through Sapphire Rapids Xeon D/E/W part
intel-xeon-dew,Xeon D-2757NX,all_core_boost,ARK/secondary sources for this generation do not report a distinct all-core turbo frequency separate from max turbo,Checked ARK page and TechPowerUp/WikiChip; no all-core value published
intel-xeon-dew,Xeon D-2757NX,tdp_config_up,No configurable TDP-up/down or Maximum Turbo Power value published for this SKU (embedded/entry SKUs and Skylake-W often single-TDP),Checked ARK; only base TDP field present
intel-xeon-dew,Xeon D-2757NX,pcie_lanes,Platform-level PCIe lane count not explicitly published per-SKU in top sources,"Checked ARK and chipset/platform docs; only PCIe generation confirmed, not per-CPU lane count"
intel-xeon-dew,Xeon D-2757NX,mem_speed,Max supported memory speed not explicitly listed in ARK summary for this SKU,Checked ARK memory specifications section; found channel count/type but not explicit MT/s speed
intel-xeon-dew,Xeon D-2757NX,igpu_cores,iGPU execution unit count not published for this SKU (either no iGPU present or ARK omits EU count),Checked ARK graphics specifications; no EU/core count listed
intel-xeon-dew,Xeon D-2757NX,igpu_clock,iGPU max dynamic frequency not published for this SKU,Checked ARK graphics specifications; no frequency listed
intel-xeon-dew,Xeon D-2757NX,npu_tops,No NPU present on any Xeon D/E/W SKU in this shard (pre-AI PC era silicon),Confirmed via ARK; no NPU/AI accelerator listed on any Skylake through Sapphire Rapids Xeon D/E/W part
intel-xeon-dew,Xeon D-2752NTE,all_core_boost,ARK/secondary sources for this generation do not report a distinct all-core turbo frequency separate from max turbo,Checked ARK page and TechPowerUp/WikiChip; no all-core value published
intel-xeon-dew,Xeon D-2752NTE,tdp_config_up,No configurable TDP-up/down or Maximum Turbo Power value published for this SKU (embedded/entry SKUs and Skylake-W often single-TDP),Checked ARK; only base TDP field present
intel-xeon-dew,Xeon D-2752NTE,pcie_lanes,Platform-level PCIe lane count not explicitly published per-SKU in top sources,"Checked ARK and chipset/platform docs; only PCIe generation confirmed, not per-CPU lane count"
intel-xeon-dew,Xeon D-2752NTE,mem_speed,Max supported memory speed not explicitly listed in ARK summary for this SKU,Checked ARK memory specifications section; found channel count/type but not explicit MT/s speed
intel-xeon-dew,Xeon D-2752NTE,igpu_cores,iGPU execution unit count not published for this SKU (either no iGPU present or ARK omits EU count),Checked ARK graphics specifications; no EU/core count listed
intel-xeon-dew,Xeon D-2752NTE,igpu_clock,iGPU max dynamic frequency not published for this SKU,Checked ARK graphics specifications; no frequency listed
intel-xeon-dew,Xeon D-2752NTE,npu_tops,No NPU present on any Xeon D/E/W SKU in this shard (pre-AI PC era silicon),Confirmed via ARK; no NPU/AI accelerator listed on any Skylake through Sapphire Rapids Xeon D/E/W part
intel-xeon-dew,Xeon D-2752TER,all_core_boost,ARK/secondary sources for this generation do not report a distinct all-core turbo frequency separate from max turbo,Checked ARK page and TechPowerUp/WikiChip; no all-core value published
intel-xeon-dew,Xeon D-2752TER,tdp_config_up,No configurable TDP-up/down or Maximum Turbo Power value published for this SKU (embedded/entry SKUs and Skylake-W often single-TDP),Checked ARK; only base TDP field present
intel-xeon-dew,Xeon D-2752TER,pcie_lanes,Platform-level PCIe lane count not explicitly published per-SKU in top sources,"Checked ARK and chipset/platform docs; only PCIe generation confirmed, not per-CPU lane count"
intel-xeon-dew,Xeon D-2752TER,mem_speed,Max supported memory speed not explicitly listed in ARK summary for this SKU,Checked ARK memory specifications section; found channel count/type but not explicit MT/s speed
intel-xeon-dew,Xeon D-2752TER,igpu_cores,iGPU execution unit count not published for this SKU (either no iGPU present or ARK omits EU count),Checked ARK graphics specifications; no EU/core count listed
intel-xeon-dew,Xeon D-2752TER,igpu_clock,iGPU max dynamic frequency not published for this SKU,Checked ARK graphics specifications; no frequency listed
intel-xeon-dew,Xeon D-2752TER,npu_tops,No NPU present on any Xeon D/E/W SKU in this shard (pre-AI PC era silicon),Confirmed via ARK; no NPU/AI accelerator listed on any Skylake through Sapphire Rapids Xeon D/E/W part
intel-xeon-dew,Xeon D-2745NX,all_core_boost,ARK/secondary sources for this generation do not report a distinct all-core turbo frequency separate from max turbo,Checked ARK page and TechPowerUp/WikiChip; no all-core value published
intel-xeon-dew,Xeon D-2745NX,tdp_config_up,No configurable TDP-up/down or Maximum Turbo Power value published for this SKU (embedded/entry SKUs and Skylake-W often single-TDP),Checked ARK; only base TDP field present
intel-xeon-dew,Xeon D-2745NX,pcie_lanes,Platform-level PCIe lane count not explicitly published per-SKU in top sources,"Checked ARK and chipset/platform docs; only PCIe generation confirmed, not per-CPU lane count"
intel-xeon-dew,Xeon D-2745NX,mem_speed,Max supported memory speed not explicitly listed in ARK summary for this SKU,Checked ARK memory specifications section; found channel count/type but not explicit MT/s speed
intel-xeon-dew,Xeon D-2745NX,igpu_cores,iGPU execution unit count not published for this SKU (either no iGPU present or ARK omits EU count),Checked ARK graphics specifications; no EU/core count listed
intel-xeon-dew,Xeon D-2745NX,igpu_clock,iGPU max dynamic frequency not published for this SKU,Checked ARK graphics specifications; no frequency listed
intel-xeon-dew,Xeon D-2745NX,npu_tops,No NPU present on any Xeon D/E/W SKU in this shard (pre-AI PC era silicon),Confirmed via ARK; no NPU/AI accelerator listed on any Skylake through Sapphire Rapids Xeon D/E/W part
intel-xeon-dew,Xeon D-2843NT,all_core_boost,ARK/secondary sources for this generation do not report a distinct all-core turbo frequency separate from max turbo,Checked ARK page and TechPowerUp/WikiChip; no all-core value published
intel-xeon-dew,Xeon D-2843NT,tdp_config_up,No configurable TDP-up/down or Maximum Turbo Power value published for this SKU (embedded/entry SKUs and Skylake-W often single-TDP),Checked ARK; only base TDP field present
intel-xeon-dew,Xeon D-2843NT,pcie_lanes,Platform-level PCIe lane count not explicitly published per-SKU in top sources,"Checked ARK and chipset/platform docs; only PCIe generation confirmed, not per-CPU lane count"
intel-xeon-dew,Xeon D-2843NT,igpu_cores,iGPU execution unit count not published for this SKU (either no iGPU present or ARK omits EU count),Checked ARK graphics specifications; no EU/core count listed
intel-xeon-dew,Xeon D-2843NT,igpu_clock,iGPU max dynamic frequency not published for this SKU,Checked ARK graphics specifications; no frequency listed
intel-xeon-dew,Xeon D-2843NT,npu_tops,No NPU present on any Xeon D/E/W SKU in this shard (pre-AI PC era silicon),Confirmed via ARK; no NPU/AI accelerator listed on any Skylake through Sapphire Rapids Xeon D/E/W part
intel-xeon-dew,Xeon D-2733NT,all_core_boost,ARK/secondary sources for this generation do not report a distinct all-core turbo frequency separate from max turbo,Checked ARK page and TechPowerUp/WikiChip; no all-core value published
intel-xeon-dew,Xeon D-2733NT,tdp_config_up,No configurable TDP-up/down or Maximum Turbo Power value published for this SKU (embedded/entry SKUs and Skylake-W often single-TDP),Checked ARK; only base TDP field present
intel-xeon-dew,Xeon D-2733NT,pcie_lanes,Platform-level PCIe lane count not explicitly published per-SKU in top sources,"Checked ARK and chipset/platform docs; only PCIe generation confirmed, not per-CPU lane count"
intel-xeon-dew,Xeon D-2733NT,mem_speed,Max supported memory speed not explicitly listed in ARK summary for this SKU,Checked ARK memory specifications section; found channel count/type but not explicit MT/s speed
intel-xeon-dew,Xeon D-2733NT,igpu_cores,iGPU execution unit count not published for this SKU (either no iGPU present or ARK omits EU count),Checked ARK graphics specifications; no EU/core count listed
intel-xeon-dew,Xeon D-2733NT,igpu_clock,iGPU max dynamic frequency not published for this SKU,Checked ARK graphics specifications; no frequency listed
intel-xeon-dew,Xeon D-2733NT,npu_tops,No NPU present on any Xeon D/E/W SKU in this shard (pre-AI PC era silicon),Confirmed via ARK; no NPU/AI accelerator listed on any Skylake through Sapphire Rapids Xeon D/E/W part
intel-xeon-dew,Xeon D-2738,all_core_boost,ARK/secondary sources for this generation do not report a distinct all-core turbo frequency separate from max turbo,Checked ARK page and TechPowerUp/WikiChip; no all-core value published
intel-xeon-dew,Xeon D-2738,tdp_config_up,No configurable TDP-up/down or Maximum Turbo Power value published for this SKU (embedded/entry SKUs and Skylake-W often single-TDP),Checked ARK; only base TDP field present
intel-xeon-dew,Xeon D-2738,pcie_lanes,Platform-level PCIe lane count not explicitly published per-SKU in top sources,"Checked ARK and chipset/platform docs; only PCIe generation confirmed, not per-CPU lane count"
intel-xeon-dew,Xeon D-2738,mem_speed,Max supported memory speed not explicitly listed in ARK summary for this SKU,Checked ARK memory specifications section; found channel count/type but not explicit MT/s speed
intel-xeon-dew,Xeon D-2738,igpu_cores,iGPU execution unit count not published for this SKU (either no iGPU present or ARK omits EU count),Checked ARK graphics specifications; no EU/core count listed
intel-xeon-dew,Xeon D-2738,igpu_clock,iGPU max dynamic frequency not published for this SKU,Checked ARK graphics specifications; no frequency listed
intel-xeon-dew,Xeon D-2738,npu_tops,No NPU present on any Xeon D/E/W SKU in this shard (pre-AI PC era silicon),Confirmed via ARK; no NPU/AI accelerator listed on any Skylake through Sapphire Rapids Xeon D/E/W part
intel-xeon-dew,Xeon D-2739NT,all_core_boost,ARK/secondary sources for this generation do not report a distinct all-core turbo frequency separate from max turbo,Checked ARK page and TechPowerUp/WikiChip; no all-core value published
intel-xeon-dew,Xeon D-2739NT,tdp_config_up,No configurable TDP-up/down or Maximum Turbo Power value published for this SKU (embedded/entry SKUs and Skylake-W often single-TDP),Checked ARK; only base TDP field present
intel-xeon-dew,Xeon D-2739NT,pcie_lanes,Platform-level PCIe lane count not explicitly published per-SKU in top sources,"Checked ARK and chipset/platform docs; only PCIe generation confirmed, not per-CPU lane count"
intel-xeon-dew,Xeon D-2739NT,igpu_cores,iGPU execution unit count not published for this SKU (either no iGPU present or ARK omits EU count),Checked ARK graphics specifications; no EU/core count listed
intel-xeon-dew,Xeon D-2739NT,igpu_clock,iGPU max dynamic frequency not published for this SKU,Checked ARK graphics specifications; no frequency listed
intel-xeon-dew,Xeon D-2739NT,npu_tops,No NPU present on any Xeon D/E/W SKU in this shard (pre-AI PC era silicon),Confirmed via ARK; no NPU/AI accelerator listed on any Skylake through Sapphire Rapids Xeon D/E/W part
intel-xeon-dew,Xeon D-2832NT,all_core_boost,ARK/secondary sources for this generation do not report a distinct all-core turbo frequency separate from max turbo,Checked ARK page and TechPowerUp/WikiChip; no all-core value published
intel-xeon-dew,Xeon D-2832NT,tdp_config_up,No configurable TDP-up/down or Maximum Turbo Power value published for this SKU (embedded/entry SKUs and Skylake-W often single-TDP),Checked ARK; only base TDP field present
intel-xeon-dew,Xeon D-2832NT,pcie_lanes,Platform-level PCIe lane count not explicitly published per-SKU in top sources,"Checked ARK and chipset/platform docs; only PCIe generation confirmed, not per-CPU lane count"
intel-xeon-dew,Xeon D-2832NT,igpu_cores,iGPU execution unit count not published for this SKU (either no iGPU present or ARK omits EU count),Checked ARK graphics specifications; no EU/core count listed
intel-xeon-dew,Xeon D-2832NT,igpu_clock,iGPU max dynamic frequency not published for this SKU,Checked ARK graphics specifications; no frequency listed
intel-xeon-dew,Xeon D-2832NT,npu_tops,No NPU present on any Xeon D/E/W SKU in this shard (pre-AI PC era silicon),Confirmed via ARK; no NPU/AI accelerator listed on any Skylake through Sapphire Rapids Xeon D/E/W part
intel-xeon-dew,Xeon D-2712T,all_core_boost,ARK/secondary sources for this generation do not report a distinct all-core turbo frequency separate from max turbo,Checked ARK page and TechPowerUp/WikiChip; no all-core value published
intel-xeon-dew,Xeon D-2712T,tdp_config_up,No configurable TDP-up/down or Maximum Turbo Power value published for this SKU (embedded/entry SKUs and Skylake-W often single-TDP),Checked ARK; only base TDP field present
intel-xeon-dew,Xeon D-2712T,pcie_lanes,Platform-level PCIe lane count not explicitly published per-SKU in top sources,"Checked ARK and chipset/platform docs; only PCIe generation confirmed, not per-CPU lane count"
intel-xeon-dew,Xeon D-2712T,mem_speed,Max supported memory speed not explicitly listed in ARK summary for this SKU,Checked ARK memory specifications section; found channel count/type but not explicit MT/s speed
intel-xeon-dew,Xeon D-2712T,igpu_cores,iGPU execution unit count not published for this SKU (either no iGPU present or ARK omits EU count),Checked ARK graphics specifications; no EU/core count listed
intel-xeon-dew,Xeon D-2712T,igpu_clock,iGPU max dynamic frequency not published for this SKU,Checked ARK graphics specifications; no frequency listed
intel-xeon-dew,Xeon D-2712T,npu_tops,No NPU present on any Xeon D/E/W SKU in this shard (pre-AI PC era silicon),Confirmed via ARK; no NPU/AI accelerator listed on any Skylake through Sapphire Rapids Xeon D/E/W part
intel-xeon-dew,Xeon E-2288G,all_core_boost,ARK/secondary sources for this generation do not report a distinct all-core turbo frequency separate from max turbo,Checked ARK page and TechPowerUp/WikiChip; no all-core value published
intel-xeon-dew,Xeon E-2288G,l2_cache,ARK summary omits per-core L2 breakdown for this SKU/generation,Checked ARK spec page; no explicit L2 total or per-core figure found in top search results
intel-xeon-dew,Xeon E-2288G,tdp_config_up,No configurable TDP-up/down or Maximum Turbo Power value published for this SKU (embedded/entry SKUs and Skylake-W often single-TDP),Checked ARK; only base TDP field present
intel-xeon-dew,Xeon E-2288G,pcie_lanes,Platform-level PCIe lane count not explicitly published per-SKU in top sources,"Checked ARK and chipset/platform docs; only PCIe generation confirmed, not per-CPU lane count"
intel-xeon-dew,Xeon E-2288G,igpu_cores,iGPU execution unit count not published for this SKU (either no iGPU present or ARK omits EU count),Checked ARK graphics specifications; no EU/core count listed
intel-xeon-dew,Xeon E-2288G,igpu_clock,iGPU max dynamic frequency not published for this SKU,Checked ARK graphics specifications; no frequency listed
intel-xeon-dew,Xeon E-2288G,npu_tops,No NPU present on any Xeon D/E/W SKU in this shard (pre-AI PC era silicon),Confirmed via ARK; no NPU/AI accelerator listed on any Skylake through Sapphire Rapids Xeon D/E/W part
intel-xeon-dew,Xeon E-2278G,all_core_boost,ARK/secondary sources for this generation do not report a distinct all-core turbo frequency separate from max turbo,Checked ARK page and TechPowerUp/WikiChip; no all-core value published
intel-xeon-dew,Xeon E-2278G,l2_cache,ARK summary omits per-core L2 breakdown for this SKU/generation,Checked ARK spec page; no explicit L2 total or per-core figure found in top search results
intel-xeon-dew,Xeon E-2278G,tdp_config_up,No configurable TDP-up/down or Maximum Turbo Power value published for this SKU (embedded/entry SKUs and Skylake-W often single-TDP),Checked ARK; only base TDP field present
intel-xeon-dew,Xeon E-2278G,pcie_lanes,Platform-level PCIe lane count not explicitly published per-SKU in top sources,"Checked ARK and chipset/platform docs; only PCIe generation confirmed, not per-CPU lane count"
intel-xeon-dew,Xeon E-2278G,igpu_cores,iGPU execution unit count not published for this SKU (either no iGPU present or ARK omits EU count),Checked ARK graphics specifications; no EU/core count listed
intel-xeon-dew,Xeon E-2278G,igpu_clock,iGPU max dynamic frequency not published for this SKU,Checked ARK graphics specifications; no frequency listed
intel-xeon-dew,Xeon E-2278G,npu_tops,No NPU present on any Xeon D/E/W SKU in this shard (pre-AI PC era silicon),Confirmed via ARK; no NPU/AI accelerator listed on any Skylake through Sapphire Rapids Xeon D/E/W part
intel-xeon-dew,Xeon E-2278GEL,all_core_boost,ARK/secondary sources for this generation do not report a distinct all-core turbo frequency separate from max turbo,Checked ARK page and TechPowerUp/WikiChip; no all-core value published
intel-xeon-dew,Xeon E-2278GEL,l2_cache,ARK summary omits per-core L2 breakdown for this SKU/generation,Checked ARK spec page; no explicit L2 total or per-core figure found in top search results
intel-xeon-dew,Xeon E-2278GEL,tdp_config_up,No configurable TDP-up/down or Maximum Turbo Power value published for this SKU (embedded/entry SKUs and Skylake-W often single-TDP),Checked ARK; only base TDP field present
intel-xeon-dew,Xeon E-2278GEL,pcie_lanes,Platform-level PCIe lane count not explicitly published per-SKU in top sources,"Checked ARK and chipset/platform docs; only PCIe generation confirmed, not per-CPU lane count"
intel-xeon-dew,Xeon E-2278GEL,igpu_cores,iGPU execution unit count not published for this SKU (either no iGPU present or ARK omits EU count),Checked ARK graphics specifications; no EU/core count listed
intel-xeon-dew,Xeon E-2278GEL,igpu_clock,iGPU max dynamic frequency not published for this SKU,Checked ARK graphics specifications; no frequency listed
intel-xeon-dew,Xeon E-2278GEL,npu_tops,No NPU present on any Xeon D/E/W SKU in this shard (pre-AI PC era silicon),Confirmed via ARK; no NPU/AI accelerator listed on any Skylake through Sapphire Rapids Xeon D/E/W part
intel-xeon-dew,Xeon E-2278GE,all_core_boost,ARK/secondary sources for this generation do not report a distinct all-core turbo frequency separate from max turbo,Checked ARK page and TechPowerUp/WikiChip; no all-core value published
intel-xeon-dew,Xeon E-2278GE,l2_cache,ARK summary omits per-core L2 breakdown for this SKU/generation,Checked ARK spec page; no explicit L2 total or per-core figure found in top search results
intel-xeon-dew,Xeon E-2278GE,tdp_config_up,No configurable TDP-up/down or Maximum Turbo Power value published for this SKU (embedded/entry SKUs and Skylake-W often single-TDP),Checked ARK; only base TDP field present
intel-xeon-dew,Xeon E-2278GE,pcie_lanes,Platform-level PCIe lane count not explicitly published per-SKU in top sources,"Checked ARK and chipset/platform docs; only PCIe generation confirmed, not per-CPU lane count"
intel-xeon-dew,Xeon E-2278GE,igpu_cores,iGPU execution unit count not published for this SKU (either no iGPU present or ARK omits EU count),Checked ARK graphics specifications; no EU/core count listed
intel-xeon-dew,Xeon E-2278GE,igpu_clock,iGPU max dynamic frequency not published for this SKU,Checked ARK graphics specifications; no frequency listed
intel-xeon-dew,Xeon E-2278GE,npu_tops,No NPU present on any Xeon D/E/W SKU in this shard (pre-AI PC era silicon),Confirmed via ARK; no NPU/AI accelerator listed on any Skylake through Sapphire Rapids Xeon D/E/W part
intel-xeon-dew,Xeon E-2186G,all_core_boost,ARK/secondary sources for this generation do not report a distinct all-core turbo frequency separate from max turbo,Checked ARK page and TechPowerUp/WikiChip; no all-core value published
intel-xeon-dew,Xeon E-2186G,l2_cache,ARK summary omits per-core L2 breakdown for this SKU/generation,Checked ARK spec page; no explicit L2 total or per-core figure found in top search results
intel-xeon-dew,Xeon E-2186G,tdp_config_up,No configurable TDP-up/down or Maximum Turbo Power value published for this SKU (embedded/entry SKUs and Skylake-W often single-TDP),Checked ARK; only base TDP field present
intel-xeon-dew,Xeon E-2186G,pcie_lanes,Platform-level PCIe lane count not explicitly published per-SKU in top sources,"Checked ARK and chipset/platform docs; only PCIe generation confirmed, not per-CPU lane count"
intel-xeon-dew,Xeon E-2186G,igpu_cores,iGPU execution unit count not published for this SKU (either no iGPU present or ARK omits EU count),Checked ARK graphics specifications; no EU/core count listed
intel-xeon-dew,Xeon E-2186G,igpu_clock,iGPU max dynamic frequency not published for this SKU,Checked ARK graphics specifications; no frequency listed
intel-xeon-dew,Xeon E-2186G,npu_tops,No NPU present on any Xeon D/E/W SKU in this shard (pre-AI PC era silicon),Confirmed via ARK; no NPU/AI accelerator listed on any Skylake through Sapphire Rapids Xeon D/E/W part
intel-xeon-dew,Xeon E-2136,all_core_boost,ARK/secondary sources for this generation do not report a distinct all-core turbo frequency separate from max turbo,Checked ARK page and TechPowerUp/WikiChip; no all-core value published
intel-xeon-dew,Xeon E-2136,l2_cache,ARK summary omits per-core L2 breakdown for this SKU/generation,Checked ARK spec page; no explicit L2 total or per-core figure found in top search results
intel-xeon-dew,Xeon E-2136,tdp_config_up,No configurable TDP-up/down or Maximum Turbo Power value published for this SKU (embedded/entry SKUs and Skylake-W often single-TDP),Checked ARK; only base TDP field present
intel-xeon-dew,Xeon E-2136,pcie_lanes,Platform-level PCIe lane count not explicitly published per-SKU in top sources,"Checked ARK and chipset/platform docs; only PCIe generation confirmed, not per-CPU lane count"
intel-xeon-dew,Xeon E-2136,igpu_cores,iGPU execution unit count not published for this SKU (either no iGPU present or ARK omits EU count),Checked ARK graphics specifications; no EU/core count listed
intel-xeon-dew,Xeon E-2136,igpu_clock,iGPU max dynamic frequency not published for this SKU,Checked ARK graphics specifications; no frequency listed
intel-xeon-dew,Xeon E-2136,npu_tops,No NPU present on any Xeon D/E/W SKU in this shard (pre-AI PC era silicon),Confirmed via ARK; no NPU/AI accelerator listed on any Skylake through Sapphire Rapids Xeon D/E/W part
intel-xeon-dew,Xeon E-2176G,all_core_boost,ARK/secondary sources for this generation do not report a distinct all-core turbo frequency separate from max turbo,Checked ARK page and TechPowerUp/WikiChip; no all-core value published
intel-xeon-dew,Xeon E-2176G,l2_cache,ARK summary omits per-core L2 breakdown for this SKU/generation,Checked ARK spec page; no explicit L2 total or per-core figure found in top search results
intel-xeon-dew,Xeon E-2176G,tdp_config_up,No configurable TDP-up/down or Maximum Turbo Power value published for this SKU (embedded/entry SKUs and Skylake-W often single-TDP),Checked ARK; only base TDP field present
intel-xeon-dew,Xeon E-2176G,pcie_lanes,Platform-level PCIe lane count not explicitly published per-SKU in top sources,"Checked ARK and chipset/platform docs; only PCIe generation confirmed, not per-CPU lane count"
intel-xeon-dew,Xeon E-2176G,igpu_cores,iGPU execution unit count not published for this SKU (either no iGPU present or ARK omits EU count),Checked ARK graphics specifications; no EU/core count listed
intel-xeon-dew,Xeon E-2176G,igpu_clock,iGPU max dynamic frequency not published for this SKU,Checked ARK graphics specifications; no frequency listed
intel-xeon-dew,Xeon E-2176G,npu_tops,No NPU present on any Xeon D/E/W SKU in this shard (pre-AI PC era silicon),Confirmed via ARK; no NPU/AI accelerator listed on any Skylake through Sapphire Rapids Xeon D/E/W part
intel-xeon-dew,Xeon E-2126G,all_core_boost,ARK/secondary sources for this generation do not report a distinct all-core turbo frequency separate from max turbo,Checked ARK page and TechPowerUp/WikiChip; no all-core value published
intel-xeon-dew,Xeon E-2126G,l2_cache,ARK summary omits per-core L2 breakdown for this SKU/generation,Checked ARK spec page; no explicit L2 total or per-core figure found in top search results
intel-xeon-dew,Xeon E-2126G,tdp_config_up,No configurable TDP-up/down or Maximum Turbo Power value published for this SKU (embedded/entry SKUs and Skylake-W often single-TDP),Checked ARK; only base TDP field present
intel-xeon-dew,Xeon E-2126G,pcie_lanes,Platform-level PCIe lane count not explicitly published per-SKU in top sources,"Checked ARK and chipset/platform docs; only PCIe generation confirmed, not per-CPU lane count"
intel-xeon-dew,Xeon E-2126G,igpu_cores,iGPU execution unit count not published for this SKU (either no iGPU present or ARK omits EU count),Checked ARK graphics specifications; no EU/core count listed
intel-xeon-dew,Xeon E-2126G,igpu_clock,iGPU max dynamic frequency not published for this SKU,Checked ARK graphics specifications; no frequency listed
intel-xeon-dew,Xeon E-2126G,npu_tops,No NPU present on any Xeon D/E/W SKU in this shard (pre-AI PC era silicon),Confirmed via ARK; no NPU/AI accelerator listed on any Skylake through Sapphire Rapids Xeon D/E/W part
intel-xeon-dew,Xeon E-2146G,all_core_boost,ARK/secondary sources for this generation do not report a distinct all-core turbo frequency separate from max turbo,Checked ARK page and TechPowerUp/WikiChip; no all-core value published
intel-xeon-dew,Xeon E-2146G,tdp_config_up,No configurable TDP-up/down or Maximum Turbo Power value published for this SKU (embedded/entry SKUs and Skylake-W often single-TDP),Checked ARK; only base TDP field present
intel-xeon-dew,Xeon E-2146G,pcie_lanes,Platform-level PCIe lane count not explicitly published per-SKU in top sources,"Checked ARK and chipset/platform docs; only PCIe generation confirmed, not per-CPU lane count"
intel-xeon-dew,Xeon E-2146G,igpu_cores,iGPU execution unit count not published for this SKU (either no iGPU present or ARK omits EU count),Checked ARK graphics specifications; no EU/core count listed
intel-xeon-dew,Xeon E-2146G,igpu_clock,iGPU max dynamic frequency not published for this SKU,Checked ARK graphics specifications; no frequency listed
intel-xeon-dew,Xeon E-2146G,npu_tops,No NPU present on any Xeon D/E/W SKU in this shard (pre-AI PC era silicon),Confirmed via ARK; no NPU/AI accelerator listed on any Skylake through Sapphire Rapids Xeon D/E/W part
intel-xeon-dew,Xeon E-2286G,all_core_boost,ARK/secondary sources for this generation do not report a distinct all-core turbo frequency separate from max turbo,Checked ARK page and TechPowerUp/WikiChip; no all-core value published
intel-xeon-dew,Xeon E-2286G,l2_cache,ARK summary omits per-core L2 breakdown for this SKU/generation,Checked ARK spec page; no explicit L2 total or per-core figure found in top search results
intel-xeon-dew,Xeon E-2286G,tdp_config_up,No configurable TDP-up/down or Maximum Turbo Power value published for this SKU (embedded/entry SKUs and Skylake-W often single-TDP),Checked ARK; only base TDP field present
intel-xeon-dew,Xeon E-2286G,pcie_lanes,Platform-level PCIe lane count not explicitly published per-SKU in top sources,"Checked ARK and chipset/platform docs; only PCIe generation confirmed, not per-CPU lane count"
intel-xeon-dew,Xeon E-2286G,igpu_cores,iGPU execution unit count not published for this SKU (either no iGPU present or ARK omits EU count),Checked ARK graphics specifications; no EU/core count listed
intel-xeon-dew,Xeon E-2286G,igpu_clock,iGPU max dynamic frequency not published for this SKU,Checked ARK graphics specifications; no frequency listed
intel-xeon-dew,Xeon E-2286G,npu_tops,No NPU present on any Xeon D/E/W SKU in this shard (pre-AI PC era silicon),Confirmed via ARK; no NPU/AI accelerator listed on any Skylake through Sapphire Rapids Xeon D/E/W part
intel-xeon-dew,Xeon E-2276G,all_core_boost,ARK/secondary sources for this generation do not report a distinct all-core turbo frequency separate from max turbo,Checked ARK page and TechPowerUp/WikiChip; no all-core value published
intel-xeon-dew,Xeon E-2276G,l2_cache,ARK summary omits per-core L2 breakdown for this SKU/generation,Checked ARK spec page; no explicit L2 total or per-core figure found in top search results
intel-xeon-dew,Xeon E-2276G,tdp_config_up,No configurable TDP-up/down or Maximum Turbo Power value published for this SKU (embedded/entry SKUs and Skylake-W often single-TDP),Checked ARK; only base TDP field present
intel-xeon-dew,Xeon E-2276G,pcie_lanes,Platform-level PCIe lane count not explicitly published per-SKU in top sources,"Checked ARK and chipset/platform docs; only PCIe generation confirmed, not per-CPU lane count"
intel-xeon-dew,Xeon E-2276G,igpu_cores,iGPU execution unit count not published for this SKU (either no iGPU present or ARK omits EU count),Checked ARK graphics specifications; no EU/core count listed
intel-xeon-dew,Xeon E-2276G,igpu_clock,iGPU max dynamic frequency not published for this SKU,Checked ARK graphics specifications; no frequency listed
intel-xeon-dew,Xeon E-2276G,npu_tops,No NPU present on any Xeon D/E/W SKU in this shard (pre-AI PC era silicon),Confirmed via ARK; no NPU/AI accelerator listed on any Skylake through Sapphire Rapids Xeon D/E/W part
intel-xeon-dew,Xeon E-2226G,all_core_boost,ARK/secondary sources for this generation do not report a distinct all-core turbo frequency separate from max turbo,Checked ARK page and TechPowerUp/WikiChip; no all-core value published
intel-xeon-dew,Xeon E-2226G,l2_cache,ARK summary omits per-core L2 breakdown for this SKU/generation,Checked ARK spec page; no explicit L2 total or per-core figure found in top search results
intel-xeon-dew,Xeon E-2226G,tdp_config_up,No configurable TDP-up/down or Maximum Turbo Power value published for this SKU (embedded/entry SKUs and Skylake-W often single-TDP),Checked ARK; only base TDP field present
intel-xeon-dew,Xeon E-2226G,pcie_lanes,Platform-level PCIe lane count not explicitly published per-SKU in top sources,"Checked ARK and chipset/platform docs; only PCIe generation confirmed, not per-CPU lane count"
intel-xeon-dew,Xeon E-2226G,igpu_cores,iGPU execution unit count not published for this SKU (either no iGPU present or ARK omits EU count),Checked ARK graphics specifications; no EU/core count listed
intel-xeon-dew,Xeon E-2226G,igpu_clock,iGPU max dynamic frequency not published for this SKU,Checked ARK graphics specifications; no frequency listed
intel-xeon-dew,Xeon E-2226G,npu_tops,No NPU present on any Xeon D/E/W SKU in this shard (pre-AI PC era silicon),Confirmed via ARK; no NPU/AI accelerator listed on any Skylake through Sapphire Rapids Xeon D/E/W part
intel-xeon-dew,Xeon E-2236,all_core_boost,ARK/secondary sources for this generation do not report a distinct all-core turbo frequency separate from max turbo,Checked ARK page and TechPowerUp/WikiChip; no all-core value published
intel-xeon-dew,Xeon E-2236,tdp_config_up,No configurable TDP-up/down or Maximum Turbo Power value published for this SKU (embedded/entry SKUs and Skylake-W often single-TDP),Checked ARK; only base TDP field present
intel-xeon-dew,Xeon E-2236,pcie_lanes,Platform-level PCIe lane count not explicitly published per-SKU in top sources,"Checked ARK and chipset/platform docs; only PCIe generation confirmed, not per-CPU lane count"
intel-xeon-dew,Xeon E-2236,igpu_cores,iGPU execution unit count not published for this SKU (either no iGPU present or ARK omits EU count),Checked ARK graphics specifications; no EU/core count listed
intel-xeon-dew,Xeon E-2236,igpu_clock,iGPU max dynamic frequency not published for this SKU,Checked ARK graphics specifications; no frequency listed
intel-xeon-dew,Xeon E-2236,npu_tops,No NPU present on any Xeon D/E/W SKU in this shard (pre-AI PC era silicon),Confirmed via ARK; no NPU/AI accelerator listed on any Skylake through Sapphire Rapids Xeon D/E/W part
intel-xeon-dew,Xeon E-2246G,all_core_boost,ARK/secondary sources for this generation do not report a distinct all-core turbo frequency separate from max turbo,Checked ARK page and TechPowerUp/WikiChip; no all-core value published
intel-xeon-dew,Xeon E-2246G,l2_cache,ARK summary omits per-core L2 breakdown for this SKU/generation,Checked ARK spec page; no explicit L2 total or per-core figure found in top search results
intel-xeon-dew,Xeon E-2246G,tdp_config_up,No configurable TDP-up/down or Maximum Turbo Power value published for this SKU (embedded/entry SKUs and Skylake-W often single-TDP),Checked ARK; only base TDP field present
intel-xeon-dew,Xeon E-2246G,pcie_lanes,Platform-level PCIe lane count not explicitly published per-SKU in top sources,"Checked ARK and chipset/platform docs; only PCIe generation confirmed, not per-CPU lane count"
intel-xeon-dew,Xeon E-2246G,igpu_cores,iGPU execution unit count not published for this SKU (either no iGPU present or ARK omits EU count),Checked ARK graphics specifications; no EU/core count listed
intel-xeon-dew,Xeon E-2246G,igpu_clock,iGPU max dynamic frequency not published for this SKU,Checked ARK graphics specifications; no frequency listed
intel-xeon-dew,Xeon E-2246G,npu_tops,No NPU present on any Xeon D/E/W SKU in this shard (pre-AI PC era silicon),Confirmed via ARK; no NPU/AI accelerator listed on any Skylake through Sapphire Rapids Xeon D/E/W part
intel-xeon-dew,Xeon E-2226GE,all_core_boost,ARK/secondary sources for this generation do not report a distinct all-core turbo frequency separate from max turbo,Checked ARK page and TechPowerUp/WikiChip; no all-core value published
intel-xeon-dew,Xeon E-2226GE,l2_cache,ARK summary omits per-core L2 breakdown for this SKU/generation,Checked ARK spec page; no explicit L2 total or per-core figure found in top search results
intel-xeon-dew,Xeon E-2226GE,tdp_config_up,No configurable TDP-up/down or Maximum Turbo Power value published for this SKU (embedded/entry SKUs and Skylake-W often single-TDP),Checked ARK; only base TDP field present
intel-xeon-dew,Xeon E-2226GE,pcie_lanes,Platform-level PCIe lane count not explicitly published per-SKU in top sources,"Checked ARK and chipset/platform docs; only PCIe generation confirmed, not per-CPU lane count"
intel-xeon-dew,Xeon E-2226GE,igpu_cores,iGPU execution unit count not published for this SKU (either no iGPU present or ARK omits EU count),Checked ARK graphics specifications; no EU/core count listed
intel-xeon-dew,Xeon E-2226GE,igpu_clock,iGPU max dynamic frequency not published for this SKU,Checked ARK graphics specifications; no frequency listed
intel-xeon-dew,Xeon E-2226GE,npu_tops,No NPU present on any Xeon D/E/W SKU in this shard (pre-AI PC era silicon),Confirmed via ARK; no NPU/AI accelerator listed on any Skylake through Sapphire Rapids Xeon D/E/W part
intel-xeon-dew,Xeon E-2124G,all_core_boost,ARK/secondary sources for this generation do not report a distinct all-core turbo frequency separate from max turbo,Checked ARK page and TechPowerUp/WikiChip; no all-core value published
intel-xeon-dew,Xeon E-2124G,l2_cache,ARK summary omits per-core L2 breakdown for this SKU/generation,Checked ARK spec page; no explicit L2 total or per-core figure found in top search results
intel-xeon-dew,Xeon E-2124G,tdp_config_up,No configurable TDP-up/down or Maximum Turbo Power value published for this SKU (embedded/entry SKUs and Skylake-W often single-TDP),Checked ARK; only base TDP field present
intel-xeon-dew,Xeon E-2124G,pcie_lanes,Platform-level PCIe lane count not explicitly published per-SKU in top sources,"Checked ARK and chipset/platform docs; only PCIe generation confirmed, not per-CPU lane count"
intel-xeon-dew,Xeon E-2124G,igpu_cores,iGPU execution unit count not published for this SKU (either no iGPU present or ARK omits EU count),Checked ARK graphics specifications; no EU/core count listed
intel-xeon-dew,Xeon E-2124G,igpu_clock,iGPU max dynamic frequency not published for this SKU,Checked ARK graphics specifications; no frequency listed
intel-xeon-dew,Xeon E-2124G,npu_tops,No NPU present on any Xeon D/E/W SKU in this shard (pre-AI PC era silicon),Confirmed via ARK; no NPU/AI accelerator listed on any Skylake through Sapphire Rapids Xeon D/E/W part
intel-xeon-dew,Xeon E-2124,all_core_boost,ARK/secondary sources for this generation do not report a distinct all-core turbo frequency separate from max turbo,Checked ARK page and TechPowerUp/WikiChip; no all-core value published
intel-xeon-dew,Xeon E-2124,l2_cache,ARK summary omits per-core L2 breakdown for this SKU/generation,Checked ARK spec page; no explicit L2 total or per-core figure found in top search results
intel-xeon-dew,Xeon E-2124,tdp_config_up,No configurable TDP-up/down or Maximum Turbo Power value published for this SKU (embedded/entry SKUs and Skylake-W often single-TDP),Checked ARK; only base TDP field present
intel-xeon-dew,Xeon E-2124,pcie_lanes,Platform-level PCIe lane count not explicitly published per-SKU in top sources,"Checked ARK and chipset/platform docs; only PCIe generation confirmed, not per-CPU lane count"
intel-xeon-dew,Xeon E-2124,igpu_cores,iGPU execution unit count not published for this SKU (either no iGPU present or ARK omits EU count),Checked ARK graphics specifications; no EU/core count listed
intel-xeon-dew,Xeon E-2124,igpu_clock,iGPU max dynamic frequency not published for this SKU,Checked ARK graphics specifications; no frequency listed
intel-xeon-dew,Xeon E-2124,npu_tops,No NPU present on any Xeon D/E/W SKU in this shard (pre-AI PC era silicon),Confirmed via ARK; no NPU/AI accelerator listed on any Skylake through Sapphire Rapids Xeon D/E/W part
intel-xeon-dew,Xeon E-2134,all_core_boost,ARK/secondary sources for this generation do not report a distinct all-core turbo frequency separate from max turbo,Checked ARK page and TechPowerUp/WikiChip; no all-core value published
intel-xeon-dew,Xeon E-2134,l2_cache,ARK summary omits per-core L2 breakdown for this SKU/generation,Checked ARK spec page; no explicit L2 total or per-core figure found in top search results
intel-xeon-dew,Xeon E-2134,tdp_config_up,No configurable TDP-up/down or Maximum Turbo Power value published for this SKU (embedded/entry SKUs and Skylake-W often single-TDP),Checked ARK; only base TDP field present
intel-xeon-dew,Xeon E-2134,pcie_lanes,Platform-level PCIe lane count not explicitly published per-SKU in top sources,"Checked ARK and chipset/platform docs; only PCIe generation confirmed, not per-CPU lane count"
intel-xeon-dew,Xeon E-2134,igpu_cores,iGPU execution unit count not published for this SKU (either no iGPU present or ARK omits EU count),Checked ARK graphics specifications; no EU/core count listed
intel-xeon-dew,Xeon E-2134,igpu_clock,iGPU max dynamic frequency not published for this SKU,Checked ARK graphics specifications; no frequency listed
intel-xeon-dew,Xeon E-2134,npu_tops,No NPU present on any Xeon D/E/W SKU in this shard (pre-AI PC era silicon),Confirmed via ARK; no NPU/AI accelerator listed on any Skylake through Sapphire Rapids Xeon D/E/W part
intel-xeon-dew,Xeon E-2134,launch_price_usd,Tray/1000-unit price not published or not found in top search results for this SKU,Checked ARK pricing field and press materials; no price found
intel-xeon-dew,Xeon E-2144G,all_core_boost,ARK/secondary sources for this generation do not report a distinct all-core turbo frequency separate from max turbo,Checked ARK page and TechPowerUp/WikiChip; no all-core value published
intel-xeon-dew,Xeon E-2144G,l2_cache,ARK summary omits per-core L2 breakdown for this SKU/generation,Checked ARK spec page; no explicit L2 total or per-core figure found in top search results
intel-xeon-dew,Xeon E-2144G,tdp_config_up,No configurable TDP-up/down or Maximum Turbo Power value published for this SKU (embedded/entry SKUs and Skylake-W often single-TDP),Checked ARK; only base TDP field present
intel-xeon-dew,Xeon E-2144G,pcie_lanes,Platform-level PCIe lane count not explicitly published per-SKU in top sources,"Checked ARK and chipset/platform docs; only PCIe generation confirmed, not per-CPU lane count"
intel-xeon-dew,Xeon E-2144G,igpu_cores,iGPU execution unit count not published for this SKU (either no iGPU present or ARK omits EU count),Checked ARK graphics specifications; no EU/core count listed
intel-xeon-dew,Xeon E-2144G,igpu_clock,iGPU max dynamic frequency not published for this SKU,Checked ARK graphics specifications; no frequency listed
intel-xeon-dew,Xeon E-2144G,npu_tops,No NPU present on any Xeon D/E/W SKU in this shard (pre-AI PC era silicon),Confirmed via ARK; no NPU/AI accelerator listed on any Skylake through Sapphire Rapids Xeon D/E/W part
intel-xeon-dew,Xeon E-2144G,launch_price_usd,Tray/1000-unit price not published or not found in top search results for this SKU,Checked ARK pricing field and press materials; no price found
intel-xeon-dew,Xeon E-2174G,all_core_boost,ARK/secondary sources for this generation do not report a distinct all-core turbo frequency separate from max turbo,Checked ARK page and TechPowerUp/WikiChip; no all-core value published
intel-xeon-dew,Xeon E-2174G,l2_cache,ARK summary omits per-core L2 breakdown for this SKU/generation,Checked ARK spec page; no explicit L2 total or per-core figure found in top search results
intel-xeon-dew,Xeon E-2174G,tdp_config_up,No configurable TDP-up/down or Maximum Turbo Power value published for this SKU (embedded/entry SKUs and Skylake-W often single-TDP),Checked ARK; only base TDP field present
intel-xeon-dew,Xeon E-2174G,pcie_lanes,Platform-level PCIe lane count not explicitly published per-SKU in top sources,"Checked ARK and chipset/platform docs; only PCIe generation confirmed, not per-CPU lane count"
intel-xeon-dew,Xeon E-2174G,igpu_cores,iGPU execution unit count not published for this SKU (either no iGPU present or ARK omits EU count),Checked ARK graphics specifications; no EU/core count listed
intel-xeon-dew,Xeon E-2174G,igpu_clock,iGPU max dynamic frequency not published for this SKU,Checked ARK graphics specifications; no frequency listed
intel-xeon-dew,Xeon E-2174G,npu_tops,No NPU present on any Xeon D/E/W SKU in this shard (pre-AI PC era silicon),Confirmed via ARK; no NPU/AI accelerator listed on any Skylake through Sapphire Rapids Xeon D/E/W part
intel-xeon-dew,Xeon E-2224,all_core_boost,ARK/secondary sources for this generation do not report a distinct all-core turbo frequency separate from max turbo,Checked ARK page and TechPowerUp/WikiChip; no all-core value published
intel-xeon-dew,Xeon E-2224,l2_cache,ARK summary omits per-core L2 breakdown for this SKU/generation,Checked ARK spec page; no explicit L2 total or per-core figure found in top search results
intel-xeon-dew,Xeon E-2224,tdp_config_up,No configurable TDP-up/down or Maximum Turbo Power value published for this SKU (embedded/entry SKUs and Skylake-W often single-TDP),Checked ARK; only base TDP field present
intel-xeon-dew,Xeon E-2224,pcie_lanes,Platform-level PCIe lane count not explicitly published per-SKU in top sources,"Checked ARK and chipset/platform docs; only PCIe generation confirmed, not per-CPU lane count"
intel-xeon-dew,Xeon E-2224,igpu_cores,iGPU execution unit count not published for this SKU (either no iGPU present or ARK omits EU count),Checked ARK graphics specifications; no EU/core count listed
intel-xeon-dew,Xeon E-2224,igpu_clock,iGPU max dynamic frequency not published for this SKU,Checked ARK graphics specifications; no frequency listed
intel-xeon-dew,Xeon E-2224,npu_tops,No NPU present on any Xeon D/E/W SKU in this shard (pre-AI PC era silicon),Confirmed via ARK; no NPU/AI accelerator listed on any Skylake through Sapphire Rapids Xeon D/E/W part
intel-xeon-dew,Xeon E-2224G,all_core_boost,ARK/secondary sources for this generation do not report a distinct all-core turbo frequency separate from max turbo,Checked ARK page and TechPowerUp/WikiChip; no all-core value published
intel-xeon-dew,Xeon E-2224G,l2_cache,ARK summary omits per-core L2 breakdown for this SKU/generation,Checked ARK spec page; no explicit L2 total or per-core figure found in top search results
intel-xeon-dew,Xeon E-2224G,tdp_config_up,No configurable TDP-up/down or Maximum Turbo Power value published for this SKU (embedded/entry SKUs and Skylake-W often single-TDP),Checked ARK; only base TDP field present
intel-xeon-dew,Xeon E-2224G,pcie_lanes,Platform-level PCIe lane count not explicitly published per-SKU in top sources,"Checked ARK and chipset/platform docs; only PCIe generation confirmed, not per-CPU lane count"
intel-xeon-dew,Xeon E-2224G,igpu_cores,iGPU execution unit count not published for this SKU (either no iGPU present or ARK omits EU count),Checked ARK graphics specifications; no EU/core count listed
intel-xeon-dew,Xeon E-2224G,igpu_clock,iGPU max dynamic frequency not published for this SKU,Checked ARK graphics specifications; no frequency listed
intel-xeon-dew,Xeon E-2224G,npu_tops,No NPU present on any Xeon D/E/W SKU in this shard (pre-AI PC era silicon),Confirmed via ARK; no NPU/AI accelerator listed on any Skylake through Sapphire Rapids Xeon D/E/W part
intel-xeon-dew,Xeon E-2224G,launch_price_usd,Tray/1000-unit price not published or not found in top search results for this SKU,Checked ARK pricing field and press materials; no price found
intel-xeon-dew,Xeon E-2234,all_core_boost,ARK/secondary sources for this generation do not report a distinct all-core turbo frequency separate from max turbo,Checked ARK page and TechPowerUp/WikiChip; no all-core value published
intel-xeon-dew,Xeon E-2234,l2_cache,ARK summary omits per-core L2 breakdown for this SKU/generation,Checked ARK spec page; no explicit L2 total or per-core figure found in top search results
intel-xeon-dew,Xeon E-2234,tdp_config_up,No configurable TDP-up/down or Maximum Turbo Power value published for this SKU (embedded/entry SKUs and Skylake-W often single-TDP),Checked ARK; only base TDP field present
intel-xeon-dew,Xeon E-2234,pcie_lanes,Platform-level PCIe lane count not explicitly published per-SKU in top sources,"Checked ARK and chipset/platform docs; only PCIe generation confirmed, not per-CPU lane count"
intel-xeon-dew,Xeon E-2234,igpu_cores,iGPU execution unit count not published for this SKU (either no iGPU present or ARK omits EU count),Checked ARK graphics specifications; no EU/core count listed
intel-xeon-dew,Xeon E-2234,igpu_clock,iGPU max dynamic frequency not published for this SKU,Checked ARK graphics specifications; no frequency listed
intel-xeon-dew,Xeon E-2234,npu_tops,No NPU present on any Xeon D/E/W SKU in this shard (pre-AI PC era silicon),Confirmed via ARK; no NPU/AI accelerator listed on any Skylake through Sapphire Rapids Xeon D/E/W part
intel-xeon-dew,Xeon E-2244G,all_core_boost,ARK/secondary sources for this generation do not report a distinct all-core turbo frequency separate from max turbo,Checked ARK page and TechPowerUp/WikiChip; no all-core value published
intel-xeon-dew,Xeon E-2244G,l2_cache,ARK summary omits per-core L2 breakdown for this SKU/generation,Checked ARK spec page; no explicit L2 total or per-core figure found in top search results
intel-xeon-dew,Xeon E-2244G,tdp_config_up,No configurable TDP-up/down or Maximum Turbo Power value published for this SKU (embedded/entry SKUs and Skylake-W often single-TDP),Checked ARK; only base TDP field present
intel-xeon-dew,Xeon E-2244G,pcie_lanes,Platform-level PCIe lane count not explicitly published per-SKU in top sources,"Checked ARK and chipset/platform docs; only PCIe generation confirmed, not per-CPU lane count"
intel-xeon-dew,Xeon E-2244G,igpu_cores,iGPU execution unit count not published for this SKU (either no iGPU present or ARK omits EU count),Checked ARK graphics specifications; no EU/core count listed
intel-xeon-dew,Xeon E-2244G,igpu_clock,iGPU max dynamic frequency not published for this SKU,Checked ARK graphics specifications; no frequency listed
intel-xeon-dew,Xeon E-2244G,npu_tops,No NPU present on any Xeon D/E/W SKU in this shard (pre-AI PC era silicon),Confirmed via ARK; no NPU/AI accelerator listed on any Skylake through Sapphire Rapids Xeon D/E/W part
intel-xeon-dew,Xeon E-2274G,all_core_boost,ARK/secondary sources for this generation do not report a distinct all-core turbo frequency separate from max turbo,Checked ARK page and TechPowerUp/WikiChip; no all-core value published
intel-xeon-dew,Xeon E-2274G,l2_cache,ARK summary omits per-core L2 breakdown for this SKU/generation,Checked ARK spec page; no explicit L2 total or per-core figure found in top search results
intel-xeon-dew,Xeon E-2274G,tdp_config_up,No configurable TDP-up/down or Maximum Turbo Power value published for this SKU (embedded/entry SKUs and Skylake-W often single-TDP),Checked ARK; only base TDP field present
intel-xeon-dew,Xeon E-2274G,pcie_lanes,Platform-level PCIe lane count not explicitly published per-SKU in top sources,"Checked ARK and chipset/platform docs; only PCIe generation confirmed, not per-CPU lane count"
intel-xeon-dew,Xeon E-2274G,igpu_cores,iGPU execution unit count not published for this SKU (either no iGPU present or ARK omits EU count),Checked ARK graphics specifications; no EU/core count listed
intel-xeon-dew,Xeon E-2274G,igpu_clock,iGPU max dynamic frequency not published for this SKU,Checked ARK graphics specifications; no frequency listed
intel-xeon-dew,Xeon E-2274G,npu_tops,No NPU present on any Xeon D/E/W SKU in this shard (pre-AI PC era silicon),Confirmed via ARK; no NPU/AI accelerator listed on any Skylake through Sapphire Rapids Xeon D/E/W part
intel-xeon-dew,Xeon E-2378,all_core_boost,ARK/secondary sources for this generation do not report a distinct all-core turbo frequency separate from max turbo,Checked ARK page and TechPowerUp/WikiChip; no all-core value published
intel-xeon-dew,Xeon E-2378,tdp_config_up,No configurable TDP-up/down or Maximum Turbo Power value published for this SKU (embedded/entry SKUs and Skylake-W often single-TDP),Checked ARK; only base TDP field present
intel-xeon-dew,Xeon E-2378,igpu_cores,iGPU execution unit count not published for this SKU (either no iGPU present or ARK omits EU count),Checked ARK graphics specifications; no EU/core count listed
intel-xeon-dew,Xeon E-2378,igpu_clock,iGPU max dynamic frequency not published for this SKU,Checked ARK graphics specifications; no frequency listed
intel-xeon-dew,Xeon E-2378,npu_tops,No NPU present on any Xeon D/E/W SKU in this shard (pre-AI PC era silicon),Confirmed via ARK; no NPU/AI accelerator listed on any Skylake through Sapphire Rapids Xeon D/E/W part
intel-xeon-dew,Xeon E-2378,launch_price_usd,Tray/1000-unit price not published or not found in top search results for this SKU,Checked ARK pricing field and press materials; no price found
intel-xeon-dew,Xeon E-2378G,all_core_boost,ARK/secondary sources for this generation do not report a distinct all-core turbo frequency separate from max turbo,Checked ARK page and TechPowerUp/WikiChip; no all-core value published
intel-xeon-dew,Xeon E-2378G,tdp_config_up,No configurable TDP-up/down or Maximum Turbo Power value published for this SKU (embedded/entry SKUs and Skylake-W often single-TDP),Checked ARK; only base TDP field present
intel-xeon-dew,Xeon E-2378G,igpu_clock,iGPU max dynamic frequency not published for this SKU,Checked ARK graphics specifications; no frequency listed
intel-xeon-dew,Xeon E-2378G,npu_tops,No NPU present on any Xeon D/E/W SKU in this shard (pre-AI PC era silicon),Confirmed via ARK; no NPU/AI accelerator listed on any Skylake through Sapphire Rapids Xeon D/E/W part
intel-xeon-dew,Xeon E-2388G,all_core_boost,ARK/secondary sources for this generation do not report a distinct all-core turbo frequency separate from max turbo,Checked ARK page and TechPowerUp/WikiChip; no all-core value published
intel-xeon-dew,Xeon E-2388G,tdp_config_up,No configurable TDP-up/down or Maximum Turbo Power value published for this SKU (embedded/entry SKUs and Skylake-W often single-TDP),Checked ARK; only base TDP field present
intel-xeon-dew,Xeon E-2388G,igpu_clock,iGPU max dynamic frequency not published for this SKU,Checked ARK graphics specifications; no frequency listed
intel-xeon-dew,Xeon E-2388G,npu_tops,No NPU present on any Xeon D/E/W SKU in this shard (pre-AI PC era silicon),Confirmed via ARK; no NPU/AI accelerator listed on any Skylake through Sapphire Rapids Xeon D/E/W part
intel-xeon-dew,Xeon E-2336,all_core_boost,ARK/secondary sources for this generation do not report a distinct all-core turbo frequency separate from max turbo,Checked ARK page and TechPowerUp/WikiChip; no all-core value published
intel-xeon-dew,Xeon E-2336,tdp_config_up,No configurable TDP-up/down or Maximum Turbo Power value published for this SKU (embedded/entry SKUs and Skylake-W often single-TDP),Checked ARK; only base TDP field present
intel-xeon-dew,Xeon E-2336,igpu_cores,iGPU execution unit count not published for this SKU (either no iGPU present or ARK omits EU count),Checked ARK graphics specifications; no EU/core count listed
intel-xeon-dew,Xeon E-2336,igpu_clock,iGPU max dynamic frequency not published for this SKU,Checked ARK graphics specifications; no frequency listed
intel-xeon-dew,Xeon E-2336,npu_tops,No NPU present on any Xeon D/E/W SKU in this shard (pre-AI PC era silicon),Confirmed via ARK; no NPU/AI accelerator listed on any Skylake through Sapphire Rapids Xeon D/E/W part
intel-xeon-dew,Xeon E-2356G,all_core_boost,ARK/secondary sources for this generation do not report a distinct all-core turbo frequency separate from max turbo,Checked ARK page and TechPowerUp/WikiChip; no all-core value published
intel-xeon-dew,Xeon E-2356G,l2_cache,ARK summary omits per-core L2 breakdown for this SKU/generation,Checked ARK spec page; no explicit L2 total or per-core figure found in top search results
intel-xeon-dew,Xeon E-2356G,tdp_config_up,No configurable TDP-up/down or Maximum Turbo Power value published for this SKU (embedded/entry SKUs and Skylake-W often single-TDP),Checked ARK; only base TDP field present
intel-xeon-dew,Xeon E-2356G,igpu_clock,iGPU max dynamic frequency not published for this SKU,Checked ARK graphics specifications; no frequency listed
intel-xeon-dew,Xeon E-2356G,npu_tops,No NPU present on any Xeon D/E/W SKU in this shard (pre-AI PC era silicon),Confirmed via ARK; no NPU/AI accelerator listed on any Skylake through Sapphire Rapids Xeon D/E/W part
intel-xeon-dew,Xeon E-2386G,all_core_boost,ARK/secondary sources for this generation do not report a distinct all-core turbo frequency separate from max turbo,Checked ARK page and TechPowerUp/WikiChip; no all-core value published
intel-xeon-dew,Xeon E-2386G,l2_cache,ARK summary omits per-core L2 breakdown for this SKU/generation,Checked ARK spec page; no explicit L2 total or per-core figure found in top search results
intel-xeon-dew,Xeon E-2386G,tdp_config_up,No configurable TDP-up/down or Maximum Turbo Power value published for this SKU (embedded/entry SKUs and Skylake-W often single-TDP),Checked ARK; only base TDP field present
intel-xeon-dew,Xeon E-2386G,igpu_clock,iGPU max dynamic frequency not published for this SKU,Checked ARK graphics specifications; no frequency listed
intel-xeon-dew,Xeon E-2386G,npu_tops,No NPU present on any Xeon D/E/W SKU in this shard (pre-AI PC era silicon),Confirmed via ARK; no NPU/AI accelerator listed on any Skylake through Sapphire Rapids Xeon D/E/W part
intel-xeon-dew,Xeon E-2324G,all_core_boost,ARK/secondary sources for this generation do not report a distinct all-core turbo frequency separate from max turbo,Checked ARK page and TechPowerUp/WikiChip; no all-core value published
intel-xeon-dew,Xeon E-2324G,tdp_config_up,No configurable TDP-up/down or Maximum Turbo Power value published for this SKU (embedded/entry SKUs and Skylake-W often single-TDP),Checked ARK; only base TDP field present
intel-xeon-dew,Xeon E-2324G,igpu_cores,iGPU execution unit count not published for this SKU (either no iGPU present or ARK omits EU count),Checked ARK graphics specifications; no EU/core count listed
intel-xeon-dew,Xeon E-2324G,igpu_clock,iGPU max dynamic frequency not published for this SKU,Checked ARK graphics specifications; no frequency listed
intel-xeon-dew,Xeon E-2324G,npu_tops,No NPU present on any Xeon D/E/W SKU in this shard (pre-AI PC era silicon),Confirmed via ARK; no NPU/AI accelerator listed on any Skylake through Sapphire Rapids Xeon D/E/W part
intel-xeon-dew,Xeon E-2324G,launch_price_usd,Tray/1000-unit price not published or not found in top search results for this SKU,Checked ARK pricing field and press materials; no price found
intel-xeon-dew,Xeon E-2334,all_core_boost,ARK/secondary sources for this generation do not report a distinct all-core turbo frequency separate from max turbo,Checked ARK page and TechPowerUp/WikiChip; no all-core value published
intel-xeon-dew,Xeon E-2334,l2_cache,ARK summary omits per-core L2 breakdown for this SKU/generation,Checked ARK spec page; no explicit L2 total or per-core figure found in top search results
intel-xeon-dew,Xeon E-2334,tdp_config_up,No configurable TDP-up/down or Maximum Turbo Power value published for this SKU (embedded/entry SKUs and Skylake-W often single-TDP),Checked ARK; only base TDP field present
intel-xeon-dew,Xeon E-2334,igpu_cores,iGPU execution unit count not published for this SKU (either no iGPU present or ARK omits EU count),Checked ARK graphics specifications; no EU/core count listed
intel-xeon-dew,Xeon E-2334,igpu_clock,iGPU max dynamic frequency not published for this SKU,Checked ARK graphics specifications; no frequency listed
intel-xeon-dew,Xeon E-2334,npu_tops,No NPU present on any Xeon D/E/W SKU in this shard (pre-AI PC era silicon),Confirmed via ARK; no NPU/AI accelerator listed on any Skylake through Sapphire Rapids Xeon D/E/W part
intel-xeon-dew,Xeon E-2314,all_core_boost,ARK/secondary sources for this generation do not report a distinct all-core turbo frequency separate from max turbo,Checked ARK page and TechPowerUp/WikiChip; no all-core value published
intel-xeon-dew,Xeon E-2314,tdp_config_up,No configurable TDP-up/down or Maximum Turbo Power value published for this SKU (embedded/entry SKUs and Skylake-W often single-TDP),Checked ARK; only base TDP field present
intel-xeon-dew,Xeon E-2314,igpu_cores,iGPU execution unit count not published for this SKU (either no iGPU present or ARK omits EU count),Checked ARK graphics specifications; no EU/core count listed
intel-xeon-dew,Xeon E-2314,igpu_clock,iGPU max dynamic frequency not published for this SKU,Checked ARK graphics specifications; no frequency listed
intel-xeon-dew,Xeon E-2314,npu_tops,No NPU present on any Xeon D/E/W SKU in this shard (pre-AI PC era silicon),Confirmed via ARK; no NPU/AI accelerator listed on any Skylake through Sapphire Rapids Xeon D/E/W part
intel-xeon-dew,Xeon E-2374G,all_core_boost,ARK/secondary sources for this generation do not report a distinct all-core turbo frequency separate from max turbo,Checked ARK page and TechPowerUp/WikiChip; no all-core value published
intel-xeon-dew,Xeon E-2374G,l2_cache,ARK summary omits per-core L2 breakdown for this SKU/generation,Checked ARK spec page; no explicit L2 total or per-core figure found in top search results
intel-xeon-dew,Xeon E-2374G,tdp_config_up,No configurable TDP-up/down or Maximum Turbo Power value published for this SKU (embedded/entry SKUs and Skylake-W often single-TDP),Checked ARK; only base TDP field present
intel-xeon-dew,Xeon E-2374G,npu_tops,No NPU present on any Xeon D/E/W SKU in this shard (pre-AI PC era silicon),Confirmed via ARK; no NPU/AI accelerator listed on any Skylake through Sapphire Rapids Xeon D/E/W part
intel-xeon-dew,Xeon E-2488,all_core_boost,ARK/secondary sources for this generation do not report a distinct all-core turbo frequency separate from max turbo,Checked ARK page and TechPowerUp/WikiChip; no all-core value published
intel-xeon-dew,Xeon E-2488,tdp_config_up,No configurable TDP-up/down or Maximum Turbo Power value published for this SKU (embedded/entry SKUs and Skylake-W often single-TDP),Checked ARK; only base TDP field present
intel-xeon-dew,Xeon E-2488,igpu_cores,iGPU execution unit count not published for this SKU (either no iGPU present or ARK omits EU count),Checked ARK graphics specifications; no EU/core count listed
intel-xeon-dew,Xeon E-2488,igpu_clock,iGPU max dynamic frequency not published for this SKU,Checked ARK graphics specifications; no frequency listed
intel-xeon-dew,Xeon E-2488,npu_tops,No NPU present on any Xeon D/E/W SKU in this shard (pre-AI PC era silicon),Confirmed via ARK; no NPU/AI accelerator listed on any Skylake through Sapphire Rapids Xeon D/E/W part
intel-xeon-dew,Xeon E-2478,all_core_boost,ARK/secondary sources for this generation do not report a distinct all-core turbo frequency separate from max turbo,Checked ARK page and TechPowerUp/WikiChip; no all-core value published
intel-xeon-dew,Xeon E-2478,tdp_config_up,No configurable TDP-up/down or Maximum Turbo Power value published for this SKU (embedded/entry SKUs and Skylake-W often single-TDP),Checked ARK; only base TDP field present
intel-xeon-dew,Xeon E-2478,igpu_cores,iGPU execution unit count not published for this SKU (either no iGPU present or ARK omits EU count),Checked ARK graphics specifications; no EU/core count listed
intel-xeon-dew,Xeon E-2478,igpu_clock,iGPU max dynamic frequency not published for this SKU,Checked ARK graphics specifications; no frequency listed
intel-xeon-dew,Xeon E-2478,npu_tops,No NPU present on any Xeon D/E/W SKU in this shard (pre-AI PC era silicon),Confirmed via ARK; no NPU/AI accelerator listed on any Skylake through Sapphire Rapids Xeon D/E/W part
intel-xeon-dew,Xeon E-2468,all_core_boost,ARK/secondary sources for this generation do not report a distinct all-core turbo frequency separate from max turbo,Checked ARK page and TechPowerUp/WikiChip; no all-core value published
intel-xeon-dew,Xeon E-2468,l2_cache,ARK summary omits per-core L2 breakdown for this SKU/generation,Checked ARK spec page; no explicit L2 total or per-core figure found in top search results
intel-xeon-dew,Xeon E-2468,tdp_config_up,No configurable TDP-up/down or Maximum Turbo Power value published for this SKU (embedded/entry SKUs and Skylake-W often single-TDP),Checked ARK; only base TDP field present
intel-xeon-dew,Xeon E-2468,igpu_cores,iGPU execution unit count not published for this SKU (either no iGPU present or ARK omits EU count),Checked ARK graphics specifications; no EU/core count listed
intel-xeon-dew,Xeon E-2468,igpu_clock,iGPU max dynamic frequency not published for this SKU,Checked ARK graphics specifications; no frequency listed
intel-xeon-dew,Xeon E-2468,npu_tops,No NPU present on any Xeon D/E/W SKU in this shard (pre-AI PC era silicon),Confirmed via ARK; no NPU/AI accelerator listed on any Skylake through Sapphire Rapids Xeon D/E/W part
intel-xeon-dew,Xeon E-2486,all_core_boost,ARK/secondary sources for this generation do not report a distinct all-core turbo frequency separate from max turbo,Checked ARK page and TechPowerUp/WikiChip; no all-core value published
intel-xeon-dew,Xeon E-2486,tdp_config_up,No configurable TDP-up/down or Maximum Turbo Power value published for this SKU (embedded/entry SKUs and Skylake-W often single-TDP),Checked ARK; only base TDP field present
intel-xeon-dew,Xeon E-2486,igpu_cores,iGPU execution unit count not published for this SKU (either no iGPU present or ARK omits EU count),Checked ARK graphics specifications; no EU/core count listed
intel-xeon-dew,Xeon E-2486,igpu_clock,iGPU max dynamic frequency not published for this SKU,Checked ARK graphics specifications; no frequency listed
intel-xeon-dew,Xeon E-2486,npu_tops,No NPU present on any Xeon D/E/W SKU in this shard (pre-AI PC era silicon),Confirmed via ARK; no NPU/AI accelerator listed on any Skylake through Sapphire Rapids Xeon D/E/W part
intel-xeon-dew,Xeon E-2456,all_core_boost,ARK/secondary sources for this generation do not report a distinct all-core turbo frequency separate from max turbo,Checked ARK page and TechPowerUp/WikiChip; no all-core value published
intel-xeon-dew,Xeon E-2456,l2_cache,ARK summary omits per-core L2 breakdown for this SKU/generation,Checked ARK spec page; no explicit L2 total or per-core figure found in top search results
intel-xeon-dew,Xeon E-2456,tdp_config_up,No configurable TDP-up/down or Maximum Turbo Power value published for this SKU (embedded/entry SKUs and Skylake-W often single-TDP),Checked ARK; only base TDP field present
intel-xeon-dew,Xeon E-2456,igpu_cores,iGPU execution unit count not published for this SKU (either no iGPU present or ARK omits EU count),Checked ARK graphics specifications; no EU/core count listed
intel-xeon-dew,Xeon E-2456,igpu_clock,iGPU max dynamic frequency not published for this SKU,Checked ARK graphics specifications; no frequency listed
intel-xeon-dew,Xeon E-2456,npu_tops,No NPU present on any Xeon D/E/W SKU in this shard (pre-AI PC era silicon),Confirmed via ARK; no NPU/AI accelerator listed on any Skylake through Sapphire Rapids Xeon D/E/W part
intel-xeon-dew,Xeon E-2436,all_core_boost,ARK/secondary sources for this generation do not report a distinct all-core turbo frequency separate from max turbo,Checked ARK page and TechPowerUp/WikiChip; no all-core value published
intel-xeon-dew,Xeon E-2436,l2_cache,ARK summary omits per-core L2 breakdown for this SKU/generation,Checked ARK spec page; no explicit L2 total or per-core figure found in top search results
intel-xeon-dew,Xeon E-2436,tdp_config_up,No configurable TDP-up/down or Maximum Turbo Power value published for this SKU (embedded/entry SKUs and Skylake-W often single-TDP),Checked ARK; only base TDP field present
intel-xeon-dew,Xeon E-2436,igpu_cores,iGPU execution unit count not published for this SKU (either no iGPU present or ARK omits EU count),Checked ARK graphics specifications; no EU/core count listed
intel-xeon-dew,Xeon E-2436,igpu_clock,iGPU max dynamic frequency not published for this SKU,Checked ARK graphics specifications; no frequency listed
intel-xeon-dew,Xeon E-2436,npu_tops,No NPU present on any Xeon D/E/W SKU in this shard (pre-AI PC era silicon),Confirmed via ARK; no NPU/AI accelerator listed on any Skylake through Sapphire Rapids Xeon D/E/W part
intel-xeon-dew,Xeon E-2434,all_core_boost,ARK/secondary sources for this generation do not report a distinct all-core turbo frequency separate from max turbo,Checked ARK page and TechPowerUp/WikiChip; no all-core value published
intel-xeon-dew,Xeon E-2434,tdp_config_up,No configurable TDP-up/down or Maximum Turbo Power value published for this SKU (embedded/entry SKUs and Skylake-W often single-TDP),Checked ARK; only base TDP field present
intel-xeon-dew,Xeon E-2434,igpu_cores,iGPU execution unit count not published for this SKU (either no iGPU present or ARK omits EU count),Checked ARK graphics specifications; no EU/core count listed
intel-xeon-dew,Xeon E-2434,igpu_clock,iGPU max dynamic frequency not published for this SKU,Checked ARK graphics specifications; no frequency listed
intel-xeon-dew,Xeon E-2434,npu_tops,No NPU present on any Xeon D/E/W SKU in this shard (pre-AI PC era silicon),Confirmed via ARK; no NPU/AI accelerator listed on any Skylake through Sapphire Rapids Xeon D/E/W part
intel-xeon-dew,Xeon E-2414,all_core_boost,ARK/secondary sources for this generation do not report a distinct all-core turbo frequency separate from max turbo,Checked ARK page and TechPowerUp/WikiChip; no all-core value published
intel-xeon-dew,Xeon E-2414,tdp_config_up,No configurable TDP-up/down or Maximum Turbo Power value published for this SKU (embedded/entry SKUs and Skylake-W often single-TDP),Checked ARK; only base TDP field present
intel-xeon-dew,Xeon E-2414,igpu_cores,iGPU execution unit count not published for this SKU (either no iGPU present or ARK omits EU count),Checked ARK graphics specifications; no EU/core count listed
intel-xeon-dew,Xeon E-2414,igpu_clock,iGPU max dynamic frequency not published for this SKU,Checked ARK graphics specifications; no frequency listed
intel-xeon-dew,Xeon E-2414,npu_tops,No NPU present on any Xeon D/E/W SKU in this shard (pre-AI PC era silicon),Confirmed via ARK; no NPU/AI accelerator listed on any Skylake through Sapphire Rapids Xeon D/E/W part
intel-xeon-dew,Xeon W-2195,all_core_boost,ARK/secondary sources for this generation do not report a distinct all-core turbo frequency separate from max turbo,Checked ARK page and TechPowerUp/WikiChip; no all-core value published
intel-xeon-dew,Xeon W-2195,tdp_config_up,No configurable TDP-up/down or Maximum Turbo Power value published for this SKU (embedded/entry SKUs and Skylake-W often single-TDP),Checked ARK; only base TDP field present
intel-xeon-dew,Xeon W-2195,igpu_cores,iGPU execution unit count not published for this SKU (either no iGPU present or ARK omits EU count),Checked ARK graphics specifications; no EU/core count listed
intel-xeon-dew,Xeon W-2195,igpu_clock,iGPU max dynamic frequency not published for this SKU,Checked ARK graphics specifications; no frequency listed
intel-xeon-dew,Xeon W-2195,npu_tops,No NPU present on any Xeon D/E/W SKU in this shard (pre-AI PC era silicon),Confirmed via ARK; no NPU/AI accelerator listed on any Skylake through Sapphire Rapids Xeon D/E/W part
intel-xeon-dew,Xeon W-2175,all_core_boost,ARK/secondary sources for this generation do not report a distinct all-core turbo frequency separate from max turbo,Checked ARK page and TechPowerUp/WikiChip; no all-core value published
intel-xeon-dew,Xeon W-2175,tdp_config_up,No configurable TDP-up/down or Maximum Turbo Power value published for this SKU (embedded/entry SKUs and Skylake-W often single-TDP),Checked ARK; only base TDP field present
intel-xeon-dew,Xeon W-2175,igpu_cores,iGPU execution unit count not published for this SKU (either no iGPU present or ARK omits EU count),Checked ARK graphics specifications; no EU/core count listed
intel-xeon-dew,Xeon W-2175,igpu_clock,iGPU max dynamic frequency not published for this SKU,Checked ARK graphics specifications; no frequency listed
intel-xeon-dew,Xeon W-2175,npu_tops,No NPU present on any Xeon D/E/W SKU in this shard (pre-AI PC era silicon),Confirmed via ARK; no NPU/AI accelerator listed on any Skylake through Sapphire Rapids Xeon D/E/W part
intel-xeon-dew,Xeon W-2155,all_core_boost,ARK/secondary sources for this generation do not report a distinct all-core turbo frequency separate from max turbo,Checked ARK page and TechPowerUp/WikiChip; no all-core value published
intel-xeon-dew,Xeon W-2155,tdp_config_up,No configurable TDP-up/down or Maximum Turbo Power value published for this SKU (embedded/entry SKUs and Skylake-W often single-TDP),Checked ARK; only base TDP field present
intel-xeon-dew,Xeon W-2155,igpu_cores,iGPU execution unit count not published for this SKU (either no iGPU present or ARK omits EU count),Checked ARK graphics specifications; no EU/core count listed
intel-xeon-dew,Xeon W-2155,igpu_clock,iGPU max dynamic frequency not published for this SKU,Checked ARK graphics specifications; no frequency listed
intel-xeon-dew,Xeon W-2155,npu_tops,No NPU present on any Xeon D/E/W SKU in this shard (pre-AI PC era silicon),Confirmed via ARK; no NPU/AI accelerator listed on any Skylake through Sapphire Rapids Xeon D/E/W part
intel-xeon-dew,Xeon W-2145,all_core_boost,ARK/secondary sources for this generation do not report a distinct all-core turbo frequency separate from max turbo,Checked ARK page and TechPowerUp/WikiChip; no all-core value published
intel-xeon-dew,Xeon W-2145,tdp_config_up,No configurable TDP-up/down or Maximum Turbo Power value published for this SKU (embedded/entry SKUs and Skylake-W often single-TDP),Checked ARK; only base TDP field present
intel-xeon-dew,Xeon W-2145,igpu_cores,iGPU execution unit count not published for this SKU (either no iGPU present or ARK omits EU count),Checked ARK graphics specifications; no EU/core count listed
intel-xeon-dew,Xeon W-2145,igpu_clock,iGPU max dynamic frequency not published for this SKU,Checked ARK graphics specifications; no frequency listed
intel-xeon-dew,Xeon W-2145,npu_tops,No NPU present on any Xeon D/E/W SKU in this shard (pre-AI PC era silicon),Confirmed via ARK; no NPU/AI accelerator listed on any Skylake through Sapphire Rapids Xeon D/E/W part
intel-xeon-dew,Xeon W-2133,all_core_boost,ARK/secondary sources for this generation do not report a distinct all-core turbo frequency separate from max turbo,Checked ARK page and TechPowerUp/WikiChip; no all-core value published
intel-xeon-dew,Xeon W-2133,tdp_config_up,No configurable TDP-up/down or Maximum Turbo Power value published for this SKU (embedded/entry SKUs and Skylake-W often single-TDP),Checked ARK; only base TDP field present
intel-xeon-dew,Xeon W-2133,igpu_cores,iGPU execution unit count not published for this SKU (either no iGPU present or ARK omits EU count),Checked ARK graphics specifications; no EU/core count listed
intel-xeon-dew,Xeon W-2133,igpu_clock,iGPU max dynamic frequency not published for this SKU,Checked ARK graphics specifications; no frequency listed
intel-xeon-dew,Xeon W-2133,npu_tops,No NPU present on any Xeon D/E/W SKU in this shard (pre-AI PC era silicon),Confirmed via ARK; no NPU/AI accelerator listed on any Skylake through Sapphire Rapids Xeon D/E/W part
intel-xeon-dew,Xeon W-2135,all_core_boost,ARK/secondary sources for this generation do not report a distinct all-core turbo frequency separate from max turbo,Checked ARK page and TechPowerUp/WikiChip; no all-core value published
intel-xeon-dew,Xeon W-2135,tdp_config_up,No configurable TDP-up/down or Maximum Turbo Power value published for this SKU (embedded/entry SKUs and Skylake-W often single-TDP),Checked ARK; only base TDP field present
intel-xeon-dew,Xeon W-2135,igpu_cores,iGPU execution unit count not published for this SKU (either no iGPU present or ARK omits EU count),Checked ARK graphics specifications; no EU/core count listed
intel-xeon-dew,Xeon W-2135,igpu_clock,iGPU max dynamic frequency not published for this SKU,Checked ARK graphics specifications; no frequency listed
intel-xeon-dew,Xeon W-2135,npu_tops,No NPU present on any Xeon D/E/W SKU in this shard (pre-AI PC era silicon),Confirmed via ARK; no NPU/AI accelerator listed on any Skylake through Sapphire Rapids Xeon D/E/W part
intel-xeon-dew,Xeon W-2123,all_core_boost,ARK/secondary sources for this generation do not report a distinct all-core turbo frequency separate from max turbo,Checked ARK page and TechPowerUp/WikiChip; no all-core value published
intel-xeon-dew,Xeon W-2123,tdp_config_up,No configurable TDP-up/down or Maximum Turbo Power value published for this SKU (embedded/entry SKUs and Skylake-W often single-TDP),Checked ARK; only base TDP field present
intel-xeon-dew,Xeon W-2123,igpu_cores,iGPU execution unit count not published for this SKU (either no iGPU present or ARK omits EU count),Checked ARK graphics specifications; no EU/core count listed
intel-xeon-dew,Xeon W-2123,igpu_clock,iGPU max dynamic frequency not published for this SKU,Checked ARK graphics specifications; no frequency listed
intel-xeon-dew,Xeon W-2123,npu_tops,No NPU present on any Xeon D/E/W SKU in this shard (pre-AI PC era silicon),Confirmed via ARK; no NPU/AI accelerator listed on any Skylake through Sapphire Rapids Xeon D/E/W part
intel-xeon-dew,Xeon W-2125,all_core_boost,ARK/secondary sources for this generation do not report a distinct all-core turbo frequency separate from max turbo,Checked ARK page and TechPowerUp/WikiChip; no all-core value published
intel-xeon-dew,Xeon W-2125,tdp_config_up,No configurable TDP-up/down or Maximum Turbo Power value published for this SKU (embedded/entry SKUs and Skylake-W often single-TDP),Checked ARK; only base TDP field present
intel-xeon-dew,Xeon W-2125,igpu_cores,iGPU execution unit count not published for this SKU (either no iGPU present or ARK omits EU count),Checked ARK graphics specifications; no EU/core count listed
intel-xeon-dew,Xeon W-2125,igpu_clock,iGPU max dynamic frequency not published for this SKU,Checked ARK graphics specifications; no frequency listed
intel-xeon-dew,Xeon W-2125,npu_tops,No NPU present on any Xeon D/E/W SKU in this shard (pre-AI PC era silicon),Confirmed via ARK; no NPU/AI accelerator listed on any Skylake through Sapphire Rapids Xeon D/E/W part
intel-xeon-dew,Xeon W-3175X,all_core_boost,ARK/secondary sources for this generation do not report a distinct all-core turbo frequency separate from max turbo,Checked ARK page and TechPowerUp/WikiChip; no all-core value published
intel-xeon-dew,Xeon W-3175X,tdp_config_up,No configurable TDP-up/down or Maximum Turbo Power value published for this SKU (embedded/entry SKUs and Skylake-W often single-TDP),Checked ARK; only base TDP field present
intel-xeon-dew,Xeon W-3175X,pcie_lanes,Platform-level PCIe lane count not explicitly published per-SKU in top sources,"Checked ARK and chipset/platform docs; only PCIe generation confirmed, not per-CPU lane count"
intel-xeon-dew,Xeon W-3175X,igpu_cores,iGPU execution unit count not published for this SKU (either no iGPU present or ARK omits EU count),Checked ARK graphics specifications; no EU/core count listed
intel-xeon-dew,Xeon W-3175X,igpu_clock,iGPU max dynamic frequency not published for this SKU,Checked ARK graphics specifications; no frequency listed
intel-xeon-dew,Xeon W-3175X,npu_tops,No NPU present on any Xeon D/E/W SKU in this shard (pre-AI PC era silicon),Confirmed via ARK; no NPU/AI accelerator listed on any Skylake through Sapphire Rapids Xeon D/E/W part
intel-xeon-dew,Xeon W-3275,tdp_config_up,No configurable TDP-up/down or Maximum Turbo Power value published for this SKU (embedded/entry SKUs and Skylake-W often single-TDP),Checked ARK; only base TDP field present
intel-xeon-dew,Xeon W-3275,igpu_cores,iGPU execution unit count not published for this SKU (either no iGPU present or ARK omits EU count),Checked ARK graphics specifications; no EU/core count listed
intel-xeon-dew,Xeon W-3275,igpu_clock,iGPU max dynamic frequency not published for this SKU,Checked ARK graphics specifications; no frequency listed
intel-xeon-dew,Xeon W-3275,npu_tops,No NPU present on any Xeon D/E/W SKU in this shard (pre-AI PC era silicon),Confirmed via ARK; no NPU/AI accelerator listed on any Skylake through Sapphire Rapids Xeon D/E/W part
intel-xeon-dew,Xeon W-3275,launch_price_usd,Tray/1000-unit price not published or not found in top search results for this SKU,Checked ARK pricing field and press materials; no price found
intel-xeon-dew,Xeon W-3275M,tdp_config_up,No configurable TDP-up/down or Maximum Turbo Power value published for this SKU (embedded/entry SKUs and Skylake-W often single-TDP),Checked ARK; only base TDP field present
intel-xeon-dew,Xeon W-3275M,igpu_cores,iGPU execution unit count not published for this SKU (either no iGPU present or ARK omits EU count),Checked ARK graphics specifications; no EU/core count listed
intel-xeon-dew,Xeon W-3275M,igpu_clock,iGPU max dynamic frequency not published for this SKU,Checked ARK graphics specifications; no frequency listed
intel-xeon-dew,Xeon W-3275M,npu_tops,No NPU present on any Xeon D/E/W SKU in this shard (pre-AI PC era silicon),Confirmed via ARK; no NPU/AI accelerator listed on any Skylake through Sapphire Rapids Xeon D/E/W part
intel-xeon-dew,Xeon W-3275M,launch_price_usd,Tray/1000-unit price not published or not found in top search results for this SKU,Checked ARK pricing field and press materials; no price found
intel-xeon-dew,Xeon W-3265,tdp_config_up,No configurable TDP-up/down or Maximum Turbo Power value published for this SKU (embedded/entry SKUs and Skylake-W often single-TDP),Checked ARK; only base TDP field present
intel-xeon-dew,Xeon W-3265,igpu_cores,iGPU execution unit count not published for this SKU (either no iGPU present or ARK omits EU count),Checked ARK graphics specifications; no EU/core count listed
intel-xeon-dew,Xeon W-3265,igpu_clock,iGPU max dynamic frequency not published for this SKU,Checked ARK graphics specifications; no frequency listed
intel-xeon-dew,Xeon W-3265,npu_tops,No NPU present on any Xeon D/E/W SKU in this shard (pre-AI PC era silicon),Confirmed via ARK; no NPU/AI accelerator listed on any Skylake through Sapphire Rapids Xeon D/E/W part
intel-xeon-dew,Xeon W-3265M,tdp_config_up,No configurable TDP-up/down or Maximum Turbo Power value published for this SKU (embedded/entry SKUs and Skylake-W often single-TDP),Checked ARK; only base TDP field present
intel-xeon-dew,Xeon W-3265M,igpu_cores,iGPU execution unit count not published for this SKU (either no iGPU present or ARK omits EU count),Checked ARK graphics specifications; no EU/core count listed
intel-xeon-dew,Xeon W-3265M,igpu_clock,iGPU max dynamic frequency not published for this SKU,Checked ARK graphics specifications; no frequency listed
intel-xeon-dew,Xeon W-3265M,npu_tops,No NPU present on any Xeon D/E/W SKU in this shard (pre-AI PC era silicon),Confirmed via ARK; no NPU/AI accelerator listed on any Skylake through Sapphire Rapids Xeon D/E/W part
intel-xeon-dew,Xeon W-3265M,launch_price_usd,Tray/1000-unit price not published or not found in top search results for this SKU,Checked ARK pricing field and press materials; no price found
intel-xeon-dew,Xeon W-3245M,tdp_config_up,No configurable TDP-up/down or Maximum Turbo Power value published for this SKU (embedded/entry SKUs and Skylake-W often single-TDP),Checked ARK; only base TDP field present
intel-xeon-dew,Xeon W-3245M,igpu_cores,iGPU execution unit count not published for this SKU (either no iGPU present or ARK omits EU count),Checked ARK graphics specifications; no EU/core count listed
intel-xeon-dew,Xeon W-3245M,igpu_clock,iGPU max dynamic frequency not published for this SKU,Checked ARK graphics specifications; no frequency listed
intel-xeon-dew,Xeon W-3245M,npu_tops,No NPU present on any Xeon D/E/W SKU in this shard (pre-AI PC era silicon),Confirmed via ARK; no NPU/AI accelerator listed on any Skylake through Sapphire Rapids Xeon D/E/W part
intel-xeon-dew,Xeon W-3245M,launch_price_usd,Tray/1000-unit price not published or not found in top search results for this SKU,Checked ARK pricing field and press materials; no price found
intel-xeon-dew,Xeon W-3245,tdp_config_up,No configurable TDP-up/down or Maximum Turbo Power value published for this SKU (embedded/entry SKUs and Skylake-W often single-TDP),Checked ARK; only base TDP field present
intel-xeon-dew,Xeon W-3245,igpu_cores,iGPU execution unit count not published for this SKU (either no iGPU present or ARK omits EU count),Checked ARK graphics specifications; no EU/core count listed
intel-xeon-dew,Xeon W-3245,igpu_clock,iGPU max dynamic frequency not published for this SKU,Checked ARK graphics specifications; no frequency listed
intel-xeon-dew,Xeon W-3245,npu_tops,No NPU present on any Xeon D/E/W SKU in this shard (pre-AI PC era silicon),Confirmed via ARK; no NPU/AI accelerator listed on any Skylake through Sapphire Rapids Xeon D/E/W part
intel-xeon-dew,Xeon W-3235,tdp_config_up,No configurable TDP-up/down or Maximum Turbo Power value published for this SKU (embedded/entry SKUs and Skylake-W often single-TDP),Checked ARK; only base TDP field present
intel-xeon-dew,Xeon W-3235,igpu_cores,iGPU execution unit count not published for this SKU (either no iGPU present or ARK omits EU count),Checked ARK graphics specifications; no EU/core count listed
intel-xeon-dew,Xeon W-3235,igpu_clock,iGPU max dynamic frequency not published for this SKU,Checked ARK graphics specifications; no frequency listed
intel-xeon-dew,Xeon W-3235,npu_tops,No NPU present on any Xeon D/E/W SKU in this shard (pre-AI PC era silicon),Confirmed via ARK; no NPU/AI accelerator listed on any Skylake through Sapphire Rapids Xeon D/E/W part
intel-xeon-dew,Xeon W-3223,tdp_config_up,No configurable TDP-up/down or Maximum Turbo Power value published for this SKU (embedded/entry SKUs and Skylake-W often single-TDP),Checked ARK; only base TDP field present
intel-xeon-dew,Xeon W-3223,igpu_cores,iGPU execution unit count not published for this SKU (either no iGPU present or ARK omits EU count),Checked ARK graphics specifications; no EU/core count listed
intel-xeon-dew,Xeon W-3223,igpu_clock,iGPU max dynamic frequency not published for this SKU,Checked ARK graphics specifications; no frequency listed
intel-xeon-dew,Xeon W-3223,npu_tops,No NPU present on any Xeon D/E/W SKU in this shard (pre-AI PC era silicon),Confirmed via ARK; no NPU/AI accelerator listed on any Skylake through Sapphire Rapids Xeon D/E/W part
intel-xeon-dew,Xeon W-3223,launch_price_usd,Tray/1000-unit price not published or not found in top search results for this SKU,Checked ARK pricing field and press materials; no price found
intel-xeon-dew,Xeon W-3225,tdp_config_up,No configurable TDP-up/down or Maximum Turbo Power value published for this SKU (embedded/entry SKUs and Skylake-W often single-TDP),Checked ARK; only base TDP field present
intel-xeon-dew,Xeon W-3225,igpu_cores,iGPU execution unit count not published for this SKU (either no iGPU present or ARK omits EU count),Checked ARK graphics specifications; no EU/core count listed
intel-xeon-dew,Xeon W-3225,igpu_clock,iGPU max dynamic frequency not published for this SKU,Checked ARK graphics specifications; no frequency listed
intel-xeon-dew,Xeon W-3225,npu_tops,No NPU present on any Xeon D/E/W SKU in this shard (pre-AI PC era silicon),Confirmed via ARK; no NPU/AI accelerator listed on any Skylake through Sapphire Rapids Xeon D/E/W part
intel-xeon-dew,Xeon W-2295,tdp_config_up,No configurable TDP-up/down or Maximum Turbo Power value published for this SKU (embedded/entry SKUs and Skylake-W often single-TDP),Checked ARK; only base TDP field present
intel-xeon-dew,Xeon W-2295,igpu_cores,iGPU execution unit count not published for this SKU (either no iGPU present or ARK omits EU count),Checked ARK graphics specifications; no EU/core count listed
intel-xeon-dew,Xeon W-2295,igpu_clock,iGPU max dynamic frequency not published for this SKU,Checked ARK graphics specifications; no frequency listed
intel-xeon-dew,Xeon W-2295,npu_tops,No NPU present on any Xeon D/E/W SKU in this shard (pre-AI PC era silicon),Confirmed via ARK; no NPU/AI accelerator listed on any Skylake through Sapphire Rapids Xeon D/E/W part
intel-xeon-dew,Xeon W-2275,tdp_config_up,No configurable TDP-up/down or Maximum Turbo Power value published for this SKU (embedded/entry SKUs and Skylake-W often single-TDP),Checked ARK; only base TDP field present
intel-xeon-dew,Xeon W-2275,igpu_cores,iGPU execution unit count not published for this SKU (either no iGPU present or ARK omits EU count),Checked ARK graphics specifications; no EU/core count listed
intel-xeon-dew,Xeon W-2275,igpu_clock,iGPU max dynamic frequency not published for this SKU,Checked ARK graphics specifications; no frequency listed
intel-xeon-dew,Xeon W-2275,npu_tops,No NPU present on any Xeon D/E/W SKU in this shard (pre-AI PC era silicon),Confirmed via ARK; no NPU/AI accelerator listed on any Skylake through Sapphire Rapids Xeon D/E/W part
intel-xeon-dew,Xeon W-2265,tdp_config_up,No configurable TDP-up/down or Maximum Turbo Power value published for this SKU (embedded/entry SKUs and Skylake-W often single-TDP),Checked ARK; only base TDP field present
intel-xeon-dew,Xeon W-2265,igpu_cores,iGPU execution unit count not published for this SKU (either no iGPU present or ARK omits EU count),Checked ARK graphics specifications; no EU/core count listed
intel-xeon-dew,Xeon W-2265,igpu_clock,iGPU max dynamic frequency not published for this SKU,Checked ARK graphics specifications; no frequency listed
intel-xeon-dew,Xeon W-2265,npu_tops,No NPU present on any Xeon D/E/W SKU in this shard (pre-AI PC era silicon),Confirmed via ARK; no NPU/AI accelerator listed on any Skylake through Sapphire Rapids Xeon D/E/W part
intel-xeon-dew,Xeon W-2255,tdp_config_up,No configurable TDP-up/down or Maximum Turbo Power value published for this SKU (embedded/entry SKUs and Skylake-W often single-TDP),Checked ARK; only base TDP field present
intel-xeon-dew,Xeon W-2255,igpu_cores,iGPU execution unit count not published for this SKU (either no iGPU present or ARK omits EU count),Checked ARK graphics specifications; no EU/core count listed
intel-xeon-dew,Xeon W-2255,igpu_clock,iGPU max dynamic frequency not published for this SKU,Checked ARK graphics specifications; no frequency listed
intel-xeon-dew,Xeon W-2255,npu_tops,No NPU present on any Xeon D/E/W SKU in this shard (pre-AI PC era silicon),Confirmed via ARK; no NPU/AI accelerator listed on any Skylake through Sapphire Rapids Xeon D/E/W part
intel-xeon-dew,Xeon W-2255,launch_price_usd,Tray/1000-unit price not published or not found in top search results for this SKU,Checked ARK pricing field and press materials; no price found
intel-xeon-dew,Xeon W-2245,tdp_config_up,No configurable TDP-up/down or Maximum Turbo Power value published for this SKU (embedded/entry SKUs and Skylake-W often single-TDP),Checked ARK; only base TDP field present
intel-xeon-dew,Xeon W-2245,igpu_cores,iGPU execution unit count not published for this SKU (either no iGPU present or ARK omits EU count),Checked ARK graphics specifications; no EU/core count listed
intel-xeon-dew,Xeon W-2245,igpu_clock,iGPU max dynamic frequency not published for this SKU,Checked ARK graphics specifications; no frequency listed
intel-xeon-dew,Xeon W-2245,npu_tops,No NPU present on any Xeon D/E/W SKU in this shard (pre-AI PC era silicon),Confirmed via ARK; no NPU/AI accelerator listed on any Skylake through Sapphire Rapids Xeon D/E/W part
intel-xeon-dew,Xeon W-2235,all_core_boost,ARK/secondary sources for this generation do not report a distinct all-core turbo frequency separate from max turbo,Checked ARK page and TechPowerUp/WikiChip; no all-core value published
intel-xeon-dew,Xeon W-2235,tdp_config_up,No configurable TDP-up/down or Maximum Turbo Power value published for this SKU (embedded/entry SKUs and Skylake-W often single-TDP),Checked ARK; only base TDP field present
intel-xeon-dew,Xeon W-2235,igpu_cores,iGPU execution unit count not published for this SKU (either no iGPU present or ARK omits EU count),Checked ARK graphics specifications; no EU/core count listed
intel-xeon-dew,Xeon W-2235,igpu_clock,iGPU max dynamic frequency not published for this SKU,Checked ARK graphics specifications; no frequency listed
intel-xeon-dew,Xeon W-2235,npu_tops,No NPU present on any Xeon D/E/W SKU in this shard (pre-AI PC era silicon),Confirmed via ARK; no NPU/AI accelerator listed on any Skylake through Sapphire Rapids Xeon D/E/W part
intel-xeon-dew,Xeon W-2223,all_core_boost,ARK/secondary sources for this generation do not report a distinct all-core turbo frequency separate from max turbo,Checked ARK page and TechPowerUp/WikiChip; no all-core value published
intel-xeon-dew,Xeon W-2223,tdp_config_up,No configurable TDP-up/down or Maximum Turbo Power value published for this SKU (embedded/entry SKUs and Skylake-W often single-TDP),Checked ARK; only base TDP field present
intel-xeon-dew,Xeon W-2223,igpu_cores,iGPU execution unit count not published for this SKU (either no iGPU present or ARK omits EU count),Checked ARK graphics specifications; no EU/core count listed
intel-xeon-dew,Xeon W-2223,igpu_clock,iGPU max dynamic frequency not published for this SKU,Checked ARK graphics specifications; no frequency listed
intel-xeon-dew,Xeon W-2223,npu_tops,No NPU present on any Xeon D/E/W SKU in this shard (pre-AI PC era silicon),Confirmed via ARK; no NPU/AI accelerator listed on any Skylake through Sapphire Rapids Xeon D/E/W part
intel-xeon-dew,Xeon W-2225,all_core_boost,ARK/secondary sources for this generation do not report a distinct all-core turbo frequency separate from max turbo,Checked ARK page and TechPowerUp/WikiChip; no all-core value published
intel-xeon-dew,Xeon W-2225,tdp_config_up,No configurable TDP-up/down or Maximum Turbo Power value published for this SKU (embedded/entry SKUs and Skylake-W often single-TDP),Checked ARK; only base TDP field present
intel-xeon-dew,Xeon W-2225,igpu_cores,iGPU execution unit count not published for this SKU (either no iGPU present or ARK omits EU count),Checked ARK graphics specifications; no EU/core count listed
intel-xeon-dew,Xeon W-2225,igpu_clock,iGPU max dynamic frequency not published for this SKU,Checked ARK graphics specifications; no frequency listed
intel-xeon-dew,Xeon W-2225,npu_tops,No NPU present on any Xeon D/E/W SKU in this shard (pre-AI PC era silicon),Confirmed via ARK; no NPU/AI accelerator listed on any Skylake through Sapphire Rapids Xeon D/E/W part
intel-xeon-dew,Xeon W-1290P,igpu_cores,iGPU execution unit count not published for this SKU (either no iGPU present or ARK omits EU count),Checked ARK graphics specifications; no EU/core count listed
intel-xeon-dew,Xeon W-1290P,igpu_clock,iGPU max dynamic frequency not published for this SKU,Checked ARK graphics specifications; no frequency listed
intel-xeon-dew,Xeon W-1290P,npu_tops,No NPU present on any Xeon D/E/W SKU in this shard (pre-AI PC era silicon),Confirmed via ARK; no NPU/AI accelerator listed on any Skylake through Sapphire Rapids Xeon D/E/W part
intel-xeon-dew,Xeon W-1290,tdp_config_up,No configurable TDP-up/down or Maximum Turbo Power value published for this SKU (embedded/entry SKUs and Skylake-W often single-TDP),Checked ARK; only base TDP field present
intel-xeon-dew,Xeon W-1290,igpu_cores,iGPU execution unit count not published for this SKU (either no iGPU present or ARK omits EU count),Checked ARK graphics specifications; no EU/core count listed
intel-xeon-dew,Xeon W-1290,igpu_clock,iGPU max dynamic frequency not published for this SKU,Checked ARK graphics specifications; no frequency listed
intel-xeon-dew,Xeon W-1290,npu_tops,No NPU present on any Xeon D/E/W SKU in this shard (pre-AI PC era silicon),Confirmed via ARK; no NPU/AI accelerator listed on any Skylake through Sapphire Rapids Xeon D/E/W part
intel-xeon-dew,Xeon W-1290T,tdp_config_up,No configurable TDP-up/down or Maximum Turbo Power value published for this SKU (embedded/entry SKUs and Skylake-W often single-TDP),Checked ARK; only base TDP field present
intel-xeon-dew,Xeon W-1290T,igpu_cores,iGPU execution unit count not published for this SKU (either no iGPU present or ARK omits EU count),Checked ARK graphics specifications; no EU/core count listed
intel-xeon-dew,Xeon W-1290T,igpu_clock,iGPU max dynamic frequency not published for this SKU,Checked ARK graphics specifications; no frequency listed
intel-xeon-dew,Xeon W-1290T,npu_tops,No NPU present on any Xeon D/E/W SKU in this shard (pre-AI PC era silicon),Confirmed via ARK; no NPU/AI accelerator listed on any Skylake through Sapphire Rapids Xeon D/E/W part
intel-xeon-dew,Xeon W-1290E,tdp_config_up,No configurable TDP-up/down or Maximum Turbo Power value published for this SKU (embedded/entry SKUs and Skylake-W often single-TDP),Checked ARK; only base TDP field present
intel-xeon-dew,Xeon W-1290E,igpu_cores,iGPU execution unit count not published for this SKU (either no iGPU present or ARK omits EU count),Checked ARK graphics specifications; no EU/core count listed
intel-xeon-dew,Xeon W-1290E,igpu_clock,iGPU max dynamic frequency not published for this SKU,Checked ARK graphics specifications; no frequency listed
intel-xeon-dew,Xeon W-1290E,npu_tops,No NPU present on any Xeon D/E/W SKU in this shard (pre-AI PC era silicon),Confirmed via ARK; no NPU/AI accelerator listed on any Skylake through Sapphire Rapids Xeon D/E/W part
intel-xeon-dew,Xeon W-1290TE,tdp_config_up,No configurable TDP-up/down or Maximum Turbo Power value published for this SKU (embedded/entry SKUs and Skylake-W often single-TDP),Checked ARK; only base TDP field present
intel-xeon-dew,Xeon W-1290TE,igpu_cores,iGPU execution unit count not published for this SKU (either no iGPU present or ARK omits EU count),Checked ARK graphics specifications; no EU/core count listed
intel-xeon-dew,Xeon W-1290TE,igpu_clock,iGPU max dynamic frequency not published for this SKU,Checked ARK graphics specifications; no frequency listed
intel-xeon-dew,Xeon W-1290TE,npu_tops,No NPU present on any Xeon D/E/W SKU in this shard (pre-AI PC era silicon),Confirmed via ARK; no NPU/AI accelerator listed on any Skylake through Sapphire Rapids Xeon D/E/W part
intel-xeon-dew,Xeon W-1270P,igpu_cores,iGPU execution unit count not published for this SKU (either no iGPU present or ARK omits EU count),Checked ARK graphics specifications; no EU/core count listed
intel-xeon-dew,Xeon W-1270P,igpu_clock,iGPU max dynamic frequency not published for this SKU,Checked ARK graphics specifications; no frequency listed
intel-xeon-dew,Xeon W-1270P,npu_tops,No NPU present on any Xeon D/E/W SKU in this shard (pre-AI PC era silicon),Confirmed via ARK; no NPU/AI accelerator listed on any Skylake through Sapphire Rapids Xeon D/E/W part
intel-xeon-dew,Xeon W-1270,tdp_config_up,No configurable TDP-up/down or Maximum Turbo Power value published for this SKU (embedded/entry SKUs and Skylake-W often single-TDP),Checked ARK; only base TDP field present
intel-xeon-dew,Xeon W-1270,igpu_cores,iGPU execution unit count not published for this SKU (either no iGPU present or ARK omits EU count),Checked ARK graphics specifications; no EU/core count listed
intel-xeon-dew,Xeon W-1270,igpu_clock,iGPU max dynamic frequency not published for this SKU,Checked ARK graphics specifications; no frequency listed
intel-xeon-dew,Xeon W-1270,npu_tops,No NPU present on any Xeon D/E/W SKU in this shard (pre-AI PC era silicon),Confirmed via ARK; no NPU/AI accelerator listed on any Skylake through Sapphire Rapids Xeon D/E/W part
intel-xeon-dew,Xeon W-1270E,all_core_boost,ARK/secondary sources for this generation do not report a distinct all-core turbo frequency separate from max turbo,Checked ARK page and TechPowerUp/WikiChip; no all-core value published
intel-xeon-dew,Xeon W-1270E,tdp_config_up,No configurable TDP-up/down or Maximum Turbo Power value published for this SKU (embedded/entry SKUs and Skylake-W often single-TDP),Checked ARK; only base TDP field present
intel-xeon-dew,Xeon W-1270E,igpu_cores,iGPU execution unit count not published for this SKU (either no iGPU present or ARK omits EU count),Checked ARK graphics specifications; no EU/core count listed
intel-xeon-dew,Xeon W-1270E,igpu_clock,iGPU max dynamic frequency not published for this SKU,Checked ARK graphics specifications; no frequency listed
intel-xeon-dew,Xeon W-1270E,npu_tops,No NPU present on any Xeon D/E/W SKU in this shard (pre-AI PC era silicon),Confirmed via ARK; no NPU/AI accelerator listed on any Skylake through Sapphire Rapids Xeon D/E/W part
intel-xeon-dew,Xeon W-1270E,launch_price_usd,Tray/1000-unit price not published or not found in top search results for this SKU,Checked ARK pricing field and press materials; no price found
intel-xeon-dew,Xeon W-1270TE,tdp_config_up,No configurable TDP-up/down or Maximum Turbo Power value published for this SKU (embedded/entry SKUs and Skylake-W often single-TDP),Checked ARK; only base TDP field present
intel-xeon-dew,Xeon W-1270TE,igpu_cores,iGPU execution unit count not published for this SKU (either no iGPU present or ARK omits EU count),Checked ARK graphics specifications; no EU/core count listed
intel-xeon-dew,Xeon W-1270TE,igpu_clock,iGPU max dynamic frequency not published for this SKU,Checked ARK graphics specifications; no frequency listed
intel-xeon-dew,Xeon W-1270TE,npu_tops,No NPU present on any Xeon D/E/W SKU in this shard (pre-AI PC era silicon),Confirmed via ARK; no NPU/AI accelerator listed on any Skylake through Sapphire Rapids Xeon D/E/W part
intel-xeon-dew,Xeon W-1250,all_core_boost,ARK/secondary sources for this generation do not report a distinct all-core turbo frequency separate from max turbo,Checked ARK page and TechPowerUp/WikiChip; no all-core value published
intel-xeon-dew,Xeon W-1250,tdp_config_up,No configurable TDP-up/down or Maximum Turbo Power value published for this SKU (embedded/entry SKUs and Skylake-W often single-TDP),Checked ARK; only base TDP field present
intel-xeon-dew,Xeon W-1250,igpu_cores,iGPU execution unit count not published for this SKU (either no iGPU present or ARK omits EU count),Checked ARK graphics specifications; no EU/core count listed
intel-xeon-dew,Xeon W-1250,igpu_clock,iGPU max dynamic frequency not published for this SKU,Checked ARK graphics specifications; no frequency listed
intel-xeon-dew,Xeon W-1250,npu_tops,No NPU present on any Xeon D/E/W SKU in this shard (pre-AI PC era silicon),Confirmed via ARK; no NPU/AI accelerator listed on any Skylake through Sapphire Rapids Xeon D/E/W part
intel-xeon-dew,Xeon W-1250P,igpu_cores,iGPU execution unit count not published for this SKU (either no iGPU present or ARK omits EU count),Checked ARK graphics specifications; no EU/core count listed
intel-xeon-dew,Xeon W-1250P,igpu_clock,iGPU max dynamic frequency not published for this SKU,Checked ARK graphics specifications; no frequency listed
intel-xeon-dew,Xeon W-1250P,npu_tops,No NPU present on any Xeon D/E/W SKU in this shard (pre-AI PC era silicon),Confirmed via ARK; no NPU/AI accelerator listed on any Skylake through Sapphire Rapids Xeon D/E/W part
intel-xeon-dew,Xeon W-1250E,tdp_config_up,No configurable TDP-up/down or Maximum Turbo Power value published for this SKU (embedded/entry SKUs and Skylake-W often single-TDP),Checked ARK; only base TDP field present
intel-xeon-dew,Xeon W-1250E,igpu_cores,iGPU execution unit count not published for this SKU (either no iGPU present or ARK omits EU count),Checked ARK graphics specifications; no EU/core count listed
intel-xeon-dew,Xeon W-1250E,igpu_clock,iGPU max dynamic frequency not published for this SKU,Checked ARK graphics specifications; no frequency listed
intel-xeon-dew,Xeon W-1250E,npu_tops,No NPU present on any Xeon D/E/W SKU in this shard (pre-AI PC era silicon),Confirmed via ARK; no NPU/AI accelerator listed on any Skylake through Sapphire Rapids Xeon D/E/W part
intel-xeon-dew,Xeon W-1250TE,tdp_config_up,No configurable TDP-up/down or Maximum Turbo Power value published for this SKU (embedded/entry SKUs and Skylake-W often single-TDP),Checked ARK; only base TDP field present
intel-xeon-dew,Xeon W-1250TE,igpu_cores,iGPU execution unit count not published for this SKU (either no iGPU present or ARK omits EU count),Checked ARK graphics specifications; no EU/core count listed
intel-xeon-dew,Xeon W-1250TE,npu_tops,No NPU present on any Xeon D/E/W SKU in this shard (pre-AI PC era silicon),Confirmed via ARK; no NPU/AI accelerator listed on any Skylake through Sapphire Rapids Xeon D/E/W part
intel-xeon-dew,Xeon W-1370,tdp_config_up,No configurable TDP-up/down or Maximum Turbo Power value published for this SKU (embedded/entry SKUs and Skylake-W often single-TDP),Checked ARK; only base TDP field present
intel-xeon-dew,Xeon W-1370,igpu_cores,iGPU execution unit count not published for this SKU (either no iGPU present or ARK omits EU count),Checked ARK graphics specifications; no EU/core count listed
intel-xeon-dew,Xeon W-1370,igpu_clock,iGPU max dynamic frequency not published for this SKU,Checked ARK graphics specifications; no frequency listed
intel-xeon-dew,Xeon W-1370,npu_tops,No NPU present on any Xeon D/E/W SKU in this shard (pre-AI PC era silicon),Confirmed via ARK; no NPU/AI accelerator listed on any Skylake through Sapphire Rapids Xeon D/E/W part
intel-xeon-dew,Xeon W-1370P,igpu_cores,iGPU execution unit count not published for this SKU (either no iGPU present or ARK omits EU count),Checked ARK graphics specifications; no EU/core count listed
intel-xeon-dew,Xeon W-1370P,igpu_clock,iGPU max dynamic frequency not published for this SKU,Checked ARK graphics specifications; no frequency listed
intel-xeon-dew,Xeon W-1370P,npu_tops,No NPU present on any Xeon D/E/W SKU in this shard (pre-AI PC era silicon),Confirmed via ARK; no NPU/AI accelerator listed on any Skylake through Sapphire Rapids Xeon D/E/W part
intel-xeon-dew,Xeon W-1390,tdp_config_up,No configurable TDP-up/down or Maximum Turbo Power value published for this SKU (embedded/entry SKUs and Skylake-W often single-TDP),Checked ARK; only base TDP field present
intel-xeon-dew,Xeon W-1390,igpu_cores,iGPU execution unit count not published for this SKU (either no iGPU present or ARK omits EU count),Checked ARK graphics specifications; no EU/core count listed
intel-xeon-dew,Xeon W-1390,igpu_clock,iGPU max dynamic frequency not published for this SKU,Checked ARK graphics specifications; no frequency listed
intel-xeon-dew,Xeon W-1390,npu_tops,No NPU present on any Xeon D/E/W SKU in this shard (pre-AI PC era silicon),Confirmed via ARK; no NPU/AI accelerator listed on any Skylake through Sapphire Rapids Xeon D/E/W part
intel-xeon-dew,Xeon W-1390P,igpu_cores,iGPU execution unit count not published for this SKU (either no iGPU present or ARK omits EU count),Checked ARK graphics specifications; no EU/core count listed
intel-xeon-dew,Xeon W-1390P,igpu_clock,iGPU max dynamic frequency not published for this SKU,Checked ARK graphics specifications; no frequency listed
intel-xeon-dew,Xeon W-1390P,npu_tops,No NPU present on any Xeon D/E/W SKU in this shard (pre-AI PC era silicon),Confirmed via ARK; no NPU/AI accelerator listed on any Skylake through Sapphire Rapids Xeon D/E/W part
intel-xeon-dew,Xeon W-1390T,igpu_clock,iGPU max dynamic frequency not published for this SKU,Checked ARK graphics specifications; no frequency listed
intel-xeon-dew,Xeon W-1390T,npu_tops,No NPU present on any Xeon D/E/W SKU in this shard (pre-AI PC era silicon),Confirmed via ARK; no NPU/AI accelerator listed on any Skylake through Sapphire Rapids Xeon D/E/W part
intel-xeon-dew,Xeon W-1350,tdp_config_up,No configurable TDP-up/down or Maximum Turbo Power value published for this SKU (embedded/entry SKUs and Skylake-W often single-TDP),Checked ARK; only base TDP field present
intel-xeon-dew,Xeon W-1350,igpu_cores,iGPU execution unit count not published for this SKU (either no iGPU present or ARK omits EU count),Checked ARK graphics specifications; no EU/core count listed
intel-xeon-dew,Xeon W-1350,igpu_clock,iGPU max dynamic frequency not published for this SKU,Checked ARK graphics specifications; no frequency listed
intel-xeon-dew,Xeon W-1350,npu_tops,No NPU present on any Xeon D/E/W SKU in this shard (pre-AI PC era silicon),Confirmed via ARK; no NPU/AI accelerator listed on any Skylake through Sapphire Rapids Xeon D/E/W part
intel-xeon-dew,Xeon W-1350P,igpu_clock,iGPU max dynamic frequency not published for this SKU,Checked ARK graphics specifications; no frequency listed
intel-xeon-dew,Xeon W-1350P,npu_tops,No NPU present on any Xeon D/E/W SKU in this shard (pre-AI PC era silicon),Confirmed via ARK; no NPU/AI accelerator listed on any Skylake through Sapphire Rapids Xeon D/E/W part
intel-xeon-dew,Xeon W-3375,all_core_boost,ARK/secondary sources for this generation do not report a distinct all-core turbo frequency separate from max turbo,Checked ARK page and TechPowerUp/WikiChip; no all-core value published
intel-xeon-dew,Xeon W-3375,tdp_config_up,No configurable TDP-up/down or Maximum Turbo Power value published for this SKU (embedded/entry SKUs and Skylake-W often single-TDP),Checked ARK; only base TDP field present
intel-xeon-dew,Xeon W-3375,igpu_cores,iGPU execution unit count not published for this SKU (either no iGPU present or ARK omits EU count),Checked ARK graphics specifications; no EU/core count listed
intel-xeon-dew,Xeon W-3375,igpu_clock,iGPU max dynamic frequency not published for this SKU,Checked ARK graphics specifications; no frequency listed
intel-xeon-dew,Xeon W-3375,npu_tops,No NPU present on any Xeon D/E/W SKU in this shard (pre-AI PC era silicon),Confirmed via ARK; no NPU/AI accelerator listed on any Skylake through Sapphire Rapids Xeon D/E/W part
intel-xeon-dew,Xeon W-3365,all_core_boost,ARK/secondary sources for this generation do not report a distinct all-core turbo frequency separate from max turbo,Checked ARK page and TechPowerUp/WikiChip; no all-core value published
intel-xeon-dew,Xeon W-3365,tdp_config_up,No configurable TDP-up/down or Maximum Turbo Power value published for this SKU (embedded/entry SKUs and Skylake-W often single-TDP),Checked ARK; only base TDP field present
intel-xeon-dew,Xeon W-3365,igpu_cores,iGPU execution unit count not published for this SKU (either no iGPU present or ARK omits EU count),Checked ARK graphics specifications; no EU/core count listed
intel-xeon-dew,Xeon W-3365,igpu_clock,iGPU max dynamic frequency not published for this SKU,Checked ARK graphics specifications; no frequency listed
intel-xeon-dew,Xeon W-3365,npu_tops,No NPU present on any Xeon D/E/W SKU in this shard (pre-AI PC era silicon),Confirmed via ARK; no NPU/AI accelerator listed on any Skylake through Sapphire Rapids Xeon D/E/W part
intel-xeon-dew,Xeon W-3345,all_core_boost,ARK/secondary sources for this generation do not report a distinct all-core turbo frequency separate from max turbo,Checked ARK page and TechPowerUp/WikiChip; no all-core value published
intel-xeon-dew,Xeon W-3345,tdp_config_up,No configurable TDP-up/down or Maximum Turbo Power value published for this SKU (embedded/entry SKUs and Skylake-W often single-TDP),Checked ARK; only base TDP field present
intel-xeon-dew,Xeon W-3345,igpu_cores,iGPU execution unit count not published for this SKU (either no iGPU present or ARK omits EU count),Checked ARK graphics specifications; no EU/core count listed
intel-xeon-dew,Xeon W-3345,igpu_clock,iGPU max dynamic frequency not published for this SKU,Checked ARK graphics specifications; no frequency listed
intel-xeon-dew,Xeon W-3345,npu_tops,No NPU present on any Xeon D/E/W SKU in this shard (pre-AI PC era silicon),Confirmed via ARK; no NPU/AI accelerator listed on any Skylake through Sapphire Rapids Xeon D/E/W part
intel-xeon-dew,Xeon W-3335,all_core_boost,ARK/secondary sources for this generation do not report a distinct all-core turbo frequency separate from max turbo,Checked ARK page and TechPowerUp/WikiChip; no all-core value published
intel-xeon-dew,Xeon W-3335,tdp_config_up,No configurable TDP-up/down or Maximum Turbo Power value published for this SKU (embedded/entry SKUs and Skylake-W often single-TDP),Checked ARK; only base TDP field present
intel-xeon-dew,Xeon W-3335,igpu_cores,iGPU execution unit count not published for this SKU (either no iGPU present or ARK omits EU count),Checked ARK graphics specifications; no EU/core count listed
intel-xeon-dew,Xeon W-3335,igpu_clock,iGPU max dynamic frequency not published for this SKU,Checked ARK graphics specifications; no frequency listed
intel-xeon-dew,Xeon W-3335,npu_tops,No NPU present on any Xeon D/E/W SKU in this shard (pre-AI PC era silicon),Confirmed via ARK; no NPU/AI accelerator listed on any Skylake through Sapphire Rapids Xeon D/E/W part
intel-xeon-dew,Xeon W-3323,all_core_boost,ARK/secondary sources for this generation do not report a distinct all-core turbo frequency separate from max turbo,Checked ARK page and TechPowerUp/WikiChip; no all-core value published
intel-xeon-dew,Xeon W-3323,tdp_config_up,No configurable TDP-up/down or Maximum Turbo Power value published for this SKU (embedded/entry SKUs and Skylake-W often single-TDP),Checked ARK; only base TDP field present
intel-xeon-dew,Xeon W-3323,igpu_cores,iGPU execution unit count not published for this SKU (either no iGPU present or ARK omits EU count),Checked ARK graphics specifications; no EU/core count listed
intel-xeon-dew,Xeon W-3323,igpu_clock,iGPU max dynamic frequency not published for this SKU,Checked ARK graphics specifications; no frequency listed
intel-xeon-dew,Xeon W-3323,npu_tops,No NPU present on any Xeon D/E/W SKU in this shard (pre-AI PC era silicon),Confirmed via ARK; no NPU/AI accelerator listed on any Skylake through Sapphire Rapids Xeon D/E/W part
intel-xeon-dew,Xeon w7-2595X,cxl,CXL support not explicitly documented by Intel for this platform/generation,Checked ARK and platform briefs; no CXL mention found (client-derived or pre-CXL-era platform)
intel-xeon-dew,Xeon w7-2595X,igpu_cores,iGPU execution unit count not published for this SKU (either no iGPU present or ARK omits EU count),Checked ARK graphics specifications; no EU/core count listed
intel-xeon-dew,Xeon w7-2595X,igpu_clock,iGPU max dynamic frequency not published for this SKU,Checked ARK graphics specifications; no frequency listed
intel-xeon-dew,Xeon w7-2595X,npu_tops,No NPU present on any Xeon D/E/W SKU in this shard (pre-AI PC era silicon),Confirmed via ARK; no NPU/AI accelerator listed on any Skylake through Sapphire Rapids Xeon D/E/W part
intel-xeon-dew,Xeon w7-2495X,cxl,CXL support not explicitly documented by Intel for this platform/generation,Checked ARK and platform briefs; no CXL mention found (client-derived or pre-CXL-era platform)
intel-xeon-dew,Xeon w7-2495X,igpu_cores,iGPU execution unit count not published for this SKU (either no iGPU present or ARK omits EU count),Checked ARK graphics specifications; no EU/core count listed
intel-xeon-dew,Xeon w7-2495X,igpu_clock,iGPU max dynamic frequency not published for this SKU,Checked ARK graphics specifications; no frequency listed
intel-xeon-dew,Xeon w7-2495X,npu_tops,No NPU present on any Xeon D/E/W SKU in this shard (pre-AI PC era silicon),Confirmed via ARK; no NPU/AI accelerator listed on any Skylake through Sapphire Rapids Xeon D/E/W part
intel-xeon-dew,Xeon w7-2575X,cxl,CXL support not explicitly documented by Intel for this platform/generation,Checked ARK and platform briefs; no CXL mention found (client-derived or pre-CXL-era platform)
intel-xeon-dew,Xeon w7-2575X,igpu_cores,iGPU execution unit count not published for this SKU (either no iGPU present or ARK omits EU count),Checked ARK graphics specifications; no EU/core count listed
intel-xeon-dew,Xeon w7-2575X,igpu_clock,iGPU max dynamic frequency not published for this SKU,Checked ARK graphics specifications; no frequency listed
intel-xeon-dew,Xeon w7-2575X,npu_tops,No NPU present on any Xeon D/E/W SKU in this shard (pre-AI PC era silicon),Confirmed via ARK; no NPU/AI accelerator listed on any Skylake through Sapphire Rapids Xeon D/E/W part
intel-xeon-dew,Xeon w7-2475X,cxl,CXL support not explicitly documented by Intel for this platform/generation,Checked ARK and platform briefs; no CXL mention found (client-derived or pre-CXL-era platform)
intel-xeon-dew,Xeon w7-2475X,igpu_cores,iGPU execution unit count not published for this SKU (either no iGPU present or ARK omits EU count),Checked ARK graphics specifications; no EU/core count listed
intel-xeon-dew,Xeon w7-2475X,igpu_clock,iGPU max dynamic frequency not published for this SKU,Checked ARK graphics specifications; no frequency listed
intel-xeon-dew,Xeon w7-2475X,npu_tops,No NPU present on any Xeon D/E/W SKU in this shard (pre-AI PC era silicon),Confirmed via ARK; no NPU/AI accelerator listed on any Skylake through Sapphire Rapids Xeon D/E/W part
intel-xeon-dew,Xeon w5-2565X,cxl,CXL support not explicitly documented by Intel for this platform/generation,Checked ARK and platform briefs; no CXL mention found (client-derived or pre-CXL-era platform)
intel-xeon-dew,Xeon w5-2565X,igpu_cores,iGPU execution unit count not published for this SKU (either no iGPU present or ARK omits EU count),Checked ARK graphics specifications; no EU/core count listed
intel-xeon-dew,Xeon w5-2565X,igpu_clock,iGPU max dynamic frequency not published for this SKU,Checked ARK graphics specifications; no frequency listed
intel-xeon-dew,Xeon w5-2565X,npu_tops,No NPU present on any Xeon D/E/W SKU in this shard (pre-AI PC era silicon),Confirmed via ARK; no NPU/AI accelerator listed on any Skylake through Sapphire Rapids Xeon D/E/W part
intel-xeon-dew,Xeon w5-2465X,cxl,CXL support not explicitly documented by Intel for this platform/generation,Checked ARK and platform briefs; no CXL mention found (client-derived or pre-CXL-era platform)
intel-xeon-dew,Xeon w5-2465X,igpu_cores,iGPU execution unit count not published for this SKU (either no iGPU present or ARK omits EU count),Checked ARK graphics specifications; no EU/core count listed
intel-xeon-dew,Xeon w5-2465X,igpu_clock,iGPU max dynamic frequency not published for this SKU,Checked ARK graphics specifications; no frequency listed
intel-xeon-dew,Xeon w5-2465X,npu_tops,No NPU present on any Xeon D/E/W SKU in this shard (pre-AI PC era silicon),Confirmed via ARK; no NPU/AI accelerator listed on any Skylake through Sapphire Rapids Xeon D/E/W part
intel-xeon-dew,Xeon w5-2555X,cxl,CXL support not explicitly documented by Intel for this platform/generation,Checked ARK and platform briefs; no CXL mention found (client-derived or pre-CXL-era platform)
intel-xeon-dew,Xeon w5-2555X,igpu_cores,iGPU execution unit count not published for this SKU (either no iGPU present or ARK omits EU count),Checked ARK graphics specifications; no EU/core count listed
intel-xeon-dew,Xeon w5-2555X,igpu_clock,iGPU max dynamic frequency not published for this SKU,Checked ARK graphics specifications; no frequency listed
intel-xeon-dew,Xeon w5-2555X,npu_tops,No NPU present on any Xeon D/E/W SKU in this shard (pre-AI PC era silicon),Confirmed via ARK; no NPU/AI accelerator listed on any Skylake through Sapphire Rapids Xeon D/E/W part
intel-xeon-dew,Xeon w5-2455X,cxl,CXL support not explicitly documented by Intel for this platform/generation,Checked ARK and platform briefs; no CXL mention found (client-derived or pre-CXL-era platform)
intel-xeon-dew,Xeon w5-2455X,igpu_cores,iGPU execution unit count not published for this SKU (either no iGPU present or ARK omits EU count),Checked ARK graphics specifications; no EU/core count listed
intel-xeon-dew,Xeon w5-2455X,igpu_clock,iGPU max dynamic frequency not published for this SKU,Checked ARK graphics specifications; no frequency listed
intel-xeon-dew,Xeon w5-2455X,npu_tops,No NPU present on any Xeon D/E/W SKU in this shard (pre-AI PC era silicon),Confirmed via ARK; no NPU/AI accelerator listed on any Skylake through Sapphire Rapids Xeon D/E/W part
intel-xeon-dew,Xeon w5-2545,cxl,CXL support not explicitly documented by Intel for this platform/generation,Checked ARK and platform briefs; no CXL mention found (client-derived or pre-CXL-era platform)
intel-xeon-dew,Xeon w5-2545,igpu_cores,iGPU execution unit count not published for this SKU (either no iGPU present or ARK omits EU count),Checked ARK graphics specifications; no EU/core count listed
intel-xeon-dew,Xeon w5-2545,igpu_clock,iGPU max dynamic frequency not published for this SKU,Checked ARK graphics specifications; no frequency listed
intel-xeon-dew,Xeon w5-2545,npu_tops,No NPU present on any Xeon D/E/W SKU in this shard (pre-AI PC era silicon),Confirmed via ARK; no NPU/AI accelerator listed on any Skylake through Sapphire Rapids Xeon D/E/W part
intel-xeon-dew,Xeon w5-2445,cxl,CXL support not explicitly documented by Intel for this platform/generation,Checked ARK and platform briefs; no CXL mention found (client-derived or pre-CXL-era platform)
intel-xeon-dew,Xeon w5-2445,igpu_cores,iGPU execution unit count not published for this SKU (either no iGPU present or ARK omits EU count),Checked ARK graphics specifications; no EU/core count listed
intel-xeon-dew,Xeon w5-2445,igpu_clock,iGPU max dynamic frequency not published for this SKU,Checked ARK graphics specifications; no frequency listed
intel-xeon-dew,Xeon w5-2445,npu_tops,No NPU present on any Xeon D/E/W SKU in this shard (pre-AI PC era silicon),Confirmed via ARK; no NPU/AI accelerator listed on any Skylake through Sapphire Rapids Xeon D/E/W part
intel-xeon-dew,Xeon w3-2535,cxl,CXL support not explicitly documented by Intel for this platform/generation,Checked ARK and platform briefs; no CXL mention found (client-derived or pre-CXL-era platform)
intel-xeon-dew,Xeon w3-2535,igpu_cores,iGPU execution unit count not published for this SKU (either no iGPU present or ARK omits EU count),Checked ARK graphics specifications; no EU/core count listed
intel-xeon-dew,Xeon w3-2535,igpu_clock,iGPU max dynamic frequency not published for this SKU,Checked ARK graphics specifications; no frequency listed
intel-xeon-dew,Xeon w3-2535,npu_tops,No NPU present on any Xeon D/E/W SKU in this shard (pre-AI PC era silicon),Confirmed via ARK; no NPU/AI accelerator listed on any Skylake through Sapphire Rapids Xeon D/E/W part
intel-xeon-dew,Xeon w3-2435,cxl,CXL support not explicitly documented by Intel for this platform/generation,Checked ARK and platform briefs; no CXL mention found (client-derived or pre-CXL-era platform)
intel-xeon-dew,Xeon w3-2435,igpu_cores,iGPU execution unit count not published for this SKU (either no iGPU present or ARK omits EU count),Checked ARK graphics specifications; no EU/core count listed
intel-xeon-dew,Xeon w3-2435,igpu_clock,iGPU max dynamic frequency not published for this SKU,Checked ARK graphics specifications; no frequency listed
intel-xeon-dew,Xeon w3-2435,npu_tops,No NPU present on any Xeon D/E/W SKU in this shard (pre-AI PC era silicon),Confirmed via ARK; no NPU/AI accelerator listed on any Skylake through Sapphire Rapids Xeon D/E/W part
intel-xeon-dew,Xeon w3-2525,cxl,CXL support not explicitly documented by Intel for this platform/generation,Checked ARK and platform briefs; no CXL mention found (client-derived or pre-CXL-era platform)
intel-xeon-dew,Xeon w3-2525,igpu_cores,iGPU execution unit count not published for this SKU (either no iGPU present or ARK omits EU count),Checked ARK graphics specifications; no EU/core count listed
intel-xeon-dew,Xeon w3-2525,igpu_clock,iGPU max dynamic frequency not published for this SKU,Checked ARK graphics specifications; no frequency listed
intel-xeon-dew,Xeon w3-2525,npu_tops,No NPU present on any Xeon D/E/W SKU in this shard (pre-AI PC era silicon),Confirmed via ARK; no NPU/AI accelerator listed on any Skylake through Sapphire Rapids Xeon D/E/W part
intel-xeon-dew,Xeon w3-2423,cxl,CXL support not explicitly documented by Intel for this platform/generation,Checked ARK and platform briefs; no CXL mention found (client-derived or pre-CXL-era platform)
intel-xeon-dew,Xeon w3-2423,igpu_cores,iGPU execution unit count not published for this SKU (either no iGPU present or ARK omits EU count),Checked ARK graphics specifications; no EU/core count listed
intel-xeon-dew,Xeon w3-2423,igpu_clock,iGPU max dynamic frequency not published for this SKU,Checked ARK graphics specifications; no frequency listed
intel-xeon-dew,Xeon w3-2423,npu_tops,No NPU present on any Xeon D/E/W SKU in this shard (pre-AI PC era silicon),Confirmed via ARK; no NPU/AI accelerator listed on any Skylake through Sapphire Rapids Xeon D/E/W part
intel-xeon-dew,Xeon w3-2425,cxl,CXL support not explicitly documented by Intel for this platform/generation,Checked ARK and platform briefs; no CXL mention found (client-derived or pre-CXL-era platform)
intel-xeon-dew,Xeon w3-2425,igpu_cores,iGPU execution unit count not published for this SKU (either no iGPU present or ARK omits EU count),Checked ARK graphics specifications; no EU/core count listed
intel-xeon-dew,Xeon w3-2425,igpu_clock,iGPU max dynamic frequency not published for this SKU,Checked ARK graphics specifications; no frequency listed
intel-xeon-dew,Xeon w3-2425,npu_tops,No NPU present on any Xeon D/E/W SKU in this shard (pre-AI PC era silicon),Confirmed via ARK; no NPU/AI accelerator listed on any Skylake through Sapphire Rapids Xeon D/E/W part
intel-xeon-dew,Xeon w9-3595X,cxl,CXL support not explicitly documented by Intel for this platform/generation,Checked ARK and platform briefs; no CXL mention found (client-derived or pre-CXL-era platform)
intel-xeon-dew,Xeon w9-3595X,igpu_cores,iGPU execution unit count not published for this SKU (either no iGPU present or ARK omits EU count),Checked ARK graphics specifications; no EU/core count listed
intel-xeon-dew,Xeon w9-3595X,igpu_clock,iGPU max dynamic frequency not published for this SKU,Checked ARK graphics specifications; no frequency listed
intel-xeon-dew,Xeon w9-3595X,npu_tops,No NPU present on any Xeon D/E/W SKU in this shard (pre-AI PC era silicon),Confirmed via ARK; no NPU/AI accelerator listed on any Skylake through Sapphire Rapids Xeon D/E/W part
intel-xeon-dew,Xeon w9-3495X,all_core_boost,ARK/secondary sources for this generation do not report a distinct all-core turbo frequency separate from max turbo,Checked ARK page and TechPowerUp/WikiChip; no all-core value published
intel-xeon-dew,Xeon w9-3495X,cxl,CXL support not explicitly documented by Intel for this platform/generation,Checked ARK and platform briefs; no CXL mention found (client-derived or pre-CXL-era platform)
intel-xeon-dew,Xeon w9-3495X,igpu_cores,iGPU execution unit count not published for this SKU (either no iGPU present or ARK omits EU count),Checked ARK graphics specifications; no EU/core count listed
intel-xeon-dew,Xeon w9-3495X,igpu_clock,iGPU max dynamic frequency not published for this SKU,Checked ARK graphics specifications; no frequency listed
intel-xeon-dew,Xeon w9-3495X,npu_tops,No NPU present on any Xeon D/E/W SKU in this shard (pre-AI PC era silicon),Confirmed via ARK; no NPU/AI accelerator listed on any Skylake through Sapphire Rapids Xeon D/E/W part
intel-xeon-dew,Xeon w9-3575X,cxl,CXL support not explicitly documented by Intel for this platform/generation,Checked ARK and platform briefs; no CXL mention found (client-derived or pre-CXL-era platform)
intel-xeon-dew,Xeon w9-3575X,igpu_cores,iGPU execution unit count not published for this SKU (either no iGPU present or ARK omits EU count),Checked ARK graphics specifications; no EU/core count listed
intel-xeon-dew,Xeon w9-3575X,igpu_clock,iGPU max dynamic frequency not published for this SKU,Checked ARK graphics specifications; no frequency listed
intel-xeon-dew,Xeon w9-3575X,npu_tops,No NPU present on any Xeon D/E/W SKU in this shard (pre-AI PC era silicon),Confirmed via ARK; no NPU/AI accelerator listed on any Skylake through Sapphire Rapids Xeon D/E/W part
intel-xeon-dew,Xeon w9-3475X,cxl,CXL support not explicitly documented by Intel for this platform/generation,Checked ARK and platform briefs; no CXL mention found (client-derived or pre-CXL-era platform)
intel-xeon-dew,Xeon w9-3475X,igpu_cores,iGPU execution unit count not published for this SKU (either no iGPU present or ARK omits EU count),Checked ARK graphics specifications; no EU/core count listed
intel-xeon-dew,Xeon w9-3475X,igpu_clock,iGPU max dynamic frequency not published for this SKU,Checked ARK graphics specifications; no frequency listed
intel-xeon-dew,Xeon w9-3475X,npu_tops,No NPU present on any Xeon D/E/W SKU in this shard (pre-AI PC era silicon),Confirmed via ARK; no NPU/AI accelerator listed on any Skylake through Sapphire Rapids Xeon D/E/W part
intel-xeon-dew,Xeon w7-3565X,cxl,CXL support not explicitly documented by Intel for this platform/generation,Checked ARK and platform briefs; no CXL mention found (client-derived or pre-CXL-era platform)
intel-xeon-dew,Xeon w7-3565X,igpu_cores,iGPU execution unit count not published for this SKU (either no iGPU present or ARK omits EU count),Checked ARK graphics specifications; no EU/core count listed
intel-xeon-dew,Xeon w7-3565X,igpu_clock,iGPU max dynamic frequency not published for this SKU,Checked ARK graphics specifications; no frequency listed
intel-xeon-dew,Xeon w7-3565X,npu_tops,No NPU present on any Xeon D/E/W SKU in this shard (pre-AI PC era silicon),Confirmed via ARK; no NPU/AI accelerator listed on any Skylake through Sapphire Rapids Xeon D/E/W part
intel-xeon-dew,Xeon w7-3465X,cxl,CXL support not explicitly documented by Intel for this platform/generation,Checked ARK and platform briefs; no CXL mention found (client-derived or pre-CXL-era platform)
intel-xeon-dew,Xeon w7-3465X,igpu_cores,iGPU execution unit count not published for this SKU (either no iGPU present or ARK omits EU count),Checked ARK graphics specifications; no EU/core count listed
intel-xeon-dew,Xeon w7-3465X,igpu_clock,iGPU max dynamic frequency not published for this SKU,Checked ARK graphics specifications; no frequency listed
intel-xeon-dew,Xeon w7-3465X,npu_tops,No NPU present on any Xeon D/E/W SKU in this shard (pre-AI PC era silicon),Confirmed via ARK; no NPU/AI accelerator listed on any Skylake through Sapphire Rapids Xeon D/E/W part
intel-xeon-dew,Xeon w7-3555,cxl,CXL support not explicitly documented by Intel for this platform/generation,Checked ARK and platform briefs; no CXL mention found (client-derived or pre-CXL-era platform)
intel-xeon-dew,Xeon w7-3555,igpu_cores,iGPU execution unit count not published for this SKU (either no iGPU present or ARK omits EU count),Checked ARK graphics specifications; no EU/core count listed
intel-xeon-dew,Xeon w7-3555,igpu_clock,iGPU max dynamic frequency not published for this SKU,Checked ARK graphics specifications; no frequency listed
intel-xeon-dew,Xeon w7-3555,npu_tops,No NPU present on any Xeon D/E/W SKU in this shard (pre-AI PC era silicon),Confirmed via ARK; no NPU/AI accelerator listed on any Skylake through Sapphire Rapids Xeon D/E/W part
intel-xeon-dew,Xeon w7-3455,cxl,CXL support not explicitly documented by Intel for this platform/generation,Checked ARK and platform briefs; no CXL mention found (client-derived or pre-CXL-era platform)
intel-xeon-dew,Xeon w7-3455,igpu_cores,iGPU execution unit count not published for this SKU (either no iGPU present or ARK omits EU count),Checked ARK graphics specifications; no EU/core count listed
intel-xeon-dew,Xeon w7-3455,igpu_clock,iGPU max dynamic frequency not published for this SKU,Checked ARK graphics specifications; no frequency listed
intel-xeon-dew,Xeon w7-3455,npu_tops,No NPU present on any Xeon D/E/W SKU in this shard (pre-AI PC era silicon),Confirmed via ARK; no NPU/AI accelerator listed on any Skylake through Sapphire Rapids Xeon D/E/W part
intel-xeon-dew,Xeon w7-3545,cxl,CXL support not explicitly documented by Intel for this platform/generation,Checked ARK and platform briefs; no CXL mention found (client-derived or pre-CXL-era platform)
intel-xeon-dew,Xeon w7-3545,igpu_cores,iGPU execution unit count not published for this SKU (either no iGPU present or ARK omits EU count),Checked ARK graphics specifications; no EU/core count listed
intel-xeon-dew,Xeon w7-3545,igpu_clock,iGPU max dynamic frequency not published for this SKU,Checked ARK graphics specifications; no frequency listed
intel-xeon-dew,Xeon w7-3545,npu_tops,No NPU present on any Xeon D/E/W SKU in this shard (pre-AI PC era silicon),Confirmed via ARK; no NPU/AI accelerator listed on any Skylake through Sapphire Rapids Xeon D/E/W part
intel-xeon-dew,Xeon w7-3445,cxl,CXL support not explicitly documented by Intel for this platform/generation,Checked ARK and platform briefs; no CXL mention found (client-derived or pre-CXL-era platform)
intel-xeon-dew,Xeon w7-3445,igpu_cores,iGPU execution unit count not published for this SKU (either no iGPU present or ARK omits EU count),Checked ARK graphics specifications; no EU/core count listed
intel-xeon-dew,Xeon w7-3445,igpu_clock,iGPU max dynamic frequency not published for this SKU,Checked ARK graphics specifications; no frequency listed
intel-xeon-dew,Xeon w7-3445,npu_tops,No NPU present on any Xeon D/E/W SKU in this shard (pre-AI PC era silicon),Confirmed via ARK; no NPU/AI accelerator listed on any Skylake through Sapphire Rapids Xeon D/E/W part
intel-xeon-dew,Xeon w5-3535X,cxl,CXL support not explicitly documented by Intel for this platform/generation,Checked ARK and platform briefs; no CXL mention found (client-derived or pre-CXL-era platform)
intel-xeon-dew,Xeon w5-3535X,igpu_cores,iGPU execution unit count not published for this SKU (either no iGPU present or ARK omits EU count),Checked ARK graphics specifications; no EU/core count listed
intel-xeon-dew,Xeon w5-3535X,igpu_clock,iGPU max dynamic frequency not published for this SKU,Checked ARK graphics specifications; no frequency listed
intel-xeon-dew,Xeon w5-3535X,npu_tops,No NPU present on any Xeon D/E/W SKU in this shard (pre-AI PC era silicon),Confirmed via ARK; no NPU/AI accelerator listed on any Skylake through Sapphire Rapids Xeon D/E/W part
intel-xeon-dew,Xeon w5-3435X,cxl,CXL support not explicitly documented by Intel for this platform/generation,Checked ARK and platform briefs; no CXL mention found (client-derived or pre-CXL-era platform)
intel-xeon-dew,Xeon w5-3435X,igpu_cores,iGPU execution unit count not published for this SKU (either no iGPU present or ARK omits EU count),Checked ARK graphics specifications; no EU/core count listed
intel-xeon-dew,Xeon w5-3435X,igpu_clock,iGPU max dynamic frequency not published for this SKU,Checked ARK graphics specifications; no frequency listed
intel-xeon-dew,Xeon w5-3435X,npu_tops,No NPU present on any Xeon D/E/W SKU in this shard (pre-AI PC era silicon),Confirmed via ARK; no NPU/AI accelerator listed on any Skylake through Sapphire Rapids Xeon D/E/W part
intel-xeon-dew,Xeon w5-3525,cxl,CXL support not explicitly documented by Intel for this platform/generation,Checked ARK and platform briefs; no CXL mention found (client-derived or pre-CXL-era platform)
intel-xeon-dew,Xeon w5-3525,igpu_cores,iGPU execution unit count not published for this SKU (either no iGPU present or ARK omits EU count),Checked ARK graphics specifications; no EU/core count listed
intel-xeon-dew,Xeon w5-3525,igpu_clock,iGPU max dynamic frequency not published for this SKU,Checked ARK graphics specifications; no frequency listed
intel-xeon-dew,Xeon w5-3525,npu_tops,No NPU present on any Xeon D/E/W SKU in this shard (pre-AI PC era silicon),Confirmed via ARK; no NPU/AI accelerator listed on any Skylake through Sapphire Rapids Xeon D/E/W part
intel-xeon-dew,Xeon w5-3425,cxl,CXL support not explicitly documented by Intel for this platform/generation,Checked ARK and platform briefs; no CXL mention found (client-derived or pre-CXL-era platform)
intel-xeon-dew,Xeon w5-3425,igpu_cores,iGPU execution unit count not published for this SKU (either no iGPU present or ARK omits EU count),Checked ARK graphics specifications; no EU/core count listed
intel-xeon-dew,Xeon w5-3425,igpu_clock,iGPU max dynamic frequency not published for this SKU,Checked ARK graphics specifications; no frequency listed
intel-xeon-dew,Xeon w5-3425,npu_tops,No NPU present on any Xeon D/E/W SKU in this shard (pre-AI PC era silicon),Confirmed via ARK; no NPU/AI accelerator listed on any Skylake through Sapphire Rapids Xeon D/E/W part
intel-xeon-sp-a,Xeon Platinum 8380HL,mem_max_capacity,H_vs_HL_variants_differ_by_up_to_4x,"H suffix ~1.1TB DDR4-only vs HL suffix ~4.5TB with Optane PMem 200; no single authoritative per-SKU ARK figure captured, left blank"
intel-xeon-sp-a,Xeon Platinum 8380H,mem_max_capacity,H_vs_HL_variants_differ_by_up_to_4x,"H suffix ~1.1TB DDR4-only vs HL suffix ~4.5TB with Optane PMem 200; no single authoritative per-SKU ARK figure captured, left blank"
intel-xeon-sp-a,Xeon Platinum 8376HL,mem_max_capacity,H_vs_HL_variants_differ_by_up_to_4x,"H suffix ~1.1TB DDR4-only vs HL suffix ~4.5TB with Optane PMem 200; no single authoritative per-SKU ARK figure captured, left blank"
intel-xeon-sp-a,Xeon Platinum 8376H,mem_max_capacity,H_vs_HL_variants_differ_by_up_to_4x,"H suffix ~1.1TB DDR4-only vs HL suffix ~4.5TB with Optane PMem 200; no single authoritative per-SKU ARK figure captured, left blank"
intel-xeon-sp-a,Xeon Platinum 8360HL,mem_max_capacity,H_vs_HL_variants_differ_by_up_to_4x,"H suffix ~1.1TB DDR4-only vs HL suffix ~4.5TB with Optane PMem 200; no single authoritative per-SKU ARK figure captured, left blank"
intel-xeon-sp-a,Xeon Platinum 8360H,mem_max_capacity,H_vs_HL_variants_differ_by_up_to_4x,"H suffix ~1.1TB DDR4-only vs HL suffix ~4.5TB with Optane PMem 200; no single authoritative per-SKU ARK figure captured, left blank"
intel-xeon-sp-a,Xeon Platinum 8356H,mem_max_capacity,H_vs_HL_variants_differ_by_up_to_4x,"H suffix ~1.1TB DDR4-only vs HL suffix ~4.5TB with Optane PMem 200; no single authoritative per-SKU ARK figure captured, left blank"
intel-xeon-sp-a,Xeon Platinum 8354H,mem_max_capacity,H_vs_HL_variants_differ_by_up_to_4x,"H suffix ~1.1TB DDR4-only vs HL suffix ~4.5TB with Optane PMem 200; no single authoritative per-SKU ARK figure captured, left blank"
intel-xeon-sp-a,Xeon Platinum 8353H,mem_max_capacity,H_vs_HL_variants_differ_by_up_to_4x,"H suffix ~1.1TB DDR4-only vs HL suffix ~4.5TB with Optane PMem 200; no single authoritative per-SKU ARK figure captured, left blank"
intel-xeon-sp-a,Xeon Gold 6348H,mem_max_capacity,H_vs_HL_variants_differ_by_up_to_4x,"H suffix ~1.1TB DDR4-only vs HL suffix ~4.5TB with Optane PMem 200; no single authoritative per-SKU ARK figure captured, left blank"
intel-xeon-sp-a,Xeon Gold 6330H,mem_max_capacity,H_vs_HL_variants_differ_by_up_to_4x,"H suffix ~1.1TB DDR4-only vs HL suffix ~4.5TB with Optane PMem 200; no single authoritative per-SKU ARK figure captured, left blank"
intel-xeon-sp-a,Xeon Gold 6328HL,mem_max_capacity,H_vs_HL_variants_differ_by_up_to_4x,"H suffix ~1.1TB DDR4-only vs HL suffix ~4.5TB with Optane PMem 200; no single authoritative per-SKU ARK figure captured, left blank"
intel-xeon-sp-a,Xeon Gold 6328H,mem_max_capacity,H_vs_HL_variants_differ_by_up_to_4x,"H suffix ~1.1TB DDR4-only vs HL suffix ~4.5TB with Optane PMem 200; no single authoritative per-SKU ARK figure captured, left blank"
intel-xeon-sp-a,Xeon Gold 5320H,mem_max_capacity,H_vs_HL_variants_differ_by_up_to_4x,"H suffix ~1.1TB DDR4-only vs HL suffix ~4.5TB with Optane PMem 200; no single authoritative per-SKU ARK figure captured, left blank"
intel-xeon-sp-a,Xeon Gold 5318H,mem_max_capacity,H_vs_HL_variants_differ_by_up_to_4x,"H suffix ~1.1TB DDR4-only vs HL suffix ~4.5TB with Optane PMem 200; no single authoritative per-SKU ARK figure captured, left blank"
intel-xeon-sp-a,Xeon Gold 5412U,tdp,WebSearch snippets gave only approximate/unconfirmed TDP for this SKU,Multiple WebSearch queries incl. direct ARK title search; no authoritative figure surfaced
intel-xeon-sp-b,Xeon 6748P,launch_price_usd,Wikipedia Granite Rapids table cell was blank for this SKU,Grepped/read Wikipedia Granite_Rapids article table rows; ARK sku 242637 not individually re-fetched due to time budget
intel-xeon-sp-b,Xeon 6776P,launch_price_usd,Wikipedia Granite Rapids table cell was blank for this SKU,Grepped/read Wikipedia Granite_Rapids article table rows; ARK sku 243691 not individually re-fetched due to time budget
intel-xeon-sp-b,Xeon 6774P,launch_price_usd,Wikipedia Granite Rapids table cell was blank for this SKU,Grepped/read Wikipedia Granite_Rapids article table rows; ARK sku 243692 not individually re-fetched due to time budget
intel-xeon-sp-b,Xeon 6315P,launch_price_usd,Not found in WebSearch snippets returned for this SKU,Searched intel-xeon-6315p-6325p-6333p ARK aggregate query; only 6325P price ($281) surfaced in results
intel-xeon-sp-b,Xeon 6377P,base_clock,ARK page for this SKU appears to have data-entry inconsistencies per Tom's Hardware reporting,WebSearch of Tom's Hardware coverage; only max turbo (5.7GHz) and cache (36MB) clearly attributable; base clock ambiguous in source
intel-xeon-sp-b,Granite Rapids SP (multiple),part_number,OEM tray/box part numbers (e.g. PK80713xxxxx strings) not captured from ARK/Wikipedia scrape,Used ARK numeric SKU id in source_url only; did not individually fetch each ARK page to extract the Intel ordering part number for all 43 SP SKUs due to time budget
intel-xeon-sp-b,Xeon 6990E+,launch_price_usd,No ARK RCP figure surfaced in WebSearch results for this specific SKU,"Searched combined 6990E+/6960E+ pricing query; only secondary-source specs (cores/TDP/cache) found, not RCP"
intel-xeon-sp-b,Xeon 6960E+,base_clock,No ARK figure surfaced in WebSearch results for this specific SKU,Only max turbo (3.2GHz) and cache/TDP confirmed across multiple secondary sources; base and all-core clocks not found
intel-xeon-sp-b,Xeon 6960E+,all_core_boost,No ARK figure surfaced in WebSearch results for this specific SKU,Same as base_clock gap above
intel-xeon-sp-b,Xeon 6960E+,launch_price_usd,No ARK RCP figure surfaced in WebSearch results for this specific SKU,Same search as above
intel-xeon-sp-b,Xeon 696X,base_clock,Not found in search results (only cores/cache/TDP surfaced via SiSoftware Sandra leak),WebSearch of Xeon 696X specifications; leak coverage only reported 64c/336MB/350W
intel-xeon-sp-b,Xeon 696X,launch_price_usd,Not found in search results,Same search as above; no RCP or retailer price surfaced
intel-xeon-sp-b,Xeon 678X,boost_clock,Not found in search results (Phoronix HT review confirmed cores/TDP, not full clock table)
intel-xeon-sp-b,Xeon 678X,launch_price_usd,Not found in search results,Same search as above
intel-xeon-sp-b,Xeon 656,launch_price_usd,Not found in search results,WebSearch of Xeon 656 specifications; TDP itself conflicting between sources (210W vs 250W)
intel-xeon-sp-b,Xeon 6503P-B,tdp,Not found in search results for this specific SoC SKU,WebSearch of Xeon 6503P-B specifications
intel-xeon-sp-b,Xeon 6513P-B,base_clock,Not found in search results; only cores/price/launch confirmed,WebSearch of Xeon 6513P-B specifications
intel-xeon-sp-b,Xeon 6513P-B,tdp,Estimated from sibling 6516P-B rather than confirmed for this SKU,WebSearch of Xeon 6513P-B specifications
intel-xeon-sp-b,Xeon 6518P-B,launch_price_usd,Not found in search results,WebSearch of Xeon 6518P-B specifications
intel-xeon-sp-b,Xeon 6523P-B,cores,"Core count (24) inferred from family-wide ~4MB L3-per-core ratio, not an explicit ARK/vendor figure for this SKU",WebSearch of Xeon 6523P-B specifications; cross-checked ratio against 8 confirmed sibling SKUs
intel-xeon-sp-b,Xeon 6523P-B,boost_clock,Not found in search results,WebSearch of Xeon 6523P-B specifications
intel-xeon-sp-b,Xeon 6523P-B,tdp,Not found; estimated from neighboring SKUs,WebSearch of Xeon 6523P-B specifications
intel-xeon-sp-b,Xeon 6523P-B,launch_price_usd,Not found in search results,WebSearch of Xeon 6523P-B specifications
intel-xeon-sp-b,Xeon 6523P-B,launch_date,Not found in search results,WebSearch of Xeon 6523P-B specifications
intel-xeon-sp-b,Xeon 6532P-B,launch_price_usd,Not found in search results,WebSearch of Xeon 6532P-B specifications
intel-xeon-sp-b,Xeon 6532P-B,launch_date,Not found in search results,WebSearch of Xeon 6532P-B specifications
intel-xeon-sp-b,Xeon 6543P-B,tdp,Estimated from same-base-clock sibling 6544P-B rather than confirmed,WebSearch of Xeon 6543P-B specifications
intel-xeon-sp-b,Xeon 6543P-B,launch_price_usd,Not found in search results,WebSearch of Xeon 6543P-B specifications
intel-xeon-sp-b,Xeon 6544P-B,launch_price_usd,Not found in search results,WebSearch of Xeon 6544P-B specifications
intel-xeon-sp-b,Xeon 6548P-B,launch_price_usd,Not found in search results,WebSearch of Xeon 6548P-B specifications
intel-xeon-sp-b,Xeon 6706P-B,boost_clock,Not found in search results,WebSearch of Xeon 6706P-B specifications
intel-xeon-sp-b,Xeon 6706P-B,launch_price_usd,Not found in search results,WebSearch of Xeon 6706P-B specifications
intel-xeon-sp-b,Xeon 6716P-B,launch_price_usd,Not found in search results,WebSearch of Xeon 6716P-B specifications
intel-xeon-sp-b,Xeon 6718P-B,boost_clock,Not found in search results,WebSearch of Xeon 6718P-B specifications
intel-xeon-sp-b,Xeon 6718P-B,launch_price_usd,Not found in search results,WebSearch of Xeon 6718P-B specifications
intel-xeon-sp-b,Xeon 6756P-B,launch_price_usd,ARK pricing widget failed to load at time of research (page showed load error),WebSearch and direct check of Xeon 6756P-B ARK specifications page
intel-xeon-sp-b,Xeon 6766P-B,boost_clock,Not found in search results,WebSearch of Xeon 6766P-B specifications
intel-xeon-sp-b,Xeon 6766P-B,tdp,"Estimated (secondary source stated ~6.6% lower power vs 6768P-B, no absolute figure found)",WebSearch of Xeon 6766P-B specifications
intel-xeon-sp-b,Xeon 6766P-B,launch_date,Not found in search results,WebSearch of Xeon 6766P-B specifications
intel-xeon-sp-b,Xeon 6766P-B,launch_price_usd,Not found in search results,WebSearch of Xeon 6766P-B specifications
intel-xeon-sp-b,Xeon 6768P-B,launch_date,Not found in search results,WebSearch of Xeon 6768P-B specifications
intel-xeon-sp-b,Xeon 6768P-B,launch_price_usd,Not found in search results,WebSearch of Xeon 6768P-B specifications
intel-xeon-sp-b,Xeon 6768P-B,tdp,Estimated via comparative secondary source rather than an explicit ARK figure,WebSearch of Xeon 6768P-B specifications
intel-xeon-sp-b,Xeon 6776P-B,cores,"ARK page appeared CNDA-gated/pre-release (disclaimer text only, no spec table); core count (72) inferred from family L3-per-core ratio",WebSearch and direct check of Xeon 6776P-B ARK specifications page
intel-xeon-sp-b,Xeon 6776P-B,boost_clock,Not found; ARK page CNDA-gated at time of research,WebSearch of Xeon 6776P-B specifications
intel-xeon-sp-b,Xeon 6776P-B,tdp,Not found; estimated as top-of-family value,WebSearch of Xeon 6776P-B specifications
intel-xeon-sp-b,Xeon 6776P-B,launch_date,Not found; ARK page CNDA-gated at time of research,WebSearch of Xeon 6776P-B specifications
intel-xeon-sp-b,Xeon 6776P-B,launch_price_usd,Not found; ARK page CNDA-gated at time of research,WebSearch of Xeon 6776P-B specifications
