vendor,family,segment,codename,arch,model,model_full,cores,p_cores,e_cores,threads,base_clock,boost_clock,all_core_boost,l2_cache,l3_cache,tdp,tdp_config_up,process,socket,socket_count,pcie_gen,pcie_lanes,mem_type,mem_channels,mem_speed,mem_max_capacity,ecc,cxl,upi_links,igpu_model,igpu_cores,igpu_clock,npu_tops,launch_date,launch_price_usd,part_number,source_url,source_tier,confidence,notes
AMD,mi100,datacenter,,MI100 (CDNA),MI100,AMD Instinct MI100,120,,,,,1.50 GHz,,,,300W,,7 nm,,,4.0,16,HBM2,,1229 GB/s,32 GB,yes,,,,,,,2020-Q4,,,https://www.amd.com/en/products/accelerators/instinct/mi100.html,1,high,23.1 TFLOPS FP32; PCIe card
AMD,mi200,datacenter,,MI200 Series (CDNA 2),MI210,AMD Instinct MI210,104,,,,,1.70 GHz,,,,300W,,6 nm,,,4.0,16,HBM2e,,1638 GB/s,64 GB,yes,,,,,,,2022-Q1,,,https://www.amd.com/en/products/accelerators/instinct/mi200/mi210.html,1,high,"22.6 TFLOPS FP32; PCIe card, single GCD"
AMD,mi200,datacenter,,MI200 Series (CDNA 2),MI250,AMD Instinct MI250,208,,,,,1.60 GHz,,,,500W,,6 nm,,,4.0,,HBM2e,,3277 GB/s,128 GB,yes,,,,,,,2021-Q4,,,https://www.amd.com/en/products/accelerators/instinct/mi200.html,1,medium,"~45 TFLOPS FP32; OAM, dual GCD (2x104 CU); clock/TDP corroborated only vs MI250X family page, not a dedicated MI250 spec page"
AMD,mi200,datacenter,,MI200 Series (CDNA 2),MI250X,AMD Instinct MI250X,220,,,,,1.70 GHz,,,,500W,,6 nm,,,4.0,,HBM2e,,3277 GB/s,128 GB,yes,,,,,,,2021-Q4,,,https://www.amd.com/en/products/accelerators/instinct/mi200/mi250x.html,1,high,"47.9 TFLOPS FP32; OAM, dual GCD (2x110 CU)"
AMD,mi300,datacenter,,MI300 Series (CDNA 3),MI300A,AMD Instinct MI300A,228,,,,,2.10 GHz,,,256 MB,550W,760W,5 nm,,,5.0,,HBM3,,5300 GB/s,128 GB,yes,yes,,,,,,2023-Q4,,,https://www.amd.com/en/products/accelerators/instinct/mi300/mi300a.html,1,high,"122.6 TFLOPS FP32; APU: 228 CDNA3 CUs + 24 Zen4 CPU cores (3x8-core chiplets), unified HBM3 memory; OAM; tdp=550W air-cooled base, 760W liquid-cooled config"
AMD,mi300,datacenter,,MI300 Series (CDNA 3),MI300X,AMD Instinct MI300X,304,,,,,2.10 GHz,,,,750W,,5 nm,,,5.0,,HBM3,,5300 GB/s,192 GB,yes,,,,,,,2023-Q4,,,https://www.amd.com/en/products/accelerators/instinct/mi300/mi300x.html,1,medium,"163.4 TFLOPS FP32 (same silicon as MI325X, clock-matched); OAM"
AMD,mi300,datacenter,,MI300 Series (CDNA 3),MI325X,AMD Instinct MI325X,304,,,,,2.10 GHz,,,,1000W,,5 nm,,,5.0,,HBM3E,,6000 GB/s,256 GB,yes,,,,,,,2024-Q4,,,https://www.amd.com/en/products/accelerators/instinct/mi300/mi325x.html,1,high,163.4 TFLOPS FP32; OAM
AMD,mi350,datacenter,,MI300 Series (CDNA 4),MI350X,AMD Instinct MI350X,256,,,,,2.20 GHz,,4 MB,256 MB,1000W,,3 nm,,,5.0,,HBM3E,,8000 GB/s,288 GB,yes,,,,,,,2025-Q2,,,https://www.amd.com/en/products/accelerators/instinct/mi350/mi350x.html,1,high,"144.2 TFLOPS FP32; OAM air-cooled, CDNA4, 8 XCD x32CU"
AMD,mi350,datacenter,,MI300 Series (CDNA 4),MI355X,AMD Instinct MI355X,256,,,,,2.40 GHz,,4 MB,256 MB,1400W,,3 nm,,,5.0,,HBM3E,,8000 GB/s,288 GB,yes,,,,,,,2025-Q2,,,https://www.amd.com/en/products/accelerators/instinct/mi350/mi355x.html,1,high,"157.3 TFLOPS FP32; OAM liquid-cooled, CDNA4, 8 XCD x32CU"
AMD,EPYC,datacenter,Bergamo,Zen 4c,EPYC 9734,AMD EPYC 9734,112,,,224,,,,,256 MB,340W,,TSMC 5nm,SP5,2,5.0,128,DDR5,12,DDR5-4800,6 TB,yes,yes,,,,,,2023-Q2,9600,,https://www.storagereview.com/review/amd-epyc-9754s-review-a-cpu-with-a-very-particular-set-of-skills,3,high,Base/boost clock not corroborated from a reliable listing; left blank. | tdp corrected in audit
AMD,EPYC,datacenter,Bergamo,Zen 4c,EPYC 9754,AMD EPYC 9754,128,,,256,2.25 GHz,3.10 GHz,3.10 GHz,,256 MB,360W,400W,TSMC 5nm,SP5,2,5.0,128,DDR5,12,DDR5-4800,6 TB,yes,yes,,,,,,2023-Q2,11900,,https://www.amd.com/en/products/processors/server/epyc/4th-generation-9004-and-8004-series/amd-epyc-9754.html,1,high,
AMD,EPYC,datacenter,Bergamo,Zen 4c,EPYC 9754S,AMD EPYC 9754S,128,,,128,2.25 GHz,3.10 GHz,,,256 MB,360W,,TSMC 5nm,SP5,2,5.0,128,DDR5,12,DDR5-4800,6 TB,yes,yes,,,,,,2023-Q2,10200,,https://www.amd.com/en/products/processors/server/epyc/4th-generation-9004-and-8004-series/amd-epyc-9754s.html,1,high,SMT disabled: 128 threads = 128 cores.
AMD,mi8,datacenter,Fiji XT (dual),GCN 3,MI8,AMD Radeon Instinct MI8,128,,,,,0.85 GHz,,,,300W,,28 nm,,,3.0,16,HBM,,1 TB/s,8 GB,,,,,,,,2017-06-20,,,https://wccftech.com/amd-firepro-s9300-x2-dual-fiji/,3,medium,"13.9 TFLOPS FP32 aggregate; 0.87 TFLOPS FP64; dual-GPU passively-cooled server card, silicon shared with FirePro S9300 X2; no FP64 hardware acceleration on Fiji; cores field = combined CUs of both GPUs (128 = 2x64)"
AMD,EPYC,datacenter,Genoa,Zen 4,EPYC 9124,AMD EPYC 9124,16,,,32,3.00 GHz,3.70 GHz,,16 MB,64 MB,200W,,TSMC 5nm,SP5,2,5.0,128,DDR5,12,DDR5-4800,6 TB,yes,yes,,,,,,2022-Q4,,,https://www.newegg.com/amd-epyc-9124-socket-sp5/p/N82E16819113819,3,high,
AMD,EPYC,datacenter,Genoa,Zen 4,EPYC 9174F,AMD EPYC 9174F,16,,,32,4.10 GHz,4.40 GHz,4.15 GHz,,256 MB,320W,400W,TSMC 5nm,SP5,2,5.0,128,DDR5,12,DDR5-4800,6 TB,yes,yes,,,,,,2022-Q4,,,https://www.amd.com/en/products/processors/server/epyc/4th-generation-9004-and-8004-series/amd-epyc-9174f.html,1,high,
AMD,EPYC,datacenter,Genoa,Zen 4,EPYC 9224,AMD EPYC 9224,24,,,48,2.50 GHz,3.70 GHz,,24 MB,64 MB,200W,,TSMC 5nm,SP5,2,5.0,128,DDR5,12,DDR5-4800,6 TB,yes,yes,,,,,,2022-Q4,,,https://www.newegg.com/amd-epyc-9224-socket-sp5/p/N82E16819113820,3,high,
AMD,EPYC,datacenter,Genoa,Zen 4,EPYC 9254,AMD EPYC 9254,24,,,48,,,,,128 MB,200W,,TSMC 5nm,SP5,2,5.0,128,DDR5,12,DDR5-4800,6 TB,yes,yes,,,,,,2022-Q4,,,https://cputronic.com/index.php/cpu/amd-epyc-9254,3,medium,Base/boost clock not corroborated from a reliable listing; left blank.
AMD,EPYC,datacenter,Genoa,Zen 4,EPYC 9274F,AMD EPYC 9274F,24,,,48,4.05 GHz,4.30 GHz,,,256 MB,320W,,TSMC 5nm,SP5,2,5.0,128,DDR5,12,DDR5-4800,6 TB,yes,yes,,,,,,2022-Q4,,,https://www.topcpu.net/en/cpu/epyc-9274f,3,medium,
AMD,EPYC,datacenter,Genoa,Zen 4,EPYC 9334,AMD EPYC 9334,32,,,64,2.70 GHz,3.90 GHz,,32 MB,128 MB,210W,,TSMC 5nm,SP5,2,5.0,128,DDR5,12,DDR5-4800,6 TB,yes,yes,,,,,,2022-Q4,,,https://www.newegg.com/amd-epyc-9334-socket-sp5/p/1WK-0184-00047,3,high,
AMD,EPYC,datacenter,Genoa,Zen 4,EPYC 9354,AMD EPYC 9354,32,,,64,3.25 GHz,3.80 GHz,,,256 MB,280W,,TSMC 5nm,SP5,2,5.0,128,DDR5,12,DDR5-4800,6 TB,yes,yes,,,,,,2022-Q4,,,https://www.newegg.com/amd-epyc-9354-socket-sp5/p/1WK-0184-00068,3,high,
AMD,EPYC,datacenter,Genoa,Zen 4,EPYC 9354P,AMD EPYC 9354P,32,,,64,3.25 GHz,3.80 GHz,,,256 MB,280W,,TSMC 5nm,SP5,1,5.0,128,DDR5,12,DDR5-4800,6 TB,yes,yes,,,,,,2022-Q4,,,https://www.newegg.com/amd-epyc-9354p-socket-sp5/p/N82E16819113821,3,high,
AMD,EPYC,datacenter,Genoa,Zen 4,EPYC 9374F,AMD EPYC 9374F,32,,,64,3.85 GHz,4.30 GHz,,,256 MB,320W,400W,TSMC 5nm,SP5,2,5.0,128,DDR5,12,DDR5-4800,6 TB,yes,yes,,,,,,2022-Q4,,,https://www.amd.com/en/products/processors/server/epyc/4th-generation-9004-and-8004-series/amd-epyc-9374f.html,1,high,
AMD,EPYC,datacenter,Genoa,Zen 4,EPYC 9454,AMD EPYC 9454,48,,,96,2.75 GHz,3.80 GHz,,,256 MB,290W,,TSMC 5nm,SP5,2,5.0,128,DDR5,12,DDR5-4800,6 TB,yes,yes,,,,,,2022-Q4,,,https://www.newegg.com/amd-epyc-9454-socket-sp5/p/N82E16819113822,3,high,
AMD,EPYC,datacenter,Genoa,Zen 4,EPYC 9454P,AMD EPYC 9454P,48,,,96,2.75 GHz,3.80 GHz,,,256 MB,290W,,TSMC 5nm,SP5,1,5.0,128,DDR5,12,DDR5-4800,6 TB,yes,yes,,,,,,2022-Q4,,,https://www.amd.com/en/products/processors/server/epyc/4th-generation-9004-and-8004-series/amd-epyc-9454.html,3,medium,"Single-socket P variant; clocks assumed identical to non-P 9454 per AMD naming convention, not independently confirmed via a P-specific listing."
AMD,EPYC,datacenter,Genoa,Zen 4,EPYC 9474F,AMD EPYC 9474F,48,,,96,3.60 GHz,4.10 GHz,3.95 GHz,,256 MB,360W,400W,TSMC 5nm,SP5,2,5.0,128,DDR5,12,DDR5-4800,6 TB,yes,yes,,,,,,2022-Q4,,,https://www.amd.com/en/products/processors/server/epyc/4th-generation-9004-and-8004-series/amd-epyc-9474f.html,1,high,
AMD,EPYC,datacenter,Genoa,Zen 4,EPYC 9534,AMD EPYC 9534,64,,,128,2.45 GHz,3.70 GHz,,,256 MB,280W,,TSMC 5nm,SP5,2,5.0,128,DDR5,12,DDR5-4800,6 TB,yes,yes,,,,,,2022-Q4,,,https://viperatech.com/product/amd-epyc-9534-processor-cpu-64-core-2-45ghz-3-70ghz,3,high,
AMD,EPYC,datacenter,Genoa,Zen 4,EPYC 9554,AMD EPYC 9554,64,,,128,3.10 GHz,3.75 GHz,,,256 MB,360W,,TSMC 5nm,SP5,2,5.0,128,DDR5,12,DDR5-4800,6 TB,yes,yes,,,,,,2022-Q4,,100-000000790,https://www.newegg.com/amd-epyc-9554-socket-sp5/p/1WK-0184-00052,3,high,
AMD,EPYC,datacenter,Genoa,Zen 4,EPYC 9554P,AMD EPYC 9554P,64,,,128,3.10 GHz,3.75 GHz,,,256 MB,360W,,TSMC 5nm,SP5,1,5.0,128,DDR5,12,DDR5-4800,6 TB,yes,yes,,,,,,2022-Q4,,,https://www.amd.com/en/products/processors/server/epyc/4th-generation-9004-and-8004-series/amd-epyc-9554.html,3,medium,"Single-socket P variant; exact clocks assumed identical to non-P 9554 per AMD naming convention, not independently confirmed via a P-specific listing."
AMD,EPYC,datacenter,Genoa,Zen 4,EPYC 9634,AMD EPYC 9634,84,,,168,2.25 GHz,3.70 GHz,,84 MB,384 MB,290W,,TSMC 5nm,SP5,2,5.0,128,DDR5,12,DDR5-4800,6 TB,yes,yes,,,,,,2022-Q4,,100-000000797,https://www.newegg.com/amd-epyc-9634-socket-sp5/p/N82E16819113823,3,high,
AMD,EPYC,datacenter,Genoa,Zen 4,EPYC 9654,AMD EPYC 9654,96,,,192,2.40 GHz,3.70 GHz,,96 MB,384 MB,360W,400W,TSMC 5nm,SP5,2,5.0,128,DDR5,12,DDR5-4800,6 TB,yes,yes,,,,,,2022-Q4,,100-000000789,https://www.newegg.com/amd-epyc-9654-socket-sp5/p/2HE-001Y-000B3,3,high,
AMD,EPYC,datacenter,Genoa,Zen 4,EPYC 9654P,AMD EPYC 9654P,96,,,192,2.40 GHz,3.70 GHz,,,384 MB,360W,400W,TSMC 5nm,SP5,1,5.0,128,DDR5,12,DDR5-4800,6 TB,yes,yes,,,,,,2022-Q4,,,https://www.newegg.com/amd-epyc-9654p-socket-sp5/p/1WK-0184-000H1,3,high,
AMD,EPYC,datacenter,Genoa-X,Zen 4,EPYC 9184X,AMD EPYC 9184X,16,,,32,3.55 GHz,4.20 GHz,,,768 MB,320W,,TSMC 5nm,SP5,2,5.0,128,DDR5,12,DDR5-4800,6 TB,yes,yes,,,,,,2023-Q2,4928,,https://www.servethehome.com/three-new-amd-epyc-genoa-x-skus-with-up-to-48mb-l3-cache-per-core-or-1-1gb-total/,3,medium,
AMD,EPYC,datacenter,Genoa-X,Zen 4,EPYC 9384X,AMD EPYC 9384X,32,,,64,3.10 GHz,3.90 GHz,,,768 MB,400W,,TSMC 5nm,SP5,2,5.0,128,DDR5,12,DDR5-4800,6 TB,yes,yes,,,,,,2023-Q2,5529,,https://www.servethehome.com/three-new-amd-epyc-genoa-x-skus-with-up-to-48mb-l3-cache-per-core-or-1-1gb-total/,3,medium,
AMD,EPYC,datacenter,Genoa-X,Zen 4,EPYC 9684X,AMD EPYC 9684X,96,,,192,2.55 GHz,3.70 GHz,3.42 GHz,96 MB,1152 MB,400W,400W,TSMC 5nm,SP5,2,5.0,128,DDR5,12,DDR5-4800,6 TB,yes,yes,,,,,,2023-Q2,14756,,https://www.amd.com/en/products/processors/server/epyc/4th-generation-9004-and-8004-series/amd-epyc-9684x.html,1,high,3D V-Cache: 384MB base CCD L3 + 768MB stacked V-Cache = 1152MB total. cTDP configurable down to 320W per STH.
AMD,EPYC,datacenter,Milan,Zen 3,EPYC 7203,AMD EPYC 7203,8,,,16,2.80 GHz,3.40 GHz,,,64 MB,120W,,TSMC 7nm,SP3,2,4.0,128,DDR4,8,DDR4-3200,4 TB,yes,no,,,,,,2021-Q1,348,,https://wccftech.com/amd-3rd-gen-epyc-milan-cpu-specs-benchmarks-leak-out-up-to-64-cores-280w/,3,medium,
AMD,EPYC,datacenter,Milan,Zen 3,EPYC 7203P,AMD EPYC 7203P,8,,,16,2.80 GHz,3.40 GHz,,,64 MB,120W,,TSMC 7nm,SP3,1,4.0,128,DDR4,8,DDR4-3200,4 TB,yes,no,,,,,,2021-Q1,338,,https://wccftech.com/amd-3rd-gen-epyc-milan-cpu-specs-benchmarks-leak-out-up-to-64-cores-280w/,3,medium,
AMD,EPYC,datacenter,Milan,Zen 3,EPYC 72F3,AMD EPYC 72F3,8,,,16,3.70 GHz,4.10 GHz,,,256 MB,180W,200W,TSMC 7nm,SP3,2,4.0,128,DDR4,8,DDR4-3200,4 TB,yes,no,,,,,,2021-Q1,,,https://www.newegg.com/amd-epyc-72f3-socket-sp3/p/N82E16819113691,3,high,
AMD,EPYC,datacenter,Milan,Zen 3,EPYC 7303,AMD EPYC 7303,16,,,32,2.40 GHz,3.40 GHz,,,64 MB,130W,150W,TSMC 7nm,SP3,2,4.0,128,DDR4,8,DDR4-3200,4 TB,yes,no,,,,,,2021-Q1,,,https://www.amd.com/en/products/processors/server/epyc/7003-series/amd-epyc-7303.html,1,medium,
AMD,EPYC,datacenter,Milan,Zen 3,EPYC 7303P,AMD EPYC 7303P,16,,,32,2.40 GHz,3.40 GHz,,,64 MB,130W,,TSMC 7nm,SP3,1,4.0,128,DDR4,8,DDR4-3200,4 TB,yes,no,,,,,,2021-Q1,,,https://www.amd.com/en/products/processors/server/epyc/7003-series/amd-epyc-7303p.html,1,medium,
AMD,EPYC,datacenter,Milan,Zen 3,EPYC 7313,AMD EPYC 7313,16,,,32,3.00 GHz,3.70 GHz,,,128 MB,155W,,TSMC 7nm,SP3,2,4.0,128,DDR4,8,DDR4-3200,4 TB,yes,no,,,,,,2021-Q1,,,https://en.wikichip.org/wiki/amd/epyc/7313,3,medium,
AMD,EPYC,datacenter,Milan,Zen 3,EPYC 7313P,AMD EPYC 7313P,16,,,32,3.00 GHz,3.70 GHz,,,128 MB,155W,,TSMC 7nm,SP3,1,4.0,128,DDR4,8,DDR4-3200,4 TB,yes,no,,,,,,2021-Q1,,,https://www.amd.com/en/products/processors/server/epyc/7003-series/amd-epyc-7313p.html,1,medium,Single-socket P variant; clocks assumed identical to 7313.
AMD,EPYC,datacenter,Milan,Zen 3,EPYC 7343,AMD EPYC 7343,16,,,32,3.20 GHz,3.90 GHz,,,128 MB,190W,200W,TSMC 7nm,SP3,2,4.0,128,DDR4,8,DDR4-3200,4 TB,yes,no,,,,,,2021-Q1,,,https://www.newegg.com/amd-epyc-7343-socket-sp3/p/N82E16819113695,3,high,
AMD,EPYC,datacenter,Milan,Zen 3,EPYC 73F3,AMD EPYC 73F3,16,,,32,3.50 GHz,4.00 GHz,,,256 MB,240W,,TSMC 7nm,SP3,2,4.0,128,DDR4,8,DDR4-3200,4 TB,yes,no,,,,,,2021-Q1,,,https://www.newegg.com/amd-epyc-73f3-socket-sp3/p/N82E16819113693,3,high,
AMD,EPYC,datacenter,Milan,Zen 3,EPYC 7413,AMD EPYC 7413,24,,,48,2.65 GHz,3.60 GHz,,,128 MB,180W,200W,TSMC 7nm,SP3,2,4.0,128,DDR4,8,DDR4-3200,4 TB,yes,no,,,,,,2021-Q1,,,https://www.newegg.com/amd-epyc-7413-socket-sp3/p/N82E16819113706,3,high,
AMD,EPYC,datacenter,Milan,Zen 3,EPYC 7443,AMD EPYC 7443,24,,,48,2.85 GHz,4.00 GHz,,,128 MB,200W,,TSMC 7nm,SP3,2,4.0,128,DDR4,8,DDR4-3200,4 TB,yes,no,,,,,,2021-Q1,,,https://www.newegg.com/AMD-EPYC-7443P-Socket-SP3/p/N82E16819113702,3,medium,Clocks taken from confirmed 7443P (identical non-P sibling); not independently line-item verified for non-P.
AMD,EPYC,datacenter,Milan,Zen 3,EPYC 7443P,AMD EPYC 7443P,24,,,48,2.85 GHz,4.00 GHz,,,128 MB,200W,,TSMC 7nm,SP3,1,4.0,128,DDR4,8,DDR4-3200,4 TB,yes,no,,,,,,2021-Q1,,,https://www.newegg.com/AMD-EPYC-7443P-Socket-SP3/p/N82E16819113702,3,high,
AMD,EPYC,datacenter,Milan,Zen 3,EPYC 7453,AMD EPYC 7453,28,,,56,2.75 GHz,3.45 GHz,,,64 MB,225W,240W,TSMC 7nm,SP3,2,4.0,128,DDR4,8,DDR4-3200,4 TB,yes,no,,,,,,2021-Q1,,,https://www.newegg.com/amd-epyc-7453-socket-sp3/p/N82E16819113708,3,high,
AMD,EPYC,datacenter,Milan,Zen 3,EPYC 74F3,AMD EPYC 74F3,24,,,48,3.20 GHz,4.00 GHz,,,256 MB,240W,,TSMC 7nm,SP3,2,4.0,128,DDR4,8,DDR4-3200,4 TB,yes,no,,,,,,2021-Q1,,,https://www.newegg.com/amd-epyc-74f3-socket-sp3/p/N82E16819113701,3,high,
AMD,EPYC,datacenter,Milan,Zen 3,EPYC 7513,AMD EPYC 7513,32,,,64,2.60 GHz,3.65 GHz,,,128 MB,200W,200W,TSMC 7nm,SP3,2,4.0,128,DDR4,8,DDR4-3200,4 TB,yes,no,,,,,,2021-Q1,,,https://www.amd.com/en/products/processors/server/epyc/7003-series/amd-epyc-7513.html,1,high,
AMD,EPYC,datacenter,Milan,Zen 3,EPYC 7543,AMD EPYC 7543,32,,,64,2.80 GHz,3.70 GHz,,,256 MB,225W,,TSMC 7nm,SP3,2,4.0,128,DDR4,8,DDR4-3200,4 TB,yes,no,,,,,,2021-Q1,,,https://www.tomshardware.com/news/amd-unveils-epyc-milan-7003-cpus-zen-3-comes-to-64-core-server-chips,3,medium,
AMD,EPYC,datacenter,Milan,Zen 3,EPYC 7543P,AMD EPYC 7543P,32,,,64,2.80 GHz,3.70 GHz,,,256 MB,225W,,TSMC 7nm,SP3,1,4.0,128,DDR4,8,DDR4-3200,4 TB,yes,no,,,,,,2021-Q1,,,https://www.amd.com/en/products/processors/server/epyc/7003-series/amd-epyc-7543p.html,1,medium,Single-socket P variant; clocks assumed identical to 7543.
AMD,EPYC,datacenter,Milan,Zen 3,EPYC 75F3,AMD EPYC 75F3,32,,,64,2.95 GHz,4.00 GHz,,,256 MB,280W,,TSMC 7nm,SP3,2,4.0,128,DDR4,8,DDR4-3200,4 TB,yes,no,,,,,,2021-Q1,,,https://www.amd.com/en/products/processors/server/epyc/7003-series/amd-epyc-75f3.html,1,high,
AMD,EPYC,datacenter,Milan,Zen 3,EPYC 7643,AMD EPYC 7643,48,,,96,2.30 GHz,3.60 GHz,,,256 MB,225W,240W,TSMC 7nm,SP3,2,4.0,128,DDR4,8,DDR4-3200,4 TB,yes,no,,,,,,2021-Q1,,,https://www.amd.com/en/products/processors/server/epyc/7003-series/amd-epyc-7643.html,1,high,
AMD,EPYC,datacenter,Milan,Zen 3,EPYC 7643P,AMD EPYC 7643P,48,,,96,2.30 GHz,3.60 GHz,,,256 MB,225W,240W,TSMC 7nm,SP3,1,4.0,128,DDR4,8,DDR4-3200,4 TB,yes,no,,,,,,2021-Q1,,,https://www.amd.com/en/products/processors/server/epyc/7003-series/amd-epyc-7643p.html,1,medium,Single-socket P variant; clocks assumed identical to 7643.
AMD,EPYC,datacenter,Milan,Zen 3,EPYC 7663,AMD EPYC 7663,56,,,112,2.00 GHz,3.50 GHz,,,256 MB,240W,,TSMC 7nm,SP3,2,4.0,128,DDR4,8,DDR4-3200,4 TB,yes,no,,,,,,2021-Q1,,,https://www.amd.com/en/products/processors/server/epyc/7003-series/amd-epyc-7663.html,1,high,
AMD,EPYC,datacenter,Milan,Zen 3,EPYC 7663P,AMD EPYC 7663P,56,,,112,2.00 GHz,3.50 GHz,,,256 MB,240W,,TSMC 7nm,SP3,1,4.0,128,DDR4,8,DDR4-3200,4 TB,yes,no,,,,,,2021-Q1,,,https://www.amd.com/en/products/processors/server/epyc/7003-series/amd-epyc-7663p.html,1,medium,Single-socket P variant; clocks assumed identical to 7663.
AMD,EPYC,datacenter,Milan,Zen 3,EPYC 7713,AMD EPYC 7713,64,,,128,2.00 GHz,3.67 GHz,,,256 MB,225W,240W,TSMC 7nm,SP3,2,4.0,128,DDR4,8,DDR4-3200,4 TB,yes,no,,,,,,2021-Q1,,,https://www.thomas-krenn.com/en/wiki/AMD_EPYC_7003_Milan,3,medium,
AMD,EPYC,datacenter,Milan,Zen 3,EPYC 7713P,AMD EPYC 7713P,64,,,128,2.00 GHz,3.67 GHz,,,256 MB,225W,240W,TSMC 7nm,SP3,1,4.0,128,DDR4,8,DDR4-3200,4 TB,yes,no,,,,,,2021-Q1,,,https://www.thomas-krenn.com/en/wiki/AMD_EPYC_7003_Milan,3,medium,"Single-socket P variant; clocks assumed identical to 7713 per AMD naming convention, not independently line-item confirmed."
AMD,EPYC,datacenter,Milan,Zen 3,EPYC 7763,AMD EPYC 7763,64,,,128,2.45 GHz,3.50 GHz,,32 MB,256 MB,280W,280W,TSMC 7nm,SP3,2,4.0,128,DDR4,8,DDR4-3200,4 TB,yes,no,,,,,,2021-Q1,7890,,https://www.amd.com/en/products/processors/server/epyc/7003-series/amd-epyc-7763.html,1,high,
AMD,EPYC,datacenter,Milan-X,Zen 3,EPYC 7373X,AMD EPYC 7373X,16,,,32,3.05 GHz,3.80 GHz,,,768 MB,240W,,TSMC 7nm,SP3,2,4.0,128,DDR4,8,DDR4-3200,4 TB,yes,no,,,,,,2022-Q1,,,https://wccftech.com/amd-epyc-7003x-milan-x-cpu-final-specs-prices-leak-flagship-epyc-7773x-1000-us-more-expensive/,3,medium,
AMD,EPYC,datacenter,Milan-X,Zen 3,EPYC 7473X,AMD EPYC 7473X,24,,,48,2.80 GHz,3.70 GHz,,,768 MB,240W,,TSMC 7nm,SP3,2,4.0,128,DDR4,8,DDR4-3200,4 TB,yes,no,,,,,,2022-Q1,,,https://wccftech.com/amd-epyc-7003x-milan-x-cpu-final-specs-prices-leak-flagship-epyc-7773x-1000-us-more-expensive/,3,medium,
AMD,EPYC,datacenter,Milan-X,Zen 3,EPYC 7573X,AMD EPYC 7573X,32,,,64,2.80 GHz,3.60 GHz,,,768 MB,280W,,TSMC 7nm,SP3,2,4.0,128,DDR4,8,DDR4-3200,4 TB,yes,no,,,,,,2022-Q1,5590,,https://wccftech.com/amd-epyc-7003x-milan-x-cpu-final-specs-prices-leak-flagship-epyc-7773x-1000-us-more-expensive/,3,medium,
AMD,EPYC,datacenter,Milan-X,Zen 3,EPYC 7773X,AMD EPYC 7773X,64,,,128,2.20 GHz,3.50 GHz,,,768 MB,280W,,TSMC 7nm,SP3,2,4.0,128,DDR4,8,DDR4-3200,4 TB,yes,no,,,,,,2022-Q1,8800,,https://www.tomshardware.com/news/amd-launches-milan-x-with-3d-v-cache-epyc-7773x-with-768mb-l3-cache-for-dollar8800,3,medium,3D V-Cache: 256MB base CCD L3 + 512MB stacked V-Cache = 768MB total.
AMD,EPYC,datacenter,Naples,Zen 1,EPYC 7251,AMD EPYC 7251,8,,,16,2.10 GHz,2.90 GHz,,,32 MB,120W,,GlobalFoundries 14nm,SP3,2,3.0,128,DDR4,8,DDR4-2666,2 TB,yes,no,,,,,,2017-Q2,450,,https://www.cpu-monkey.com/en/cpu-amd_epyc_7251,3,high,
AMD,EPYC,datacenter,Naples,Zen 1,EPYC 7261,AMD EPYC 7261,8,,,16,2.50 GHz,2.90 GHz,,,64 MB,170W,,GlobalFoundries 14nm,SP3,2,3.0,128,DDR4,8,DDR4-2666,2 TB,yes,no,,,,,,2017-Q2,,,https://askgeek.io/en/cpus/AMD/EPYC-7261,3,medium,"L3 cache unusually large (64MB) for an 8-core Naples SKU ('L3 cache monster'), confirmed across multiple secondary sources."
AMD,EPYC,datacenter,Naples,Zen 1,EPYC 7281,AMD EPYC 7281,16,,,32,2.10 GHz,2.70 GHz,,,32 MB,170W,,GlobalFoundries 14nm,SP3,2,3.0,128,DDR4,8,DDR4-2666,2 TB,yes,no,,,,,,2017-Q2,625,,https://www.cpu-monkey.com/en/cpu-amd_epyc_7281,3,high,
AMD,EPYC,datacenter,Naples,Zen 1,EPYC 7301,AMD EPYC 7301,16,,,32,2.20 GHz,2.70 GHz,,,64 MB,170W,,GlobalFoundries 14nm,SP3,2,3.0,128,DDR4,8,DDR4-2666,2 TB,yes,no,,,,,,2017-Q2,800,,https://www.cpu-monkey.com/en/cpu-amd_epyc_7301,3,high,
AMD,EPYC,datacenter,Naples,Zen 1,EPYC 7351,AMD EPYC 7351,16,,,32,2.40 GHz,2.90 GHz,,,64 MB,170W,,GlobalFoundries 14nm,SP3,2,3.0,128,DDR4,8,DDR4-2666,2 TB,yes,no,,,,,,2017-Q2,850,,https://www.cpu-monkey.com/en/cpu-amd_epyc_7351,3,high,
AMD,EPYC,datacenter,Naples,Zen 1,EPYC 7351P,AMD EPYC 7351P,16,,,32,2.40 GHz,2.90 GHz,,,64 MB,170W,,GlobalFoundries 14nm,SP3,1,3.0,128,DDR4,8,DDR4-2666,2 TB,yes,no,,,,,,2017-Q2,900,,https://www.cpu-monkey.com/en/cpu-amd_epyc_7351p,3,high,
AMD,EPYC,datacenter,Naples,Zen 1,EPYC 7371,AMD EPYC 7371,16,,,32,3.10 GHz,3.80 GHz,,,64 MB,200W,,GlobalFoundries 14nm,SP3,2,3.0,128,DDR4,8,DDR4-2666,2 TB,yes,no,,,,,,2017-Q2,,,https://www.servethehome.com/amd-epyc-7371-review-now-the-fastest-16-core-cpu/,3,high,Some retailer listings show 200W TDP variant; 170W is the AMD-spec default cited by ServeTheHome launch coverage. | tdp corrected in audit
AMD,EPYC,datacenter,Naples,Zen 1,EPYC 7401,AMD EPYC 7401,24,,,48,2.00 GHz,3.00 GHz,,,64 MB,170W,,GlobalFoundries 14nm,SP3,2,3.0,128,DDR4,8,DDR4-2666,2 TB,yes,no,,,,,,2017-Q2,1450,,https://www.cpu-monkey.com/en/cpu-amd_epyc_7401,3,high,
AMD,EPYC,datacenter,Naples,Zen 1,EPYC 7401P,AMD EPYC 7401P,24,,,48,2.00 GHz,3.00 GHz,,,64 MB,170W,,GlobalFoundries 14nm,SP3,1,3.0,128,DDR4,8,DDR4-2666,2 TB,yes,no,,,,,,2017-Q2,1450,,https://www.cpu-monkey.com/en/cpu-amd_epyc_7401p,3,high,
AMD,EPYC,datacenter,Naples,Zen 1,EPYC 7451,AMD EPYC 7451,24,,,48,2.30 GHz,3.20 GHz,,,64 MB,180W,,GlobalFoundries 14nm,SP3,2,3.0,128,DDR4,8,DDR4-2666,2 TB,yes,no,,,,,,2017-Q2,2400,,https://www.cpu-monkey.com/en/cpu-amd_epyc_7451,3,high,
AMD,EPYC,datacenter,Naples,Zen 1,EPYC 7501,AMD EPYC 7501,32,,,64,2.00 GHz,3.00 GHz,,,64 MB,170W,,GlobalFoundries 14nm,SP3,2,3.0,128,DDR4,8,DDR4-2666,2 TB,yes,no,,,,,,2017-Q2,2750,,https://www.cpu-monkey.com/en/cpu-amd_epyc_7501,3,high,
AMD,EPYC,datacenter,Naples,Zen 1,EPYC 7551,AMD EPYC 7551,32,,,64,2.00 GHz,3.00 GHz,,,64 MB,180W,,GlobalFoundries 14nm,SP3,2,3.0,128,DDR4,8,DDR4-2666,2 TB,yes,no,,,,,,2017-Q2,3200,,https://www.cpu-monkey.com/en/cpu-amd_epyc_7551,3,high,
AMD,EPYC,datacenter,Naples,Zen 1,EPYC 7551P,AMD EPYC 7551P,32,,,64,2.00 GHz,3.00 GHz,,,64 MB,180W,,GlobalFoundries 14nm,SP3,1,3.0,128,DDR4,8,DDR4-2666,2 TB,yes,no,,,,,,2017-Q2,2100,,https://www.cpu-monkey.com/en/cpu-amd_epyc_7551p,3,high,
AMD,EPYC,datacenter,Naples,Zen 1,EPYC 7601,AMD EPYC 7601,32,,,64,2.20 GHz,3.20 GHz,,,64 MB,180W,,GlobalFoundries 14nm,SP3,2,3.0,128,DDR4,8,DDR4-2666,2 TB,yes,no,,,,,,2017-Q2,4200,,https://www.cpu-monkey.com/en/cpu-amd_epyc_7601,3,high,
AMD,mi8,datacenter,Polaris 10,Polaris (GCN 4),MI6,AMD Radeon Instinct MI6,36,,,,1.12 GHz,1.23 GHz,,2 MB,,150W,,14 nm,,,3.0,16,GDDR5,,224 GB/s,16 GB,,,,,,,,2017-06-20,,,https://cputronic.com/en/gpu/amd-radeon-instinct-mi6,3,medium,"5.7 TFLOPS FP16/FP32; FP64 358 GFLOPS; single-slot passive server card, MxGPU virtualization support; targeted at inference/edge-training rather than training"
AMD,EPYC,datacenter,Rome,Zen 2,EPYC 7232P,AMD EPYC 7232P,8,,,16,3.10 GHz,3.20 GHz,,,32 MB,120W,,TSMC 7nm,SP3,1,4.0,128,DDR4,8,DDR4-3200,4 TB,yes,no,,,,,,2019-Q3,,,https://en.wikichip.org/wiki/amd/epyc/7232p,1,high,4-channel memory-optimized SKU; all 8 DDR4 channels/16 DIMMs can be populated but only 4-channel bandwidth is available.
AMD,EPYC,datacenter,Rome,Zen 2,EPYC 7252,AMD EPYC 7252,8,,,16,3.10 GHz,3.20 GHz,,,64 MB,120W,,TSMC 7nm,SP3,2,4.0,128,DDR4,8,DDR4-2666,4 TB,yes,no,,,,,,2019-Q3,,,https://www.thomas-krenn.com/en/wiki/AMD_EPYC_7002_Rome,3,high,base_clock corrected in audit
AMD,EPYC,datacenter,Rome,Zen 2,EPYC 7262,AMD EPYC 7262,8,,,16,3.20 GHz,3.40 GHz,,,128 MB,155W,,TSMC 7nm,SP3,2,4.0,128,DDR4,8,DDR4-3200,4 TB,yes,no,,,,,,2019-Q3,,,https://www.thomas-krenn.com/en/wiki/AMD_EPYC_7002_Rome,3,medium,"8-core SKU with full 128MB L3 (cache-heavy variant), confirmed via family table."
AMD,EPYC,datacenter,Rome,Zen 2,EPYC 7272,AMD EPYC 7272,12,,,24,2.90 GHz,3.20 GHz,,,64 MB,120W,,TSMC 7nm,SP3,2,4.0,128,DDR4,8,DDR4-2666,4 TB,yes,no,,,,,,2019-Q3,,,https://www.thomas-krenn.com/en/wiki/AMD_EPYC_7002_Rome,3,high,base_clock corrected in audit
AMD,EPYC,datacenter,Rome,Zen 2,EPYC 7282,AMD EPYC 7282,16,,,32,2.80 GHz,3.20 GHz,,,64 MB,120W,,TSMC 7nm,SP3,2,4.0,128,DDR4,8,DDR4-2666,4 TB,yes,no,,,,,,2019-Q3,,,https://www.thomas-krenn.com/en/wiki/AMD_EPYC_7002_Rome,3,high,base_clock corrected in audit
AMD,EPYC,datacenter,Rome,Zen 2,EPYC 7302,AMD EPYC 7302,16,,,32,3.00 GHz,3.30 GHz,,,128 MB,155W,,TSMC 7nm,SP3,2,4.0,128,DDR4,8,DDR4-3200,4 TB,yes,no,,,,,,2019-Q3,,,https://www.thomas-krenn.com/en/wiki/AMD_EPYC_7002_Rome,3,high,base_clock corrected in audit
AMD,EPYC,datacenter,Rome,Zen 2,EPYC 7302P,AMD EPYC 7302P,16,,,32,3.00 GHz,3.30 GHz,,,128 MB,155W,,TSMC 7nm,SP3,1,4.0,128,DDR4,8,DDR4-3200,4 TB,yes,no,,,,,,2019-Q3,,,https://en.wikichip.org/wiki/amd/epyc/7302p,1,high,"Base clock (3.0GHz) differs slightly from non-P 7302 (2.8GHz) per WikiChip; this is a genuine SKU difference, not an error."
AMD,EPYC,datacenter,Rome,Zen 2,EPYC 7352,AMD EPYC 7352,24,,,48,2.30 GHz,3.20 GHz,,,128 MB,155W,,TSMC 7nm,SP3,2,4.0,128,DDR4,8,DDR4-3200,4 TB,yes,no,,,,,,2019-Q3,,,https://www.thomas-krenn.com/en/wiki/AMD_EPYC_7002_Rome,3,medium,
AMD,EPYC,datacenter,Rome,Zen 2,EPYC 7402,AMD EPYC 7402,24,,,48,2.80 GHz,3.35 GHz,,,128 MB,180W,,TSMC 7nm,SP3,2,4.0,128,DDR4,8,DDR4-3200,4 TB,yes,no,,,,,,2019-Q3,,,https://www.thomas-krenn.com/en/wiki/AMD_EPYC_7002_Rome,3,medium,
AMD,EPYC,datacenter,Rome,Zen 2,EPYC 7402P,AMD EPYC 7402P,24,,,48,2.80 GHz,3.35 GHz,,,128 MB,180W,,TSMC 7nm,SP3,1,4.0,128,DDR4,8,DDR4-3200,4 TB,yes,no,,,,,,2019-Q3,,,https://en.wikichip.org/wiki/amd/epyc/7402p,1,high,
AMD,EPYC,datacenter,Rome,Zen 2,EPYC 7452,AMD EPYC 7452,32,,,64,2.35 GHz,3.35 GHz,,,128 MB,155W,,TSMC 7nm,SP3,2,4.0,128,DDR4,8,DDR4-3200,4 TB,yes,no,,,,,,2019-Q3,,,https://www.thomas-krenn.com/en/wiki/AMD_EPYC_7002_Rome,3,medium,
AMD,EPYC,datacenter,Rome,Zen 2,EPYC 7502,AMD EPYC 7502,32,,,64,2.50 GHz,3.35 GHz,,,128 MB,180W,,TSMC 7nm,SP3,2,4.0,128,DDR4,8,DDR4-3200,4 TB,yes,no,,,,,,2019-Q3,,,https://en.wikichip.org/wiki/amd/epyc/7502,1,medium,"Source conflict: one summarized table row incorrectly grouped 7502/7502P with 64-core/256MB figures (likely a table-parsing error conflated with 7702P row); corroborated figure from WikiChip/ServeTheHome/cpu-world is 32 cores, 128MB L3, 180W. Used the corroborated value."
AMD,EPYC,datacenter,Rome,Zen 2,EPYC 7502P,AMD EPYC 7502P,32,,,64,2.50 GHz,3.35 GHz,,,128 MB,180W,,TSMC 7nm,SP3,1,4.0,128,DDR4,8,DDR4-3200,4 TB,yes,no,,,,,,2019-Q3,,,https://en.wikichip.org/wiki/amd/epyc/7502p,1,high,
AMD,EPYC,datacenter,Rome,Zen 2,EPYC 7532,AMD EPYC 7532,32,,,64,2.40 GHz,3.30 GHz,,,256 MB,200W,,TSMC 7nm,SP3,2,4.0,128,DDR4,8,DDR4-3200,4 TB,yes,no,,,,,,2019-Q3,2380,,https://en.wikichip.org/wiki/amd/epyc/7532,1,high,
AMD,EPYC,datacenter,Rome,Zen 2,EPYC 7542,AMD EPYC 7542,32,,,64,2.90 GHz,3.40 GHz,,,128 MB,225W,,TSMC 7nm,SP3,2,4.0,128,DDR4,8,DDR4-3200,4 TB,yes,no,,,,,,2019-Q3,,,https://www.thomas-krenn.com/en/wiki/AMD_EPYC_7002_Rome,3,medium,
AMD,EPYC,datacenter,Rome,Zen 2,EPYC 7552,AMD EPYC 7552,48,,,96,2.20 GHz,3.35 GHz,,,192 MB,200W,,TSMC 7nm,SP3,2,4.0,128,DDR4,8,DDR4-3200,4 TB,yes,no,,,,,,2019-Q3,,,https://www.thomas-krenn.com/en/wiki/AMD_EPYC_7002_Rome,3,medium,
AMD,EPYC,datacenter,Rome,Zen 2,EPYC 7642,AMD EPYC 7642,48,,,96,2.40 GHz,3.40 GHz,,,256 MB,225W,,TSMC 7nm,SP3,2,4.0,128,DDR4,8,DDR4-3200,4 TB,yes,no,,,,,,2019-Q3,,,https://www.hyperscalers.com/index.php?route=product%2Fproduct&product_id=431,3,high,l3_cache corrected in audit
AMD,EPYC,datacenter,Rome,Zen 2,EPYC 7662,AMD EPYC 7662,64,,,128,2.00 GHz,3.35 GHz,,,256 MB,225W,,TSMC 7nm,SP3,2,4.0,128,DDR4,8,DDR4-3200,4 TB,yes,no,,,,,,2019-Q3,,,https://www.tomshardware.com/news/amd-epyc-7662-epyc-7532,3,medium,
AMD,EPYC,datacenter,Rome,Zen 2,EPYC 7702,AMD EPYC 7702,64,,,128,2.00 GHz,3.35 GHz,,,256 MB,200W,,TSMC 7nm,SP3,2,4.0,128,DDR4,8,DDR4-3200,4 TB,yes,no,,,,,,2019-Q3,,,https://www.amd.com/en/products/processors/server/epyc/7002-series.html,3,medium,Clocks/TDP taken from confirmed 7702P (identical non-P sibling per AMD convention); not independently re-verified for 7702.
AMD,EPYC,datacenter,Rome,Zen 2,EPYC 7702P,AMD EPYC 7702P,64,,,128,2.00 GHz,3.35 GHz,,,256 MB,200W,,TSMC 7nm,SP3,1,4.0,128,DDR4,8,DDR4-3200,4 TB,yes,no,,,,,,2019-Q3,,,https://www.amd.com/en/products/processors/server/epyc/7002-series.html,3,high,
AMD,EPYC,datacenter,Rome,Zen 2,EPYC 7742,AMD EPYC 7742,64,,,128,2.25 GHz,3.40 GHz,,,256 MB,225W,240W,TSMC 7nm,SP3,2,4.0,128,DDR4,8,DDR4-3200,4 TB,yes,no,,,,,,2019-Q3,,,https://en.wikichip.org/wiki/amd/epyc/7742,1,high,
AMD,EPYC,datacenter,Rome,Zen 2,EPYC 7F32,AMD EPYC 7F32,8,,,16,3.70 GHz,3.90 GHz,,,128 MB,180W,,TSMC 7nm,SP3,2,4.0,128,DDR4,8,DDR4-3200,4 TB,yes,no,,,,,,2019-Q3,,,https://www.servethehome.com/amd-epyc-7f32-benchmarks-and-review/,3,medium,Frequency-optimized F-series SKU; each core gets its own 16MB L3 slice.
AMD,EPYC,datacenter,Rome,Zen 2,EPYC 7F52,AMD EPYC 7F52,16,,,32,3.50 GHz,3.90 GHz,,,256 MB,240W,,TSMC 7nm,SP3,2,4.0,128,DDR4,8,DDR4-3200,4 TB,yes,no,,,,,,2019-Q3,,,https://www.servethehome.com/amd-epyc-7f52-benchmarks-review-and-market-perspective/2/,3,medium,Frequency-optimized F-series SKU with full 256MB L3 complement (2 cores active per die across 8 dies).
AMD,EPYC,datacenter,Rome,Zen 2,EPYC 7F72,AMD EPYC 7F72,24,,,48,3.20 GHz,3.70 GHz,,,192 MB,240W,,TSMC 7nm,SP3,2,4.0,128,DDR4,8,DDR4-3200,4 TB,yes,no,,,,,,2019-Q3,,,https://www.servethehome.com/amd-epyc-7f72-benchmarks-and-review/,3,medium,Frequency-optimized F-series SKU; 2 cores active per CCX (vs 3 on 7402) giving more L3 per core.
AMD,EPYC,datacenter,Rome,Zen 2,EPYC 7H12,AMD EPYC 7H12,64,,,128,2.60 GHz,3.30 GHz,,,256 MB,280W,,TSMC 7nm,SP3,2,4.0,128,DDR4,8,DDR4-3200,4 TB,yes,no,,,,,,2019-Q3,,,https://www.servethehome.com/amd-epyc-7h12-review-the-supercomputer-epyc/,3,medium,Specially-binned HPC SKU intended for liquid-cooled deployments (e.g. Cray supercomputers); not broadly retail-available.
AMD,EPYC,datacenter,Siena,Zen 4c,EPYC 8024P,AMD EPYC 8024P,8,,,16,2.40 GHz,3.00 GHz,,,,90W,90W,TSMC 5nm,SP6,1,5.0,96,DDR5,6,DDR5-4800,1.152 TB,yes,yes,,,,,,2023-Q3,409,,https://www.guru3d.com/story/amd-epyc-8004-series-siena-processors-specifications-and-anticipated-features/,3,medium,cTDP configurable down to 70W per Guru3D.
AMD,EPYC,datacenter,Siena,Zen 4c,EPYC 8024PN,AMD EPYC 8024PN,8,,,16,2.05 GHz,3.00 GHz,,,,80W,,TSMC 5nm,SP6,1,5.0,96,DDR5,6,DDR5-4800,1.152 TB,yes,yes,,,,,,2023-Q3,525,,https://www.tomshardware.com/news/amd-launches-epyc-8004-series-siena-cpus-up-to-64-zen-4c-cores,3,medium,"NEBS-friendly variant, fixed TDP."
AMD,EPYC,datacenter,Siena,Zen 4c,EPYC 8124P,AMD EPYC 8124P,16,,,32,2.45 GHz,3.00 GHz,,,,125W,,TSMC 5nm,SP6,1,5.0,96,DDR5,6,DDR5-4800,1.152 TB,yes,yes,,,,,,2023-Q3,639,,https://www.topcpu.net/en/cpu/epyc-8124p,3,medium,
AMD,EPYC,datacenter,Siena,Zen 4c,EPYC 8124PN,AMD EPYC 8124PN,16,,,32,2.00 GHz,3.00 GHz,,,,100W,,TSMC 5nm,SP6,1,5.0,96,DDR5,6,DDR5-4800,1.152 TB,yes,yes,,,,,,2023-Q3,790,,https://www.tomshardware.com/news/amd-launches-epyc-8004-series-siena-cpus-up-to-64-zen-4c-cores,3,medium,"NEBS-friendly variant, fixed TDP."
AMD,EPYC,datacenter,Siena,Zen 4c,EPYC 8224P,AMD EPYC 8224P,24,,,48,2.55 GHz,3.00 GHz,,,,160W,,TSMC 5nm,SP6,1,5.0,96,DDR5,6,DDR5-4800,1.152 TB,yes,yes,,,,,,2023-Q3,855,,https://www.tomshardware.com/news/amd-launches-epyc-8004-series-siena-cpus-up-to-64-zen-4c-cores,3,medium,
AMD,EPYC,datacenter,Siena,Zen 4c,EPYC 8224PN,AMD EPYC 8224PN,24,,,48,2.00 GHz,3.00 GHz,,,,120W,,TSMC 5nm,SP6,1,5.0,96,DDR5,6,DDR5-4800,1.152 TB,yes,yes,,,,,,2023-Q3,1105,,https://www.tomshardware.com/news/amd-launches-epyc-8004-series-siena-cpus-up-to-64-zen-4c-cores,3,medium,"NEBS-friendly variant, fixed TDP."
AMD,EPYC,datacenter,Siena,Zen 4c,EPYC 8324P,AMD EPYC 8324P,32,,,64,2.65 GHz,3.00 GHz,,,,180W,,TSMC 5nm,SP6,1,5.0,96,DDR5,6,DDR5-4800,1.152 TB,yes,yes,,,,,,2023-Q3,1895,,https://www.topcpu.net/en/cpu/amd-epyc-8324p,3,medium,
AMD,EPYC,datacenter,Siena,Zen 4c,EPYC 8324PN,AMD EPYC 8324PN,32,,,64,2.05 GHz,3.00 GHz,,,,130W,,TSMC 5nm,SP6,1,5.0,96,DDR5,6,DDR5-4800,1.152 TB,yes,yes,,,,,,2023-Q3,2125,,https://www.tomshardware.com/news/amd-launches-epyc-8004-series-siena-cpus-up-to-64-zen-4c-cores,3,medium,"NEBS-friendly variant, fixed TDP."
AMD,EPYC,datacenter,Siena,Zen 4c,EPYC 8434P,AMD EPYC 8434P,48,,,96,2.50 GHz,3.00 GHz,,,,200W,,TSMC 5nm,SP6,1,5.0,96,DDR5,6,DDR5-4800,1.152 TB,yes,yes,,,,,,2023-Q3,2700,,https://www.tomshardware.com/news/amd-launches-epyc-8004-series-siena-cpus-up-to-64-zen-4c-cores,3,medium,
AMD,EPYC,datacenter,Siena,Zen 4c,EPYC 8434PN,AMD EPYC 8434PN,48,,,96,2.00 GHz,3.00 GHz,,,,155W,,TSMC 5nm,SP6,1,5.0,96,DDR5,6,DDR5-4800,1.152 TB,yes,yes,,,,,,2023-Q3,,,https://www.tomshardware.com/news/amd-launches-epyc-8004-series-siena-cpus-up-to-64-zen-4c-cores,3,medium,"NEBS-friendly variant, fixed TDP."
AMD,EPYC,datacenter,Siena,Zen 4c,EPYC 8534P,AMD EPYC 8534P,64,,,128,2.30 GHz,3.10 GHz,,,,200W,,TSMC 5nm,SP6,1,5.0,96,DDR5,6,DDR5-4800,1.152 TB,yes,yes,,,,,,2023-Q3,4950,100-000000875,https://smicro.eu/amd-epyc-siena-8534p-64c-128t-2-30-ghz-3-10-ghz-200-w-100-000000875-1,3,high,
AMD,EPYC,datacenter,Siena,Zen 4c,EPYC 8534PN,AMD EPYC 8534PN,64,,,128,2.00 GHz,3.10 GHz,,,,175W,,TSMC 5nm,SP6,1,5.0,96,DDR5,6,DDR5-4800,1.152 TB,yes,yes,,,,,,2023-Q3,5450,,https://www.amd.com/en/products/processors/server/epyc/4th-generation-9004-and-8004-series/amd-epyc-8534pn.html,1,high,"NEBS-friendly variant, -5C to 85C operating range, fixed (non-configurable) TDP."
AMD,EPYC,datacenter,Turin,Zen 5,EPYC 9015,AMD EPYC 9015,8,,,16,3.60 GHz,4.10 GHz,,,64 MB,125W,,,SP5,1-2,5.0,128,DDR5,12,,,yes,yes,,,,,,2024-Q4,,,https://www.servethehome.com/amd-epyc-9005-turin-turns-transcendent-performance-solidigm-broadcom/,3,medium,MSRP $527 per STH.
AMD,EPYC,datacenter,Turin,Zen 5,EPYC 9115,AMD EPYC 9115,16,,,32,2.60 GHz,,,,64 MB,,,,SP5,1-2,5.0,128,DDR5,12,,,yes,yes,,,,,,2024-Q4,,,https://www.newegg.com/amd-epyc-9115-socket-sp5/p/N82E16819113865,3,medium,Boost clock and TDP not corroborated; left blank.
AMD,EPYC,datacenter,Turin,Zen 5,EPYC 9135,AMD EPYC 9135,16,,,32,3.65 GHz,,,,64 MB,,,,SP5,1-2,5.0,128,DDR5,12,,,yes,yes,,,,,,2024-Q4,,,https://www.newegg.com/amd-epyc-9135-socket-sp5/p/N82E16819113864,3,medium,Boost clock and TDP not corroborated; left blank.
AMD,EPYC,datacenter,Turin,Zen 5,EPYC 9175F,AMD EPYC 9175F,16,,,32,,5.00 GHz,,,512 MB,320W,,,SP5,1-2,5.0,128,DDR5,12,,,yes,yes,,,,,,2024-Q4,,,https://www.servethehome.com/amd-epyc-9005-turin-turns-transcendent-performance-solidigm-broadcom/,3,medium,"Priced $4,256 per STH; base clock not corroborated."
AMD,EPYC,datacenter,Turin,Zen 5,EPYC 9255,AMD EPYC 9255,24,,,48,3.25 GHz,,,,128 MB,,,,SP5,1-2,5.0,128,DDR5,12,,,yes,yes,,,,,,2024-Q4,,,https://www.newegg.com/amd-epyc-9255-socket-sp5/p/N82E16819113863,3,medium,Boost clock and TDP not corroborated; left blank.
AMD,EPYC,datacenter,Turin,Zen 5,EPYC 9275F,AMD EPYC 9275F,24,,,48,4.10 GHz,,,,256 MB,,,,SP5,1-2,5.0,128,DDR5,12,,,yes,yes,,,,,,2024-Q4,,,https://www.newegg.com/amd-epyc-9275f-socket-sp5/p/N82E16819113870,3,medium,Boost clock and TDP not corroborated; left blank.
AMD,EPYC,datacenter,Turin,Zen 5,EPYC 9335,AMD EPYC 9335,32,,,64,3.00 GHz,4.40 GHz,,,128 MB,210W,,TSMC 4nm,SP5,1-2,5.0,128,DDR5,12,DDR5-6000,6 TB,yes,yes,,,,,,2024-Q4,,100-000001149,https://www.centralcomputer.com/amd-epyc-9335-32c-64t-3-0ghz-processor-4-4ghz-boost-tray-128-mb-l3-cache-210w-tdp-100-000001149.html,3,high,
AMD,EPYC,datacenter,Turin,Zen 5,EPYC 9355,AMD EPYC 9355,32,,,64,3.55 GHz,4.40 GHz,4.20 GHz,,256 MB,280W,300W,TSMC 4nm,SP5,1-2,5.0,128,DDR5,12,DDR5-6000,6 TB,yes,yes,,,,,,2024-Q4,,100-000001148,https://www.centralcomputer.com/amd-epyc-9355-32c-64t-3-55ghz-processor-4-4ghz-boost-tray-256-mb-l3-cache-280w-tdp-100-000001148.html,3,high,
AMD,EPYC,datacenter,Turin,Zen 5,EPYC 9355P,AMD EPYC 9355P,32,,,64,3.55 GHz,,,,256 MB,280W,,TSMC 4nm,SP5,1-2,5.0,128,DDR5,12,DDR5-6000,6 TB,yes,yes,,,,,,2024-Q4,,,https://ibfusion.com/amd-epyc/amd-epyc-9355p/,3,medium,Boost clock not independently corroborated.
AMD,EPYC,datacenter,Turin,Zen 5,EPYC 9365,AMD EPYC 9365,36,,,72,3.40 GHz,4.30 GHz,4.15 GHz,,192 MB,300W,300W,TSMC 4nm,SP5,1-2,5.0,128,DDR5,12,DDR5-6000,6 TB,yes,yes,,,,,,2024-Q4,,100-000001448,https://www.centralcomputer.com/amd-epyc-9365-36c-72t-3-4ghz-processor-4-3ghz-boost-tray-192-mb-l3-cache-300w-tdp-100-000001448.html,3,high,
AMD,EPYC,datacenter,Turin,Zen 5,EPYC 9375F,AMD EPYC 9375F,32,,,64,3.80 GHz,4.80 GHz,,,256 MB,320W,,TSMC 4nm,SP5,1-2,5.0,128,DDR5,12,DDR5-6400,6 TB,yes,yes,,,,,,2024-Q4,,,https://www.servethehome.com/amd-epyc-9005-turin-turns-transcendent-performance-solidigm-broadcom/,3,medium,"Priced $5,306 per STH."
AMD,EPYC,datacenter,Turin,Zen 5,EPYC 9455,AMD EPYC 9455,48,,,96,3.15 GHz,4.40 GHz,,,256 MB,300W,,TSMC 4nm,SP5,1-2,5.0,128,DDR5,12,DDR5-6400,6 TB,yes,yes,,,,,,2024-Q4,,100-000001542,https://www.centralcomputer.com/amd-epyc-9455-48c-96t-3-15ghz-processor-4-4ghz-boost-tray-256-mb-l3-cache-300w-tdp-100-000001542.html,3,high,
AMD,EPYC,datacenter,Turin,Zen 5,EPYC 9455P,AMD EPYC 9455P,48,,,96,,,,,256 MB,,,TSMC 4nm,SP5,1-2,5.0,128,DDR5,12,DDR5-6400,6 TB,yes,yes,,,,,,2024-Q4,,,https://www.newegg.com/amd-epyc-9455p-socket-sp5/p/N82E16819113874,3,medium,Clock/TDP not independently corroborated; left blank rather than assume same as non-P 9455.
AMD,EPYC,datacenter,Turin,Zen 5,EPYC 9475F,AMD EPYC 9475F,48,,,96,3.65 GHz,4.80 GHz,,,256 MB,,,,SP5,1-2,5.0,128,DDR5,12,,,yes,yes,,,,,,2024-Q4,,,https://www.newegg.com/amd-epyc-9475f-socket-sp5/p/N82E16819113868,3,medium,"TDP not corroborated from a reliable source; left blank. Priced ~$7,592 per STH."
AMD,EPYC,datacenter,Turin,Zen 5,EPYC 9535,AMD EPYC 9535,64,,,128,2.40 GHz,,,,256 MB,300W,,TSMC 4nm,SP5,1-2,5.0,128,DDR5,12,DDR5-6400,6 TB,yes,yes,,,,,,2024-Q4,,,https://www.newegg.com/amd-epyc-9535-socket-sp5/p/N82E16819113858,3,medium,"Base clock conflict: Newegg lists 2.4GHz, Lenovo ThinkSystem listing lists 2.2GHz base for same part. Used Newegg (matches AMD OPN convention); flagged medium confidence."
AMD,EPYC,datacenter,Turin,Zen 5,EPYC 9555,AMD EPYC 9555,64,,,128,3.20 GHz,,,,256 MB,,,TSMC 4nm,SP5,1-2,5.0,128,DDR5,12,DDR5-6400,6 TB,yes,yes,,,,,,2024-Q4,,,https://www.newegg.com/amd-epyc-9555-socket-sp5/p/N82E16819113857,3,medium,Boost clock and TDP not corroborated; left blank.
AMD,EPYC,datacenter,Turin,Zen 5,EPYC 9555P,AMD EPYC 9555P,64,,,128,3.20 GHz,,,,256 MB,,,TSMC 4nm,SP5,1-2,5.0,128,DDR5,12,DDR5-6400,6 TB,yes,yes,,,,,,2024-Q4,,,https://www.newegg.com/amd-epyc-9555p-socket-sp5/p/N82E16819113873,3,medium,Boost clock and TDP not corroborated; left blank.
AMD,EPYC,datacenter,Turin,Zen 5,EPYC 9565,AMD EPYC 9565,72,,,144,,,,,384 MB,400W,,TSMC 4nm,SP5,1-2,5.0,128,DDR5,12,DDR5-6400,6 TB,yes,yes,,,,,,2024-Q4,,,https://www.newegg.com/amd-epyc-9565-socket-sp5/p/N82E16819113856,3,medium,Base/boost clock conflicting across secondary sources (3.1-3.15GHz range cited but ambiguous with 9455 data); left blank pending tier-1 confirmation.
AMD,EPYC,datacenter,Turin,Zen 5,EPYC 9575F,AMD EPYC 9575F,64,,,128,3.30 GHz,5.00 GHz,,,256 MB,400W,,TSMC 4nm,SP5,1-2,5.0,128,DDR5,12,DDR5-6400,6 TB,yes,yes,,,,,,2024-Q4,,,https://www.servethehome.com/amd-epyc-9005-turin-turns-transcendent-performance-solidigm-broadcom/,3,medium,"F-series frequency-optimized SKU for GPU host nodes; STH-reported price $11,791."
AMD,EPYC,datacenter,Turin,Zen 5,EPYC 9655,AMD EPYC 9655,96,,,192,2.60 GHz,,,,384 MB,400W,,TSMC 4nm,SP5,1-2,5.0,128,DDR5,12,DDR5-6400,6 TB,yes,yes,,,,,,2024-Q4,,,https://www.newegg.com/amd-epyc-9655-socket-sp5/p/N82E16819113854,3,medium,Boost clock not corroborated from a tier-1 source; left blank.
AMD,EPYC,datacenter,Turin,Zen 5,EPYC 9655P,AMD EPYC 9655P,96,,,192,2.60 GHz,,,,384 MB,,,TSMC 4nm,SP5,1-2,5.0,128,DDR5,12,DDR5-6400,6 TB,yes,yes,,,,,,2024-Q4,,,https://www.newegg.com/amd-epyc-9655p-socket-sp5/p/N82E16819113872,3,medium,"Single-socket P-series; TDP/boost not corroborated, left blank."
AMD,EPYC,datacenter,Turin,Zen 5,EPYC 9755,AMD EPYC 9755,128,,,256,2.70 GHz,4.10 GHz,,,512 MB,500W,500W,TSMC 4nm,SP5,1-2,5.0,128,DDR5,12,DDR5-6400,6 TB,yes,yes,,,,,,2024-Q4,,100-000001466,https://www.servethehome.com/amd-epyc-9005-turin-turns-transcendent-performance-solidigm-broadcom/,3,high,"TDP default/cTDP-up per common industry reporting; STH priced at $12,984. cTDP range not independently AMD-ARK-confirmed. | l3_cache corrected in audit | tdp corrected in audit"
AMD,EPYC,datacenter,Turin Dense,Zen 5c,EPYC 9645,AMD EPYC 9645,96,,,192,2.30 GHz,3.70 GHz,,,256 MB,320W,,TSMC 3nm,SP5,1-2,5.0,128,DDR5,12,DDR5-6400,6 TB,yes,yes,,,,,,2024-Q4,,,https://www.amd.com/en/products/processors/server/epyc/9005-series/amd-epyc-9645.html,1,high,
AMD,EPYC,datacenter,Turin Dense,Zen 5c,EPYC 9745,AMD EPYC 9745,128,,,256,2.40 GHz,3.70 GHz,,,256 MB,400W,,TSMC 3nm,SP5,1-2,5.0,128,DDR5,12,DDR5-6400,6 TB,yes,yes,,,,,,2024-Q4,,,https://comparecpu.info/cpu-EPYC-9745,3,medium,
AMD,EPYC,datacenter,Turin Dense,Zen 5c,EPYC 9825,AMD EPYC 9825,144,,,288,2.20 GHz,3.70 GHz,,,384 MB,390W,,TSMC 3nm,SP5,1-2,5.0,128,DDR5,12,DDR5-6400,6 TB,yes,yes,,,,,,2024-Q4,,,https://www.amd.com/en/products/processors/server/epyc/9005-series/amd-epyc-9825.html,1,high,
AMD,EPYC,datacenter,Turin Dense,Zen 5c,EPYC 9845,AMD EPYC 9845,160,,,320,2.10 GHz,3.70 GHz,,,320 MB,390W,,TSMC 3nm,SP5,1-2,5.0,128,DDR5,12,DDR5-6400,6 TB,yes,yes,,,,,,2024-Q4,,,https://www.amd.com/en/products/processors/server/epyc/9005-series/amd-epyc-9845.html,1,high,
AMD,EPYC,datacenter,Turin Dense,Zen 5c,EPYC 9965,AMD EPYC 9965,192,,,384,2.25 GHz,3.70 GHz,,,384 MB,500W,,TSMC 3nm,SP5,1-2,5.0,128,DDR5,12,DDR5-6400,6 TB,yes,yes,,,,,,2024-Q4,,,https://www.newegg.com/amd-epyc-9965-socket-sp5/p/N82E16819113849,3,high,
AMD,mi25,datacenter,Vega 10,Vega,MI25,AMD Radeon Instinct MI25,64,,,,,1.50 GHz,,4 MB,,300W,,14 nm,,,3.0,16,HBM2,,484 GB/s,16 GB,yes,,,,,,,2017-06-27,,,https://amd.com/system/files/documents/radeon-instinct-mi25-datasheet.pdf,1,high,FP16 24.6 TFLOPS; FP32 12.3 TFLOPS; FP64 768 GFLOPS; MxGPU SR-IOV virtualization; full-height dual-slot PCIe Gen3 x16 card
AMD,mi50,datacenter,Vega 20,"Vega (GCN 5, 7nm)",MI50,AMD Radeon Instinct MI50,60,,,,1.20 GHz,1.75 GHz,,4 MB,,300W,,7 nm,,,4.0,16,HBM2,,1 TB/s,32 GB,yes,,,,,,,2018-11-06,,,https://www.itcreations.com/user-manuals/amd-mi50-manuals/amd-radeon-instinct-mi50-gpu-datasheet.pdf,1,high,"FP32 13.3 TFLOPS; FP16 26.5 TFLOPS; FP64 6.6 TFLOPS; dual Infinity Fabric Link, up to 184 GB/s P2P per GPU (248 GB/s aggregate); full-chip ECC; also sold in 16GB HBM2 config; PCIe add-in card form factor"
AMD,mi50,datacenter,Vega 20,"Vega (GCN 5, 7nm)",MI60,AMD Radeon Instinct MI60,64,,,,1.20 GHz,1.80 GHz,,4 MB,,300W,,7 nm,,,4.0,16,HBM2,,1 TB/s,32 GB,yes,,,,,,,2018-11-18,,,https://www.amd.com/system/files/documents/radeon-instinct-mi60-datasheet.pdf,1,high,"FP32 14.7 TFLOPS; FP16 29.5 TFLOPS; FP64 7.4 TFLOPS; INT8 59 TOPS, INT4 118 TOPS; dual Infinity Fabric Link, 184 GB/s P2P per GPU; full-chip ECC; PCIe add-in card form factor"
AMD,EPYC,datacenter,Venice SP7,Zen 6,EPYC 9556,AMD EPYC 9556,,,,,,,,,,,,TSMC 2nm,SP7,,6.0,,DDR5,,,,yes,yes,,,,,,2026-Q4,,,https://www.techpowerup.com/350648/amd-confirms-epyc-venice-zen-6-cpus-launch-on-july-22-23-at-advancing-ai-event,3,low,"Venice SP7 (EPYC 9006 series) was announced at AMD's Advancing AI event (July 22-23, 2026); flagship SP7 products are in production, expected to ship Q4 2026. Family-level claims (up to 256 cores/512 threads, ~5GHz boost, PCIe Gen 6, TDP range ~700-1400W across the family, 16-channel DDR5) are reported by secondary tech-news aggregators (claypier.com, techgenyz, hwbusters, tech-insider.org) without a directly verified AMD press release or product page in hand. Per-SKU cores/clocks/cache/TDP for this specific model number are NOT independently confirmed and are left blank per contract (no invented/leaked values). Logged as gap."
AMD,EPYC,datacenter,Venice SP7,Zen 6,EPYC 9586F,AMD EPYC 9586F,,,,,,,,,,,,TSMC 2nm,SP7,,6.0,,DDR5,,,,yes,yes,,,,,,2026-Q4,,,https://www.techpowerup.com/350648/amd-confirms-epyc-venice-zen-6-cpus-launch-on-july-22-23-at-advancing-ai-event,3,low,"Venice SP7 (EPYC 9006 series) was announced at AMD's Advancing AI event (July 22-23, 2026); flagship SP7 products are in production, expected to ship Q4 2026. Family-level claims (up to 256 cores/512 threads, ~5GHz boost, PCIe Gen 6, TDP range ~700-1400W across the family, 16-channel DDR5) are reported by secondary tech-news aggregators (claypier.com, techgenyz, hwbusters, tech-insider.org) without a directly verified AMD press release or product page in hand. Per-SKU cores/clocks/cache/TDP for this specific model number are NOT independently confirmed and are left blank per contract (no invented/leaked values). Logged as gap."
AMD,EPYC,datacenter,Venice SP7,Zen 6,EPYC 9656,AMD EPYC 9656,,,,,,,,,,,,TSMC 2nm,SP7,,6.0,,DDR5,,,,yes,yes,,,,,,2026-Q4,,,https://www.techpowerup.com/350648/amd-confirms-epyc-venice-zen-6-cpus-launch-on-july-22-23-at-advancing-ai-event,3,low,"Venice SP7 (EPYC 9006 series) was announced at AMD's Advancing AI event (July 22-23, 2026); flagship SP7 products are in production, expected to ship Q4 2026. Family-level claims (up to 256 cores/512 threads, ~5GHz boost, PCIe Gen 6, TDP range ~700-1400W across the family, 16-channel DDR5) are reported by secondary tech-news aggregators (claypier.com, techgenyz, hwbusters, tech-insider.org) without a directly verified AMD press release or product page in hand. Per-SKU cores/clocks/cache/TDP for this specific model number are NOT independently confirmed and are left blank per contract (no invented/leaked values). Logged as gap."
AMD,EPYC,datacenter,Venice SP7,Zen 6,EPYC 9686F,AMD EPYC 9686F,,,,,,,,,,,,TSMC 2nm,SP7,,6.0,,DDR5,,,,yes,yes,,,,,,2026-Q4,,,https://www.techpowerup.com/350648/amd-confirms-epyc-venice-zen-6-cpus-launch-on-july-22-23-at-advancing-ai-event,3,low,"Venice SP7 (EPYC 9006 series) was announced at AMD's Advancing AI event (July 22-23, 2026); flagship SP7 products are in production, expected to ship Q4 2026. Family-level claims (up to 256 cores/512 threads, ~5GHz boost, PCIe Gen 6, TDP range ~700-1400W across the family, 16-channel DDR5) are reported by secondary tech-news aggregators (claypier.com, techgenyz, hwbusters, tech-insider.org) without a directly verified AMD press release or product page in hand. Per-SKU cores/clocks/cache/TDP for this specific model number are NOT independently confirmed and are left blank per contract (no invented/leaked values). Logged as gap."
AMD,EPYC,datacenter,Venice SP7,Zen 6,EPYC 9756,AMD EPYC 9756,,,,,,,,,,,,TSMC 2nm,SP7,,6.0,,DDR5,,,,yes,yes,,,,,,2026-Q4,,,https://www.techpowerup.com/350648/amd-confirms-epyc-venice-zen-6-cpus-launch-on-july-22-23-at-advancing-ai-event,3,low,"Venice SP7 (EPYC 9006 series) was announced at AMD's Advancing AI event (July 22-23, 2026); flagship SP7 products are in production, expected to ship Q4 2026. Family-level claims (up to 256 cores/512 threads, ~5GHz boost, PCIe Gen 6, TDP range ~700-1400W across the family, 16-channel DDR5) are reported by secondary tech-news aggregators (claypier.com, techgenyz, hwbusters, tech-insider.org) without a directly verified AMD press release or product page in hand. Per-SKU cores/clocks/cache/TDP for this specific model number are NOT independently confirmed and are left blank per contract (no invented/leaked values). Logged as gap."
AMD,EPYC,datacenter,Venice SP7,Zen 6,EPYC 9846,AMD EPYC 9846,,,,,,,,,,,,TSMC 2nm,SP7,,6.0,,DDR5,,,,yes,yes,,,,,,2026-Q4,,,https://www.techpowerup.com/350648/amd-confirms-epyc-venice-zen-6-cpus-launch-on-july-22-23-at-advancing-ai-event,3,low,"Venice SP7 (EPYC 9006 series) was announced at AMD's Advancing AI event (July 22-23, 2026); flagship SP7 products are in production, expected to ship Q4 2026. Family-level claims (up to 256 cores/512 threads, ~5GHz boost, PCIe Gen 6, TDP range ~700-1400W across the family, 16-channel DDR5) are reported by secondary tech-news aggregators (claypier.com, techgenyz, hwbusters, tech-insider.org) without a directly verified AMD press release or product page in hand. Per-SKU cores/clocks/cache/TDP for this specific model number are NOT independently confirmed and are left blank per contract (no invented/leaked values). Logged as gap."
AMD,EPYC,datacenter,Venice SP7,Zen 6,EPYC 9966,AMD EPYC 9966,,,,,,,,,,,,TSMC 2nm,SP7,,6.0,,DDR5,,,,yes,yes,,,,,,2026-Q4,,,https://www.techpowerup.com/350648/amd-confirms-epyc-venice-zen-6-cpus-launch-on-july-22-23-at-advancing-ai-event,3,low,"Venice SP7 (EPYC 9006 series) was announced at AMD's Advancing AI event (July 22-23, 2026); flagship SP7 products are in production, expected to ship Q4 2026. Family-level claims (up to 256 cores/512 threads, ~5GHz boost, PCIe Gen 6, TDP range ~700-1400W across the family, 16-channel DDR5) are reported by secondary tech-news aggregators (claypier.com, techgenyz, hwbusters, tech-insider.org) without a directly verified AMD press release or product page in hand. Per-SKU cores/clocks/cache/TDP for this specific model number are NOT independently confirmed and are left blank per contract (no invented/leaked values). Logged as gap."
AMD,EPYC,datacenter,Venice SP7,Zen 6,EPYC 9996,AMD EPYC 9996,,,,,,,,,,,,TSMC 2nm,SP7,,6.0,,DDR5,,,,yes,yes,,,,,,2026-Q4,,,https://www.techpowerup.com/350648/amd-confirms-epyc-venice-zen-6-cpus-launch-on-july-22-23-at-advancing-ai-event,3,low,"Venice SP7 (EPYC 9006 series) was announced at AMD's Advancing AI event (July 22-23, 2026); flagship SP7 products are in production, expected to ship Q4 2026. Family-level claims (up to 256 cores/512 threads, ~5GHz boost, PCIe Gen 6, TDP range ~700-1400W across the family, 16-channel DDR5) are reported by secondary tech-news aggregators (claypier.com, techgenyz, hwbusters, tech-insider.org) without a directly verified AMD press release or product page in hand. Per-SKU cores/clocks/cache/TDP for this specific model number are NOT independently confirmed and are left blank per contract (no invented/leaked values). Logged as gap."
AMD,EPYC,datacenter,Venice SP7,Zen 6,EPYC 9G76,AMD EPYC 9G76,,,,,,,,,,,,TSMC 2nm,SP7,,6.0,,DDR5,,,,yes,yes,,,,,,2026-Q4,,,https://www.techpowerup.com/350648/amd-confirms-epyc-venice-zen-6-cpus-launch-on-july-22-23-at-advancing-ai-event,3,low,"Venice SP7 (EPYC 9006 series) was announced at AMD's Advancing AI event (July 22-23, 2026); flagship SP7 products are in production, expected to ship Q4 2026. Family-level claims (up to 256 cores/512 threads, ~5GHz boost, PCIe Gen 6, TDP range ~700-1400W across the family, 16-channel DDR5) are reported by secondary tech-news aggregators (claypier.com, techgenyz, hwbusters, tech-insider.org) without a directly verified AMD press release or product page in hand. Per-SKU cores/clocks/cache/TDP for this specific model number are NOT independently confirmed and are left blank per contract (no invented/leaked values). Logged as gap."
AMD,EPYC,datacenter,Venice SP8,Zen 6,EPYC 9016,AMD EPYC 9016,,,,,,,,,,,,TSMC 2nm,SP8,2,6.0,,DDR5,,,,yes,yes,,,,,,2027,,,https://www.techpowerup.com/350648/amd-confirms-epyc-venice-zen-6-cpus-launch-on-july-22-23-at-advancing-ai-event,3,low,"Venice SP8 (EPYC 9006 series, edge/general-purpose line, 8-128 cores) was announced alongside SP7 at Advancing AI 2026 but is expected to ship in 2027, after SP7. No per-SKU AMD product page or datasheet found. Per-SKU cores/clocks/cache/TDP for this specific model number are NOT independently confirmed and are left blank per contract. Logged as gap."
AMD,EPYC,datacenter,Venice SP8,Zen 6,EPYC 9116,AMD EPYC 9116,,,,,,,,,,,,TSMC 2nm,SP8,2,6.0,,DDR5,,,,yes,yes,,,,,,2027,,,https://www.techpowerup.com/350648/amd-confirms-epyc-venice-zen-6-cpus-launch-on-july-22-23-at-advancing-ai-event,3,low,"Venice SP8 (EPYC 9006 series, edge/general-purpose line, 8-128 cores) was announced alongside SP7 at Advancing AI 2026 but is expected to ship in 2027, after SP7. No per-SKU AMD product page or datasheet found. Per-SKU cores/clocks/cache/TDP for this specific model number are NOT independently confirmed and are left blank per contract. Logged as gap."
AMD,EPYC,datacenter,Venice SP8,Zen 6,EPYC 9176F,AMD EPYC 9176F,,,,,,,,,,,,TSMC 2nm,SP8,2,6.0,,DDR5,,,,yes,yes,,,,,,2027,,,https://www.techpowerup.com/350648/amd-confirms-epyc-venice-zen-6-cpus-launch-on-july-22-23-at-advancing-ai-event,3,low,"Venice SP8 (EPYC 9006 series, edge/general-purpose line, 8-128 cores) was announced alongside SP7 at Advancing AI 2026 but is expected to ship in 2027, after SP7. No per-SKU AMD product page or datasheet found. Per-SKU cores/clocks/cache/TDP for this specific model number are NOT independently confirmed and are left blank per contract. Logged as gap."
AMD,EPYC,datacenter,Venice SP8,Zen 6,EPYC 9256,AMD EPYC 9256,,,,,,,,,,,,TSMC 2nm,SP8,2,6.0,,DDR5,,,,yes,yes,,,,,,2027,,,https://www.techpowerup.com/350648/amd-confirms-epyc-venice-zen-6-cpus-launch-on-july-22-23-at-advancing-ai-event,3,low,"Venice SP8 (EPYC 9006 series, edge/general-purpose line, 8-128 cores) was announced alongside SP7 at Advancing AI 2026 but is expected to ship in 2027, after SP7. No per-SKU AMD product page or datasheet found. Per-SKU cores/clocks/cache/TDP for this specific model number are NOT independently confirmed and are left blank per contract. Logged as gap."
AMD,EPYC,datacenter,Venice SP8,Zen 6,EPYC 9276F,AMD EPYC 9276F,,,,,,,,,,,,TSMC 2nm,SP8,2,6.0,,DDR5,,,,yes,yes,,,,,,2027,,,https://www.techpowerup.com/350648/amd-confirms-epyc-venice-zen-6-cpus-launch-on-july-22-23-at-advancing-ai-event,3,low,"Venice SP8 (EPYC 9006 series, edge/general-purpose line, 8-128 cores) was announced alongside SP7 at Advancing AI 2026 but is expected to ship in 2027, after SP7. No per-SKU AMD product page or datasheet found. Per-SKU cores/clocks/cache/TDP for this specific model number are NOT independently confirmed and are left blank per contract. Logged as gap."
AMD,EPYC,datacenter,Venice SP8,Zen 6,EPYC 9336,AMD EPYC 9336,,,,,,,,,,,,TSMC 2nm,SP8,2,6.0,,DDR5,,,,yes,yes,,,,,,2027,,,https://www.techpowerup.com/350648/amd-confirms-epyc-venice-zen-6-cpus-launch-on-july-22-23-at-advancing-ai-event,3,low,"Venice SP8 (EPYC 9006 series, edge/general-purpose line, 8-128 cores) was announced alongside SP7 at Advancing AI 2026 but is expected to ship in 2027, after SP7. No per-SKU AMD product page or datasheet found. Per-SKU cores/clocks/cache/TDP for this specific model number are NOT independently confirmed and are left blank per contract. Logged as gap."
AMD,EPYC,datacenter,Venice SP8,Zen 6,EPYC 9356,AMD EPYC 9356,,,,,,,,,,,,TSMC 2nm,SP8,2,6.0,,DDR5,,,,yes,yes,,,,,,2027,,,https://www.techpowerup.com/350648/amd-confirms-epyc-venice-zen-6-cpus-launch-on-july-22-23-at-advancing-ai-event,3,low,"Venice SP8 (EPYC 9006 series, edge/general-purpose line, 8-128 cores) was announced alongside SP7 at Advancing AI 2026 but is expected to ship in 2027, after SP7. No per-SKU AMD product page or datasheet found. Per-SKU cores/clocks/cache/TDP for this specific model number are NOT independently confirmed and are left blank per contract. Logged as gap."
AMD,EPYC,datacenter,Venice SP8,Zen 6,EPYC 9356P,AMD EPYC 9356P,,,,,,,,,,,,TSMC 2nm,SP8,1,6.0,,DDR5,,,,yes,yes,,,,,,2027,,,https://www.techpowerup.com/350648/amd-confirms-epyc-venice-zen-6-cpus-launch-on-july-22-23-at-advancing-ai-event,3,low,"Venice SP8 (EPYC 9006 series, edge/general-purpose line, 8-128 cores) was announced alongside SP7 at Advancing AI 2026 but is expected to ship in 2027, after SP7. No per-SKU AMD product page or datasheet found. Per-SKU cores/clocks/cache/TDP for this specific model number are NOT independently confirmed and are left blank per contract. Logged as gap."
AMD,EPYC,datacenter,Venice SP8,Zen 6,EPYC 9376F,AMD EPYC 9376F,,,,,,,,,,,,TSMC 2nm,SP8,2,6.0,,DDR5,,,,yes,yes,,,,,,2027,,,https://www.techpowerup.com/350648/amd-confirms-epyc-venice-zen-6-cpus-launch-on-july-22-23-at-advancing-ai-event,3,low,"Venice SP8 (EPYC 9006 series, edge/general-purpose line, 8-128 cores) was announced alongside SP7 at Advancing AI 2026 but is expected to ship in 2027, after SP7. No per-SKU AMD product page or datasheet found. Per-SKU cores/clocks/cache/TDP for this specific model number are NOT independently confirmed and are left blank per contract. Logged as gap."
AMD,EPYC,datacenter,Venice SP8,Zen 6,EPYC 9456,AMD EPYC 9456,,,,,,,,,,,,TSMC 2nm,SP8,2,6.0,,DDR5,,,,yes,yes,,,,,,2027,,,https://www.techpowerup.com/350648/amd-confirms-epyc-venice-zen-6-cpus-launch-on-july-22-23-at-advancing-ai-event,3,low,"Venice SP8 (EPYC 9006 series, edge/general-purpose line, 8-128 cores) was announced alongside SP7 at Advancing AI 2026 but is expected to ship in 2027, after SP7. No per-SKU AMD product page or datasheet found. Per-SKU cores/clocks/cache/TDP for this specific model number are NOT independently confirmed and are left blank per contract. Logged as gap."
AMD,EPYC,datacenter,Venice SP8,Zen 6,EPYC 9456P,AMD EPYC 9456P,,,,,,,,,,,,TSMC 2nm,SP8,1,6.0,,DDR5,,,,yes,yes,,,,,,2027,,,https://www.techpowerup.com/350648/amd-confirms-epyc-venice-zen-6-cpus-launch-on-july-22-23-at-advancing-ai-event,3,low,"Venice SP8 (EPYC 9006 series, edge/general-purpose line, 8-128 cores) was announced alongside SP7 at Advancing AI 2026 but is expected to ship in 2027, after SP7. No per-SKU AMD product page or datasheet found. Per-SKU cores/clocks/cache/TDP for this specific model number are NOT independently confirmed and are left blank per contract. Logged as gap."
AMD,EPYC,datacenter,Venice SP8,Zen 6,EPYC 9476F,AMD EPYC 9476F,,,,,,,,,,,,TSMC 2nm,SP8,2,6.0,,DDR5,,,,yes,yes,,,,,,2027,,,https://www.techpowerup.com/350648/amd-confirms-epyc-venice-zen-6-cpus-launch-on-july-22-23-at-advancing-ai-event,3,low,"Venice SP8 (EPYC 9006 series, edge/general-purpose line, 8-128 cores) was announced alongside SP7 at Advancing AI 2026 but is expected to ship in 2027, after SP7. No per-SKU AMD product page or datasheet found. Per-SKU cores/clocks/cache/TDP for this specific model number are NOT independently confirmed and are left blank per contract. Logged as gap."
AMD,EPYC,datacenter,Venice SP8,Zen 6,EPYC 9526,AMD EPYC 9526,,,,,,,,,,,,TSMC 2nm,SP8,2,6.0,,DDR5,,,,yes,yes,,,,,,2027,,,https://www.techpowerup.com/350648/amd-confirms-epyc-venice-zen-6-cpus-launch-on-july-22-23-at-advancing-ai-event,3,low,"Venice SP8 (EPYC 9006 series, edge/general-purpose line, 8-128 cores) was announced alongside SP7 at Advancing AI 2026 but is expected to ship in 2027, after SP7. No per-SKU AMD product page or datasheet found. Per-SKU cores/clocks/cache/TDP for this specific model number are NOT independently confirmed and are left blank per contract. Logged as gap."
AMD,EPYC,datacenter,Venice SP8,Zen 6,EPYC 9536,AMD EPYC 9536,,,,,,,,,,,,TSMC 2nm,SP8,2,6.0,,DDR5,,,,yes,yes,,,,,,2027,,,https://www.techpowerup.com/350648/amd-confirms-epyc-venice-zen-6-cpus-launch-on-july-22-23-at-advancing-ai-event,3,low,"Venice SP8 (EPYC 9006 series, edge/general-purpose line, 8-128 cores) was announced alongside SP7 at Advancing AI 2026 but is expected to ship in 2027, after SP7. No per-SKU AMD product page or datasheet found. Per-SKU cores/clocks/cache/TDP for this specific model number are NOT independently confirmed and are left blank per contract. Logged as gap."
AMD,EPYC,datacenter,Venice SP8,Zen 6,EPYC 9536P,AMD EPYC 9536P,,,,,,,,,,,,TSMC 2nm,SP8,1,6.0,,DDR5,,,,yes,yes,,,,,,2027,,,https://www.techpowerup.com/350648/amd-confirms-epyc-venice-zen-6-cpus-launch-on-july-22-23-at-advancing-ai-event,3,low,"Venice SP8 (EPYC 9006 series, edge/general-purpose line, 8-128 cores) was announced alongside SP7 at Advancing AI 2026 but is expected to ship in 2027, after SP7. No per-SKU AMD product page or datasheet found. Per-SKU cores/clocks/cache/TDP for this specific model number are NOT independently confirmed and are left blank per contract. Logged as gap."
AMD,EPYC,datacenter,Venice SP8,Zen 6,EPYC 9576F,AMD EPYC 9576F,,,,,,,,,,,,TSMC 2nm,SP8,2,6.0,,DDR5,,,,yes,yes,,,,,,2027,,,https://www.techpowerup.com/350648/amd-confirms-epyc-venice-zen-6-cpus-launch-on-july-22-23-at-advancing-ai-event,3,low,"Venice SP8 (EPYC 9006 series, edge/general-purpose line, 8-128 cores) was announced alongside SP7 at Advancing AI 2026 but is expected to ship in 2027, after SP7. No per-SKU AMD product page or datasheet found. Per-SKU cores/clocks/cache/TDP for this specific model number are NOT independently confirmed and are left blank per contract. Logged as gap."
AMD,EPYC,datacenter,Venice SP8,Zen 6,EPYC 9646,AMD EPYC 9646,,,,,,,,,,,,TSMC 2nm,SP8,2,6.0,,DDR5,,,,yes,yes,,,,,,2027,,,https://www.techpowerup.com/350648/amd-confirms-epyc-venice-zen-6-cpus-launch-on-july-22-23-at-advancing-ai-event,3,low,"Venice SP8 (EPYC 9006 series, edge/general-purpose line, 8-128 cores) was announced alongside SP7 at Advancing AI 2026 but is expected to ship in 2027, after SP7. No per-SKU AMD product page or datasheet found. Per-SKU cores/clocks/cache/TDP for this specific model number are NOT independently confirmed and are left blank per contract. Logged as gap."
AMD,EPYC,datacenter,Venice SP8,Zen 6,EPYC 9646P,AMD EPYC 9646P,,,,,,,,,,,,TSMC 2nm,SP8,1,6.0,,DDR5,,,,yes,yes,,,,,,2027,,,https://www.techpowerup.com/350648/amd-confirms-epyc-venice-zen-6-cpus-launch-on-july-22-23-at-advancing-ai-event,3,low,"Venice SP8 (EPYC 9006 series, edge/general-purpose line, 8-128 cores) was announced alongside SP7 at Advancing AI 2026 but is expected to ship in 2027, after SP7. No per-SKU AMD product page or datasheet found. Per-SKU cores/clocks/cache/TDP for this specific model number are NOT independently confirmed and are left blank per contract. Logged as gap."
AMD,EPYC,datacenter,Venice SP8,Zen 6,EPYC 9676F,AMD EPYC 9676F,,,,,,,,,,,,TSMC 2nm,SP8,2,6.0,,DDR5,,,,yes,yes,,,,,,2027,,,https://www.techpowerup.com/350648/amd-confirms-epyc-venice-zen-6-cpus-launch-on-july-22-23-at-advancing-ai-event,3,low,"Venice SP8 (EPYC 9006 series, edge/general-purpose line, 8-128 cores) was announced alongside SP7 at Advancing AI 2026 but is expected to ship in 2027, after SP7. No per-SKU AMD product page or datasheet found. Per-SKU cores/clocks/cache/TDP for this specific model number are NOT independently confirmed and are left blank per contract. Logged as gap."
AMD,EPYC,datacenter,Venice SP8,Zen 6,EPYC 9736,AMD EPYC 9736,,,,,,,,,,,,TSMC 2nm,SP8,2,6.0,,DDR5,,,,yes,yes,,,,,,2027,,,https://www.techpowerup.com/350648/amd-confirms-epyc-venice-zen-6-cpus-launch-on-july-22-23-at-advancing-ai-event,3,low,"Venice SP8 (EPYC 9006 series, edge/general-purpose line, 8-128 cores) was announced alongside SP7 at Advancing AI 2026 but is expected to ship in 2027, after SP7. No per-SKU AMD product page or datasheet found. Per-SKU cores/clocks/cache/TDP for this specific model number are NOT independently confirmed and are left blank per contract. Logged as gap."
AMD,EPYC,datacenter,Venice SP8,Zen 6,EPYC 9736P,AMD EPYC 9736P,,,,,,,,,,,,TSMC 2nm,SP8,1,6.0,,DDR5,,,,yes,yes,,,,,,2027,,,https://www.techpowerup.com/350648/amd-confirms-epyc-venice-zen-6-cpus-launch-on-july-22-23-at-advancing-ai-event,3,low,"Venice SP8 (EPYC 9006 series, edge/general-purpose line, 8-128 cores) was announced alongside SP7 at Advancing AI 2026 but is expected to ship in 2027, after SP7. No per-SKU AMD product page or datasheet found. Per-SKU cores/clocks/cache/TDP for this specific model number are NOT independently confirmed and are left blank per contract. Logged as gap."
AMD,EPYC,datacenter,Venice SP8,Zen 6,EPYC 9746,AMD EPYC 9746,,,,,,,,,,,,TSMC 2nm,SP8,2,6.0,,DDR5,,,,yes,yes,,,,,,2027,,,https://www.techpowerup.com/350648/amd-confirms-epyc-venice-zen-6-cpus-launch-on-july-22-23-at-advancing-ai-event,3,low,"Venice SP8 (EPYC 9006 series, edge/general-purpose line, 8-128 cores) was announced alongside SP7 at Advancing AI 2026 but is expected to ship in 2027, after SP7. No per-SKU AMD product page or datasheet found. Per-SKU cores/clocks/cache/TDP for this specific model number are NOT independently confirmed and are left blank per contract. Logged as gap."
AMD,Ryzen Threadripper,workstation,Castle Peak,Zen 2,Ryzen TR 3960X,AMD Ryzen Threadripper 3960X,24,,,48,3.80 GHz,4.50 GHz,,12 MB,128 MB,280W,,TSMC 7nm (CCD)/GF 12nm (IOD),sTRX4,1,4.0,64,DDR4,4,DDR4-3200,256 GB,no,no,,,,,,2019-11-25,1399,,https://wccftech.com/amd-ryzen-threadripper-3970x-3960x-hedt-trx40-cpu-official/amp/,2,high,Cross-checked wccftech official-announcement article vs KitGuru; consistent.
AMD,Ryzen Threadripper,workstation,Castle Peak,Zen 2,Ryzen TR 3970X,AMD Ryzen Threadripper 3970X,32,,,64,3.70 GHz,4.50 GHz,,16 MB,128 MB,280W,,TSMC 7nm (CCD)/GF 12nm (IOD),sTRX4,1,4.0,64,DDR4,4,DDR4-3200,256 GB,no,no,,,,,,2019-11-25,1999,,https://wccftech.com/amd-ryzen-threadripper-3970x-3960x-hedt-trx40-cpu-official/amp/,2,high,Cross-checked wccftech official-announcement article vs TechSpot; consistent.
AMD,Ryzen Threadripper,workstation,Castle Peak,Zen 2,Ryzen TR 3990X,AMD Ryzen Threadripper 3990X,64,,,128,2.90 GHz,4.30 GHz,,32 MB,256 MB,280W,,TSMC 7nm (CCD)/GF 12nm (IOD),sTRX4,1,4.0,64,DDR4,4,DDR4-3200,256 GB,no,no,,,,,,2020-02-07,3990,,https://www.kitguru.net/components/cpu/luke-hill/amd-ryzen-threadripper-3990x-cpu-review/all/1/,3,high,Cross-checked KitGuru/wccftech/AnandTech; consistent across all sources.
AMD,Ryzen Threadripper,workstation,Castle Peak,Zen 2,Ryzen TR PRO 3945WX,AMD Ryzen Threadripper PRO 3945WX,12,,,24,4.00 GHz,4.30 GHz,,6 MB,64 MB,280W,,TSMC 7nm (CCD)/GF 12nm (IOD),sWRX8,1,4.0,128,DDR4,8,DDR4-3200,2 TB,yes,no,,,,,,2020-07-23,,,https://wccftech.com/amd-ryzen-threadripper-pro-3000-cpu-official-specs-leak-3995wx-flagship-64-core-128-thread-8-channel-memory/,3,medium,Cross-checked wccftech vs notebookcheck; consistent (70MB total cache = 64MB L3 + 6MB L2). No public retail MSRP found -> gap.
AMD,Ryzen Threadripper,workstation,Castle Peak,Zen 2,Ryzen TR PRO 3955WX,AMD Ryzen Threadripper PRO 3955WX,16,,,32,3.90 GHz,4.30 GHz,,8 MB,64 MB,280W,,TSMC 7nm (CCD)/GF 12nm (IOD),sWRX8,1,4.0,128,DDR4,8,DDR4-3200,2 TB,yes,no,,,,,,2020-07-23,,,https://wccftech.com/amd-ryzen-threadripper-pro-3000-cpu-official-specs-leak-3995wx-flagship-64-core-128-thread-8-channel-memory/,3,medium,Cross-checked wccftech vs notebookcheck; consistent (72MB total cache = 64MB L3 + 8MB L2). No public retail MSRP found -> gap.
AMD,Ryzen Threadripper,workstation,Castle Peak,Zen 2,Ryzen TR PRO 3975WX,AMD Ryzen Threadripper PRO 3975WX,32,,,64,3.50 GHz,4.20 GHz,,16 MB,128 MB,280W,,TSMC 7nm (CCD)/GF 12nm (IOD),sWRX8,1,4.0,128,DDR4,8,DDR4-3200,2 TB,yes,no,,,,,,2020-07-23,,,https://wccftech.com/amd-ryzen-threadripper-pro-3000-cpu-official-specs-leak-3995wx-flagship-64-core-128-thread-8-channel-memory/,3,medium,Cross-checked wccftech vs notebookcheck leak-confirmation article; consistent (144MB total cache = 128MB L3 + 16MB L2). No public retail MSRP found -> gap.
AMD,Ryzen Threadripper,workstation,Castle Peak,Zen 2,Ryzen TR PRO 3995WX,AMD Ryzen Threadripper PRO 3995WX,64,,,128,2.70 GHz,4.20 GHz,,32 MB,256 MB,280W,,TSMC 7nm (CCD)/GF 12nm (IOD),sWRX8,1,4.0,128,DDR4,8,DDR4-3200,2 TB,yes,no,,,,,,2020-07-23,,,https://www.tomshardware.com/reviews/amd-threadripper-pro-3995wx-review,2,high,Cross-checked Tom's Hardware review vs wccftech/notebookcheck leak-confirmation coverage; consistent (288MB total cache = 256MB L3 + 32MB L2). No public retail MSRP found (workstation OEM channel part) -> gap.
AMD,Ryzen Threadripper,workstation,Chagall,Zen 3,Ryzen TR PRO 5945WX,AMD Ryzen Threadripper PRO 5945WX,12,,,24,4.10 GHz,4.50 GHz,,6 MB,64 MB,280W,,TSMC 7nm (CCD)/GF 12nm (IOD),sWRX8,1,4.0,128,DDR4,8,DDR4-3200,2 TB,yes,no,,,,,,2021-Q1,,,https://www.topcpu.net/en/cpu/amd-ryzen-threadripper-pro-5955wx,3,low,"OEM-only SKU (not sold at retail per wccftech); L3 assumed to match 5955WX's 64MB tier (2-CCD/12-core config), not independently confirmed. No public MSRP -> gap."
AMD,Ryzen Threadripper,workstation,Chagall,Zen 3,Ryzen TR PRO 5955WX,AMD Ryzen Threadripper PRO 5955WX,16,,,32,4.00 GHz,4.50 GHz,,8 MB,64 MB,280W,,TSMC 7nm (CCD)/GF 12nm (IOD),sWRX8,1,4.0,128,DDR4,8,DDR4-3200,2 TB,yes,no,,,,,,2021-Q1,,,https://www.topcpu.net/en/cpu/amd-ryzen-threadripper-pro-5955wx,3,low,OEM-only SKU (not sold at retail per wccftech); cross-checked videocardz. No public MSRP -> gap.
AMD,Ryzen Threadripper,workstation,Chagall,Zen 3,Ryzen TR PRO 5965WX,AMD Ryzen Threadripper PRO 5965WX,24,,,48,3.80 GHz,4.50 GHz,,12 MB,128 MB,280W,,TSMC 7nm (CCD)/GF 12nm (IOD),sWRX8,1,4.0,128,DDR4,8,DDR4-3200,2 TB,yes,no,,,,,,2021-Q1,,,https://wccftech.com/amd-threadripper-pro-5000-chagall-cpu-specs-leak-out-flagship-5995wx-up-to-64-zen-3-cores/,3,medium,"Cross-checked videocardz/topcpu.net. ~$2,399 cited launch price by wccftech, not independently re-verified -> gap."
AMD,Ryzen Threadripper,workstation,Chagall,Zen 3,Ryzen TR PRO 5975WX,AMD Ryzen Threadripper PRO 5975WX,32,,,64,3.60 GHz,4.50 GHz,,16 MB,128 MB,280W,,TSMC 7nm (CCD)/GF 12nm (IOD),sWRX8,1,4.0,128,DDR4,8,DDR4-3200,2 TB,yes,no,,,,,,2021-Q1,,,https://wccftech.com/amd-threadripper-pro-5000-chagall-cpu-specs-leak-out-flagship-5995wx-up-to-64-zen-3-cores/,3,medium,"Cross-checked videocardz/topcpu.net. ~$3,299 cited launch price by wccftech, not independently re-verified -> gap."
AMD,Ryzen Threadripper,workstation,Chagall,Zen 3,Ryzen TR PRO 5995WX,AMD Ryzen Threadripper PRO 5995WX,64,,,128,2.70 GHz,4.50 GHz,,32 MB,256 MB,280W,,TSMC 7nm (CCD)/GF 12nm (IOD),sWRX8,1,4.0,128,DDR4,8,DDR4-3200,2 TB,yes,no,,,,,,2021-Q1,,,https://www.techspot.com/review/2512-amd-ryzen-threadripper-pro-5995wx/,2,medium,"Cross-checked wccftech/videocardz/topcpu.net; consistent. Retail launch price ~$6,499 cited by wccftech but not independently re-verified on amd.com -> left blank/gap."
AMD,Ryzen Threadripper,workstation,Colfax,Zen+,Ryzen TR 2920X,AMD Ryzen Threadripper 2920X,12,,,24,3.50 GHz,4.30 GHz,,6 MB,32 MB,180W,,GlobalFoundries 12nm,sTR4,1,3.0,60,DDR4,4,DDR4-2933,512 GB,no,no,,,,,,2018-10-29,649,,https://videocardz.com/77031/amd-ryzen-threadripper-2990wx-2970wx-2950x-and-2920x-specs-and-pricing-leaked,3,high,Cross-checked videocardz/HEXUS/PCPer; consistent.
AMD,Ryzen Threadripper,workstation,Colfax,Zen+,Ryzen TR 2950X,AMD Ryzen Threadripper 2950X,16,,,32,3.50 GHz,4.40 GHz,,8 MB,32 MB,180W,,GlobalFoundries 12nm,sTR4,1,3.0,60,DDR4,4,DDR4-2933,512 GB,no,no,,,,,,2018-08-31,899,,"https://www.tomshardware.com/reviews/amd-ryzen-threadripper-2-2990wx-2950x,5725.html",2,high,"Cross-checked Tom's Hardware/videocardz/wccftech; consistent. X-series uses 2 active dies, 180W TDP (same envelope as 1st-gen Threadripper)."
AMD,Ryzen Threadripper,workstation,Colfax,Zen+,Ryzen TR 2970WX,AMD Ryzen Threadripper 2970WX,24,,,48,3.00 GHz,4.20 GHz,,12 MB,64 MB,250W,,GlobalFoundries 12nm,sTR4,1,3.0,60,DDR4,4,DDR4-2933,512 GB,no,no,,,,,,2018-10-29,1299,,https://videocardz.com/77031/amd-ryzen-threadripper-2990wx-2970wx-2950x-and-2920x-specs-and-pricing-leaked,3,high,Cross-checked videocardz/HEXUS/PCPer; consistent.
AMD,Ryzen Threadripper,workstation,Colfax,Zen+,Ryzen TR 2990WX,AMD Ryzen Threadripper 2990WX,32,,,64,3.00 GHz,4.20 GHz,,16 MB,64 MB,250W,,GlobalFoundries 12nm,sTR4,1,3.0,60,DDR4,4,DDR4-2933,512 GB,no,no,,,,,,2018-08-13,1799,,https://videocardz.com/77031/amd-ryzen-threadripper-2990wx-2970wx-2950x-and-2920x-specs-and-pricing-leaked,3,high,"Cross-checked videocardz/wccftech/GamersNexus/Tom's Hardware; consistent. WX-series uses 4 active dies (2 compute + 2 I/O-only), 250W TDP."
AMD,w,workstation,Fiji XT (dual),GCN 3,Pro Duo,AMD Radeon Pro Duo,128,,,,,1.00 GHz,,,,350W,,28 nm,,,3.0,16,HBM,,1024 GB/s,8 GB,,,,,,,,2016-04-26,1499,,https://wccftech.com/amd-radeon-duo-pro-dual-fiji-1500/,3,medium,"16.38 TFLOPS FP32 aggregate; dual-GPU card (2x Fiji XT, 4GB HBM1 + 64 CU each); no FP64 hardware on Fiji; requires 3x 8-pin power; cores field = total CUs across both GPUs (128 = 2x64)"
AMD,ww5000,workstation,Navi 10,RDNA,Pro W5700,AMD Radeon Pro W5700,36,,,,1.40 GHz,1.88 GHz,,4 MB,,205W,,7 nm,,,4.0,16,GDDR6,,448 GB/s,8 GB,,,,,,,,2019-11-19,799,,https://www.amd.com/en/system/files?file=documents%2Fradeon-w5700-datasheet.pdf,1,high,8.7 TFLOPS FP32; PCIe card form factor
AMD,wv,workstation,Navi 12,PRO V Series,PRO V520,AMD Radeon PRO V520,36,,,,1.00 GHz,1.60 GHz,,4 MB,,225W,,7 nm,,,4.0,16,HBM2,,512 GB/s,8 GB,no,,,,,,,2020-Q4,,,https://www.amd.com/en/products/accelerators/radeon-pro/amd-radeon-pro-v520.html,1,high,7.4 TFLOPS FP32; SR-IOV/MxGPU cloud GPU; CU derived from 2304 SP / 64 SP-per-CU RDNA1
AMD,ww5000mobile,workstation,Navi 14,RDNA,PRO W5500M (Mobile),AMD Radeon Pro W5500M,22,,,,1.00 GHz,,,2 MB,,85W,,7 nm,,,4.0,8,GDDR6,,224 GB/s,4 GB,,,,,,,,2020-Q2,,,https://www.notebookcheck.net/AMD-Radeon-Pro-5500M-GPU-Benchmarks-and-Specs.442754.0.html,3,medium,4.79 TFLOPS FP32; mobile MXM form factor; not to be confused with non-W Radeon Pro 5500M
AMD,ww5000,workstation,Navi 14,RDNA,Pro W5500,AMD Radeon Pro W5500,22,,,,1.19 GHz,1.85 GHz,,2 MB,,125W,,7 nm,,,4.0,8,GDDR6,,224 GB/s,8 GB,,,,,,,,2020-02-10,399,,https://gpus.axiomgaming.net/gpu/radeon-pro-w5500,3,medium,5.35 TFLOPS FP32; PCIe card form factor; base clock varies by source (1187-1400 MHz)
AMD,wv,workstation,Navi 21,PRO V Series,PRO V620,AMD Radeon PRO V620,72,,,,1.82 GHz,2.20 GHz,,,128 MB,300W,,7 nm,,,4.0,16,GDDR6,,512 GB/s,32 GB,no,,,,,,,2021-Q4,,,https://www.amd.com/en/products/accelerators/radeon-pro/amd-radeon-pro-v620.html,1,high,"20.28 TFLOPS FP32; dual-slot, SR-IOV/MxGPU cloud GPU"
AMD,ww6000,workstation,Navi 21,PRO W6000 Series,PRO W6800,AMD Radeon PRO W6800,60,,,,,,,,128 MB,250W,,7 nm,,,4.0,16,GDDR6,,512 GB/s,32 GB,yes,,,,,,,2021-Q2,2249,,https://www.amd.com/en/products/graphics/workstations/radeon-pro/w6800.html,1,high,17.83 TFLOPS FP32; dual-slot blower
AMD,ww6000mobile,workstation,Navi 22,PRO W6000 Mobile Series,PRO W6600M,AMD Radeon PRO W6600M,28,,,,1.22 GHz,2.03 GHz,,,32 MB,90W,,7 nm,,,4.0,,GDDR6,,224 GB/s,8 GB,yes,,,,,,,2021-Q3,,,https://www.tomshardware.com/news/amd-radeon-pro-w6800-w6600-w6600m,1,high,10.6 TFLOPS FP32; mobile workstation module
AMD,ww6000mobile,workstation,Navi 23,PRO W6000 Mobile Series,PRO W6500M,AMD Radeon PRO W6500M,16,,,,,,,,16 MB,,,6 nm,,,4.0,,GDDR6,,,4 GB,yes,,,,,,,2022-Q3,,,https://www.gizbot.com/computer/news/amd-radeon-pro-w6400-w6500m-and-w6300m-server-grade-gpus-launch-price-features-078772.html,3,low,CU count inferred from Navi23-cutdown family pattern (16 CU); clocks/TDP not confirmed in sources found
AMD,ww6000,workstation,Navi 23,PRO W6000 Series,PRO W6600,AMD Radeon PRO W6600,28,,,,,,,,32 MB,100W,,7 nm,,,4.0,8,GDDR6,,224 GB/s,8 GB,yes,,,,,,,2021-Q3,649,,https://www.amd.com/en/products/graphics/workstations/radeon-pro/w6600.html,1,high,10.4 TFLOPS FP32; single-slot active cooling
AMD,ww6000mobile,workstation,Navi 24,PRO W6000 Mobile Series,PRO W6300M,AMD Radeon PRO W6300M,12,,,,,,,,8 MB,,,6 nm,,,4.0,,GDDR6,,64 GB/s,2 GB,yes,,,,,,,2022-Q3,,,https://www.gizbot.com/computer/news/amd-radeon-pro-w6400-w6500m-and-w6300m-server-grade-gpus-launch-price-features-078772.html,3,medium,3.37 TFLOPS FP32; TDP not confirmed in sources found
AMD,ww6000,workstation,Navi 24,PRO W6000 Series,PRO W6400,AMD Radeon PRO W6400,12,,,,,,,,16 MB,50W,,6 nm,,,4.0,4,GDDR6,,,4 GB,yes,,,,,,,2022-Q1,199,,https://www.amd.com/en/products/graphics/workstations/radeon-pro/w6400.html,1,medium,768 stream processors / 12 CU; low-profile single-slot; bandwidth not confirmed tier-1
AMD,ww7000,workstation,Navi 31,PRO W7000 Series,PRO W7800,AMD Radeon PRO W7800,70,,,,,2.42 GHz,,,64 MB,260W,,5 nm,,,4.0,16,GDDR6,,576 GB/s,32 GB,yes,,,,,,,2023-Q2,2499,,https://www.amd.com/en/products/graphics/workstations/radeon-pro/w7800.html,1,high,45 TFLOPS FP32; dual-slot blower
AMD,ww7000,workstation,Navi 31,PRO W7000 Series,PRO W7800 48GB,AMD Radeon PRO W7800 48GB,70,,,,,2.42 GHz,,,96 MB,260W,,5 nm,,,4.0,16,GDDR6,,864 GB/s,48 GB,yes,,,,,,,2025-Q1,,,https://www.amd.com/en/products/graphics/workstations/radeon-pro/w7800-48gb.html,1,high,"45.2 TFLOPS FP32; memory-capacity variant of W7800, dual-slot"
AMD,ww7000,workstation,Navi 31,PRO W7000 Series,PRO W7900,AMD Radeon PRO W7900,96,,,,,2.56 GHz,,,96 MB,295W,,5 nm,,,4.0,16,GDDR6,,864 GB/s,48 GB,yes,,,,,,,2023-Q2,3999,,https://www.amd.com/en/products/graphics/workstations/radeon-pro/w7900.html,1,high,61.3 TFLOPS FP32; triple-slot blower
AMD,ww7000,workstation,Navi 31,PRO W7000 Series,PRO W7900 Dual Slot,AMD Radeon PRO W7900 Dual Slot,96,,,,,2.56 GHz,,,96 MB,295W,,5 nm,,,4.0,16,GDDR6,,864 GB/s,48 GB,yes,,,,,,,2024-Q2,3999,,https://www.amd.com/en/products/graphics/workstations/radeon-pro/w7900-dual-slot.html,1,high,"61.3 TFLOPS FP32; dual-slot repackage of W7900, same silicon"
AMD,wv,workstation,Navi 32,PRO V Series,PRO V710,AMD Radeon PRO V710,54,,,,,2.00 GHz,,,54 MB,158W,,5 nm,,,4.0,16,GDDR6,,448 GB/s,28 GB,no,,,,,,,2023-Q4,,,https://www.amd.com/en/products/accelerators/radeon-pro/amd-radeon-pro-v710.html,1,high,"27.65 TFLOPS FP32; single-slot, SR-IOV/MxGPU cloud GPU"
AMD,ww7000,workstation,Navi 32,PRO W7000 Series,PRO W7700,AMD Radeon PRO W7700,48,,,,,2.60 GHz,,,64 MB,190W,,5 nm,,,4.0,16,GDDR6,,576 GB/s,16 GB,yes,,,,,,,2023-Q4,999,,https://www.amd.com/en/products/graphics/workstations/radeon-pro/w7700.html,1,high,31.95 TFLOPS FP32
AMD,ww7000,workstation,Navi 33,PRO W7000 Series,PRO W7400,AMD Radeon PRO W7400,28,,,,,,,,32 MB,55W,,6 nm,,,4.0,8,GDDR6,,172.8 GB/s,8 GB,no,,,,,,,2025-Q1,,,https://www.amd.com/en/products/graphics/workstations/radeon-pro/w7400.html,1,medium,"Same 28-CU Navi 33 die as W7500, lower TBP; boost clock not confirmed tier-1"
AMD,ww7000,workstation,Navi 33,PRO W7000 Series,PRO W7500,AMD Radeon PRO W7500,28,,,,,2.40 GHz,,,32 MB,70W,,6 nm,,,4.0,8,GDDR6,,172.8 GB/s,8 GB,no,,,,,,,2023,429,,https://www.amd.com/en/products/graphics/workstations/radeon-pro/w7500.html,1,high,12.19 TFLOPS FP32; no external power connector
AMD,ww7000,workstation,Navi 33,PRO W7000 Series,PRO W7600,AMD Radeon PRO W7600,32,,,,,2.60 GHz,,,32 MB,130W,,6 nm,,,4.0,8,GDDR6,,288 GB/s,8 GB,no,,,,,,,2023,649,,https://www.amd.com/en/products/graphics/workstations/radeon-pro/w7600.html,1,high,19.99 TFLOPS FP32
AMD,aiwr9000,workstation,Navi 48,AI PRO R9000 Series,AI PRO R9600D,AMD Radeon AI PRO R9600D,48,,,,,2.02 GHz,,,64 MB,150W,,4 nm,,,5.0,16,GDDR6,,640 GB/s,32 GB,no,,,,,,,2025-Q4,,,https://www.amd.com/en/products/graphics/workstations/radeon-ai-pro/ai-9000-series/amd-radeon-ai-pro-r9600d.html,1,high,"24.8 TFLOPS FP32; passively-cooled, 12V-2x6 connector"
AMD,aiwr9000,workstation,Navi 48,AI PRO R9000 Series,AI PRO R9700,AMD Radeon AI PRO R9700,64,,,,,2.92 GHz,,8 MB,64 MB,300W,,4 nm,,,5.0,16,GDDR6,,640 GB/s,32 GB,no,,,,,,,2025-Q3,1299,,https://www.amd.com/en/products/graphics/workstations/radeon-ai-pro/ai-9000-series/amd-radeon-ai-pro-r9700.html,1,high,47.8 TFLOPS FP32; dual-slot blower workstation card
AMD,aiwr9000,workstation,Navi 48,AI PRO R9000 Series,AI PRO R9700S,AMD Radeon AI PRO R9700S,64,,,,,2.92 GHz,,8 MB,64 MB,300W,,4 nm,,,5.0,16,GDDR6,,640 GB/s,32 GB,no,,,,,,,2025-Q4,,,https://www.amd.com/en/products/graphics/workstations/radeon-ai-pro/ai-9000-series/amd-radeon-ai-pro-r9700s.html,1,high,47.8 TFLOPS FP32; passively-cooled server variant of R9700
AMD,wwxx100mobile,workstation,Polaris 10 (Pro),Polaris (GCN 4),PRO WX 7100 (Mobile),AMD Radeon Pro WX 7100 Mobile,36,,,,1.19 GHz,1.24 GHz,,2 MB,,130W,,14 nm,,,3.0,16,GDDR5,,160 GB/s,8 GB,,,,,,,,2017-01-01,,,https://www.notebookcheck.net/AMD-Radeon-Pro-WX-7100-GPU.215342.0.html,3,medium,"5.73 TFLOPS FP32 / 358 GFLOPS FP64; MXM module, no external power connector; lower memory bandwidth (160GB/s) than desktop WX 7100 (224GB/s) despite identical CU/shader count"
AMD,wwxx100,workstation,Polaris 10 (Pro),Polaris (GCN 4),Pro WX 5100,AMD Radeon Pro WX 5100,28,,,,0.71 GHz,1.09 GHz,,,,75W,,14 nm,,,3.0,16,GDDR5,,160 GB/s,8 GB,,,,,,,,2016-11-18,549,,https://gpus.axiomgaming.net/gpu/radeon-pro-wx-5100,3,medium,"3.9 TFLOPS FP32 / 243.3 GFLOPS FP64; single-slot, no aux power, 4x DP 1.3"
AMD,wwxx100,workstation,Polaris 10 (Pro),Polaris (GCN 4),Pro WX 7100,AMD Radeon Pro WX 7100,36,,,,1.19 GHz,1.24 GHz,,2 MB,,130W,,14 nm,,,3.0,16,GDDR5,,224 GB/s,8 GB,,,,,,,,2016-07-01,799,,https://www.amd.com/Documents/radeon-pro-wx7100-datasheet.pdf,1,high,"5.73 TFLOPS FP32 / 358 GFLOPS FP64; single-slot card, 4x DP; no ECC"
AMD,wwxx100mobile,workstation,Polaris 11 (Baffin Pro),Polaris (GCN 4),PRO WX 4150 (Mobile),AMD Radeon Pro WX 4150 Mobile,14,,,,1.00 GHz,1.05 GHz,,1 MB,,50W,,14 nm,,,3.0,8,GDDR5,,96 GB/s,4 GB,,,,,,,,2017-03-01,,,https://www.notebookcheck.net/AMD-Radeon-Pro-WX-4150-GPU.215312.0.html,3,medium,"1.887 TFLOPS FP32 / 117.9 GFLOPS FP64; MXM module; some sources list 45W TDP instead of 50W, flagged in notes.md"
AMD,wwxx100mobile,workstation,Polaris 11 (Pro),Polaris (GCN 4),PRO WX 4170 (Mobile),AMD Radeon Pro WX 4170 Mobile,16,,,,1.00 GHz,1.20 GHz,,1 MB,,50W,,14 nm,,,3.0,8,GDDR5,,96 GB/s,4 GB,,,,,,,,2017-03-01,,,https://www.amd.com/en/support/professional-graphics/mobile-platforms/radeon-pro-wx-x100-mobile-series/radeon-pro-wx-4170,1,medium,"2.46 TFLOPS FP32; MXM module; sources report bandwidth 96-112 GB/s, used majority figure"
AMD,wwxx200,workstation,Polaris 11 (Pro),Polaris (GCN 4),Pro WX 3200,AMD Radeon Pro WX 3200,10,,,,1.08 GHz,,,,,50W,,14 nm,,,3.0,8,GDDR5,,96 GB/s,4 GB,,,,,,,,2019-07-01,199,,"https://www.tomshardware.com/news/amd-radeon-pro-wx-3200-graphics-card,39788.html",1,medium,"3.3 TFLOPS FP32 (AMD figure; TechPowerUp cites 1.66 TFLOPS at lower clock, flagged in notes.md); single-slot low-profile card"
AMD,wwxx100,workstation,Polaris 11 (Pro),Polaris (GCN 4),Pro WX 4100,AMD Radeon Pro WX 4100,16,,,,1.12 GHz,1.20 GHz,,1 MB,,50W,,14 nm,,,3.0,8,GDDR5,,96 GB/s,4 GB,,,,,,,,2016-11-10,399,,https://www.amd.com/system/files/documents/radeon-pro-wx4100-datasheet.pdf,1,high,"2.46 TFLOPS FP32 / 153.7 GFLOPS FP64; half-height single-slot card, 4x mini-DP, no external power"
AMD,wwxx100mobile,workstation,Polaris 11/12,Polaris (GCN 4),PRO WX 4130 (Mobile),AMD Radeon Pro WX 4130 Mobile,10,,,,,1.05 GHz,,1 MB,,50W,,14 nm,,,3.0,8,GDDR5,,96 GB/s,4 GB,,,,,,,,2017-03-01,,,https://www.notebookcheck.net/AMD-Radeon-Pro-WX-4130-GPU-Benchmarks-and-Specs.215310.0.html,3,medium,"1.35 TFLOPS FP32; MXM module, no external display outputs/power connectors on module"
AMD,wwxx100mobile,workstation,Polaris 12,Polaris (GCN 4),PRO WX 3100 (Mobile),AMD Radeon Pro WX 3100 Mobile,8,,,,,,,0.5 MB,,,,14 nm,,,3.0,16,GDDR5,,96 GB/s,4 GB,,,,,,,,2017-06-01,,,https://www.notebookcheck.net/AMD-Radeon-Pro-WX-3100-Mobile-GPU.283050.0.html,3,low,1.25 TFLOPS FP32 / 78 GFLOPS FP64; AMD does not publish a distinct mobile TDP figure (OEM-configured); left tdp blank per Notebookcheck
AMD,wwxx100mobile,workstation,Polaris 12 (Pro),Polaris (GCN 4),PRO WX 2100 (Mobile),AMD Radeon Pro WX 2100 Mobile,8,,,,0.93 GHz,1.22 GHz,,0.25 MB,,35W,,14 nm,,,3.0,8,GDDR5,,48 GB/s,2 GB,,,,,,,,2017-01-01,,,https://www.notebookcheck.net/AMD-Radeon-Pro-WX-2100-Professional-Graphics-Card-for-Laptops.434516.0.html,3,medium,"1.25 TFLOPS FP32; MXM module, no display outputs/power connectors on module; one source lists 65W TDP for a distinct desktop SKU, not applicable here"
AMD,wwxx100,workstation,Polaris 12 (Pro),Polaris (GCN 4),Pro WX 2100,AMD Radeon Pro WX 2100,8,,,,0.93 GHz,1.22 GHz,,0.25 MB,,35W,,14 nm,,,3.0,8,GDDR5,,48 GB/s,2 GB,,,,,,,,2017-01-01,99,,https://cputronic.com/gpu/amd-radeon-pro-wx-2100,3,medium,"1.25 TFLOPS FP32; single-slot low-profile, no aux power, 1x DP + 2x mini-DP; one source lists 96GB/s@128-bit bandwidth, majority report 48GB/s@64-bit — used majority figure"
AMD,wwxx100,workstation,Polaris 12 (Pro),Polaris (GCN 4),Pro WX 3100,AMD Radeon Pro WX 3100,8,,,,,,,0.5 MB,,65W,,14 nm,,,3.0,8,GDDR5,,96 GB/s,4 GB,,,,,,,,2017-06-01,199,,https://cputronic.com/gpu/amd-radeon-pro-wx-3100,3,low,"1.25 TFLOPS FP32; single-slot low-profile, 1x DP + 2x mini-DP; TDP reported inconsistently (50-65W range across sources), used most common figure, flagged in notes.md"
AMD,Ryzen Threadripper,workstation,Shimada Peak,Zen 5,Ryzen TR 9960X,AMD Ryzen Threadripper 9960X,24,,,48,4.20 GHz,5.40 GHz,,24 MB,128 MB,350W,,TSMC 4nm (CCD)/6nm (IOD),sTR5,1,5.0,90,DDR5,4,DDR5-6400,1 TB,yes,no,,,,,,2025-Q3,1500,,https://cputronic.com/cpu/amd-ryzen-threadripper-9960x,2,high,Cross-checked overclocking.com/en review; consistent.
AMD,Ryzen Threadripper,workstation,Shimada Peak,Zen 5,Ryzen TR 9970X,AMD Ryzen Threadripper 9970X,32,,,64,4.00 GHz,5.40 GHz,,32 MB,128 MB,350W,,TSMC 4nm (CCD)/6nm (IOD),sTR5,1,5.0,90,DDR5,4,DDR5-6400,1 TB,yes,no,,,,,,2025-Q3,2500,,https://www.techspot.com/review/3020-amd-ryzen-threadripper-9980x-9970x/,2,high,Cross-checked hardwaretimes/corsair coverage; consistent.
AMD,Ryzen Threadripper,workstation,Shimada Peak,Zen 5,Ryzen TR 9980X,AMD Ryzen Threadripper 9980X,64,,,128,3.20 GHz,5.40 GHz,,64 MB,256 MB,350W,,TSMC 4nm (CCD)/6nm (IOD),sTR5,1,5.0,90,DDR5,4,DDR5-6400,1 TB,yes,no,,,,,,2025-Q3,4999,,https://www.amd.com/en/products/processors/ryzen-threadripper/9000-series/amd-ryzen-threadripper-9980x.html,1,high,AMD official product page (via WebSearch summary); cross-checked LanOC/GamersNexus/TechSpot reviews.
AMD,Ryzen Threadripper,workstation,Shimada Peak,Zen 5,Ryzen TR PRO 9945WX,AMD Ryzen Threadripper PRO 9945WX,12,,,24,,5.40 GHz,,12 MB,64 MB,350W,,TSMC 4nm (CCD)/6nm (IOD),sTR5,1,5.0,128,DDR5,8,DDR5-6400,2 TB,yes,no,,,,,,2025-Q3,,,https://www.amd.com/en/products/processors/workstations/ryzen-threadripper/9000-wx-series/amd-ryzen-threadripper-pro-9945wx.html,3,low,"Base clock and L3 not confirmed in sources reviewed for this entry-level SKU (12MB L2 assumed 1MB/core, 64MB L3 assumed matching 9955WX 2-CCD pattern) -> flagged/gap. Price not found -> gap."
AMD,Ryzen Threadripper,workstation,Shimada Peak,Zen 5,Ryzen TR PRO 9955WX,AMD Ryzen Threadripper PRO 9955WX,16,,,32,4.50 GHz,5.40 GHz,,16 MB,64 MB,350W,,TSMC 4nm (CCD)/6nm (IOD),sTR5,1,5.0,128,DDR5,8,DDR5-6400,2 TB,yes,no,,,,,,2025-Q3,,,https://www.amd.com/en/products/processors/workstations/ryzen-threadripper/9000-wx-series/amd-ryzen-threadripper-pro-9955wx.html,1,high,AMD official product page (via WebSearch summary); cross-checked hwcooling/tweaktown. Price not found -> gap.
AMD,Ryzen Threadripper,workstation,Shimada Peak,Zen 5,Ryzen TR PRO 9965WX,AMD Ryzen Threadripper PRO 9965WX,24,,,48,4.20 GHz,5.40 GHz,,24 MB,128 MB,350W,,TSMC 4nm (CCD)/6nm (IOD),sTR5,1,5.0,128,DDR5,8,DDR5-6400,2 TB,yes,no,,,,,,2025-Q3,,,https://vrlatech.com/vrla-tech-workstations/amd-ryzen-threadripper-pro-9965wx-processor/,2,high,Cross-checked hwcooling/tweaktown launch coverage. Price not found -> gap.
AMD,Ryzen Threadripper,workstation,Shimada Peak,Zen 5,Ryzen TR PRO 9975WX,AMD Ryzen Threadripper PRO 9975WX,32,,,64,4.00 GHz,5.40 GHz,,32 MB,128 MB,350W,,TSMC 4nm (CCD)/6nm (IOD),sTR5,1,5.0,128,DDR5,8,DDR5-6400,2 TB,yes,no,,,,,,2025-Q3,,,https://www.notebookcheck.net/AMD-launches-Ryzen-Threadripper-9000-Shimada-Peak-series-led-by-the-96C-192T-350-W-Ryzen-Threadripper-Pro-9995WX.1021230.0.html,3,medium,Base clock assumed same as prior-gen 7975WX pattern (4.0GHz) per hwcooling/tweaktown coverage; not independently confirmed on an AMD ARK page -> flagged. Price not found -> gap.
AMD,Ryzen Threadripper,workstation,Shimada Peak,Zen 5,Ryzen TR PRO 9985WX,AMD Ryzen Threadripper PRO 9985WX,64,,,128,,5.40 GHz,,64 MB,256 MB,350W,,TSMC 4nm (CCD)/6nm (IOD),sTR5,1,5.0,128,DDR5,8,DDR5-6400,2 TB,yes,no,,,,,,2025-Q3,,,https://videocardz.com/newz/amd-ryzen-threadripper-9985wx-spotted-12-and-16-core-variants-also-surface,3,low,"Base clock unconfirmed in sources reviewed (one estimate of ~4.2GHz found but not corroborated) -> left blank, gap logged. Price not found -> gap."
AMD,Ryzen Threadripper,workstation,Shimada Peak,Zen 5,Ryzen TR PRO 9995WX,AMD Ryzen Threadripper PRO 9995WX,96,,,192,2.50 GHz,5.40 GHz,,96 MB,384 MB,350W,,TSMC 4nm (CCD)/6nm (IOD),sTR5,1,5.0,128,DDR5,8,DDR5-6400,2 TB,yes,no,,,,,,2025-Q3,11699,,https://www.amd.com/en/products/processors/workstations/ryzen-threadripper/9000-wx-series/amd-ryzen-threadripper-pro-9995wx.html,1,high,AMD official product page (via WebSearch summary); cross-checked notebookcheck/tomshardware/techspot launch coverage.
AMD,Ryzen Threadripper,workstation,Storm Peak,Zen 4,Ryzen TR 7960X,AMD Ryzen Threadripper 7960X,24,,,48,4.20 GHz,5.30 GHz,,24 MB,128 MB,350W,,TSMC 5nm (CCD)/6nm (IOD),sTR5,1,5.0,48,DDR5,4,DDR5-5200,1 TB,yes,no,,,,,,2023-Q4,1499,,https://gamersnexus.net/cpus/amds-cheap-threadripper-hedt-cpu-7960x-24-core-cpu-review-benchmarks,2,high,Cross-checked cpu-monkey/cputronic; consistent.
AMD,Ryzen Threadripper,workstation,Storm Peak,Zen 4,Ryzen TR 7970X,AMD Ryzen Threadripper 7970X,32,,,64,4.00 GHz,5.30 GHz,,32 MB,128 MB,350W,,TSMC 5nm (CCD)/6nm (IOD),sTR5,1,5.0,48,DDR5,4,DDR5-5200,1 TB,yes,no,,,,,,2023-Q4,2499,,https://www.techspot.com/review/2770-amd-ryzen-threadripper-7980x-7970x/,2,high,Cross-checked GamersNexus/hothardware reviews; consistent.
AMD,Ryzen Threadripper,workstation,Storm Peak,Zen 4,Ryzen TR 7980X,AMD Ryzen Threadripper 7980X,64,,,128,3.20 GHz,5.10 GHz,,64 MB,256 MB,350W,,TSMC 5nm (CCD)/6nm (IOD),sTR5,1,5.0,48,DDR5,4,DDR5-5200,1 TB,yes,no,,,,,,2023-Q4,4999,,https://www.techspot.com/review/2770-amd-ryzen-threadripper-7980x-7970x/,2,high,Cross-checked GamersNexus/guru3d/hothardware reviews; consistent.
AMD,Ryzen Threadripper,workstation,Storm Peak,Zen 4,Ryzen TR PRO 7945WX,AMD Ryzen Threadripper PRO 7945WX,12,,,24,4.70 GHz,5.35 GHz,,12 MB,64 MB,350W,,TSMC 5nm (CCD)/6nm (IOD),sTR5,1,5.0,128,DDR5,8,DDR5-5200,2 TB,yes,no,,,,,,2023-Q4,999,,https://wccftech.com/amd-ryzen-threadripper-pro-7000wx-cpu-specs-leak-7995wx-flagship-96-cores-5-ghz-350w/,3,medium,L3 assumed 64MB matching 2-CCD pattern shared with 7955WX (not independently confirmed) -> flagged. Base/boost from made-in-china listing.
AMD,Ryzen Threadripper,workstation,Storm Peak,Zen 4,Ryzen TR PRO 7955WX,AMD Ryzen Threadripper PRO 7955WX,16,,,32,4.50 GHz,5.35 GHz,,16 MB,64 MB,350W,,TSMC 5nm (CCD)/6nm (IOD),sTR5,1,5.0,128,DDR5,8,DDR5-5200,2 TB,yes,no,,,,,,2023-Q4,1199,,https://wccftech.com/amd-ryzen-threadripper-pro-7000wx-cpu-specs-leak-7995wx-flagship-96-cores-5-ghz-350w/,3,medium,Base/boost from made-in-china spec listing cross-checked against pchardware.org product page summary.
AMD,Ryzen Threadripper,workstation,Storm Peak,Zen 4,Ryzen TR PRO 7965WX,AMD Ryzen Threadripper PRO 7965WX,24,,,48,4.20 GHz,5.30 GHz,,24 MB,128 MB,350W,,TSMC 5nm (CCD)/6nm (IOD),sTR5,1,5.0,128,DDR5,8,DDR5-5200,2 TB,yes,no,,,,,,2023-Q4,1649,,https://wccftech.com/amd-ryzen-threadripper-pro-7000wx-cpu-specs-leak-7995wx-flagship-96-cores-5-ghz-350w/,3,medium,Cross-checked AMD whitepaper + notebookcheck. Price approximate from widely cited launch MSRP.
AMD,Ryzen Threadripper,workstation,Storm Peak,Zen 4,Ryzen TR PRO 7975WX,AMD Ryzen Threadripper PRO 7975WX,32,,,64,4.00 GHz,5.30 GHz,,32 MB,128 MB,350W,,TSMC 5nm (CCD)/6nm (IOD),sTR5,1,5.0,128,DDR5,8,DDR5-5200,2 TB,yes,no,,,,,,2023-Q4,2499,,https://wccftech.com/amd-ryzen-threadripper-pro-7000wx-cpu-specs-leak-7995wx-flagship-96-cores-5-ghz-350w/,3,medium,Cross-checked AMD whitepaper + made-in-china spec listing for base clock table.
AMD,Ryzen Threadripper,workstation,Storm Peak,Zen 4,Ryzen TR PRO 7985WX,AMD Ryzen Threadripper PRO 7985WX,64,,,128,3.20 GHz,5.10 GHz,,64 MB,256 MB,350W,,TSMC 5nm (CCD)/6nm (IOD),sTR5,1,5.0,128,DDR5,8,DDR5-5200,2 TB,yes,no,,,,,,2023-Q4,4999,,https://wccftech.com/amd-ryzen-threadripper-pro-7000wx-cpu-specs-leak-7995wx-flagship-96-cores-5-ghz-350w/,3,medium,"Cross-checked AMD Threadripper PRO whitepaper PDF + hardforum. Price is commonly cited launch MSRP, not independently re-verified on amd.com in this pass."
AMD,Ryzen Threadripper,workstation,Storm Peak,Zen 4,Ryzen TR PRO 7995WX,AMD Ryzen Threadripper PRO 7995WX,96,,,192,2.50 GHz,5.10 GHz,,96 MB,384 MB,350W,,TSMC 5nm (CCD)/6nm (IOD),sTR5,1,5.0,128,DDR5,8,DDR5-5200,2 TB,yes,no,,,,,,2023-Q4,9899,,https://www.tomshardware.com/pc-components/cpus/amd-launches-threadripper-pro-9000-wx-series-cpus-with-up-to-96-zen-5-cores-for-usd11-699-shimada-peak-and-radeon-ai-pro-r9700-arrive-on-july-23,3,medium,"Predecessor context cited in coverage of 9995WX launch (17% price increase over 7995WX's $9,899). Cross-checked wccftech/AMD PDF for core/clock/cache."
AMD,wwxx200mobile,workstation,Vega (mobile),Vega,PRO WX 3200 (Mobile),AMD Radeon Pro WX 3200 Mobile,10,,,,,1.08 GHz,,0.5 MB,,38W,,14 nm,,,3.0,8,GDDR5,,96 GB/s,4 GB,,,,,,,,2019-Q3,,,https://www.notebookcheck.net/AMD-Radeon-Pro-WX-3200-Laptop-GPU-Benchmarks-and-Specs.435567.0.html,3,low,"1.41 TFLOPS FP32; sources disagree on architecture — Notebookcheck reports Vega/GCN5, desktop WX 3200 is Polaris-based; TDP reported as range 35-40W, used midpoint; flagged in notes.md"
AMD,w,workstation,Vega 10,Vega,Pro SSG,AMD Radeon Pro SSG,64,,,,,1.50 GHz,,4 MB,,260W,,14 nm,,,3.0,16,HBM2,,484 GB/s,16 GB,yes,,,,,,,2017-10-31,6999,,https://www.amd.com/system/files/documents/radeon-pro-ssg-datasheet.pdf,1,high,"12.3 TFLOPS FP32; unique on-board 2TB NAND SSG storage (4x512GB RAID0, up to 8GB/s read/6GB/s write) accessible directly by GPU via SSG API; blower cooler, 6x mini-DP"
AMD,wwxx100,workstation,Vega 10,Vega,Pro WX 9100,AMD Radeon Pro WX 9100,64,,,,,1.50 GHz,,4 MB,,230W,,14 nm,,,3.0,16,HBM2,,484 GB/s,16 GB,yes,,,,,,,2017-08-01,2199,,https://www.amd.com/system/files/documents/radeon-pro-wx9100-datasheet.pdf,1,high,"12.3 TFLOPS FP32 / 769 GFLOPS FP64; full-height PCIe card, 6x mini-DP; HBCC support"
AMD,w,workstation,Vega 10,Vega,Vega Frontier Edition (Air-cooled),AMD Radeon Vega Frontier Edition (Air-cooled),64,,,,1.38 GHz,1.60 GHz,,4 MB,,300W,,14 nm,,,3.0,16,HBM2,,484 GB/s,16 GB,,,,,,,,2017-06-27,999,,https://pcper.com/2017/06/the-radeon-vega-frontier-edition-16gb-air-cooled-review/,3,medium,13.1 TFLOPS FP32 / 819 GFLOPS FP64 / 25 TFLOPS FP16 (at clocks beyond 1550MHz); reference blower cooler; reviews found sustained clocks average ~1440MHz vs 1600MHz rated boost
AMD,w,workstation,Vega 10,Vega,Vega Frontier Edition (Liquid-cooled),AMD Radeon Vega Frontier Edition (Liquid-cooled),64,,,,1.38 GHz,1.60 GHz,,4 MB,,375W,,14 nm,,,3.0,16,HBM2,,484 GB/s,16 GB,,,,,,,,2017-07-01,1500,,https://wccftech.com/amd-radeon-vega-frontier-edition-radeon-pro-vega-ssg-detailed/,3,medium,13.1 TFLOPS FP32 / 819 GFLOPS FP64 / 25 TFLOPS FP16; BIOS switch allows 300W/350W power states; real-world TBP measured up to 440W under overclock; Cooler Master closed-loop liquid cooler
AMD,wwxx200,workstation,Vega 10 (Pro),Vega,Pro WX 8200,AMD Radeon Pro WX 8200,56,,,,,1.50 GHz,,4 MB,,230W,,14 nm,,,3.0,16,HBM2,,512 GB/s,8 GB,yes,,,,,,,2018-10-01,999,,https://www.techpowerup.com/246630/amd-radeon-pro-wx-8200-detailed,1,high,"10.75 TFLOPS FP32 / 672 GFLOPS FP64; TBP figure; PCIe add-in card, blower cooler"
AMD,wvii,workstation,Vega 20,PRO VII Series,Pro VII,AMD Radeon Pro VII,60,,,,,1.70 GHz,,,,250W,,7 nm,,,4.0,16,HBM2,,1000 GB/s,16 GB,yes,,,,,,,2020-Q1,1899,,https://www.techpowerup.com/266992/amd-announces-radeon-pro-vii-graphics-card-brings-back-multi-gpu-bridge,3,medium,"13.1 TFLOPS FP32, 6.5 TFLOPS FP64 (1/2 rate); no dedicated current amd.com page found, corroborated across TechPowerUp/HotHardware/TweakTown"
AMD,Ryzen Threadripper,workstation,Whitehaven,Zen,Ryzen TR 1900X,AMD Ryzen Threadripper 1900X,8,,,16,3.80 GHz,4.00 GHz,,4 MB,16 MB,180W,,GlobalFoundries 14nm,sTR4,1,3.0,60,DDR4,4,DDR4-2666,128 GB,no,no,,,,,,2017-08-31,549,,https://www.pcworld.com/article/406810/amd-ryzen-threadripper-prices-specs-release-date-and-more.html,3,medium,"Cross-checked PCWorld vs overclock.net owners-club thread; L3 cache figure (16MB) inferred from single-active-die 8-core configuration analogous to Ryzen 7 1800X, since exact vendor spec sheet not independently re-verified this session -> logged as gap for L3 confirmation. XFR adds up to 4.2GHz single-core beyond listed Max Boost."
AMD,Ryzen Threadripper,workstation,Whitehaven,Zen,Ryzen TR 1920X,AMD Ryzen Threadripper 1920X,12,,,24,3.50 GHz,4.00 GHz,,6 MB,32 MB,180W,,GlobalFoundries 14nm,sTR4,1,3.0,60,DDR4,4,DDR4-2666,128 GB,no,no,,,,,,2017-08-10,799,,https://hardwarecanucks.com/cpu-motherboard/amd-ryzen-threadripper-1920x-1950x-review/,3,high,Cross-checked Hardware Canucks/Legit Reviews/KitGuru; consistent. XFR adds up to 4.2GHz single-core beyond listed Max Boost.
AMD,Ryzen Threadripper,workstation,Whitehaven,Zen,Ryzen TR 1950X,AMD Ryzen Threadripper 1950X,16,,,32,3.40 GHz,4.00 GHz,,8 MB,32 MB,180W,,GlobalFoundries 14nm,sTR4,1,3.0,60,DDR4,4,DDR4-2666,128 GB,no,no,,,,,,2017-08-10,999,YD195XA8AEWOF,https://www.cpu-world.com/CPUs/Zen/AMD-Ryzen%20Threadripper%201950X.html,3,high,Cross-checked cpu-world/WikiChip/KitGuru/Legit Reviews; consistent. XFR adds up to 4.2GHz single-core beyond listed Max Boost of 4.0GHz.
AMD,radeonr9300,desktop,Antigua,R9 300 Series,R9 380X,AMD Radeon R9 380X,32,,,,0.97 GHz,1.00 GHz,,1 MB,,190W,,28 nm,,,3.0,8,GDDR5,,182.4 GB/s,4 GB,,,,,,,,2015-Q4,229,,https://wccftech.com/amd-radeon-r9-380x-price-specifications-official/amp/,2,medium,3.97 TFLOPS FP32; Tonga-derived Antigua rebrand
AMD,radeonhd6000,desktop,Barts Pro,HD 6000 Series,HD 6850,AMD Radeon HD 6850,12,,,,0.78 GHz,,,512 KB,,127W,,40 nm,,,2.1,8,GDDR5,,128 GB/s,1 GB,,,,,,,,2010-Q4,179,,https://en.wikipedia.org/wiki/Radeon_HD_6000_series,3,medium,960 stream processors (VLIW5)
AMD,radeonhd6000,desktop,Barts XT,HD 6000 Series,HD 6870,AMD Radeon HD 6870,14,,,,0.90 GHz,,,512 KB,,151W,,40 nm,,,2.1,8,GDDR5,,134.4 GB/s,1 GB,,,,,,,,2010-Q4,239,,https://en.wikipedia.org/wiki/Radeon_HD_6000_series,3,medium,1120 stream processors (VLIW5)
AMD,radeonr7200,desktop,Bonaire,R7 200 Series,R7 260,AMD Radeon R7 260,12,,,,1.00 GHz,,,256 KB,,95W,,28 nm,,,3.0,8,GDDR5,,104 GB/s,2 GB,,,,,,,,2014-Q1,109,,https://www.topcpu.net/en/cpu/radeon-r7-260,3,low,1.536 TFLOPS FP32; 'rendering cores' figure used for CU count
AMD,radeonhd7000,desktop,Bonaire XT,HD 7000 Series,HD 7790,AMD Radeon HD 7790,14,,,,1.00 GHz,,,1 MB,,85W,,28 nm,,,3.0,8,GDDR5,,96 GB/s,2 GB,,,,,,,,2013-Q1,149,,https://cputronic.com/gpu/amd-radeon-hd-7790,2,medium,896 stream processors; 1.83 TFLOPS FP32
AMD,radeonr7200,desktop,Bonaire XTX,R7 200 Series,R7 260X,AMD Radeon R7 260X,14,,,,,1.10 GHz,,1 MB,,115W,,28 nm,,,3.0,8,GDDR5,,104 GB/s,2 GB,,,,,,,,2013-Q4,139,,https://www.gpuzoo.com/GPU-AMD/Radeon_R7_260X.html,2,medium,896 stream processors
AMD,radeonhd6000,desktop,Caicos,HD 6000 Series,HD 6450,AMD Radeon HD 6450,2,,,,0.62 GHz,0.75 GHz,,256 KB,,27W,,40 nm,,,2.1,4,DDR3/GDDR5,,,1 GB,,,,,,,,2011-Q1,54,,https://videocardz.net/amd-radeon-hd-6450,3,medium,160 stream processors; entry-level bus-powered card
AMD,radeonr5200,desktop,Caicos,R5 200 Series,R5 230,AMD Radeon R5 230,4,,,,,,,,,19W,,40 nm,,,2.1,4,DDR3,,8.53 GB/s,1 GB,,,,,,,,2013-Q4,,,https://hmc-tech.com/gpus/amd-radeon-r5-230,3,medium,"160 stream processors; low-profile single-slot, no aux power"
AMD,radeonr5200,desktop,Caicos,R5 200 Series,R5 235,AMD Radeon R5 235,4,,,,0.88 GHz,,,,,19W,,40 nm,,,3.0,4,DDR3,,,1 GB,,,,,,,,2014,,,https://www.techpowerup.com/gpu-specs/radeon-r5-235x-oem.c2503,3,low,Values approximated from closely related R5 235X OEM SKU
AMD,radeonhd7000,desktop,Cape Verde LE,HD 7000 Series,HD 7730,AMD Radeon HD 7730,8,,,,0.80 GHz,,,,,,,28 nm,,,3.0,4,GDDR5,,72 GB/s,1 GB,,,,,,,,2012-Q3,,,https://en.wikipedia.org/wiki/HD_7730,3,low,512 stream processors; entry-level cut-down Cape Verde; TDP not confirmed
AMD,radeonhd7000,desktop,Cape Verde Pro,HD 7000 Series,HD 7750,AMD Radeon HD 7750,8,,,,0.80 GHz,,,,,55W,,28 nm,,,3.0,8,GDDR5,,72 GB/s,1 GB,,,,,,,,2012-Q1,109,,https://en.wikipedia.org/wiki/Radeon_HD_7000_series,3,medium,512 stream processors
AMD,radeonhd7000,desktop,Cape Verde XT,HD 7000 Series,HD 7770 GHz Edition,AMD Radeon HD 7770 GHz Edition,10,,,,1.00 GHz,,,,,80W,,28 nm,,,3.0,8,GDDR5,,72.6 GB/s,1 GB,,,,,,,,2012-Q1,109,,https://videocardz.net/amd-radeon-hd-7770-ghz-edition,2,high,640 stream processors
AMD,radeonhd6000,desktop,Cayman Pro,HD 6000 Series,HD 6950,AMD Radeon HD 6950,22,,,,0.80 GHz,,,512 KB,,200W,,40 nm,,,2.1,16,GDDR5,,160 GB/s,2 GB,,,,,,,,2010-Q4,299,,https://www.pcworld.com/article/499453/radeon_hd_6970_and_6950.html,2,medium,1408 stream processors (VLIW4); BIOS-moddable to HD 6970
AMD,radeonhd6000,desktop,Cayman XT,HD 6000 Series,HD 6970,AMD Radeon HD 6970,24,,,,0.88 GHz,,,512 KB,,250W,,40 nm,,,2.1,16,GDDR5,,176 GB/s,2 GB,,,,,,,,2010-Q4,369,,https://cputronic.com/en/gpu/amd-radeon-hd-6970,2,medium,1536 stream processors (VLIW4); 2.65 TFLOPS FP32
AMD,radeonhd5000,desktop,Cedar,TeraScale 2,ATI HD 5450,ATI Radeon HD 5450,80,,,,0.65 GHz,,,,,19W,,40 nm,,,2.1,16,DDR2,,6.4 GB/s,512 MB,,,,,,,,2010-02-04,59,,https://www.techpowerup.com/114525/amd-announces-ati-radeon-hd-5450-graphics-accelerator,3,medium,0.10 TFLOPS FP32; cores field = stream processors; also sold with GDDR3 memory variant; entry-level HTPC card
AMD,Ryzen,desktop,Cezanne,Zen 3,Ryzen 3 5300G (OEM Only),AMD Ryzen 3 5300G,4,,,8,4.00 GHz,4.20 GHz,,2 MB,8 MB,65W,,TSMC 7nm,AM4,1,3,,DDR4,2,3200,,no,no,,Radeon Vega 6,6,1600.00 GHz,,2021-Q3,,,https://www.amd.com/en/products/apu/amd-ryzen-3-5300g,1,high,Tier-1 AMD.com page confirmed; OEM-only per manifest labeling.
AMD,Ryzen,desktop,Cezanne,Zen 3,Ryzen 3 5300GE (OEM Only),AMD Ryzen 3 5300GE,4,,,8,3.60 GHz,4.20 GHz,,2 MB,8 MB,35W,,TSMC 7nm,AM4,1,3,,DDR4,2,3200,,no,no,,Radeon Vega 6,6,1600.00 GHz,,2021-Q3,,,https://technical.city/en/cpu/Ryzen-3-5300GE,3,medium,OEM-only 35W variant of 5300G.
AMD,Ryzen,desktop,Cezanne,Zen 3,Ryzen 3 5305G,AMD Ryzen 3 5305G,4,,,8,4.00 GHz,4.20 GHz,,2 MB,8 MB,65W,,TSMC 7nm,AM4,1,3,,DDR4,2,3200,,no,no,,Radeon Vega 6,6,1600.00 GHz,,2022-Q2,,,https://www.cpu-world.com/Compare/630/AMD_Ryzen_3_5300G_vs_AMD_Ryzen_3_5305G.html,3,low,"2022 refresh SKU; no independently detailed spec page found, specs presumed identical to 5300G per family pattern."
AMD,Ryzen,desktop,Cezanne,Zen 3,Ryzen 3 5305GE,AMD Ryzen 3 5305GE,4,,,8,3.60 GHz,4.20 GHz,,2 MB,8 MB,35W,,TSMC 7nm,AM4,1,3,,DDR4,2,3200,,no,no,,Radeon Vega 6,6,,,2022-Q2,,,https://www.topcpu.net/en/cpu/amd-ryzen-3-5305ge,3,medium,35W refresh variant of 5300GE; corroborated by cputronic and topcpu.net.
AMD,Ryzen,desktop,Cezanne,Zen 3,Ryzen 3 PRO 5350G,AMD Ryzen 3 PRO 5350G,4,,,8,4.00 GHz,4.20 GHz,,2 MB,8 MB,65W,,TSMC 7nm,AM4,1,3,,DDR4,2,3200,,yes,no,,Radeon Vega 6,6,1600.00 GHz,,2021-Q3,,,https://www.notebookcheck.net/Leaked-AMD-Ryzen-7-PRO-5750G-Ryzen-5-PRO-5650G-and-Ryzen-3-PRO-5350G-key-specs-promise-Cezanne-Zen-3-goodness-for-the-business-sector.531811.0.html,3,low,"No dedicated spec page found distinct from siblings; clocks inferred from 5355G/5300G family pattern (65W tier), not independently confirmed."
AMD,Ryzen,desktop,Cezanne,Zen 3,Ryzen 3 PRO 5350GE,AMD Ryzen 3 PRO 5350GE,4,,,8,3.60 GHz,4.20 GHz,,2 MB,8 MB,35W,,TSMC 7nm,AM4,1,3,,DDR4,2,3200,,yes,no,,Radeon Vega 6,6,,,2021-Q3,,,https://cputronic.com/cpu/amd-ryzen-3-pro-5350ge,3,medium,"35W PRO variant, corroborated by cputronic/cpu-compare."
AMD,Ryzen,desktop,Cezanne,Zen 3,Ryzen 3 PRO 5355G,AMD Ryzen 3 PRO 5355G,4,,,8,4.00 GHz,4.20 GHz,,2 MB,8 MB,65W,,TSMC 7nm,AM4,1,3,,DDR4,2,3200,,yes,no,,Radeon Vega 6,6,,,2022,,,https://www.amd.com/en/products/processors/desktops/ryzen-pro/5000-series/amd-ryzen-3-pro-5355g.html,1,high,Tier-1 AMD.com page confirmed.
AMD,Ryzen,desktop,Cezanne,Zen 3,Ryzen 3 PRO 5355GE,AMD Ryzen 3 PRO 5355GE,4,,,8,3.60 GHz,4.20 GHz,,2 MB,8 MB,35W,,TSMC 7nm,AM4,1,3,,DDR4,2,3200,,yes,no,,Radeon Vega 6,6,,,2022,,,https://www.amd.com/en/products/processors/desktops/ryzen-pro/5000-series/amd-ryzen-3-pro-5355ge.html,1,high,Tier-1 AMD.com page confirmed.
AMD,Ryzen,desktop,Cezanne,Zen 3,Ryzen 5 5500GT,AMD Ryzen 5 5500GT,6,,,12,3.60 GHz,4.40 GHz,,3 MB,16 MB,65W,,TSMC 7nm,AM4,1,3,,DDR4,2,3200,,no,no,,Radeon Vega 7,7,,,2024-Q1,,,https://cputronic.com/en/cpu/amd-ryzen-5-5500gt,3,medium,2024 budget refresh SKU; released years after original Cezanne desktop wave.
AMD,Ryzen,desktop,Cezanne,Zen 3,Ryzen 5 5600G,AMD Ryzen 5 5600G,6,,,12,3.90 GHz,4.40 GHz,,3 MB,16 MB,65W,,TSMC 7nm,AM4,1,3,,DDR4,2,3200,,no,no,,Radeon Vega 7,7,1900.00 GHz,,2021-Q3,259,,https://wccftech.com/amd-ryzen-5000g-cezanne-desktop-apus-official-ryzen-7-5700g-ryzen-5-5600g-ryzen-3-5300g/,3,medium,Desktop AM4 APU.
AMD,Ryzen,desktop,Cezanne,Zen 3,Ryzen 5 5600GE,AMD Ryzen 5 5600GE,6,,,12,3.40 GHz,4.40 GHz,,3 MB,16 MB,35W,,TSMC 7nm,AM4,1,3,,DDR4,2,3200,,no,no,,Radeon Vega 7,7,1900.00 GHz,,2021-Q3,,,https://wccftech.com/amd-ryzen-5000g-cezanne-desktop-apus-official-ryzen-7-5700g-ryzen-5-5600g-ryzen-3-5300g/,3,medium,OEM-only 35W variant.
AMD,Ryzen,desktop,Cezanne,Zen 3,Ryzen 5 5600GT,AMD Ryzen 5 5600GT,6,,,12,3.60 GHz,4.60 GHz,,3 MB,16 MB,65W,,TSMC 7nm,AM4,1,3,,DDR4,2,3200,,no,no,,Radeon Vega 7,7,,,2022-Q2,,,https://cputronic.com/en/cpu/amd-ryzen-5-5600gt,3,medium,2022 retail refresh with higher boost (4.6GHz) than original 5600G (4.4GHz).
AMD,Ryzen,desktop,Cezanne,Zen 3,Ryzen 5 5605G,AMD Ryzen 5 5605G,6,,,12,3.90 GHz,4.40 GHz,,3 MB,16 MB,65W,,TSMC 7nm,AM4,1,3,,DDR4,2,3200,,no,no,,Radeon Vega 7,7,,,2022-Q2,,,https://www.tomshardware.com/pc-components/cpus/amd-breathes-life-into-ryzen-5000g-family-with-six-new-chips-cezanne-with-up-to-eight-zen-3-cores-and-4-6-ghz-boost-clocks,3,low,"OEM-only refresh SKU; specs presumed identical to 5600G, not independently confirmed on a dedicated spec page."
AMD,Ryzen,desktop,Cezanne,Zen 3,Ryzen 5 5605GE,AMD Ryzen 5 5605GE,6,,,12,3.40 GHz,4.40 GHz,,3 MB,16 MB,35W,,TSMC 7nm,AM4,1,3,,DDR4,2,3200,,no,no,,Radeon Vega 7,7,,,2022-Q2,,,https://www.tomshardware.com/pc-components/cpus/amd-breathes-life-into-ryzen-5000g-family-with-six-new-chips-cezanne-with-up-to-eight-zen-3-cores-and-4-6-ghz-boost-clocks,3,low,"OEM-only 35W refresh SKU; specs presumed identical to 5600GE, not independently confirmed."
AMD,Ryzen,desktop,Cezanne,Zen 3,Ryzen 5 PRO 5650G,AMD Ryzen 5 PRO 5650G,6,,,12,3.90 GHz,4.40 GHz,,3 MB,16 MB,65W,,TSMC 7nm,AM4,1,3,,DDR4,2,3200,,yes,no,,Radeon Vega 7,7,,,2021-Q3,,,https://wccftech.com/amd-ryzen-pro-5000g-cezanne-ryzen-7-5750g-ryzen-5-5650g-ryzen-3-5350g-retail-zen-3-desktop-apus-tested/,3,medium,PRO commercial counterpart of 5600G.
AMD,Ryzen,desktop,Cezanne,Zen 3,Ryzen 5 PRO 5650GE,AMD Ryzen 5 PRO 5650GE,6,,,12,3.40 GHz,4.40 GHz,,3 MB,16 MB,35W,,TSMC 7nm,AM4,1,3,,DDR4,2,3200,,yes,no,,Radeon Vega 7,7,,,2021-Q3,,,https://wccftech.com/amd-ryzen-pro-5000g-cezanne-ryzen-7-5750g-ryzen-5-5650g-ryzen-3-5350g-retail-zen-3-desktop-apus-tested/,3,low,"PRO 35W variant; clocks presumed parity with 5600GE, not independently confirmed."
AMD,Ryzen,desktop,Cezanne,Zen 3,Ryzen 5 PRO 5655G,AMD Ryzen 5 PRO 5655G,6,,,12,3.90 GHz,4.40 GHz,,3 MB,16 MB,65W,,TSMC 7nm,AM4,1,3,,DDR4,2,3200,,yes,no,,Radeon Vega 7,7,,,2022,,,https://www.amd.com/en/products/processors/desktops/ryzen-pro/5000-series/amd-ryzen-5-pro-5655ge.html,3,low,Direct spec page not returned in search for non-GE 5655G variant; clocks inferred from PRO 5650G pattern and comparison data vs sibling 5655GE.
AMD,Ryzen,desktop,Cezanne,Zen 3,Ryzen 5 PRO 5655GE,AMD Ryzen 5 PRO 5655GE,6,,,12,3.40 GHz,4.40 GHz,,3 MB,16 MB,35W,,TSMC 7nm,AM4,1,3,,DDR4,2,3200,,yes,no,,Radeon Vega 7,7,,,2022,,,https://www.amd.com/en/products/processors/desktops/ryzen-pro/5000-series/amd-ryzen-5-pro-5655ge.html,1,high,Tier-1 AMD.com page confirmed to exist; clocks corroborated by cputronic/allcpus.
AMD,Ryzen,desktop,Cezanne,Zen 3,Ryzen 7 5700G,AMD Ryzen 7 5700G,8,,,16,3.80 GHz,4.60 GHz,,4 MB,16 MB,65W,,TSMC 7nm,AM4,1,3,,DDR4,2,3200,,no,no,,Radeon Vega 8,8,2000.00 GHz,,2021-Q3,359,,https://wccftech.com/amd-ryzen-5000g-cezanne-desktop-apus-official-ryzen-7-5700g-ryzen-5-5600g-ryzen-3-5300g/,3,medium,Desktop AM4 APU (segment=desktop despite appearing in this mobile-manifest under Cezanne/Rembrandt naming pattern).
AMD,Ryzen,desktop,Cezanne,Zen 3,Ryzen 7 5700GE,AMD Ryzen 7 5700GE,8,,,16,3.20 GHz,4.60 GHz,,4 MB,16 MB,35W,,TSMC 7nm,AM4,1,3,,DDR4,2,3200,,no,no,,Radeon Vega 8,8,2000.00 GHz,,2021-Q3,,,https://wccftech.com/amd-ryzen-5000g-cezanne-desktop-apus-official-ryzen-7-5700g-ryzen-5-5600g-ryzen-3-5300g/,3,medium,"35W low-power variant, same boost as 5700G, OEM-only."
AMD,Ryzen,desktop,Cezanne,Zen 3,Ryzen 7 5705G,AMD Ryzen 7 5705G,8,,,16,3.80 GHz,4.60 GHz,,4 MB,16 MB,65W,,TSMC 7nm,AM4,1,3,,DDR4,2,3200,,no,no,,Radeon Vega 8,8,1900.00 GHz,,2022-Q2,,,https://www.tomshardware.com/pc-components/cpus/amd-breathes-life-into-ryzen-5000g-family-with-six-new-chips-cezanne-with-up-to-eight-zen-3-cores-and-4-6-ghz-boost-clocks,3,medium,"2022 refresh of 5700G, reportedly near-identical specs with slightly different iGPU clock per Tom's Hardware."
AMD,Ryzen,desktop,Cezanne,Zen 3,Ryzen 7 5705GE,AMD Ryzen 7 5705GE,8,,,16,3.20 GHz,4.60 GHz,,4 MB,16 MB,35W,,TSMC 7nm,AM4,1,3,,DDR4,2,3200,,no,no,,Radeon Vega 8,8,2100.00 GHz,,2022-Q2,,,https://www.tomshardware.com/pc-components/cpus/amd-breathes-life-into-ryzen-5000g-family-with-six-new-chips-cezanne-with-up-to-eight-zen-3-cores-and-4-6-ghz-boost-clocks,3,medium,35W refresh variant; iGPU clock bumped +200MHz vs 5700GE per Tom's Hardware.
AMD,Ryzen,desktop,Cezanne,Zen 3,Ryzen 7 PRO 5750G,AMD Ryzen 7 PRO 5750G,8,,,16,3.80 GHz,4.60 GHz,,4 MB,16 MB,65W,,TSMC 7nm,AM4,1,3,,DDR4,2,3200,,yes,no,,Radeon Vega 8,8,2000.00 GHz,,2021-Q3,,,https://wccftech.com/amd-ryzen-pro-5000g-cezanne-ryzen-7-5750g-ryzen-5-5650g-ryzen-3-5350g-retail-zen-3-desktop-apus-tested/,3,medium,PRO commercial-channel counterpart of 5700G.
AMD,Ryzen,desktop,Cezanne,Zen 3,Ryzen 7 PRO 5750GE,AMD Ryzen 7 PRO 5750GE,8,,,16,3.20 GHz,4.60 GHz,,4 MB,16 MB,35W,,TSMC 7nm,AM4,1,3,,DDR4,2,3200,,yes,no,,Radeon Vega 8,8,2000.00 GHz,,2021-Q3,,,https://wccftech.com/amd-ryzen-pro-5000g-cezanne-ryzen-7-5750g-ryzen-5-5650g-ryzen-3-5350g-retail-zen-3-desktop-apus-tested/,3,medium,PRO 35W variant.
AMD,Ryzen,desktop,Cezanne,Zen 3,Ryzen 7 PRO 5755G,AMD Ryzen 7 PRO 5755G,8,,,16,3.80 GHz,4.60 GHz,,4 MB,16 MB,65W,,TSMC 7nm,AM4,1,3,,DDR4,2,3200,,yes,no,,Radeon Vega 8,8,,,2022,,,https://www.amd.com/en/products/processors/desktops/ryzen-pro/5000-series/amd-ryzen-7-pro-5755g.html,1,high,Tier-1 AMD.com page confirmed to exist; core/clock/cache/TDP figures per topcpu.net corroboration.
AMD,Ryzen,desktop,Cezanne,Zen 3,Ryzen 7 PRO 5755GE,AMD Ryzen 7 PRO 5755GE,8,,,16,3.20 GHz,4.60 GHz,,4 MB,16 MB,35W,,TSMC 7nm,AM4,1,3,,DDR4,2,3200,,yes,no,,Radeon Vega 8,8,,,2022,,,https://www.amd.com/en/products/processors/desktops/ryzen-pro/5000-series/amd-ryzen-7-pro-5755ge.html,1,high,Tier-1 AMD.com page confirmed; 35W low-power 8-core variant.
AMD,radeonr7200,desktop,Curacao (Pitcairn),R7 200 Series,R7 265,AMD Radeon R7 265,16,,,,0.93 GHz,,,1 MB,,150W,,28 nm,,,3.0,8,GDDR5,,179.2 GB/s,2 GB,,,,,,,,2014-Q1,149,,https://videocardz.com/amd/radeon-r200/radeon-r7-265,2,medium,1024 stream processors; 1.89 TFLOPS FP32
AMD,radeonhd5000,desktop,Cypress,TeraScale 2,ATI HD 5870,ATI Radeon HD 5870,1600,,,,0.85 GHz,,,,,188W,,40 nm,,,2.0,16,GDDR5,,153.6 GB/s,1 GB,,,,,,,,2009-09-23,379,,https://www.geeks3d.com/20090914/ati-radeon-hd-5870-has-a-tdp-of-188w/,3,medium,"2.72 TFLOPS FP32; cores field = stream processors (pre-GCN, no CU concept); PCIe card form factor"
AMD,radeonhd5000,desktop,Cypress (Pro),TeraScale 2,ATI HD 5850,ATI Radeon HD 5850,1440,,,,0.72 GHz,,,,,151W,,40 nm,,,2.0,16,GDDR5,,128 GB/s,1 GB,,,,,,,,2009-10-13,259,,https://www.techspot.com/specs/gpu/44407-amd-ati-radeon-hd-5850.html,3,medium,2.09 TFLOPS FP32; cores field = stream processors; sources disagree on board power (151W vs 170W max board power) — logged in notes.md
AMD,radeonhd5000,desktop,Cypress LE,TeraScale 2,ATI HD 5830,ATI Radeon HD 5830,1120,,,,0.80 GHz,,,,,175W,,40 nm,,,2.0,16,GDDR5,,128 GB/s,1 GB,,,,,,,,2010-02-25,239,,https://www.techpowerup.com/115908/ati-radeon-hd-5830-specifications-surface,3,medium,1.8 TFLOPS FP32; cores field = stream processors; PCIe card form factor
AMD,Ryzen,desktop,Dali,Zen,Athlon Silver 3050GE,Athlon Silver 3050GE (OEM Only),2,,,4,,3.40 GHz,,,,35W,,14nm,AM4,,3.0,,DDR4,2,2933 MHz,64 GB,,,,,,,,2020-07-21,,,https://technical.city/en/cpu/Athlon-Silver-3050GE,3,low,"IMPORTANT DEVIATION: technical.city describes this as Dali architecture (14nm) with unlocked multiplier and max turbo 3.4GHz; unclear if separate lower base clock exists, left blank; iGPU details not found"
AMD,radeonr9fury,desktop,Fiji,R9 Fury Series,R9 Fury,AMD Radeon R9 Fury,56,,,,1.00 GHz,,,2 MB,,275W,,28 nm,,,3.0,16,HBM,,512 GB/s,4 GB,,,,,,,,2015-Q3,549,,https://www.kitguru.net/components/graphic-cards/anton-shilov/specifications-of-amd-radeon-r9-fury-and-amd-radeon-r9-nano-revealed/,2,medium,7.0 TFLOPS FP32
AMD,radeonr9fury,desktop,Fiji,R9 Fury Series,R9 Fury X,AMD Radeon R9 Fury X,64,,,,1.05 GHz,,,2 MB,,275W,,28 nm,,,3.0,16,HBM,,512 GB/s,4 GB,,,,,,,,2015-Q2,649,,https://videocardz.com/56579/amd-radeon-r9-fury-x-official-specifications,1,high,8.6 TFLOPS FP32; closed-loop liquid cooler
AMD,radeonr9fury,desktop,Fiji,R9 Fury Series,R9 Nano,AMD Radeon R9 Nano,64,,,,1.00 GHz,,,2 MB,,175W,,28 nm,,,3.0,16,HBM,,512 GB/s,4 GB,,,,,,,,2015-Q3,649,,https://www.kitguru.net/components/graphic-cards/anton-shilov/specs-of-amd-radeon-r9-nano-confirmed-4096-sps-8-19tflops/,2,medium,8.19 TFLOPS FP32; compact 6-inch mini-ITX form factor
AMD,radeon600,desktop,GCN 1.0,GCN,610,AMD Radeon 610,,,,,,1.03 GHz,,,,50W,,28 nm,,,3.0,8,GDDR5,,36 GB/s,2 GB,,,,,,,,2019-05-23,,,https://technical.city/en/video/Radeon-610,3,low,"320 shader cores (pre-CU GCN 1.0 part); CU count not published by AMD for this SKU, left blank; entry mobile/OEM discrete card"
AMD,Ryzen,desktop,Granite Ridge,Zen 5,Ryzen 5 9500F,AMD Ryzen 5 9500F,6,,,12,3.80 GHz,5.00 GHz,,6 MB,32 MB,65W,,TSMC 4nm (CCD)/6nm (IOD),AM5,1,5.0,24,DDR5,2,DDR5-5600,256 GB,,,,,,,,2025-Q3,219,,https://www.tomshardware.com/pc-components/cpus/amd-launches-ryzen-5-9500f-claiming-up-to-24-percent-faster-than-ryzen-5-7500f-in-gaming-zen-5-chip-launches-as-a-china-exclusive-for-now,3,medium,No iGPU (F-suffix). China-exclusive launch initially (Sept 2025) per Tom's Hardware/AMD; cross-checked cputronic/techspot.
AMD,Ryzen,desktop,Granite Ridge,Zen 5,Ryzen 5 9600,AMD Ryzen 5 9600,6,,,12,3.80 GHz,5.20 GHz,,6 MB,32 MB,65W,,TSMC 4nm (CCD)/6nm (IOD),AM5,1,5.0,24,DDR5,2,DDR5-5600,256 GB,,,,Radeon Graphics,2,,,2025-Q1,,,https://www.amd.com/en/products/processors/desktops/ryzen/9000-series/amd-ryzen-5-9600.html,2,medium,Cross-checked videocardz/Tom's Hardware/cputronic. Includes Wraith Stealth cooler. MSRP not found -> gap.
AMD,Ryzen,desktop,Granite Ridge,Zen 5,Ryzen 5 9600X,AMD Ryzen 5 9600X,6,,,12,3.90 GHz,5.40 GHz,,6 MB,32 MB,65W,,TSMC 4nm (CCD)/6nm (IOD),AM5,1,5.0,24,DDR5,2,DDR5-5600,256 GB,,,,Radeon Graphics,2,,,2024-Q3,279,,https://www.amd.com/en/products/processors/desktops/ryzen/9000-series/amd-ryzen-5-9600x.html,1,high,"AMD official product page; cross-checked TechSpot/HWCooling review specs, consistent."
AMD,Ryzen,desktop,Granite Ridge,Zen 5,Ryzen 5 PRO 9645,AMD Ryzen 5 PRO 9645,6,,,12,3.90 GHz,5.40 GHz,,6 MB,32 MB,65W,,TSMC 4nm (CCD)/6nm (IOD),AM5,1,5.0,24,DDR5,2,DDR5-5600,256 GB,,,,Radeon Graphics,2,,,2025-Q1,,,https://www.amd.com/en/products/processors/desktops/ryzen-pro/9000-series/,3,medium,"Cross-checked guru3d/notebookcheck; total cache 38MB. Commercial OEM part, no public MSRP -> gap."
AMD,Ryzen,desktop,Granite Ridge,Zen 5,Ryzen 7 9700F,AMD Ryzen 7 9700F,8,,,16,3.80 GHz,5.50 GHz,,8 MB,32 MB,65W,,TSMC 4nm (CCD)/6nm (IOD),AM5,1,5.0,24,DDR5,2,DDR5-5600,256 GB,,,,,,,,2025-Q1,,,https://wccftech.com/amd-prepares-granite-ridge-pro-chips-and-ryzen-7-9700f-for-consumers-as-spotted-on-asus-website-core-clock-cache-and-tdp-leaked/,3,low,No iGPU (F-suffix). Clocks assumed to mirror 9700X per leak coverage; not confirmed on an official AMD ARK page at time of research. Price not found -> gap.
AMD,Ryzen,desktop,Granite Ridge,Zen 5,Ryzen 7 9700X,AMD Ryzen 7 9700X,8,,,16,3.80 GHz,5.50 GHz,,8 MB,32 MB,65W,,TSMC 4nm (CCD)/6nm (IOD),AM5,1,5.0,24,DDR5,2,DDR5-5600,256 GB,,,,,,,,2024-Q3,359,,https://www.amd.com/en/products/processors/desktops/ryzen/9000-series/amd-ryzen-7-9700x.html,2,medium,"Cross-checked TechPowerUp/wccftech/Tom's Hardware, consistent base/boost/cache/TDP."
AMD,Ryzen,desktop,Granite Ridge,Zen 5,Ryzen 7 9800X3D,AMD Ryzen 7 9800X3D,8,,,16,4.70 GHz,5.20 GHz,,8 MB,96 MB,120W,,TSMC 4nm (CCD)/6nm (IOD),AM5,1,5.0,24,DDR5,2,DDR5-5600,256 GB,,,,,,,,2024-Q4,479,,https://www.amd.com/en/products/processors/desktops/ryzen/9000-series/amd-ryzen-7-9800x3d.html,2,medium,Cross-checked TechPowerUp/Tom's Hardware/GamersNexus; total cache 104MB incl L2.
AMD,Ryzen,desktop,Granite Ridge,Zen 5,Ryzen 7 9850X3D,AMD Ryzen 7 9850X3D,8,,,16,,5.60 GHz,,8 MB,96 MB,120W,,TSMC 4nm (CCD)/6nm (IOD),AM5,1,5.0,24,DDR5,2,DDR5-5600,256 GB,,,,,,,,2025-Q3,,,https://www.tomshardware.com/pc-components/cpus/amd-ryzen-7-9850x3d-review,3,medium,OEM/DIY-market variant of 9800X3D w/ higher boost (5.6 vs 5.2 GHz). Base clock not independently confirmed -> gap. Price not published (OEM channel) -> gap.
AMD,Ryzen,desktop,Granite Ridge,Zen 5,Ryzen 7 PRO 9745,AMD Ryzen 7 PRO 9745,8,,,16,3.80 GHz,5.40 GHz,,8 MB,32 MB,65W,,TSMC 4nm (CCD)/6nm (IOD),AM5,1,5.0,24,DDR5,2,DDR5-5600,256 GB,,,,,,,,2025-Q1,,,https://www.amd.com/en/products/processors/desktops/ryzen-pro/9000-series/amd-ryzen-7-pro-9745.html,2,medium,"Cross-checked guru3d/notebookcheck/cpu-monkey; total cache reported 40MB. Commercial OEM part, no public MSRP."
AMD,Ryzen,desktop,Granite Ridge,Zen 5,Ryzen 9 9900X,AMD Ryzen 9 9900X,12,,,24,4.40 GHz,5.60 GHz,,12 MB,64 MB,120W,,TSMC 4nm (CCD)/6nm (IOD),AM5,1,5.0,24,DDR5,2,DDR5-5600,256 GB,,,,,,,,2024-Q3,499,,https://www.amd.com/en/products/processors/desktops/ryzen/9000-series/amd-ryzen-9-9900x.html,2,medium,"Cross-checked base/boost/cache across TechPowerUp, wccftech, Tom's Hardware; consistent."
AMD,Ryzen,desktop,Granite Ridge,Zen 5,Ryzen 9 9900X3D,AMD Ryzen 9 9900X3D,12,,,24,4.40 GHz,5.50 GHz,,12 MB,128 MB,120W,,TSMC 4nm (CCD)/6nm (IOD),AM5,1,5.0,24,DDR5,2,DDR5-5600,256 GB,,,,,,,,2025-Q1,599,,https://www.amd.com/en/products/processors/desktops/ryzen/9000-series/amd-ryzen-9-9900x3d.html,1,high,AMD official product page cited by TechRadar/Tom's Hardware launch coverage; total cache 140MB incl L2.
AMD,Ryzen,desktop,Granite Ridge,Zen 5,Ryzen 9 9950X,AMD Ryzen 9 9950X,16,,,32,4.30 GHz,5.70 GHz,,16 MB,64 MB,170W,,TSMC 4nm (CCD)/6nm (IOD),AM5,1,5.0,24,DDR5,2,DDR5-5600,256 GB,,,,,,,,2024-Q3,649,,https://www.amd.com/en/products/processors/desktops/ryzen/9000-series/amd-ryzen-9-9950x.html,1,high,"Fetched official AMD product page directly. Cross-checked vs TechPowerUp/wccftech, matches."
AMD,Ryzen,desktop,Granite Ridge,Zen 5,Ryzen 9 9950X3D,AMD Ryzen 9 9950X3D,16,,,32,4.30 GHz,5.70 GHz,,16 MB,128 MB,170W,,TSMC 4nm (CCD)/6nm (IOD),AM5,1,5.0,24,DDR5,2,DDR5-5600,256 GB,,,,,,,,2025-Q1,699,,https://www.amd.com/en/products/processors/desktops/ryzen/9000-series/amd-ryzen-9-9950x3d.html,2,medium,L3=128MB (one CCD has 3D V-Cache); total cache incl L2 ~144MB per TechPowerUp/wccftech launch coverage. Base clock cross-checked at 4.3GHz across sources.
AMD,Ryzen,desktop,Granite Ridge,Zen 5,Ryzen 9 PRO 9945,AMD Ryzen 9 PRO 9945,12,,,24,3.40 GHz,5.40 GHz,,12 MB,64 MB,65W,,TSMC 4nm (CCD)/6nm (IOD),AM5,1,5.0,24,DDR5,2,DDR5-5600,256 GB,,,,,,,,2025-Q1,,,https://www.amd.com/en/products/processors/desktops/ryzen-pro/9000-series/amd-ryzen-9-pro-9945.html,2,medium,"Cross-checked cpu-monkey/videocardz/guru3d; total cache reported as 76MB (12MB L2+64MB L3). Commercial/OEM channel part, MSRP not publicly listed."
AMD,radeonr9300,desktop,Grenada,R9 300 Series,R9 390,AMD Radeon R9 390,,,,,,1.00 GHz,,2 MB,,275W,,28 nm,,,3.0,16,GDDR5,,384 GB/s,8 GB,,,,,,,,2015-Q2,329,,https://gamersnexus.net/hwreviews/2193-amd-r9-380x-review-and-fps-benchmark,2,low,2560 stream processors reported (~40 CU); CU count not independently confirmed tier-1
AMD,radeonr9300,desktop,Grenada,R9 300 Series,R9 390X,AMD Radeon R9 390X,64,,,,,1.05 GHz,,2 MB,,275W,,28 nm,,,3.0,16,GDDR5,,384 GB/s,8 GB,,,,,,,,2015-Q2,429,,https://www.gamespot.com/articles/amd-radeon-r9-390x-review/1100-6429617/,2,medium,2816 stream processors; Hawaii-derived Grenada rebrand
AMD,radeonr9200,desktop,Hawaii (dual),R9 200 Series,R9 295X2,AMD Radeon R9 295X2,88,,,,,1.02 GHz,,4 MB,,500W,,28 nm,,,3.0,32,GDDR5,,320 GB/s,8 GB,,,,,,,,2014-Q2,1499,,https://videocardz.com/amd/radeon-r200/radeon-r9-295x2,2,medium,"Dual-GPU (2x Hawaii XT); 2x2816 SP, 2x4GB VRAM, closed-loop liquid cooling"
AMD,radeonr9200,desktop,Hawaii Pro,R9 200 Series,R9 290,AMD Radeon R9 290,40,,,,0.95 GHz,,,1 MB,,275W,,28 nm,,,3.0,16,GDDR5,,320 GB/s,4 GB,,,,,,,,2013-Q4,399,,https://cputronic.com/en/gpu/amd-radeon-r9-290,2,medium,2560 stream processors; 4.752 TFLOPS FP32
AMD,radeonr9200,desktop,Hawaii XT,R9 200 Series,R9 290X,AMD Radeon R9 290X,44,,,,,1.00 GHz,,1 MB,,250W,,28 nm,,,3.0,16,GDDR5,,320 GB/s,4 GB,,,,,,,,2013-Q4,549,,https://videocardz.com/amd/radeon-r200/radeon-r9-290,2,medium,2816 stream processors; 512-bit bus
AMD,radeonhd5000,desktop,Hemlock (dual Cypress),TeraScale 2,ATI HD 5970,ATI Radeon HD 5970,3200,,,,0.72 GHz,,,,,294W,,40 nm,,,2.0,16,GDDR5,,256 GB/s,2 GB,,,,,,,,2009-11-18,699,,https://www.techpowerup.com/108537/amd-introduces-ati-radeon-hd-5970-fastest-graphics-card-in-the-world,3,medium,"4.64 TFLOPS FP32; dual-GPU card (2x Cypress, 1GB GDDR5 each); cores field = total stream processors (pre-GCN, no CU concept); dual-slot PCIe card"
AMD,radeonhd5000,desktop,Juniper LE,TeraScale 2,ATI HD 5750,ATI Radeon HD 5750,720,,,,0.70 GHz,,,,,86W,,40 nm,,,2.1,16,GDDR5,,73.6 GB/s,1 GB,,,,,,,,2009-10-13,129,,https://www.techpowerup.com/105555/radeon-hd-5700-series-specs-surface,3,medium,1.01 TFLOPS FP32; cores field = stream processors; 512MB variant also sold at $109; PCIe card form factor
AMD,radeonhd5000,desktop,Juniper XT,TeraScale 2,ATI HD 5770,ATI Radeon HD 5770,800,,,,0.85 GHz,,,,,108W,,40 nm,,,2.1,16,GDDR5,,76.8 GB/s,1 GB,,,,,,,,2009-10-13,159,,https://www.techpowerup.com/105570/asus-radeon-hd-5770-benchmarked?cp=2,3,medium,1.36 TFLOPS FP32; cores field = stream processors; PCIe card form factor
AMD,radeonhd8000m,desktop,Mars,HD 8000M Series,HD 8570M Series GPU,AMD Radeon HD 8570M,6,,,,0.65 GHz,0.70 GHz,,128 KB,,,,28 nm,,,3.0,,DDR3,,,2 GB,,,,,,,,2013,,,https://www.notebookcheck.net/AMD-Radeon-HD-8570M.86985.0.html,3,medium,384 shader cores
AMD,radeonhd8000m,desktop,Mars,HD 8000M Series,HD 8590M Series GPU,AMD Radeon HD 8590M,6,,,,0.62 GHz,0.70 GHz,,128 KB,,,,28 nm,,,3.0,,GDDR5,,,2 GB,,,,,,,,2012,,,https://www.notebookcheck.net/Radeon-HD-8570M-vs-Radeon-HD-8590M_3703_3716.247598.0.html,3,medium,384 shader cores; rebrand of HD 8570M with GDDR5
AMD,radeonhd8000m,desktop,Mars,HD 8000M Series,HD 8670M Series GPU,AMD Radeon HD 8670M,6,,,,,,,128 KB,,,,28 nm,,,3.0,,GDDR5/DDR3,,,2 GB,,,,,,,,2013,,,https://www.notebookcheck.net/AMD-Radeon-HD-8670M.87211.0.html,3,low,384 shader cores per family pattern; clocks/TDP not confirmed
AMD,radeonhd8000m,desktop,Mars,HD 8000M Series,HD 8690M Series GPU,AMD Radeon HD 8690M,5,,,,,,,128 KB,,,,28 nm,,,3.0,,GDDR5,,,2 GB,,,,,,,,2013,,,https://www.topcpu.net/en/cpu/radeon-hd-8690m,3,low,624 GFLOPS FP32; TDP not confirmed
AMD,radeonhd8000m,desktop,Mars,HD 8000M Series,HD 8730M Series GPU,AMD Radeon HD 8730M,6,,,,0.70 GHz,,,,,,,28 nm,,,3.0,8,DDR3,,,2 GB,,,,,,,,2013,,,https://www.techpowerup.com/gpu-specs/radeon-hd-8730m.c1967,3,low,384 shader cores; TDP not confirmed
AMD,radeonhd8000m,desktop,Mars,HD 8000M Series,HD 8750M Series GPU,AMD Radeon HD 8750M,6,,,,,,,256 KB,,,,28 nm,,,3.0,,DDR3,,,1 GB,,,,,,,,2013-Q1,,,https://www.topcpu.net/en/cpu/radeon-hd-8750m,3,low,634 GFLOPS FP32; TDP not confirmed
AMD,radeonhd8000m,desktop,Mars,HD 8000M Series,HD 8770M Series GPU,AMD Radeon HD 8770M,6,,,,0.78 GHz,0.82 GHz,,128 KB,,,,28 nm,,,3.0,8,GDDR5,,72 GB/s,2 GB,,,,,,,,2013,,,https://www.notebookcheck.net/AMD-Radeon-HD-8770M.86799.0.html,3,medium,384 shader cores; TDP comparable to prior-gen HD 7670M per source
AMD,radeonhd8000m,desktop,Mars,HD 8000M Series,HD 8790M Series GPU,AMD Radeon HD 8790M,6,,,,0.78 GHz,0.82 GHz,,128 KB,,,,28 nm,,,3.0,8,GDDR5,,72 GB/s,2 GB,,,,,,,,2013,,,https://www.notebookcheck.net/AMD-Radeon-HD-8790M.86796.0.html,3,medium,384 shader cores; TDP comparable to prior-gen HD 7670M per source
AMD,radeonhd8000m,desktop,Mars,HD 8000M Series,HD 8830M Series GPU,AMD Radeon HD 8830M,6,,,,,,,,,,,28 nm,,,3.0,,DDR3,,,2 GB,,,,,,,,2013,,,https://www.techpowerup.com/gpu-specs/radeon-hd-8830m.c1895,3,low,640 shading units; TDP not confirmed
AMD,radeon600,desktop,Mars (GCN),GCN,625,AMD Radeon 625,6,,,,,1.02 GHz,,,,50W,,28 nm,,,3.0,8,GDDR5,,48 GB/s,4 GB,,,,,,,,2019-05-01,,,https://www.notebookcheck.net/AMD-Radeon-625-Laptop-Graphics-Card.434573.0.html,3,low,0.8 TFLOPS FP32; entry mobile/OEM part based on older 'Mars' chip despite GCN branding; sources disagree on memory type/capacity (DDR3 2GB/14.4GB/s vs GDDR5 4GB/48GB/s) — flagged in notes.md
AMD,Ryzen,desktop,Matisse,Zen 2,Ryzen 3 3100,AMD Ryzen 3 3100,4,,,8,3.60 GHz,3.90 GHz,,2 MB,16 MB,65W,,TSMC 7nm (CCD)/GF 12nm (IOD),AM4,1,4.0,24,DDR4,2,DDR4-3200,128 GB,no,no,,,,,,2020-05-21,99,100-100000158BOX,https://www.amd.com/en/products/processors/desktops/ryzen/3rd-generation/amd-ryzen-3-3100.html,1,high,"Split-CCX design: 2 cores + 8MB L3 per CCX (2 CCX total), unlike 3300X's unified single-CCX layout."
AMD,Ryzen,desktop,Matisse,Zen 2,Ryzen 3 3300X,AMD Ryzen 3 3300X,4,,,8,3.80 GHz,4.30 GHz,,2 MB,16 MB,65W,,TSMC 7nm (CCD)/GF 12nm (IOD),AM4,1,4.0,24,DDR4,2,DDR4-3200,128 GB,no,no,,,,,,2020-05-21,120,100-100000159BOX,https://www.amd.com/en/products/processors/desktops/ryzen/3rd-generation/amd-ryzen-3-3300x.html,1,high,Single-CCX design: all 4 cores + full 16MB L3 in one CCX (vs split across 2 CCX in Ryzen 5/7/9 Matisse parts).
AMD,Ryzen,desktop,Matisse,Zen 2,Ryzen 5 3500 (OEM Only),AMD Ryzen 5 3500,6,,,6,3.60 GHz,4.10 GHz,,3 MB,16 MB,65W,,TSMC 7nm (CCD)/GF 12nm (IOD),AM4,1,4.0,24,DDR4,2,DDR4-3200,128 GB,no,no,,,,,,2020,,100-000000050,https://www.amd.com/en/support/kb/release-notes/rn-amd64-ryzen5-3500,2,medium,"OEM-only, SMT disabled (6C/6T). No public retail price found. Part number sourced from secondary listing, not independently re-confirmed on amd.com -> also logged as gap for verification."
AMD,Ryzen,desktop,Matisse,Zen 2,Ryzen 5 3600,AMD Ryzen 5 3600,6,,,12,3.60 GHz,4.20 GHz,,3 MB,32 MB,65W,,TSMC 7nm (CCD)/GF 12nm (IOD),AM4,1,4.0,24,DDR4,2,DDR4-3200,128 GB,no,no,,,,,,2019-07-07,199,100-100000031BOX,https://www.amd.com/en/products/processors/desktops/ryzen/3rd-generation/amd-ryzen-5-3600.html,1,high,
AMD,Ryzen,desktop,Matisse,Zen 2,Ryzen 5 3600X,AMD Ryzen 5 3600X,6,,,12,3.80 GHz,4.40 GHz,,3 MB,32 MB,95W,,TSMC 7nm (CCD)/GF 12nm (IOD),AM4,1,4.0,24,DDR4,2,DDR4-3200,128 GB,no,no,,,,,,2019-07-07,249,100-100000022BOX,https://www.amd.com/en/products/processors/desktops/ryzen/3rd-generation/amd-ryzen-5-3600x.html,1,high,
AMD,Ryzen,desktop,Matisse,Zen 2,Ryzen 5 3600XT,AMD Ryzen 5 3600XT,6,,,12,3.80 GHz,4.50 GHz,,3 MB,32 MB,95W,,TSMC 7nm (CCD)/GF 12nm (IOD),AM4,1,4.0,24,DDR4,2,DDR4-3200,128 GB,no,no,,,,,,2020-07-07,249,100-100000281BOX,https://www.amd.com/en/products/processors/desktops/ryzen/3rd-generation/amd-ryzen-5-3600xt.html,1,high,
AMD,Ryzen,desktop,Matisse,Zen 2,Ryzen 5 PRO 3600,AMD Ryzen 5 PRO 3600,6,,,12,3.60 GHz,4.20 GHz,,3 MB,32 MB,65W,,TSMC 7nm (CCD)/GF 12nm (IOD),AM4,1,4.0,24,DDR4,2,DDR4-3200,128 GB,no,no,,,,,,2020,,,https://www.amd.com/en/products/processors/desktops/ryzen-pro/3rd-generation-3000/amd-ryzen-5-pro-3600.html,2,medium,Commercial-channel PRO SKU; clocks mirror non-PRO 3600 per AMD PRO product page. No public MSRP/part number found -> gap.
AMD,Ryzen,desktop,Matisse,Zen 2,Ryzen 7 3700X,AMD Ryzen 7 3700X,8,,,16,3.60 GHz,4.40 GHz,,4 MB,32 MB,65W,,TSMC 7nm (CCD)/GF 12nm (IOD),AM4,1,4.0,24,DDR4,2,DDR4-3200,128 GB,no,no,,,,,,2019-07-07,329,100-100000071BOX,https://www.amd.com/en/products/processors/desktops/ryzen/3rd-generation/amd-ryzen-7-3700x.html,1,high,
AMD,Ryzen,desktop,Matisse,Zen 2,Ryzen 7 3800X,AMD Ryzen 7 3800X,8,,,16,3.90 GHz,4.50 GHz,,4 MB,32 MB,105W,,TSMC 7nm (CCD)/GF 12nm (IOD),AM4,1,4.0,24,DDR4,2,DDR4-3200,128 GB,no,no,,,,,,2019-07-07,399,100-100000025BOX,https://www.amd.com/en/products/processors/desktops/ryzen/3rd-generation/amd-ryzen-7-3800x.html,1,high,
AMD,Ryzen,desktop,Matisse,Zen 2,Ryzen 7 3800XT,AMD Ryzen 7 3800XT,8,,,16,3.90 GHz,4.70 GHz,,4 MB,32 MB,105W,,TSMC 7nm (CCD)/GF 12nm (IOD),AM4,1,4.0,24,DDR4,2,DDR4-3200,128 GB,no,no,,,,,,2020-07-07,399,100-100000279WOF,https://www.amd.com/en/products/processors/desktops/ryzen/3rd-generation/amd-ryzen-7-3800xt.html,2,medium,"Base clock reported inconsistently across secondary sources as either 3.8GHz or 3.9GHz; AMD product page and TechPowerUp both list 3.9GHz (unchanged from 3800X), which was trusted per AMD-first rule."
AMD,Ryzen,desktop,Matisse,Zen 2,Ryzen 7 PRO 3700,AMD Ryzen 7 PRO 3700,8,,,16,3.60 GHz,4.40 GHz,,4 MB,32 MB,65W,,TSMC 7nm (CCD)/GF 12nm (IOD),AM4,1,4.0,24,DDR4,2,DDR4-3200,128 GB,no,no,,,,,,2020,,,https://www.amd.com/en/products/processors/desktops/ryzen-pro/3rd-generation-3000/amd-ryzen-7-pro-3700.html,2,medium,Commercial-channel PRO SKU; clocks mirror non-PRO 3700X per AMD PRO product page. No public MSRP/part number found -> gap.
AMD,Ryzen,desktop,Matisse,Zen 2,Ryzen 9 3900 (OEM Only),AMD Ryzen 9 3900,12,,,24,3.10 GHz,4.30 GHz,,6 MB,64 MB,65W,,TSMC 7nm (CCD)/GF 12nm (IOD),AM4,1,4.0,24,DDR4,2,DDR4-3200,128 GB,no,no,,,,,,2019-09-24,,,https://www.amd.com/en/support/kb/release-notes/rn-amd64-ryzen9-3900,1,medium,"OEM-only SKU, no public retail price/part number found. Base/boost/cache sourced from AMD driver-support release notes (tier1-adjacent)."
AMD,Ryzen,desktop,Matisse,Zen 2,Ryzen 9 3900X,AMD Ryzen 9 3900X,12,,,24,3.80 GHz,4.60 GHz,,6 MB,64 MB,105W,,TSMC 7nm (CCD)/GF 12nm (IOD),AM4,1,4.0,24,DDR4,2,DDR4-3200,128 GB,no,no,,,,,,2019-07-07,499,100-100000023BOX,https://www.amd.com/en/products/processors/desktops/ryzen/3rd-generation/amd-ryzen-9-3900x.html,1,high,
AMD,Ryzen,desktop,Matisse,Zen 2,Ryzen 9 3900XT,AMD Ryzen 9 3900XT,12,,,24,3.80 GHz,4.70 GHz,,6 MB,64 MB,105W,,TSMC 7nm (CCD)/GF 12nm (IOD),AM4,1,4.0,24,DDR4,2,DDR4-3200,128 GB,no,no,,,,,,2020-07-07,499,100-100000277WOF,https://www.amd.com/en/products/processors/desktops/ryzen/3rd-generation/amd-ryzen-9-3900xt.html,2,medium,"Base clock cross-checked between TechPowerUp and AMD product listing cache (3.8GHz consistent with 3900X, only boost raised to 4.7GHz on XT refresh)."
AMD,Ryzen,desktop,Matisse,Zen 2,Ryzen 9 3950X,AMD Ryzen 9 3950X,16,,,32,3.50 GHz,4.70 GHz,,8 MB,64 MB,105W,,TSMC 7nm (CCD)/GF 12nm (IOD),AM4,1,4.0,24,DDR4,2,DDR4-3200,128 GB,no,no,,,,,,2019-11-25,749,100-100000051WOF,https://www.amd.com/en/products/processors/desktops/ryzen/3rd-generation/amd-ryzen-9-3950x.html,1,high,
AMD,Ryzen,desktop,Matisse,Zen 2,Ryzen 9 PRO 3900,AMD Ryzen 9 PRO 3900,12,,,24,3.10 GHz,4.30 GHz,,6 MB,64 MB,65W,,TSMC 7nm (CCD)/GF 12nm (IOD),AM4,1,4.0,24,DDR4,2,DDR4-3200,128 GB,no,no,,,,,,2020,,,https://www.amd.com/en/products/processors/desktops/ryzen-pro/3rd-generation-3000/amd-ryzen-9-pro-3900.html,2,medium,Commercial-channel PRO SKU; mirrors non-PRO 3900 OEM spec. No public MSRP found -> gap. Exact launch date not confirmed to month -> logged as year only.
AMD,rx5000,desktop,Navi 10,RX 5000 Series,RX 5600,AMD Radeon RX 5600,32,,,,,,,3 MB,,125W,,7 nm,,,4.0,12,GDDR6,,288 GB/s,6 GB,,,,,,,,2020,,,https://cputronic.com/en/gpu/amd-radeon-rx-5600-oem,3,low,"China/OEM-exclusive part, no AMD.com page; TDP reported 125-150W across sources"
AMD,rx5000,desktop,Navi 10,RX 5000 Series,RX 5600 XT,AMD Radeon RX 5600 XT,36,,,,1.24 GHz,1.56 GHz,1.38 GHz,3 MB,,150W,,7 nm,,,4.0,12,GDDR6,,288 GB/s,6 GB,,,,,,,,2020-Q1,279,,https://www.amd.com/en/products/graphics/desktops/radeon-rx-5000/rx-5600-xt.html,1,high,BIOS update raised clocks post-launch; base 1130-1235 MHz depending on revision
AMD,rx5000,desktop,Navi 10,RX 5000 Series,RX 5700,AMD Radeon RX 5700,36,,,,1.47 GHz,1.73 GHz,1.62 GHz,4 MB,,180W,,7 nm,,,4.0,16,GDDR6,,448 GB/s,8 GB,,,,,,,,2019-Q3,349,,https://www.amd.com/en/products/graphics/desktops/radeon-rx-5000/rx-5700.html,1,high,7.95 TFLOPS FP32
AMD,rx5000,desktop,Navi 10,RX 5000 Series,RX 5700 XT,AMD Radeon RX 5700 XT,40,,,,1.60 GHz,1.75 GHz,1.68 GHz,4 MB,,225W,,7 nm,,,4.0,16,GDDR6,,448 GB/s,8 GB,,,,,,,,2019-Q3,399,,https://www.amd.com/en/products/graphics/desktops/radeon-rx-5000/rx-5700-xt.html,1,high,9.75 TFLOPS FP32
AMD,rx5000,desktop,Navi 10,RX 5000 Series,RX 5700 XT 50th Anniversary,AMD Radeon RX 5700 XT 50th Anniversary Edition,40,,,,1.75 GHz,1.98 GHz,,4 MB,,225W,,7 nm,,,4.0,16,GDDR6,,448 GB/s,8 GB,,,,,,,,2019-Q4,499,,https://www.techpowerup.com/gpu-specs/radeon-rx-5700-xt-50th-anniversary-edition.c3391,3,medium,"Limited edition, factory-OC RX 5700 XT; 9.75 TFLOPS FP32"
AMD,rx5000,desktop,Navi 14,RX 5000 Series,RX 5300,AMD Radeon RX 5300,22,,,,1.45 GHz,1.65 GHz,,2 MB,,100W,,7 nm,,,4.0,6,GDDR6,,168 GB/s,3 GB,,,,,,,,2020-Q2,,,https://askgeek.io/en/gpus/AMD/Radeon-RX-5300,3,low,"OEM/China-market part, no AMD.com page"
AMD,rx5000,desktop,Navi 14,RX 5000 Series,RX 5500,AMD Radeon RX 5500,22,,,,,,,2 MB,,,,7 nm,,,4.0,8,GDDR6,,,4 GB,,,,,,,,2019,,,https://videocardz.net/amd-radeon-rx-5500,3,low,"OEM part, limited public documentation; core count inferred from Navi14 family"
AMD,rx5000,desktop,Navi 14,RX 5000 Series,RX 5500 XT,AMD Radeon RX 5500 XT,22,,,,1.61 GHz,1.84 GHz,1.72 GHz,2 MB,,130W,,7 nm,,,4.0,8,GDDR6,,224 GB/s,8 GB,,,,,,,,2019-Q4,199,,https://www.amd.com/en/products/graphics/desktops/radeon-rx-5000/rx-5500-xt.html,1,high,"also sold in 4GB variant at 224 GB/s / 4GB, $169"
AMD,rx6000,desktop,Navi 21,RX 6000 Series,RX 6800,AMD Radeon RX 6800,60,,,,1.81 GHz,2.10 GHz,,,128 MB,250W,,7 nm,,,4.0,16,GDDR6,,512 GB/s,16 GB,no,,,,,,,2020-Q4,579,,https://www.amd.com/en/products/graphics/desktops/radeon/6000-series/amd-radeon-rx-6800.html,1,high,desktop ATX card
AMD,rx6000,desktop,Navi 21,RX 6000 Series,RX 6800 XT,AMD Radeon RX 6800 XT,72,,,,2.02 GHz,2.25 GHz,,,128 MB,300W,,7 nm,,,4.0,16,GDDR6,,512 GB/s,16 GB,no,,,,,,,2020-Q4,649,,https://www.amd.com/en/products/graphics/desktops/radeon/6000-series/amd-radeon-rx-6800-xt.html,1,high,desktop ATX card
AMD,rx6000,desktop,Navi 21,RX 6000 Series,RX 6800 XT Midnight Black,AMD Radeon RX 6800 XT Midnight Black,72,,,,2.02 GHz,2.25 GHz,,,128 MB,300W,,7 nm,,,4.0,16,GDDR6,,512 GB/s,16 GB,no,,,,,,,2021-Q3,,,https://www.amd.com/en/products/graphics/desktops/radeon/6000-series/amd-radeon-rx-6800-xt.html,1,medium,"Special-edition finish of RX 6800 XT reference design, identical specs"
AMD,rx6000,desktop,Navi 21,RX 6000 Series,RX 6900 XT,AMD Radeon RX 6900 XT,80,,,,2.02 GHz,2.25 GHz,,,128 MB,300W,,7 nm,,,4.0,16,GDDR6,,512 GB/s,16 GB,no,,,,,,,2020-Q4,999,,https://www.amd.com/en/products/graphics/desktops/radeon/6000-series/amd-radeon-rx-6900-xt.html,1,high,desktop ATX card
AMD,rx6000,desktop,Navi 21,RX 6000 Series,RX 6950 XT,AMD Radeon RX 6950 XT,80,,,,,2.31 GHz,,,128 MB,335W,,7 nm,,,4.0,16,GDDR6,,576 GB/s,16 GB,no,,,,,,,2022-Q2,1099,,https://www.amd.com/en/products/graphics/desktops/radeon/6000-series/amd-radeon-rx-6950-xt.html,1,high,desktop ATX card
AMD,rx6000,desktop,Navi 22,RX 6000 Series,RX 6700,AMD Radeon RX 6700,40,,,,,2.45 GHz,,,96 MB,175W,,7 nm,,,4.0,16,GDDR6,,384 GB/s,10 GB,no,,,,,,,2021-Q2,,,https://www.fluence.network/blog/amd-radeon-rx-6700/,3,low,"China-market-only SKU; no dedicated amd.com global page found, spec corroborated via secondary source only"
AMD,rx6000,desktop,Navi 22,RX 6000 Series,RX 6700 XT,AMD Radeon RX 6700 XT,40,,,,2.32 GHz,2.58 GHz,,,96 MB,230W,,7 nm,,,4.0,16,GDDR6,,384 GB/s,12 GB,no,,,,,,,2021-Q1,479,,https://www.amd.com/en/products/graphics/desktops/radeon/6000-series/amd-radeon-rx-6700-xt.html,1,high,desktop ATX card
AMD,rx6000,desktop,Navi 22,RX 6000 Series,RX 6750 XT,AMD Radeon RX 6750 XT,40,,,,,2.60 GHz,,,96 MB,250W,,7 nm,,,4.0,16,GDDR6,,432 GB/s,12 GB,no,,,,,,,2022-Q2,549,,https://www.amd.com/en/products/graphics/desktops/radeon/6000-series/amd-radeon-rx-6750-xt.html,1,high,desktop ATX card
AMD,rx6000,desktop,Navi 23,RX 6000 Series,RX 6600,AMD Radeon RX 6600,28,,,,2.04 GHz,2.49 GHz,,,32 MB,132W,,7 nm,,,4.0,8,GDDR6,,224 GB/s,8 GB,no,,,,,,,2021-Q4,329,,https://www.amd.com/en/products/graphics/desktops/radeon/6000-series/amd-radeon-rx-6600.html,1,high,desktop ATX card
AMD,rx6000,desktop,Navi 23,RX 6000 Series,RX 6600 XT,AMD Radeon RX 6600 XT,32,,,,1.97 GHz,2.59 GHz,,,32 MB,160W,,7 nm,,,4.0,8,GDDR6,,256 GB/s,8 GB,no,,,,,,,2021-Q3,379,,https://www.amd.com/en/products/graphics/desktops/radeon/6000-series/amd-radeon-rx-6600-xt.html,1,high,desktop ATX card
AMD,rx6000,desktop,Navi 23,RX 6000 Series,RX 6650 XT,AMD Radeon RX 6650 XT,32,,,,2.41 GHz,2.63 GHz,,,32 MB,180W,,7 nm,,,4.0,8,GDDR6,,280 GB/s,8 GB,no,,,,,,,2022-Q2,399,,https://www.amd.com/en/products/graphics/desktops/radeon/6000-series/amd-radeon-rx-6650-xt.html,1,high,desktop ATX card
AMD,rx6000,desktop,Navi 24,RX 6000 Series,RX 6400,AMD Radeon RX 6400,12,,,,,2.32 GHz,,,16 MB,53W,,6 nm,,,4.0,4,GDDR6,,128 GB/s,4 GB,no,,,,,,,2022-Q1,159,,https://www.tomshardware.com/news/amd-radeon-rx-6500xt-6400xt-gpus,3,medium,"OEM-first launch, later retail; no dedicated amd.com global page found at research time"
AMD,rx6000,desktop,Navi 24,RX 6000 Series,RX 6500 XT,AMD Radeon RX 6500 XT,16,,,,,2.81 GHz,,,16 MB,107W,,6 nm,,,4.0,4,GDDR6,,144 GB/s,4 GB,no,,,,,,,2022-Q1,199,,https://www.amd.com/en/products/graphics/desktops/radeon/6000-series/amd-radeon-rx-6500-xt.html,1,high,11.53 TFLOPS FP32; only 4GB config shipped
AMD,rx6000,desktop,Navi 24,RX 6000 Series,RX 6500 XT (4GB),AMD Radeon RX 6500 XT 4GB,16,,,,,2.81 GHz,,,16 MB,107W,,6 nm,,,4.0,4,GDDR6,,144 GB/s,4 GB,no,,,,,,,2022-Q1,199,,https://www.amd.com/en/products/graphics/desktops/radeon/6000-series/amd-radeon-rx-6500-xt.html,1,high,Same SKU as RX 6500 XT; AMD only ever shipped a 4GB configuration
AMD,rx7000,desktop,Navi 31,RX 7000 Series,RX 7900 GRE,AMD Radeon RX 7900 GRE,80,,,,,2.25 GHz,,,64 MB,260W,,5 nm,,,4.0,16,GDDR6,,576 GB/s,16 GB,no,,,,,,,2023-Q3,649,,https://www.amd.com/en/products/graphics/desktops/radeon/7000-series/amd-radeon-rx-7900-gre.html,1,high,desktop ATX card
AMD,rx7000,desktop,Navi 31,RX 7000 Series,RX 7900 XT,AMD Radeon RX 7900 XT,84,,,,2.00 GHz,2.40 GHz,,,80 MB,315W,,5 nm,,,4.0,16,GDDR6,,800 GB/s,20 GB,no,,,,,,,2022-Q4,899,,https://www.amd.com/en/products/graphics/desktops/radeon/7000-series/amd-radeon-rx-7900-xt.html,1,high,desktop ATX card
AMD,rx7000,desktop,Navi 31,RX 7000 Series,RX 7900 XTX,AMD Radeon RX 7900 XTX,96,,,,2.30 GHz,2.50 GHz,,,96 MB,355W,,5 nm,,,4.0,16,GDDR6,,960 GB/s,24 GB,no,,,,,,,2022-Q4,999,,https://www.amd.com/en/products/graphics/desktops/radeon/7000-series/amd-radeon-rx-7900-xtx.html,1,high,61 TFLOPS FP32; desktop ATX card
AMD,rx7000,desktop,Navi 32,RX 7000 Series,RX 7700,AMD Radeon RX 7700,40,,,,,2.54 GHz,,,40 MB,245W,,5 nm,,,4.0,16,GDDR6,,624 GB/s,16 GB,no,,,,,,,2024-Q1,,,https://www.tomshardware.com/pc-components/gpus/amd-silently-launches-rx-7700-non-xt-with-16-gb-vram-new-rdna-3-gpu-uses-nerfed-navi-32-die-offers-reduced-performance-and-increased-power-draw,3,low,No dedicated AMD.com product page found; TBP figure questioned by press as possibly copied from RX 7800 XT listing
AMD,rx7000,desktop,Navi 32,RX 7000 Series,RX 7700 XT,AMD Radeon RX 7700 XT,54,,,,,2.54 GHz,,,48 MB,245W,,5 nm,,,4.0,16,GDDR6,,432 GB/s,12 GB,no,,,,,,,2023-Q3,449,,https://www.amd.com/en/products/graphics/desktops/radeon/7000-series/amd-radeon-rx-7700-xt.html,1,high,35 TFLOPS FP32; desktop ATX card
AMD,rx7000,desktop,Navi 32,RX 7000 Series,RX 7800 XT,AMD Radeon RX 7800 XT,60,,,,,2.43 GHz,,,64 MB,263W,,5 nm,,,4.0,16,GDDR6,,624 GB/s,16 GB,no,,,,,,,2023-Q3,499,,https://www.amd.com/en/products/graphics/desktops/radeon/7000-series/amd-radeon-rx-7800-xt.html,1,high,37 TFLOPS FP32; desktop ATX card
AMD,rx7000,desktop,Navi 33,RX 7000 Series,RX 7400,AMD Radeon RX 7400,28,,,,,,,,32 MB,55W,,6 nm,,,4.0,8,GDDR6,,172.8 GB/s,8 GB,no,,,,,,,2024-Q3,,,https://www.tomshardware.com/pc-components/gpus/amd-quietly-launches-radeon-rx-7400-8gb-budget-gaming-gpu-rdna-3-goes-another-rung-lower-on-the-ladder,3,medium,"OEM/quiet-launch SKU, no dedicated amd.com page found; no external power connector"
AMD,rx7000,desktop,Navi 33,RX 7000 Series,RX 7600,AMD Radeon RX 7600,32,,,,2.25 GHz,2.62 GHz,,,32 MB,165W,,6 nm,,,4.0,8,GDDR6,,288 GB/s,8 GB,no,,,,,,,2023-Q2,269,,https://www.amd.com/en/products/graphics/desktops/radeon/7000-series/amd-radeon-rx-7600.html,1,high,21.75 TFLOPS FP32; desktop ATX card
AMD,rx7000,desktop,Navi 33,RX 7000 Series,RX 7600 XT,AMD Radeon RX 7600 XT,32,,,,2.47 GHz,2.75 GHz,,,32 MB,190W,,6 nm,,,4.0,8,GDDR6,,288 GB/s,16 GB,no,,,,,,,2024-Q1,329,,https://www.amd.com/en/products/graphics/desktops/radeon/7000-series/amd-radeon-rx-7600-xt.html,1,high,22.6 TFLOPS FP32; desktop ATX card
AMD,rx9000,desktop,Navi 44,RX 9000 Series,RX 9060,AMD Radeon RX 9060,28,,,,,,,,32 MB,,,4 nm,,,5.0,,GDDR6,,,8 GB,no,,,,,,,,,,,3,low,"Could not confirm dedicated AMD spec page for non-XT RX 9060 at research time; CU/VRAM inferred from Navi 44 cut-down pattern, not tier-1 confirmed"
AMD,rx9000,desktop,Navi 44,RX 9000 Series,RX 9060 XT,AMD Radeon RX 9060 XT,32,,,,,3.13 GHz,,,32 MB,160W,,4 nm,,,5.0,16,GDDR6,,320 GB/s,16 GB,no,,,,,,,2025-Q2,350,,https://www.amd.com/en/products/graphics/desktops/radeon/9000-series/amd-radeon-rx-9060xt.html,1,high,16GB variant; ATX desktop card
AMD,rx9000,desktop,Navi 44,RX 9000 Series,RX 9060 XT (8GB),AMD Radeon RX 9060 XT 8GB,32,,,,,3.13 GHz,,,32 MB,160W,,4 nm,,,5.0,16,GDDR6,,320 GB/s,8 GB,no,,,,,,,2025-Q2,300,,https://www.amd.com/en/products/graphics/desktops/radeon/9000-series/amd-radeon-rx-9060xt-8gb.html,1,high,"8GB variant, same die/clocks as 16GB SKU; ATX desktop card"
AMD,rx9000,desktop,Navi 44,RX 9000 Series,RX 9060 XT LP,AMD Radeon RX 9060 XT LP,32,,,,,3.05 GHz,,,32 MB,140W,,4 nm,,,5.0,16,GDDR6,,320 GB/s,16 GB,no,,,,,,,2025-Q3,,,https://www.amd.com/en/products/graphics/desktops/radeon/9000-series/amd-radeon-rx-9060xt-lp.html,1,medium,"Low-power SFF variant, China-focused per press coverage; TBP/clock corroborated via Notebookcheck/HotHardware"
AMD,rx9000,desktop,Navi 48,RX 9000 Series,RX 9070,AMD Radeon RX 9070,56,,,,2.07 GHz,2.54 GHz,,,64 MB,220W,,4 nm,,,5.0,16,GDDR6,,640 GB/s,16 GB,no,,,,,,,2025-Q1,549,,https://www.amd.com/en/products/graphics/desktops/radeon/9000-series/amd-radeon-rx-9070.html,1,high,ATX desktop card
AMD,rx9000,desktop,Navi 48,RX 9000 Series,RX 9070 XT,AMD Radeon RX 9070 XT,64,,,,2.40 GHz,2.97 GHz,,,64 MB,304W,,4 nm,,,5.0,16,GDDR6,,640 GB/s,16 GB,no,,,,,,,2025-Q1,599,,https://www.amd.com/en/products/graphics/desktops/radeon/9000-series/amd-radeon-rx-9070xt.html,1,high,48.7 TFLOPS FP32; ATX desktop card
AMD,radeonhd8000m,desktop,Neptune,HD 8000M Series,HD 8850M Series GPU,AMD Radeon HD 8850M,10,,,,,,,256 KB,,,,28 nm,,,3.0,,GDDR5,,,2 GB,,,,,,,,2013-Q2,,,https://www.topcpu.net/en/cpu/radeon-hd-8850m,3,low,800 GFLOPS FP32; TDP not confirmed
AMD,radeonhd8000m,desktop,Neptune,HD 8000M Series,HD 8870M Series GPU,AMD Radeon HD 8870M,10,,,,,,,256 KB,,,,28 nm,,,3.0,,GDDR5,,,2 GB,,,,,,,,2013-Q2,,,https://cputronic.com/index.php/gpu/amd-radeon-hd-8870m,3,low,640 shading units; 1.01 TFLOPS FP32; TDP not confirmed
AMD,radeonr7200,desktop,Oland,R7 200 Series,R7 240,AMD Radeon R7 240,5,,,,0.73 GHz,,,256 KB,,30W,,28 nm,,,3.0,4,DDR3/GDDR5,,,2 GB,,,,,,,,2013-Q4,69,,https://videocardz.net/amd-radeon-r7-240,3,low,320 stream processors; 499 GFLOPS FP32; also sold in GDDR5 variant
AMD,radeonr7200,desktop,Oland,R7 200 Series,R7 250,AMD Radeon R7 250,8,,,,,,,512 KB,,65W,,28 nm,,,3.0,4,GDDR5,,72 GB/s,1 GB,,,,,,,,2013-Q4,89,,https://www.notebookcheck.net/AMD-Radeon-R7-250.105887.0.html,3,low,512 stream processors; CU/TDP figures from secondary aggregation
AMD,radeonr7200,desktop,Oland,R7 200 Series,R7 250X,AMD Radeon R7 250X,10,,,,1.00 GHz,,,512 KB,,80W,,28 nm,,,3.0,8,GDDR5,,96 GB/s,2 GB,,,,,,,,2014-Q1,99,,https://cputronic.com/index.php/gpu/amd-radeon-r7-250x,3,low,640 stream processors; TDP reported 80W in one source
AMD,Ryzen,desktop,Phoenix,Zen 4 / Zen 4c,Ryzen 3 8300G,AMD Ryzen 3 8300G,4,1,3,8,3.40 GHz,4.90 GHz,,4 MB,8 MB,65W,45W,TSMC 4nm,AM5,1,4.0,20,DDR5,2,DDR5-5200,256 GB,no,,,Radeon 740M,4,2.60 GHz,,2024-Q1,,,https://www.amd.com/en/products/processors/desktops/ryzen/8000-series/amd-ryzen-3-8300g.html,1,high,"1x Zen4 + 3x Zen4c hybrid, no NPU. | l3_cache corrected in audit"
AMD,Ryzen,desktop,Phoenix,Zen 4 / Zen 4c,Ryzen 3 8300GE,AMD Ryzen 3 8300GE,4,1,3,8,3.50 GHz,4.90 GHz,,4 MB,8 MB,35W,,TSMC 4nm,AM5,1,4.0,20,DDR5,2,DDR5-5200,256 GB,no,,,Radeon 740M,4,2.60 GHz,,2024-Q1,,,https://www.amd.com/en/products/processors/desktops/ryzen/8000-series/amd-ryzen-3-8300ge.html,1,high,Low-power GE variant of 8300G.
AMD,Ryzen,desktop,Phoenix,Zen 4 / Zen 4c,Ryzen 3 8305G,AMD Ryzen 3 8305G,4,1,3,8,,,,4 MB,8 MB,65W,45W,TSMC 4nm,AM5,1,4.0,20,DDR5,2,DDR5-5200,256 GB,no,,,Radeon 740M,4,,,2024-Q1,,,https://www.amd.com/en/products/processors/desktops/ryzen/8000-series/amd-ryzen-3-8305g.html,3,low,"OEM-exclusive SKU; exact base/boost clocks and igpu_clock not consistently published across sources -- left blank, logged as gaps."
AMD,Ryzen,desktop,Phoenix,Zen 4 / Zen 4c,Ryzen 3 8305GE,AMD Ryzen 3 8305GE,4,1,3,8,,,,4 MB,8 MB,35W,,TSMC 4nm,AM5,1,4.0,20,DDR5,2,DDR5-5200,256 GB,no,,,Radeon 740M,4,,,2024-Q1,,,https://www.amd.com/en/products/processors/desktops/ryzen/8000-series/amd-ryzen-3-8305ge.html,3,low,"OEM-exclusive low-power SKU; exact base/boost clocks and igpu_clock not consistently published -- left blank, logged as gaps."
AMD,Ryzen,desktop,Phoenix,Zen 4 / Zen 4c,Ryzen 3 PRO 8300G,AMD Ryzen 3 PRO 8300G,4,1,3,8,3.40 GHz,4.90 GHz,,4 MB,8 MB,65W,45W,TSMC 4nm,AM5,1,4.0,20,DDR5,2,DDR5-5200,256 GB,no,,,Radeon 740M,4,2.60 GHz,,2024-Q1,,,https://www.amd.com/en/products/processors/desktops/ryzen-pro/8000-series/amd-ryzen-3-pro-8300g.html,1,high,PRO variant of 8300G. | l3_cache corrected in audit
AMD,Ryzen,desktop,Phoenix,Zen 4 / Zen 4c,Ryzen 3 PRO 8300GE,AMD Ryzen 3 PRO 8300GE,4,1,3,8,3.50 GHz,4.90 GHz,,4 MB,8 MB,35W,,TSMC 4nm,AM5,1,4.0,20,DDR5,2,DDR5-5200,256 GB,no,,,Radeon 740M,4,2.60 GHz,,2024-Q1,,,https://www.amd.com/en/products/processors/desktops/ryzen-pro/8000-series/amd-ryzen-3-pro-8300ge.html,1,high,PRO GE variant of 8300G.
AMD,Ryzen,desktop,Phoenix,Zen 4 / Zen 4c,Ryzen 3 PRO 8305G,AMD Ryzen 3 PRO 8305G,4,1,3,8,,,,4 MB,8 MB,65W,45W,TSMC 4nm,AM5,1,4.0,20,DDR5,2,DDR5-5200,256 GB,no,,,Radeon 740M,4,,,2024-Q1,,,https://www.amd.com/en/products/processors/desktops/ryzen-pro/8000-series/amd-ryzen-3-pro-8305g.html,3,low,"OEM-exclusive SKU; clocks not consistently published -- left blank, logged as gaps."
AMD,Ryzen,desktop,Phoenix,Zen 4 / Zen 4c,Ryzen 3 PRO 8305GE,AMD Ryzen 3 PRO 8305GE,4,1,3,8,,,,4 MB,8 MB,35W,,TSMC 4nm,AM5,1,4.0,20,DDR5,2,DDR5-5200,256 GB,no,,,Radeon 740M,4,,,2024-Q1,,,https://www.amd.com/en/products/processors/desktops/ryzen-pro/8000-series/amd-ryzen-3-pro-8305ge.html,3,low,"OEM-exclusive low-power SKU; clocks not consistently published -- left blank, logged as gaps."
AMD,Ryzen,desktop,Phoenix,Zen 4,Ryzen 5 8400F,AMD Ryzen 5 8400F,6,,,12,4.20 GHz,4.70 GHz,,6 MB,16 MB,65W,,TSMC 4nm,AM5,1,4.0,20,DDR5,2,DDR5-5200,256 GB,no,,,,,,,2024-Q3,,,https://www.amd.com/en/products/processors/desktops/ryzen/8000-series/amd-ryzen-5-8400f.html,1,high,"No iGPU (F suffix), no NPU."
AMD,Ryzen,desktop,Phoenix,Zen 4 / Zen 4c,Ryzen 5 8500G,AMD Ryzen 5 8500G,6,2,4,12,3.50 GHz,5.00 GHz,,6 MB,16 MB,65W,45W,TSMC 4nm,AM5,1,4.0,20,DDR5,2,DDR5-5200,256 GB,no,,,Radeon 740M,4,2.80 GHz,,2024-Q1,179,,https://www.amd.com/en/products/processors/desktops/ryzen/8000-series/amd-ryzen-5-8500g.html,1,high,"2x Zen4 + 4x Zen4c hybrid, no NPU (Phoenix2 die)."
AMD,Ryzen,desktop,Phoenix,Zen 4 / Zen 4c,Ryzen 5 8500GE,AMD Ryzen 5 8500GE,6,2,4,12,3.40 GHz,5.00 GHz,,6 MB,16 MB,35W,,TSMC 4nm,AM5,1,4.0,20,DDR5,2,DDR5-5200,256 GB,no,,,Radeon 740M,4,2.80 GHz,,2024-Q1,,,https://www.amd.com/en/products/processors/desktops/ryzen/8000-series/amd-ryzen-5-8500ge.html,1,high,Low-power GE variant of 8500G.
AMD,Ryzen,desktop,Phoenix,Zen 4 / Zen 4c,Ryzen 5 8505G,AMD Ryzen 5 8505G,6,2,4,12,3.50 GHz,5.00 GHz,,6 MB,16 MB,65W,45W,TSMC 4nm,AM5,1,4.0,20,DDR5,2,DDR5-5200,256 GB,no,,,Radeon 740M,4,2.80 GHz,,2024-Q1,,,https://www.amd.com/en/products/processors/desktops/ryzen/8000-series/amd-ryzen-5-8505g.html,3,medium,"OEM-exclusive SKU, near-identical to 8500G; exact clocks partially estimated from tier3 comparison sources -- flagged."
AMD,Ryzen,desktop,Phoenix,Zen 4 / Zen 4c,Ryzen 5 8505GE,AMD Ryzen 5 8505GE,6,2,4,12,3.40 GHz,5.00 GHz,,6 MB,16 MB,35W,,TSMC 4nm,AM5,1,4.0,20,DDR5,2,DDR5-5200,256 GB,no,,,Radeon 740M,4,2.80 GHz,,2024-Q1,,,https://www.amd.com/en/products/processors/desktops/ryzen/8000-series/amd-ryzen-5-8505ge.html,3,medium,"OEM-exclusive low-power GE variant of 8505G, clocks estimated from family pattern -- flagged."
AMD,Ryzen,desktop,Phoenix,Zen 4,Ryzen 5 8600G,AMD Ryzen 5 8600G,6,,,12,4.35 GHz,5.00 GHz,,6 MB,16 MB,65W,45W,TSMC 4nm,AM5,1,4.0,20,DDR5,2,DDR5-5200,256 GB,no,,,Radeon 760M,8,2.80 GHz,16,2024-Q1,229,,https://www.amd.com/en/products/processors/desktops/ryzen/8000-series/amd-ryzen-5-8600g.html,1,high,"Full 8-core Zen4 (non-hybrid), higher-tier iGPU (760M) than 8500G."
AMD,Ryzen,desktop,Phoenix,Zen 4,Ryzen 5 8605G,AMD Ryzen 5 8605G,6,,,12,4.30 GHz,5.00 GHz,,6 MB,16 MB,65W,45W,TSMC 4nm,AM5,1,4.0,20,DDR5,2,DDR5-5200,256 GB,no,,,Radeon 760M,8,2.80 GHz,16,2024-Q1,,,https://www.amd.com/en/products/processors/desktops/ryzen-pro/8000-series/amd-ryzen-5-pro-8605g.html,3,medium,Non-PRO OEM variant; spec confirmed via identical PRO 8605G tier1 page (non-PRO amd.com page snippet incomplete).
AMD,Ryzen,desktop,Phoenix,Zen 4,Ryzen 5 PRO 8500G,AMD Ryzen 5 PRO 8500G,6,2,4,12,3.50 GHz,5.00 GHz,,6 MB,16 MB,65W,45W,TSMC 4nm,AM5,1,4.0,20,DDR5,2,DDR5-5200,256 GB,no,,,Radeon 740M,4,2.80 GHz,,2024-Q1,,,https://www.amd.com/en/products/processors/desktops/ryzen-pro/8000-series/amd-ryzen-5-pro-8500g.html,1,high,PRO variant of 8500G.
AMD,Ryzen,desktop,Phoenix,Zen 4,Ryzen 5 PRO 8500GE,AMD Ryzen 5 PRO 8500GE,6,2,4,12,3.40 GHz,5.00 GHz,,6 MB,16 MB,35W,,TSMC 4nm,AM5,1,4.0,20,DDR5,2,DDR5-5200,256 GB,no,,,Radeon 740M,4,2.80 GHz,,2024-Q1,,,https://www.amd.com/en/products/processors/desktops/ryzen-pro/8000-series/amd-ryzen-5-pro-8500ge.html,1,high,"PRO GE variant, tier1 confirmed 3.4/5.0GHz, 35W."
AMD,Ryzen,desktop,Phoenix,Zen 4,Ryzen 5 PRO 8505G,AMD Ryzen 5 PRO 8505G,6,2,4,12,3.50 GHz,5.00 GHz,,6 MB,16 MB,65W,45W,TSMC 4nm,AM5,1,4.0,20,DDR5,2,DDR5-5200,256 GB,no,,,Radeon 740M,4,2.80 GHz,,2024-Q1,,,https://www.amd.com/en/products/processors/desktops/ryzen-pro/8000-series/amd-ryzen-5-pro-8505g.html,3,medium,PRO variant of 8505G; clocks estimated from family pattern -- flagged.
AMD,Ryzen,desktop,Phoenix,Zen 4,Ryzen 5 PRO 8505GE,AMD Ryzen 5 PRO 8505GE,6,2,4,12,3.40 GHz,5.00 GHz,,6 MB,16 MB,35W,,TSMC 4nm,AM5,1,4.0,20,DDR5,2,DDR5-5200,256 GB,no,,,Radeon 740M,4,2.80 GHz,,2024-Q1,,,https://www.amd.com/en/products/processors/desktops/ryzen-pro/8000-series/amd-ryzen-5-pro-8505ge.html,3,medium,PRO GE variant of 8505G; clocks estimated from family pattern -- flagged.
AMD,Ryzen,desktop,Phoenix,Zen 4,Ryzen 5 PRO 8600G,AMD Ryzen 5 PRO 8600G,6,,,12,4.35 GHz,5.00 GHz,,6 MB,16 MB,65W,45W,TSMC 4nm,AM5,1,4.0,20,DDR5,2,DDR5-5200,256 GB,no,,,Radeon 760M,8,2.80 GHz,16,2024-Q1,,,https://www.amd.com/en/products/processors/desktops/ryzen-pro/8000-series/amd-ryzen-5-pro-8600g.html,1,high,PRO variant of 8600G.
AMD,Ryzen,desktop,Phoenix,Zen 4,Ryzen 5 PRO 8600GE,AMD Ryzen 5 PRO 8600GE,6,,,12,3.90 GHz,5.00 GHz,,6 MB,16 MB,35W,,TSMC 4nm,AM5,1,4.0,20,DDR5,2,DDR5-5200,256 GB,no,,,Radeon 760M,8,2.80 GHz,16,2024-Q1,,,https://www.amd.com/en/products/processors/desktops/ryzen-pro/8000-series/amd-ryzen-5-pro-8600ge.html,3,high,Low-power GE variant of 8600G/PRO 8600G; clocks estimated from 8700GE derate pattern -- flagged. | base_clock corrected in audit
AMD,Ryzen,desktop,Phoenix,Zen 4,Ryzen 5 PRO 8605G,AMD Ryzen 5 PRO 8605G,6,,,12,4.30 GHz,5.00 GHz,,6 MB,16 MB,65W,45W,TSMC 4nm,AM5,1,4.0,20,DDR5,2,DDR5-5200,256 GB,no,,,Radeon 760M,8,2.80 GHz,16,2024-Q1,,,https://www.amd.com/en/products/processors/desktops/ryzen-pro/8000-series/amd-ryzen-5-pro-8605g.html,1,high,PRO variant confirmed via AMD tier1 page.
AMD,Ryzen,desktop,Phoenix,Zen 4,Ryzen 5 PRO 8605GE,AMD Ryzen 5 PRO 8605GE,6,,,12,3.90 GHz,5.00 GHz,,6 MB,16 MB,35W,,TSMC 4nm,AM5,1,4.0,20,DDR5,2,DDR5-5200,256 GB,no,,,Radeon 760M,8,2.80 GHz,16,2024-Q1,,,https://www.amd.com/en/products/processors/desktops/ryzen-pro/8000-series/amd-ryzen-5-pro-8605ge.html,3,high,Low-power GE variant of 8605G; clocks estimated from 8700GE derate pattern -- flagged. | base_clock corrected in audit
AMD,Ryzen,desktop,Phoenix,Zen 4,Ryzen 7 8700F,AMD Ryzen 7 8700F,8,,,16,4.10 GHz,5.00 GHz,,8 MB,16 MB,65W,45W,TSMC 4nm,AM5,1,4.0,20,DDR5,2,DDR5-5200,256 GB,no,,,,,,16,2024-Q3,,,https://www.amd.com/en/products/processors/desktops/ryzen/8000-series/amd-ryzen-7-8700f.html,1,high,No integrated graphics (F suffix); NPU retained at 16 TOPS unlike 8400F.
AMD,Ryzen,desktop,Phoenix,Zen 4,Ryzen 7 8700G,AMD Ryzen 7 8700G,8,,,16,4.20 GHz,5.10 GHz,,8 MB,16 MB,65W,45W,TSMC 4nm,AM5,1,4.0,20,DDR5,2,DDR5-5200,256 GB,no,,,Radeon 780M,12,2.90 GHz,16,2024-Q1,329,,https://www.amd.com/en/products/processors/desktops/ryzen/8000-series/amd-ryzen-7-8700g.html,1,high,"Desktop AM5 flagship G-series APU; note tdp_config_up field holds 45W low-power config floor rather than an upper limit -- AMD lists cTDP range as 45-65W with 65W default (this is inverted vs mobile convention, flagged in notes.md)."
AMD,Ryzen,desktop,Phoenix,Zen 4,Ryzen 7 8705G,AMD Ryzen 7 8705G,8,,,16,4.20 GHz,5.10 GHz,,8 MB,16 MB,65W,45W,TSMC 4nm,AM5,1,4.0,20,DDR5,2,DDR5-5200,256 GB,no,,,Radeon 780M,12,2.90 GHz,16,2024-Q1,,,https://www.amd.com/en/products/processors/desktops/ryzen/8000-series/amd-ryzen-7-8705g.html,3,medium,AMD lists as desktop processor though commonly deployed in OEM mobile/mini-PC designs; core specs sourced from identical PRO 8705G tier1 page (non-PRO page snippet incomplete).
AMD,Ryzen,desktop,Phoenix,Zen 4,Ryzen 7 PRO 8700G,AMD Ryzen 7 PRO 8700G,8,,,16,4.20 GHz,5.10 GHz,,8 MB,16 MB,65W,45W,TSMC 4nm,AM5,1,4.0,20,DDR5,2,DDR5-5200,256 GB,no,,,Radeon 780M,12,2.90 GHz,16,2024-Q1,,,https://www.amd.com/en/products/processors/desktops/ryzen-pro/8000-series/amd-ryzen-7-pro-8700g.html,1,high,PRO variant of 8700G.
AMD,Ryzen,desktop,Phoenix,Zen 4,Ryzen 7 PRO 8700GE,AMD Ryzen 7 PRO 8700GE,8,,,16,3.60 GHz,5.10 GHz,,8 MB,16 MB,35W,,TSMC 4nm,AM5,1,4.0,20,DDR5,2,DDR5-5600,256 GB,no,,,Radeon 780M,12,2.90 GHz,16,2024-Q1,,,https://www.amd.com/en/products/processors/desktops/ryzen-pro/8000-series/amd-ryzen-7-pro-8700ge.html,1,high,"Low-power GE variant, 35W fixed TDP."
AMD,Ryzen,desktop,Phoenix,Zen 4,Ryzen 7 PRO 8705G,AMD Ryzen 7 PRO 8705G,8,,,16,4.20 GHz,5.10 GHz,,8 MB,16 MB,65W,45W,TSMC 4nm,AM5,1,4.0,20,DDR5,2,DDR5-5200,256 GB,no,,,Radeon 780M,12,2.90 GHz,16,2024-Q1,,,https://www.amd.com/en/products/processors/desktops/ryzen-pro/8000-series/amd-ryzen-7-pro-8705g.html,1,high,PRO variant of 8705G; tier1 page confirmed full spec table.
AMD,Ryzen,desktop,Phoenix,Zen 4,Ryzen 7 PRO 8705GE,AMD Ryzen 7 PRO 8705GE,8,,,16,3.60 GHz,5.10 GHz,,8 MB,16 MB,35W,,TSMC 4nm,AM5,1,4.0,20,DDR5,2,DDR5-5600,256 GB,no,,,Radeon 780M,12,2.90 GHz,16,2024-Q1,,,https://www.amd.com/en/products/processors/desktops/ryzen-pro/8000-series/amd-ryzen-7-pro-8705ge.html,3,medium,"Low-power GE variant of 8705G, clocks inferred from PRO 8700GE pattern -- not independently confirmed."
AMD,Ryzen,desktop,Picasso,Zen+,Athlon Gold 3150G,Athlon Gold 3150G (OEM Only),4,,,4,3.50 GHz,3.90 GHz,,2 MB,4 MB,65W,,12nm,AM4,,3.0,,DDR4,2,2933 MHz,64 GB,,,,Radeon Vega 3,3,,,2020-Q1,,,https://www.techpowerup.com/cpu-specs/athlon-gold-pro-3150g.c2333,3,low,OEM-only desktop part; specs inferred from cross-checked PRO 3150G sibling; no public price found
AMD,Ryzen,desktop,Picasso,Zen+,Athlon Gold 3150GE,Athlon Gold 3150GE (OEM Only),4,,,4,3.30 GHz,3.80 GHz,,2 MB,4 MB,35W,,12nm,AM4,,3.0,,DDR4,2,2933 MHz,64 GB,,,,Radeon Vega 3,3,,,2020-Q1,,,https://cputronic.com/cpu/amd-athlon-gold-3150ge-oem-only,3,low,OEM-only; used PRO-sibling cross-checked figures; no public price
AMD,Ryzen,desktop,Picasso,Zen+,Athlon Gold PRO 3150G,Athlon Gold PRO 3150G,4,,,4,3.50 GHz,3.90 GHz,,2 MB,4 MB,65W,,12nm,AM4,,3.0,,DDR4,2,2933 MHz,64 GB,,,,Radeon Vega 3,3,,,2020-Q3,,,https://www.techpowerup.com/cpu-specs/athlon-gold-pro-3150g.c2333,3,medium,Cross-checked cores/clock/TDP across TechPowerUp and technical.city
AMD,Ryzen,desktop,Picasso,Zen+,Athlon Gold PRO 3150GE,Athlon Gold PRO 3150GE,4,,,4,3.30 GHz,3.80 GHz,,2 MB,4 MB,35W,,12nm,AM4,,3.0,,DDR4,2,2933 MHz,64 GB,,,,Radeon Vega 3,3,,,2020-Q3,,,https://www.techpowerup.com/cpu-specs/athlon-gold-pro-3150ge.c2335,3,medium,Cross-checked via TechPowerUp + cputronic/askgeek; launched July 2020 per multiple sources
AMD,Ryzen,desktop,Picasso,Zen+,Athlon Silver PRO 3125GE,Athlon Silver PRO 3125GE,2,,,4,,,,,,35W,,12nm,AM4,,3.0,,DDR4,2,2933 MHz,64 GB,,,,,,,,2020-Q3,,,https://technical.city/en/cpu/Athlon-Silver-3050GE-vs-Athlon-Silver-PRO-3125GE,3,low,"Sources note newer 12nm process vs 3050GE's 14nm; exact base/boost clocks, TDP, iGPU spec not confirmed beyond relative PassMark comparisons; TDP 35W is an assumption carried from 3050GE class"
AMD,Ryzen,desktop,Picasso,Zen+,Ryzen 3 3200G,Ryzen 3 3200G with Radeon Vega 8 Graphics,4,,,4,3.60 GHz,4.00 GHz,,2 MB,4 MB,65W,,12nm,AM4,,3.0,,DDR4,2,2933 MHz,64 GB,,,,Radeon Vega 8,8,1.25 GHz,,2019-07-07,99,,https://en.wikichip.org/wiki/amd/ryzen_3/3200g,3,medium,Cross-checked WikiChip/Tom's Hardware/wccftech; used WikiChip's authoritative 4MB L3 over a conflicting 6MB Tom's Hardware mention
AMD,Ryzen,desktop,Picasso,Zen+,Ryzen 3 3200GE,Ryzen 3 3200GE (OEM Only),4,,,4,3.30 GHz,3.80 GHz,,2 MB,4 MB,35W,,12nm,AM4,,3.0,,DDR4,2,2933 MHz,64 GB,,,,Radeon Vega 8,8,,,2019-Q3,,,https://technical.city/en/cpu/Ryzen-3-3200G-vs-Ryzen-3-PRO-3200GE,3,low,OEM-only non-PRO variant; clocks assumed identical to cross-checked PRO 3200GE; no public price
AMD,Ryzen,desktop,Picasso,Zen+,Ryzen 3 PRO 3200G,Ryzen 3 PRO 3200G,4,,,4,3.60 GHz,4.00 GHz,,2 MB,4 MB,65W,,12nm,AM4,,3.0,,DDR4,2,2933 MHz,64 GB,,,,Radeon Vega 8,8,,,2019-Q3,,,https://dmcpu.com/cpu/amd-ryzen-3-pro-3200g,3,medium,Cross-checked cputronic + dmcpu; iGPU clock not independently confirmed for PRO SKU
AMD,Ryzen,desktop,Picasso,Zen+,Ryzen 3 PRO 3200GE,Ryzen 3 PRO 3200GE,4,,,4,3.30 GHz,3.80 GHz,,2 MB,4 MB,35W,,12nm,AM4,,3.0,,DDR4,2,2933 MHz,64 GB,,,,Radeon Vega 8,8,,,2019-Q3,,,https://cputronic.com/cpu/amd-ryzen-3-pro-3200ge,3,medium,Cross-checked cputronic + technical.city + chaynikam
AMD,Ryzen,desktop,Picasso,Zen+,Ryzen 5 3400G,Ryzen 5 3400G with Radeon RX Vega 11 Graphics,4,,,8,3.70 GHz,4.20 GHz,,2 MB,4 MB,65W,,12nm,AM4,,3.0,,DDR4,2,2933 MHz,64 GB,,,,Radeon RX Vega 11,11,1.40 GHz,,2019-07-07,149,,https://en.wikichip.org/wiki/amd/ryzen_5/3400g,3,high,"Cross-checked WikiChip + Tom's Hardware + wccftech, all agree"
AMD,Ryzen,desktop,Picasso,Zen+,Ryzen 5 3400GE,Ryzen 5 3400GE (OEM Only),4,,,8,3.30 GHz,4.00 GHz,,2 MB,4 MB,35W,,12nm,AM4,,3.0,,DDR4,2,2933 MHz,64 GB,,,,Radeon Vega 11,11,,,2019-Q3,,,https://www.amd.com/en/products/apu/amd-ryzen-5-3400ge,3,medium,Cross-checked cputronic + technical.city; no public price (OEM-only)
AMD,Ryzen,desktop,Picasso,Zen+,Ryzen 5 PRO 3350G,Ryzen 5 PRO 3350G,4,,,8,3.60 GHz,4.00 GHz,,2 MB,4 MB,65W,45-65W,12nm,AM4,,3.0,,DDR4,2,2933 MHz,64 GB,,,,Radeon Vega 10,10,,,2019-Q3,,,https://pchardware.org/processors/amd-ryzen-5-pro-3350g/,3,medium,Cross-checked pchardware + technical.city + cpugate; iGPU clock not confirmed
AMD,Ryzen,desktop,Picasso,Zen+,Ryzen 5 PRO 3350GE,Ryzen 5 PRO 3350GE,4,,,4,3.30 GHz,3.90 GHz,,2 MB,4 MB,35W,,12nm,AM4,,3.0,,DDR4,2,2933 MHz,64 GB,,,,Radeon Vega 10,10,1.20 GHz,,2019-Q3,,,https://www.chaynikam.info/en/Ryzen_5_PRO_3350GE.html,3,medium,"Notably ships with SMT disabled (4C/4T, not 4C/8T) despite Ryzen 5 branding - confirmed by 3 sources"
AMD,Ryzen,desktop,Picasso,Zen+,Ryzen 5 PRO 3400G,Ryzen 5 PRO 3400G,4,,,8,3.70 GHz,4.20 GHz,,2 MB,4 MB,65W,,12nm,AM4,,3.0,,DDR4,2,2933 MHz,64 GB,,,,Radeon Vega 11,11,1.40 GHz,,2019-Q3,,,https://en.wikichip.org/wiki/amd/ryzen_5/pro_3400g,3,high,Cross-checked WikiChip + fpsbench + pchardware; identical silicon to non-PRO 3400G
AMD,Ryzen,desktop,Picasso,Zen+,Ryzen 5 PRO 3400GE,Ryzen 5 PRO 3400GE,4,,,8,3.30 GHz,4.00 GHz,,2 MB,4 MB,35W,,12nm,AM4,,3.0,,DDR4,2,2933 MHz,64 GB,,,,Radeon RX Vega 11,11,,,2019-Q3,,,https://fpsbench.com/cpu/amd-ryzen-5-pro-3400ge,3,medium,Cross-checked fpsbench + pchardware + cpu-compare + cputronic; iGPU clock not confirmed
AMD,Ryzen,desktop,Pinnacle Ridge,Zen+,Ryzen 3 2300X,AMD Ryzen 3 2300X,4,,,4,3.50 GHz,4.00 GHz,,2 MB,8 MB,65W,,GlobalFoundries 12nm,AM4,1,3.0,24,DDR4,2,DDR4-2933,64 GB,no,no,,,,,,2018-Q4,,,https://wccftech.com/amd-ryzen-5-2500x-ryzen-3-2300x-specs-performance-price-revealed/,3,medium,"OEM-only, no SMT (4C/4T unlike most Ryzen 3 desktop parts). No public MSRP/part number found -> gap. Single active CCX design (8MB L3)."
AMD,Ryzen,desktop,Pinnacle Ridge,Zen+,Ryzen 5 2500X,AMD Ryzen 5 2500X,4,,,8,3.60 GHz,4.00 GHz,,2 MB,8 MB,65W,,GlobalFoundries 12nm,AM4,1,3.0,24,DDR4,2,DDR4-2933,64 GB,no,no,,,,,,2018-Q4,,,https://wccftech.com/amd-ryzen-5-2500x-ryzen-3-2300x-specs-performance-price-revealed/,3,high,"OEM-only (bundled in prebuilt systems e.g. Acer Nitro 50), no standalone retail SKU/price disclosed by AMD -> gap. Single active CCX design (8MB L3, half of 2600X's 16MB). | boost_clock corrected in audit"
AMD,Ryzen,desktop,Pinnacle Ridge,Zen+,Ryzen 5 2600,AMD Ryzen 5 2600,6,,,12,3.40 GHz,3.90 GHz,,3 MB,16 MB,65W,,GlobalFoundries 12nm,AM4,1,3.0,24,DDR4,2,DDR4-2933,64 GB,no,no,,,,,,2018-04-19,199,YD2600BBAFBOX,https://www.amd.com/en/products/processors/desktops/ryzen/2nd-generation/amd-ryzen-5-2600.html,1,high,
AMD,Ryzen,desktop,Pinnacle Ridge,Zen+,Ryzen 5 2600E,AMD Ryzen 5 2600E,6,,,12,3.10 GHz,4.00 GHz,,3 MB,16 MB,45W,,GlobalFoundries 12nm,AM4,1,3.0,24,DDR4,2,DDR4-2933,64 GB,no,no,,,,,,2018-Q4,,,https://www.notebookcheck.net/AMD-intros-Ryzen-2700E-2600E-2500X-and-2300X-CPUs.329586.0.html,3,medium,"Low-power OEM/embedded variant, not disclosed for retail per press coverage. No public MSRP/part number found -> gap."
AMD,Ryzen,desktop,Pinnacle Ridge,Zen+,Ryzen 5 2600X,AMD Ryzen 5 2600X,6,,,12,3.60 GHz,4.20 GHz,,3 MB,16 MB,95W,,GlobalFoundries 12nm,AM4,1,3.0,24,DDR4,2,DDR4-2933,64 GB,no,no,,,,,,2018-04-19,229,YD260XBCAFBOX,https://www.amd.com/en/products/processors/desktops/ryzen/2nd-generation/amd-ryzen-5-2600x.html,1,high,
AMD,Ryzen,desktop,Pinnacle Ridge,Zen+,Ryzen 5 PRO 2600,AMD Ryzen 5 PRO 2600,6,,,12,3.40 GHz,3.90 GHz,,3 MB,16 MB,65W,,GlobalFoundries 12nm,AM4,1,3.0,24,DDR4,2,DDR4-2933,64 GB,no,no,,,,,,2018,,,https://www.amd.com/en/products/processors/desktops/ryzen-pro/2nd-generation-2000/amd-ryzen-5-pro-2600.html,2,medium,Commercial-channel PRO SKU; clocks mirror non-PRO 2600 per AMD PRO product page. No public MSRP/part number/exact launch date found -> gap.
AMD,Ryzen,desktop,Pinnacle Ridge,Zen+,Ryzen 7 2700,AMD Ryzen 7 2700,8,,,16,3.20 GHz,4.10 GHz,,4 MB,16 MB,65W,,GlobalFoundries 12nm,AM4,1,3.0,24,DDR4,2,DDR4-2933,64 GB,no,no,,,,,,2018-04-19,299,YD2700BBAFBOX,https://www.amd.com/en/products/processors/desktops/ryzen/2nd-generation/amd-ryzen-7-2700.html,1,high,
AMD,Ryzen,desktop,Pinnacle Ridge,Zen+,Ryzen 7 2700E Processor,AMD Ryzen 7 2700E,8,,,16,2.80 GHz,4.00 GHz,,4 MB,16 MB,45W,,GlobalFoundries 12nm,AM4,1,3.0,24,DDR4,2,DDR4-2933,64 GB,no,no,,,,,,2018-Q4,,,"https://www.tomshardware.com/news/amd-ryzen-2500x-2300x-cpu,37772.html",3,medium,Low-power OEM-only variant; not sold at retail. No public MSRP/part number found -> gap.
AMD,Ryzen,desktop,Pinnacle Ridge,Zen+,Ryzen 7 2700X,AMD Ryzen 7 2700X,8,,,16,3.70 GHz,4.30 GHz,,4 MB,16 MB,105W,,GlobalFoundries 12nm,AM4,1,3.0,24,DDR4,2,DDR4-2933,64 GB,no,no,,,,,,2018-04-19,329,YD270XBGAFBOX,https://www.amd.com/en/products/processors/desktops/ryzen/2nd-generation/amd-ryzen-7-2700x.html,1,high,
AMD,Ryzen,desktop,Pinnacle Ridge,Zen+,Ryzen 7 PRO 2700,AMD Ryzen 7 PRO 2700,8,,,16,3.20 GHz,4.10 GHz,,4 MB,16 MB,65W,,GlobalFoundries 12nm,AM4,1,3.0,24,DDR4,2,DDR4-2933,64 GB,no,no,,,,,,2018,,,https://www.amd.com/en/products/processors/desktops/ryzen-pro/2nd-generation-2000/amd-ryzen-7-pro-2700.html,2,medium,Commercial-channel PRO SKU; clocks mirror non-PRO 2700 per AMD PRO product page. No public MSRP/part number/exact launch date found -> gap.
AMD,Ryzen,desktop,Pinnacle Ridge,Zen+,Ryzen 7 PRO 2700X,AMD Ryzen 7 PRO 2700X,8,,,16,3.60 GHz,4.10 GHz,,4 MB,16 MB,95W,,GlobalFoundries 12nm,AM4,1,3.0,24,DDR4,2,DDR4-2933,64 GB,no,no,,,,,,2018,,,https://www.amd.com/en/products/processors/desktops/ryzen-pro/2nd-generation-2000/amd-ryzen-7-pro-2700x.html,2,high,Commercial-channel PRO SKU; clocks mirror non-PRO 2700X per AMD PRO product page. No public MSRP/part number/exact launch date found -> gap. | tdp corrected in audit | boost_clock corrected in audit | base_clock corrected in audit
AMD,radeonr9200,desktop,Pitcairn (Curacao Pro),R9 200 Series,R9 270,AMD Radeon R9 270,20,,,,0.90 GHz,0.93 GHz,,1 MB,,150W,,28 nm,,,3.0,8,GDDR5,,179.2 GB/s,2 GB,,,,,,,,2013-Q4,179,,https://technical.city/en/video/Radeon-R9-270X-vs-Radeon-R9-270,3,low,1280 stream processors; lower clocks/TDP than 270X
AMD,radeonr9200,desktop,Pitcairn (Curacao XT),R9 200 Series,R9 270X,AMD Radeon R9 270X,20,,,,1.00 GHz,1.05 GHz,,1 MB,,180W,,28 nm,,,3.0,8,GDDR5,,179.2 GB/s,2 GB,,,,,,,,2013-Q4,199,,https://www.notebookcheck.net/AMD-Radeon-R9-270X.105872.0.html,2,medium,1280 stream processors; 2.56 TFLOPS FP32
AMD,radeonhd7000,desktop,Pitcairn Pro,HD 7000 Series,HD 7850,AMD Radeon HD 7850,16,,,,0.86 GHz,,,512 KB,,130W,,28 nm,,,3.0,8,GDDR5,,153.6 GB/s,2 GB,,,,,,,,2012-Q1,249,,https://en.wikipedia.org/wiki/Radeon_HD_7000_series,3,medium,1024 stream processors
AMD,radeonhd7000,desktop,Pitcairn XT,HD 7000 Series,HD 7870 GHz Edition,AMD Radeon HD 7870 GHz Edition,20,,,,1.00 GHz,,,768 KB,,175W,,28 nm,,,3.0,8,GDDR5,,153.6 GB/s,2 GB,,,,,,,,2012-Q1,349,,https://en.wikipedia.org/wiki/Radeon_HD_7000_series,3,medium,1280 stream processors
AMD,rx400,desktop,Polaris 10,RX 400 Series,RX 470,AMD Radeon RX 470,32,,,,0.93 GHz,1.21 GHz,,2 MB,,120W,,14 nm,,,3.0,8,GDDR5,,211 GB/s,4 GB,,,,,,,,2016-Q3,179,,https://videocardz.com/62672/amd-radeon-rx-470-and-radeon-rx-460-official-specs-and-performance,1,high,4.9 TFLOPS FP32
AMD,rx400,desktop,Polaris 10,RX 400 Series,RX 480,AMD Radeon RX 480,36,,,,1.12 GHz,1.27 GHz,,2 MB,,150W,,14 nm,,,3.0,8,GDDR5,,224 GB/s,8 GB,,,,,,,,2016-Q2,239,,https://videocardz.com/62672/amd-radeon-rx-470-and-radeon-rx-460-official-specs-and-performance,1,high,5.8 TFLOPS FP32; also sold in 4GB variant
AMD,rx400,desktop,Polaris 11,RX 400 Series,RX 460,AMD Radeon RX 460,14,,,,1.09 GHz,1.20 GHz,,1 MB,,75W,,14 nm,,,3.0,4,GDDR5,,112 GB/s,2 GB,,,,,,,,2016-Q3,139,,https://videocardz.com/62672/amd-radeon-rx-470-and-radeon-rx-460-official-specs-and-performance,1,high,"2.2 TFLOPS FP32; bus-powered, no PCIe power connector"
AMD,rx500x,desktop,Polaris 12,Polaris (GCN 4),RX 550X,AMD Radeon RX 550X,8,,,,1.10 GHz,1.18 GHz,,0.5 MB,,50W,,14 nm,,,3.0,8,GDDR5,,96 GB/s,4 GB,,,,,,,,2018-12-16,,,https://cputronic.com/index.php/gpu/amd-radeon-rx-550x,3,medium,"1.0 TFLOPS FP32; 512 stream processors / 8 CU; 2GB variant also exists; dual-slot, no external power connector"
AMD,rx500,desktop,Polaris 12 (Lexa Pro),Polaris (GCN 4),RX 540,AMD Radeon RX 540 Mobile,8,,,,1.10 GHz,1.22 GHz,,0.5 MB,,50W,,14 nm,,,3.0,8,GDDR5,,96 GB/s,2 GB,,,,,,,,2017-11-01,,,https://www.notebookcheck.net/AMD-Radeon-RX-540-GPU-Benchmarks-and-Specs.214540.0.html,3,medium,1.25 TFLOPS FP32; 512 stream processors / 8 CU; mobile-only SKU (no standalone desktop card); 4GB/8GB OEM variants exist
AMD,radeon500x,desktop,Polaris 12 (Lexa),Polaris (GCN 4),550X,AMD Radeon 550X,8,,,,,,,0.5 MB,,50W,,14 nm,,,3.0,8,GDDR5,,112 GB/s,2 GB,,,,,,,,2019-03-27,,,https://cputronic.com/en/gpu/amd-radeon-550x,3,low,"Rebrand of Polaris 12-based RX 550-class silicon for OEM/office desktops; one source erroneously claims RDNA2 lineage — rejected as inconsistent with GCN4/14nm consensus, flagged in notes.md"
AMD,rx500,desktop,Polaris 12 (Lexa),Polaris (GCN 4),RX 550,AMD Radeon RX 550,8,,,,1.10 GHz,1.18 GHz,,0.5 MB,,50W,,14 nm,,,3.0,8,GDDR5,,112 GB/s,4 GB,,,,,,,,2017-04-18,79,,https://cputronic.com/gpu/amd-radeon-rx-550,3,medium,1.21 TFLOPS FP32; 512 stream processors / 8 CU; also sold in 2GB config; some board-partner variants use Polaris 21 silicon with 640 SP/10 CU
AMD,radeon600,desktop,Polaris 12/LEXA,Polaris (GCN 4),630,AMD Radeon 630,8,,,,,1.22 GHz,,,,50W,,14 nm,,,3.0,8,GDDR5,,48 GB/s,4 GB,,,,,,,,2019-Q3,,,https://www.notebookcheck.net/AMD-Radeon-630-GPU-Benchmarks-and-Specs.434572.0.html,3,low,"1.25 TFLOPS FP32; OEM mobile/desktop rebrand of RX 540/540X; sources disagree on memory config (2GB@128-bit/112GB/s vs AMD-listed 4GB@64-bit/48GB/s) — used AMD official figure, flagged in notes.md"
AMD,rx500x,desktop,Polaris 20 (XL),Polaris (GCN 4),RX 570X,AMD Radeon RX 570X,32,,,,1.17 GHz,1.24 GHz,,2 MB,,150W,,14 nm,,,3.0,16,GDDR5,,224 GB/s,8 GB,,,,,,,,2018-04-03,,,https://www.amd.com/en/support/downloads/drivers.html/graphics/radeon-600-500-400/radeon-rx-500x-series/radeon-rx-570x.html,1,high,5.1 TFLOPS FP32; 2048 stream processors / 32 CU; dual-slot PCIe card
AMD,rx500x,desktop,Polaris 20 (XTX),Polaris (GCN 4),RX 580X,AMD Radeon RX 580X,36,,,,,1.34 GHz,,2 MB,,185W,,14 nm,,,3.0,16,GDDR5,,256 GB/s,8 GB,,,,,,,,2018-04-03,,,https://cputronic.com/index.php/gpu/amd-radeon-rx-580x,3,medium,6.05 TFLOPS FP32; 2304 stream processors / 36 CU; dual-slot PCIe card; regional/OEM rebrand of RX 580
AMD,rx500,desktop,Polaris 20 XL,Polaris (GCN 4),RX 570,AMD Radeon RX 570,32,,,,1.17 GHz,1.24 GHz,,2 MB,,150W,,14 nm,,,3.0,16,GDDR5,,224 GB/s,8 GB,,,,,,,,2017-04-18,169,,https://www.amd.com/en/support/downloads/drivers.html/graphics/radeon-600-500-400/radeon-rx-500-series/radeon-rx-570.html,1,medium,5.1 TFLOPS FP32; 2048 stream processors / 32 CU; also sold with 4GB VRAM; sources disagree on TDP (120W vs 150W depending on board partner) — used AMD typical board power figure
AMD,rx500,desktop,Polaris 20 XL,Polaris (GCN 4),RX 580,AMD Radeon RX 580,36,,,,1.26 GHz,1.34 GHz,,2 MB,,185W,,14 nm,,,3.0,16,GDDR5,,256 GB/s,8 GB,,,,,,,,2017-04-18,229,,https://www.msi.com/Graphics-Card/Radeon-RX-580-8G/Specification,1,high,6.2 TFLOPS FP32; 2304 stream processors / 36 CU; 4GB variant also sold; dual-slot PCIe card
AMD,rx500,desktop,Polaris 20 XL (OEM),Polaris (GCN 4),RX 570 (OEM),AMD Radeon RX 570 OEM,32,,,,0.93 GHz,1.21 GHz,,2 MB,,120W,,14 nm,,,3.0,16,GDDR5,,224 GB/s,4 GB,,,,,,,,2017-04-18,,,https://www.notebookcheck.net/AMD-Radeon-RX-570-Desktop-GPU-Benchmarks-and-Specs.428889.0.html,3,medium,5.1 TFLOPS FP32; 2048 stream processors / 32 CU; OEM SKU commonly binned lower (120W vs 150W retail) per Notebookcheck
AMD,rx500,desktop,Polaris 20 XL (OEM),Polaris (GCN 4),RX 580 (OEM),AMD Radeon RX 580 OEM,36,,,,,1.34 GHz,,2 MB,,150W,,14 nm,,,3.0,16,GDDR5,,256 GB/s,8 GB,,,,,,,,2017-04-18,,,https://cputronic.com/en/gpu/amd-radeon-rx-580-oem,3,medium,5.95 TFLOPS FP32; 2304 stream processors / 36 CU; OEM SKU binned to lower 150W TBP vs. 185W retail RX 580
AMD,rx500,desktop,Polaris 21,Polaris (GCN 4),RX 560,AMD Radeon RX 560,16,,,,1.18 GHz,1.27 GHz,,1 MB,,80W,,14 nm,,,3.0,8,GDDR5,,112 GB/s,4 GB,,,,,,,,2017-04-18,99,,https://www.techpowerup.com/233373/amd-intros-the-radeon-rx-560-graphics-card,1,high,2.6 TFLOPS FP32; 1024 stream processors / 16 CU (a 14-CU/896-shader cut-down variant also exists); also sold in 2GB config
AMD,rx500x,desktop,Polaris 21,Polaris (GCN 4),RX 560X,AMD Radeon RX 560X,16,,,,1.18 GHz,1.27 GHz,,1 MB,,75W,,14 nm,,,3.0,8,GDDR5,,112 GB/s,4 GB,,,,,,,,2018-04-03,,,https://cputronic.com/gpu/amd-radeon-rx-560x,3,medium,2.6 TFLOPS FP32; 1024 stream processors / 16 CU; low-power single 6-pin or slot-powered card
AMD,rx500,desktop,Polaris 21 (OEM),Polaris (GCN 4),RX 560 (OEM),AMD Radeon RX 560 OEM,16,,,,,1.27 GHz,,1 MB,,60W,,14 nm,,,3.0,8,GDDR5,,112 GB/s,4 GB,,,,,,,,2017-04-18,,,https://www.techpowerup.com/233373/amd-intros-the-radeon-rx-560-graphics-card,3,medium,2.6 TFLOPS FP32 (same silicon as retail RX 560); OEM SKU typically binned to lower board power (60-80W range reported across sources)
AMD,rx500x,desktop,Polaris 23,Polaris (GCN 4),RX 540X,AMD Radeon RX 540X,8,,,,1.12 GHz,1.22 GHz,,0.5 MB,,50W,,14 nm,,,3.0,8,GDDR5,,96 GB/s,2 GB,,,,,,,,2018-04-11,,,https://www.notebookcheck.net/AMD-Radeon-540X-GPU-Benchmarks-and-Specs.448611.0.html,3,low,"1.25 TFLOPS FP32; 512 stream processors / 8 CU; mobile/OEM discrete part, no display outputs on chip; AMD's own driver page lists a lower-bandwidth 64-bit/48GB/s config for some SKUs — flagged in notes.md"
AMD,radeon500x,desktop,Polaris 23 XL,Polaris (GCN 4),540X,AMD Radeon 540X,8,,,,1.12 GHz,1.22 GHz,,0.5 MB,,50W,,14 nm,,,3.0,8,GDDR5,,96 GB/s,2 GB,,,,,,,,2018-04-11,,,https://www.notebookcheck.net/AMD-Radeon-540X-GPU-Benchmarks-and-Specs.448611.0.html,3,medium,"1.25 TFLOPS FP32; mobile/OEM discrete card, no display outputs on-die; duplicate naming with RX 540X entry in rx500x family (same silicon, different marketing tier)"
AMD,radeon600,desktop,Polaris 23/LEXA,Polaris (GCN 4),RX 640,AMD Radeon RX 640,10,,,,1.08 GHz,1.29 GHz,,,,50W,,14 nm,,,3.0,8,GDDR5,,48 GB/s,2 GB,,,,,,,,2019-05-13,,,https://media.distrelec.com/Web/Downloads/_t/ds/Radeon-RX-640_eng_tds.pdf,1,medium,1.65 TFLOPS FP32; OEM 4GB variant exists at 128-bit bus with different bandwidth; mobile/OEM discrete card
AMD,radeon600,desktop,Polaris 24,Polaris (GCN 4),620,AMD Radeon 620,6,,,,0.73 GHz,1.02 GHz,,,,50W,,28 nm,,,3.0,8,DDR3,,14.4 GB/s,2 GB,,,,,,,,2019-05-13,,,https://www.notebookcheck.net/AMD-Radeon-620-Laptop-Graphics-Card.434574.0.html,3,low,"0.8 TFLOPS FP32; entry mobile/OEM part; also sold with GDDR5 variant at higher bandwidth (up to 48GB/s per AMD) — used common DDR3 laptop config, flagged in notes.md"
AMD,rx500,desktop,Polaris 30,Polaris (GCN 4),RX 590,AMD Radeon RX 590,36,,,,,1.54 GHz,,2 MB,,175W,,12 nm,,,3.0,16,GDDR5,,256 GB/s,8 GB,,,,,,,,2018-11-15,279,,https://www.techpowerup.com/gpu-specs/his-rx-590-iceq-x2-oc.b6441,3,medium,6.5-7.1 TFLOPS FP32 (varies by board clock); 2304 stream processors / 36 CU; Polaris 30 die on GF 12nm; dual-slot PCIe card
AMD,Ryzen,desktop,Raphael,Zen 4,Ryzen 5 7400,AMD Ryzen 5 7400,6,,,12,3.30 GHz,4.30 GHz,,6 MB,16 MB,65W,,TSMC 5nm (CCD)/6nm (IOD),AM5,1,5.0,24,DDR5,2,DDR5-5200,128 GB,,,,Radeon Graphics (RDNA2),2,2.20 GHz,,2023-Q3,,,https://www.amd.com/en/products/processors/desktops/ryzen/7000-series/amd-ryzen-5-7400.html,1,high,"AMD official product page (via WebSearch summary). Regional/OEM SKU, no widely published US MSRP -> gap."
AMD,Ryzen,desktop,Raphael,Zen 4,Ryzen 5 7400F,AMD Ryzen 5 7400F,6,,,12,3.70 GHz,4.70 GHz,,6 MB,32 MB,65W,88W,TSMC 5nm (CCD)/6nm (IOD),AM5,1,5.0,24,DDR5,2,DDR5-5200,128 GB,,,,,,,,2023-Q3,,,https://www.amd.com/en/products/processors/desktops/ryzen/7000-series/amd-ryzen-5-7400f.html,1,high,"AMD official product page (via WebSearch summary); cross-checked Tom's Hardware/wccftech. China/APJ initial availability, no global MSRP found -> gap."
AMD,Ryzen,desktop,Raphael,Zen 4,Ryzen 5 7500F,AMD Ryzen 5 7500F,6,,,12,3.70 GHz,5.00 GHz,,6 MB,32 MB,65W,,TSMC 5nm (CCD)/6nm (IOD),AM5,1,5.0,24,DDR5,2,DDR5-5200,128 GB,,,,,,,,2023-Q3,179,,https://www.amd.com/en/products/processors/desktops/ryzen/7000-series/amd-ryzen-5-7500f.html,1,high,"AMD official product page (via WebSearch summary); cross-checked Tom's Hardware/pcpartpicker, consistent."
AMD,Ryzen,desktop,Raphael,Zen 4,Ryzen 5 7500X3D,AMD Ryzen 5 7500X3D,6,,,12,,4.60 GHz,,6 MB,96 MB,65W,,TSMC 5nm (CCD)/6nm (IOD),AM5,1,5.0,24,DDR5,2,DDR5-5200,128 GB,,,,Radeon Graphics (RDNA2),2,2.20 GHz,,2024-Q3,,,https://www.amd.com/en/products/processors/desktops/ryzen/7000-series/amd-ryzen-5-7500x3d.html,3,high,Cross-checked cpu-monkey vs 7500F comparison; base clock not confirmed in sources reviewed -> gap. Launch price not found -> gap. | tdp corrected in audit
AMD,Ryzen,desktop,Raphael,Zen 4,Ryzen 5 7600,AMD Ryzen 5 7600,6,,,12,3.80 GHz,5.10 GHz,,6 MB,32 MB,65W,88W,TSMC 5nm (CCD)/6nm (IOD),AM5,1,5.0,24,DDR5,2,DDR5-5200,128 GB,,,,Radeon Graphics (RDNA2),2,2.20 GHz,,2023-Q1,229,,https://www.amd.com/en/products/processors/desktops/ryzen/7000-series/amd-ryzen-5-7600.html,3,medium,Cross-checked wccftech launch coverage.
AMD,Ryzen,desktop,Raphael,Zen 4,Ryzen 5 7600X,AMD Ryzen 5 7600X,6,,,12,4.70 GHz,5.30 GHz,,6 MB,32 MB,105W,142W,TSMC 5nm (CCD)/6nm (IOD),AM5,1,5.0,24,DDR5,2,DDR5-5200,128 GB,,,,Radeon Graphics (RDNA2),2,2.20 GHz,,2022-Q3,299,,https://www.amd.com/en/products/processors/desktops/ryzen/7000-series/amd-ryzen-5-7600x.html,2,medium,"Cross-checked wccftech/microcenter, consistent."
AMD,Ryzen,desktop,Raphael,Zen 4,Ryzen 5 7600X3D,AMD Ryzen 5 7600X3D,6,,,12,4.10 GHz,4.70 GHz,,6 MB,96 MB,65W,,TSMC 5nm (CCD)/6nm (IOD),AM5,1,5.0,24,DDR5,2,DDR5-5200,128 GB,,,,Radeon Graphics (RDNA2),2,2.20 GHz,,2024-Q2,329,,https://www.cpu-monkey.com/en/cpu-amd_ryzen_5_7600x3d,3,high,"Micro Center-exclusive OEM SKU; specs cross-checked technical.city/pangoly. Price approximate based on retail listings, not an AMD-published MSRP -> flagged low confidence. | tdp corrected in audit"
AMD,Ryzen,desktop,Raphael,Zen 4,Ryzen 5 PRO 7445,AMD Ryzen 5 PRO 7445,6,,,12,,4.30 GHz,,6 MB,16 MB,65W,,TSMC 5nm (CCD)/6nm (IOD),AM5,1,5.0,24,DDR5,2,DDR5-5200,128 GB,,,,Radeon Graphics (RDNA2),2,2.20 GHz,,2023-Q2,,,https://www.exhibit.tech/gadgets-reviews/pc-components/amds-ryzen-7000-pro-series-igniting-a-new-era-of-desktop-and-laptop-marvels/,3,low,"Cross-checked against Ryzen 5 7400 (same clocks/cache pattern) but base clock and exact source not independently confirmed -> gap. OEM channel, no MSRP."
AMD,Ryzen,desktop,Raphael,Zen 4,Ryzen 5 PRO 7645,AMD Ryzen 5 PRO 7645,6,,,12,,5.10 GHz,,6 MB,32 MB,65W,,TSMC 5nm (CCD)/6nm (IOD),AM5,1,5.0,24,DDR5,2,DDR5-5200,128 GB,,,,Radeon Graphics (RDNA2),2,2.20 GHz,,2023-Q2,,,https://www.exhibit.tech/gadgets-reviews/pc-components/amds-ryzen-7000-pro-series-igniting-a-new-era-of-desktop-and-laptop-marvels/,3,medium,"Cross-checked servethehome; total cache 38MB. Base clock not found in sources reviewed -> gap. OEM channel, no MSRP."
AMD,Ryzen,desktop,Raphael,Zen 4,Ryzen 7 7700,AMD Ryzen 7 7700,8,,,16,3.80 GHz,5.30 GHz,,8 MB,32 MB,65W,88W,TSMC 5nm (CCD)/6nm (IOD),AM5,1,5.0,24,DDR5,2,DDR5-5200,128 GB,,,,Radeon Graphics (RDNA2),2,2.20 GHz,,2023-Q1,329,,https://www.amd.com/en/products/processors/desktops/ryzen/7000-series/amd-ryzen-7-7700.html,3,medium,Cross-checked wccftech launch coverage.
AMD,Ryzen,desktop,Raphael,Zen 4,Ryzen 7 7700X,AMD Ryzen 7 7700X,8,,,16,4.50 GHz,5.40 GHz,,8 MB,32 MB,105W,142W,TSMC 5nm (CCD)/6nm (IOD),AM5,1,5.0,24,DDR5,2,DDR5-5200,128 GB,,,,Radeon Graphics (RDNA2),2,2.20 GHz,,2022-Q3,399,,https://www.amd.com/en/products/processors/desktops/ryzen/7000-series/amd-ryzen-7-7700x.html,2,medium,"Cross-checked wccftech/microcenter, consistent."
AMD,Ryzen,desktop,Raphael,Zen 4,Ryzen 7 7800X3D,AMD Ryzen 7 7800X3D,8,,,16,4.20 GHz,5.00 GHz,,8 MB,96 MB,120W,,TSMC 5nm (CCD)/6nm (IOD),AM5,1,5.0,24,DDR5,2,DDR5-5200,128 GB,,,,Radeon Graphics (RDNA2),2,2.20 GHz,,2023-Q1,449,,https://www.amd.com/en/products/processors/desktops/ryzen/7000-series/amd-ryzen-7-7800x3d.html,2,medium,Cross-checked videocardz/notebookcheck/wikipedia; total cache 104MB incl L2.
AMD,Ryzen,desktop,Raphael,Zen 4,Ryzen 7 PRO 7745,AMD Ryzen 7 PRO 7745,8,,,16,,5.30 GHz,,8 MB,32 MB,65W,,TSMC 5nm (CCD)/6nm (IOD),AM5,1,5.0,24,DDR5,2,DDR5-5200,128 GB,,,,Radeon Graphics (RDNA2),2,2.20 GHz,,2023-Q2,,,https://www.cpu-monkey.com/en/cpu-amd_ryzen_7_pro_7745,3,medium,"Cross-checked servethehome/technical.city; total cache 40MB. Base clock not found in sources reviewed -> gap. OEM/commercial channel, no public MSRP."
AMD,Ryzen,desktop,Raphael,Zen 4,Ryzen 9 7900,AMD Ryzen 9 7900,12,,,24,3.70 GHz,5.40 GHz,,12 MB,64 MB,65W,88W,TSMC 5nm (CCD)/6nm (IOD),AM5,1,5.0,24,DDR5,2,DDR5-5200,128 GB,,,,Radeon Graphics (RDNA2),2,2.20 GHz,,2023-Q1,429,,https://www.amd.com/en/products/processors/desktops/ryzen/7000-series/amd-ryzen-9-7900.html,3,medium,Cross-checked wccftech launch coverage; not independently fetched from AMD ARK page in this pass.
AMD,Ryzen,desktop,Raphael,Zen 4,Ryzen 9 7900X,AMD Ryzen 9 7900X,12,,,24,4.70 GHz,5.60 GHz,,12 MB,64 MB,170W,230W,TSMC 5nm (CCD)/6nm (IOD),AM5,1,5.0,24,DDR5,2,DDR5-5200,128 GB,,,,Radeon Graphics (RDNA2),2,2.20 GHz,,2022-Q3,549,,https://www.amd.com/en/products/processors/desktops/ryzen/7000-series/amd-ryzen-9-7900x.html,2,medium,Cross-checked wccftech/microcenter; consistent across sources.
AMD,Ryzen,desktop,Raphael,Zen 4,Ryzen 9 7900X3D,AMD Ryzen 9 7900X3D,12,,,24,4.40 GHz,5.60 GHz,,12 MB,128 MB,120W,,TSMC 5nm (CCD)/6nm (IOD),AM5,1,5.0,24,DDR5,2,DDR5-5200,128 GB,,,,Radeon 610M,2,,,2023-Q1,599,,https://www.amd.com/en/products/processors/desktops/ryzen/7000-series/amd-ryzen-9-7900x3d.html,1,high,AMD product page data via WebSearch summary of amd.com; cross-checked cpu-monkey/techradar. All-core boost noted as 5.2GHz in notes.
AMD,Ryzen,desktop,Raphael,Zen 4,Ryzen 9 7950X,AMD Ryzen 9 7950X,16,,,32,4.50 GHz,5.70 GHz,,16 MB,64 MB,170W,230W,TSMC 5nm (CCD)/6nm (IOD),AM5,1,5.0,24,DDR5,2,DDR5-5200,128 GB,,,,Radeon Graphics (RDNA2),2,2.20 GHz,,2022-Q3,699,,https://www.amd.com/en/products/processors/desktops/ryzen/7000-series/amd-ryzen-9-7950x.html,2,medium,Cross-checked wccftech/microcenter/wikipedia; 230W PPT config-up widely reported.
AMD,Ryzen,desktop,Raphael,Zen 4,Ryzen 9 7950X3D,AMD Ryzen 9 7950X3D,16,,,32,4.20 GHz,5.70 GHz,,16 MB,128 MB,120W,162W,TSMC 5nm (CCD)/6nm (IOD),AM5,1,5.0,24,DDR5,2,DDR5-5200,128 GB,,,,Radeon Graphics (RDNA2),2,2.20 GHz,,2023-Q1,699,,https://www.amd.com/en/products/processors/desktops/ryzen/7000-series/amd-ryzen-9-7950x3d.html,2,medium,Cross-checked videocardz/thepcenthusiast/notebookcheck; total cache 144MB incl L2.
AMD,Ryzen,desktop,Raphael,Zen 4,Ryzen 9 PRO 7945,AMD Ryzen 9 PRO 7945,12,,,24,,5.40 GHz,,12 MB,64 MB,65W,,TSMC 5nm (CCD)/6nm (IOD),AM5,1,5.0,24,DDR5,2,DDR5-5200,128 GB,,,,Radeon Graphics (RDNA2),2,2.20 GHz,,2023-Q2,,,https://videocardz.com/newz/amd-launches-ryzen-pro-7000-65w-desktop-series-ryzen-9-pro-7945-features-12-zen4-cores,3,medium,"Cross-checked servethehome/exhibit.tech; total cache 76MB. Base clock not stated in sources reviewed -> gap. OEM/commercial channel, no public MSRP."
AMD,Athlon,desktop,Raven Ridge,Zen,Athlon 200GE,Athlon 200GE,2,,,4,3.20 GHz,,,1 MB,4 MB,35W,,14nm,AM4,,3.0,8,DDR4,2,2667 MT/s,32 GB,,,,Radeon Vega 3,3,1.00 GHz,,2018-09-06,55,YD200GC6FBBOX,https://www.cpu-world.com/CPUs/Zen/AMD-Athlon%20200GE.html,1,high,No boost clock (fixed 3.2GHz); launch date sources conflict (June 1 2018 vs Sept 6 2018 official) - used Sept 6 AMD official launch
AMD,Athlon,desktop,Raven Ridge,Zen,Athlon 220GE,Athlon 220GE,2,,,4,3.40 GHz,,,1 MB,4 MB,35W,,14nm,AM4,,3.0,8,DDR4,2,2666 MT/s,64 GB,,,,Radeon Vega 3,3,1.00 GHz,,2019-Q1,65,,https://www.techpowerup.com/cpu-specs/athlon-220ge.c2122,3,medium,"Cross-checked TechPowerUp + Tom's Hardware review; exact launch date not pinned down, approximated to Q1 2019"
AMD,Athlon,desktop,Raven Ridge,Zen,Athlon 240GE,Athlon 240GE,2,,,4,3.50 GHz,,,1 MB,4 MB,35W,,14nm,AM4,,3.0,8,DDR4,2,2666 MT/s,64 GB,,,,Radeon Vega 3,3,1.00 GHz,,2019-Q1,75,,https://www.tomshardware.com/reviews/amd-athlon-220ge-240ge-vega-cpu,3,medium,Cross-checked Tom's Hardware + cpu-world compare page; launch date approximated to Q1 2019
AMD,Ryzen,desktop,Raven Ridge,Zen,Athlon 3000G,Athlon 3000G,2,,,4,3.50 GHz,,3.50 GHz,1 MB,4 MB,35W,,14nm,AM4,,3.0,,DDR4,2,2933 MHz,64 GB,,,,Radeon Vega 3,3,1.10 GHz,,2019-Q4,49,,https://www.techpowerup.com/review/amd-athlon-3000g-with-vega-3-graphics/,3,high,"IMPORTANT DEVIATION: TechPowerUp/WikiChip state this uses 14nm Raven Ridge 1st-gen Zen silicon, NOT 12nm Picasso/Zen+ despite manifest grouping; no boost clock exists (fixed 3.5GHz, unlocked multiplier)"
AMD,Athlon,desktop,Raven Ridge,Zen,Athlon 300GE,Athlon 300GE,2,,,4,3.40 GHz,,,1 MB,4 MB,35W,,12nm,AM4,,3.0,8,DDR4,2,2667 MT/s,64 GB,,,,Radeon Vega 3,3,1.10 GHz,,2019-07-07,,,https://www.cpu-monkey.com/en/cpu-amd_athlon_300ge,3,low,"Actual silicon is Picasso/Dali (12nm, Zen+) per cpu-monkey/WikiChip, not true Raven Ridge/14nm - codename kept as Raven Ridge per manifest; process field reflects true 12nm"
AMD,Athlon,desktop,Raven Ridge,Zen,Athlon 320GE,Athlon 320GE,2,,,4,3.50 GHz,,,1 MB,4 MB,35W,,14nm,AM4,,3.0,8,DDR4,2,2666 MT/s,64 GB,,,,Radeon Vega 3,3,1.00 GHz,,,,,https://www.cpu-world.com/Compare/652/AMD_Athlon_240GE_vs_AMD_Athlon_320GE.html,3,high,OEM-only part; no public launch date or price found | base_clock corrected in audit
AMD,Athlon PRO,desktop,Raven Ridge,Zen,Athlon PRO 200GE,Athlon PRO 200GE,2,,,4,3.20 GHz,,,1 MB,4 MB,35W,,14nm,AM4,,3.0,8,DDR4,2,2666 MT/s,64 GB,,,,Radeon Vega 3,3,1.00 GHz,,2018-Q2,,,https://en.wikichip.org/wiki/amd/athlon/pro_200ge,3,medium,Same clocks as non-PRO 200GE; launch approximated June 2018 per secondary source
AMD,Athlon PRO,desktop,Raven Ridge,Zen,Athlon PRO 300GE,Athlon PRO 300GE,2,,,4,3.40 GHz,,,1 MB,4 MB,35W,,12nm,AM4,,3.0,8,DDR4,2,2666 MT/s,64 GB,,,,Radeon Vega 3,3,1.10 GHz,,2019-Q2,,,https://en.wikichip.org/wiki/amd/athlon/pro_300ge,3,low,WikiChip lists Picasso/12nm architecture for this SKU despite Athlon PRO 300 series marketing; codename kept as Raven Ridge per manifest
AMD,Ryzen,desktop,Raven Ridge,Zen,Ryzen 3 2200G,Ryzen 3 2200G with Radeon Vega 8 Graphics,4,,,4,3.50 GHz,3.70 GHz,,2 MB,4 MB,65W,,14nm,AM4,,3.0,8,DDR4,2,2933 MT/s,64 GB,,,,Radeon Vega 8,8,1.10 GHz,,2018-02-12,99,YD2200C5FBBOX,https://en.wikichip.org/wiki/amd/ryzen_3/2200g,3,low,Cross-checked WikiChip + Pangoly/cpu-world; launch reported as both Jan 8 (CES announce) and Feb 12 2018 (general availability) - used Feb 12
AMD,Ryzen,desktop,Raven Ridge,Zen,Ryzen 3 2200GE,Ryzen 3 2200GE with Radeon Vega 8 Graphics,4,,,4,3.20 GHz,3.60 GHz,,2 MB,4 MB,35W,,14nm,AM4,,3.0,8,DDR4,2,2933 MT/s,64 GB,,,,Radeon Vega 8,8,1.10 GHz,,2018-04-23,,,https://www.techpowerup.com/243581/amd-officially-discloses-ryzen-3-2200ge-ryzen-5-2400ge-energy-efficient-apus,3,low,OEM-only part; no public consumer MSRP found
AMD,Ryzen PRO,desktop,Raven Ridge,Zen,Ryzen 3 PRO 2200G,Ryzen 3 PRO 2200G with Radeon Vega 8 Graphics,4,,,4,3.50 GHz,3.70 GHz,,2 MB,4 MB,65W,,14nm,AM4,,3.0,8,DDR4,2,2933 MT/s,64 GB,,,,Radeon Vega 8,8,1.10 GHz,,2018-05-10,,,https://en.wikichip.org/wiki/amd/ryzen_3/pro_2200g,3,low,WikiChip product page shows 65W/3.5-3.7GHz; a separate WikiChip family comparison table conflictingly listed 35W - treated as table error
AMD,Ryzen PRO,desktop,Raven Ridge,Zen,Ryzen 3 PRO 2200GE,Ryzen 3 PRO 2200GE with Radeon Vega 8 Graphics,4,,,4,3.20 GHz,3.60 GHz,,2 MB,4 MB,35W,,14nm,AM4,,3.0,8,DDR4,2,2933 MT/s,64 GB,,,,Radeon Vega 8,8,1.10 GHz,,2018-Q2,,,https://en.wikichip.org/wiki/amd/ryzen_3/pro_2200ge,3,low,Launch date approximated to PRO desktop wave (~May 2018); not independently confirmed
AMD,Ryzen,desktop,Raven Ridge,Zen,Ryzen 5 2400G,Ryzen 5 2400G with Radeon RX Vega 11 Graphics,4,,,8,3.60 GHz,3.90 GHz,,2 MB,4 MB,65W,,14nm,AM4,,3.0,8,DDR4,2,2933 MT/s,64 GB,,,,Radeon RX Vega 11,11,1.25 GHz,,2018-02-12,169,YD2400C5FBBOX,https://en.wikichip.org/wiki/amd/ryzen_5/2400g,1,high,Cross-checked WikiChip + TechPowerUp + cpu-world; cTDP range 46-65W
AMD,Ryzen,desktop,Raven Ridge,Zen,Ryzen 5 2400GE,Ryzen 5 2400GE with Radeon RX Vega 11 Graphics,4,,,8,3.20 GHz,3.80 GHz,,2 MB,4 MB,35W,,14nm,AM4,,3.0,8,DDR4,2,2933 MT/s,64 GB,,,,Radeon RX Vega 11,11,1.25 GHz,,2018-04-23,,,https://www.tomshardware.com/news/amd-details-ryzen-2400ge-2200ge,3,low,OEM-only; no public MSRP found
AMD,Ryzen PRO,desktop,Raven Ridge,Zen,Ryzen 5 PRO 2400G,Ryzen 5 PRO 2400G with Radeon Vega 11 Graphics,4,,,8,3.60 GHz,3.90 GHz,,2 MB,4 MB,65W,,14nm,AM4,,3.0,8,DDR4,2,2933 MT/s,64 GB,,,,Radeon Vega 11,11,1.25 GHz,,2018-05-10,,,https://www.amd.com/en/support/downloads/drivers.html/processors/ryzen-pro/ryzen-pro-2000-series/amd-ryzen-5-pro-2400g.html,1,high,AMD driver page confirms 65W TDP 3.6/3.9GHz launch 5/10/2018; identical clocks to non-PRO 2400G
AMD,Ryzen PRO,desktop,Raven Ridge,Zen,Ryzen 5 PRO 2400GE,Ryzen 5 PRO 2400GE with Radeon Vega 11 Graphics,4,,,8,3.20 GHz,3.80 GHz,,2 MB,4 MB,35W,,14nm,AM4,,3.0,8,DDR4,2,2933 MT/s,64 GB,,,,Radeon Vega 11,11,1.25 GHz,,2018-Q2,,,https://technical.city/en/cpu/Ryzen-5-PRO-2400GE-vs-Ryzen-3-PRO-2200G,3,low,Clocks inferred as identical to non-PRO 2400GE per PRO-series pattern; launch date approximate
AMD,radeonhd5000,desktop,Redwood LE / Turks,TeraScale 2,ATI HD 5570,ATI Radeon HD 5570,400,,,,0.65 GHz,,,,,39W,,40 nm,,,2.1,16,GDDR5,,25.6 GB/s,1 GB,,,,,,,,2010-01-01,89,,https://www.techspot.com/specs/gpu/13131-amd-ati-radeon-hd-5570.html,3,low,"0.52 TFLOPS FP32; cores field = stream processors; SIGNIFICANT SOURCE DISAGREEMENT: card sold in both GDDR5 (128-bit, ~25.6-28.8GB/s) and GDDR3 (~16GB/s) variants with different bandwidth; one source lists an odd 2011-10-11 date which looks like a re-release/OEM SKU date, not original launch — used approximate 2010 launch window instead; confidence=low, flagged for review"
AMD,radeonhd5000,desktop,Redwood XT,TeraScale 2,ATI HD 5670,ATI Radeon HD 5670,400,,,,0.78 GHz,,,,,61W,,40 nm,,,2.1,16,GDDR5,,64 GB/s,1 GB,,,,,,,,2010-01-01,99,,https://www.techpowerup.com/109618/ati-radeon-hd-5670-pictured-detailed-and-tested,3,medium,"0.62 TFLOPS FP32; cores field = stream processors; single-slot, no external power connector; launch date approximate (Jan 2010)"
AMD,Ryzen,desktop,Renoir,Zen 2,Ryzen 3 4100,AMD Ryzen 3 4100,4,,,8,3.80 GHz,4.00 GHz,,2 MB,4 MB,65W,,7nm,AM4,,3.0,16,DDR4,2,DDR4-3200,128GB,,,,None,,,,2022-Q2,64,100-100000510,https://www.cpu-world.com/CPUs/Zen/AMD-Ryzen%203%204100.html,3,low,"Non-APU; no integrated graphics (Vega on die deactivated); Q2 2022 budget-refresh launch, not 2020 wave; price is recent market price, not confirmed AMD MSRP"
AMD,Ryzen,desktop,Renoir,Zen 2,Ryzen 3 4300G,AMD Ryzen 3 4300G,4,,,8,3.80 GHz,4.00 GHz,,2 MB,4 MB,65W,45-65W,7nm,AM4,,3.0,16,DDR4,2,DDR4-3200,128GB,,,,Radeon Vega 6,6,1.70 GHz,,2020-07-21,100,100-000000144,https://en.wikichip.org/wiki/amd/ryzen_3/4300g,3,low,"OEM only; ~$100 retail-market price seen, not an official AMD MSRP, treated as approximate"
AMD,Ryzen,desktop,Renoir,Zen 2,Ryzen 3 4300GE,AMD Ryzen 3 4300GE,4,,,8,3.50 GHz,4.00 GHz,,2 MB,4 MB,35W,,7nm,AM4,,3.0,16,DDR4,2,DDR4-3200,128GB,,,,Radeon Vega 6,6,1.70 GHz,,2020-07-21,,100-000000151,https://www.cpu-world.com/CPUs/Zen/AMD-Ryzen%203%204300GE.html,3,low,OEM only
AMD,Ryzen,desktop,Renoir,Zen 2,Ryzen 3 PRO 4350G,AMD Ryzen 3 PRO 4350G,4,,,8,3.80 GHz,4.00 GHz,,2 MB,4 MB,65W,45-65W,7nm,AM4,,3.0,16,DDR4,2,DDR4-3200,128GB,,,,Radeon Vega 6,6,1.70 GHz,,2020-07-21,,,https://www.amd.com/en/products/apu/amd-ryzen-3-pro-4350g,1,high,AMD official product page confirms cores/TDP/clocks; no public launch MSRP found
AMD,Ryzen,desktop,Renoir,Zen 2,Ryzen 3 PRO 4350GE,AMD Ryzen 3 PRO 4350GE,4,,,8,3.50 GHz,4.00 GHz,,2 MB,4 MB,35W,,7nm,AM4,,3.0,24,DDR4,2,DDR4-3200,128GB,,,,Radeon Vega 6,6,1.70 GHz,,2020-07-21,,,https://www.amd.com/en/support/downloads/drivers.html/processors/ryzen-pro/ryzen-pro-4000-series/amd-ryzen-3-pro-4350ge.html,1,high,AMD official page confirms specs incl. 24 PCIe 3.0 lanes total
AMD,Ryzen,desktop,Renoir,Zen 2,Ryzen 3 PRO 4355G,AMD Ryzen 3 PRO 4355G,4,,,8,3.80 GHz,4.00 GHz,,2 MB,4 MB,65W,,7nm,AM4,,3.0,16,DDR4,2,DDR4-3200,128GB,,,,Radeon Vega 6,6,1.70 GHz,,2022-11-11,,,https://www.cpu-monkey.com/en/cpu-amd_ryzen_3_pro_4355g,3,low,"Late OEM refresh of 4350G; launch date conflicting (Jan 2022 vs Nov 2022), used Nov 2022 to match sibling refresh SKUs"
AMD,Ryzen,desktop,Renoir,Zen 2,Ryzen 3 PRO 4355GE,AMD Ryzen 3 PRO 4355GE,4,,,8,3.50 GHz,4.00 GHz,,,4 MB,35W,,7nm,AM4,,3.0,16,DDR4,2,DDR4-3200,128GB,,,,Radeon Vega 6,,,,2022,,,https://www.techpowerup.com/cpu-specs/ryzen-3-pro-4355ge.c4028,3,low,L2 cache not directly confirmed for this SKU; launch date only loosely placed in 2022 refresh wave; iGPU CU/clock not independently confirmed
AMD,Ryzen,desktop,Renoir,Zen 2,Ryzen 5 4500,AMD Ryzen 5 4500,6,,,12,3.60 GHz,4.10 GHz,,3 MB,8 MB,65W,,7nm,AM4,,3.0,16,DDR4,2,DDR4-3200,128GB,,,,None,,,,2022-Q2,79,100-100000644,https://www.techpowerup.com/cpu-specs/ryzen-5-4500.c2758,3,low,"Non-APU; no integrated graphics (Vega on die fused off); Q2 2022 budget-refresh launch, not original 2020 wave; price is retailer historical low, not confirmed AMD MSRP"
AMD,Ryzen,desktop,Renoir,Zen 2,Ryzen 5 4600G,AMD Ryzen 5 4600G,6,,,12,3.70 GHz,4.20 GHz,,3 MB,8 MB,65W,45-65W,7nm,AM4,,3.0,16,DDR4,2,DDR4-3200,128GB,,,,Radeon Vega 7,7,1.90 GHz,,2020-07-21,,100-000000147,https://en.wikichip.org/wiki/amd/ryzen_5/4600g,3,low,Retail box available (unlike OEM-only siblings); no authoritative AMD MSRP found
AMD,Ryzen,desktop,Renoir,Zen 2,Ryzen 5 4600GE,AMD Ryzen 5 4600GE,6,,,12,3.30 GHz,4.20 GHz,,3 MB,8 MB,35W,,7nm,AM4,,3.0,16,DDR4,2,DDR4-3200,128GB,,,,Radeon Vega 7,7,,,2020-07-21,,100-000000150,https://www.cpu-world.com/CPUs/Zen/AMD-Ryzen%205%204600GE.html,3,low,OEM only; iGPU clock not confirmed for GE variant
AMD,Ryzen,desktop,Renoir,Zen 2,Ryzen 5 PRO 4650G,AMD Ryzen 5 PRO 4650G,6,,,12,3.70 GHz,4.20 GHz,,3 MB,8 MB,65W,45-65W,7nm,AM4,,3.0,16,DDR4,2,DDR4-3200,128GB,,,,Radeon Vega 7,7,1.90 GHz,,2020-07-21,,100-100000143,https://en.wikichip.org/wiki/amd/ryzen_5/pro_4650g,3,low,No confirmed launch MSRP found
AMD,Ryzen,desktop,Renoir,Zen 2,Ryzen 5 PRO 4650GE,AMD Ryzen 5 PRO 4650GE,6,,,12,3.30 GHz,4.20 GHz,,3 MB,8 MB,35W,,7nm,AM4,,3.0,16,DDR4,2,DDR4-3200,128GB,,,,Radeon Vega 7,7,1.90 GHz,,2020-07-21,,,https://www.amd.com/en/support/downloads/drivers.html/processors/ryzen-pro/ryzen-pro-4000-series/amd-ryzen-5-pro-4650ge.html,1,high,AMD official page confirms all core specs; no public MSRP
AMD,Ryzen,desktop,Renoir,Zen 2,Ryzen 5 PRO 4655G,AMD Ryzen 5 PRO 4655G,6,,,12,3.70 GHz,4.20 GHz,,3 MB,8 MB,65W,45-65W,7nm,AM4,,3.0,16,DDR4,2,DDR4-3200,128GB,,,,Radeon Vega 7,7,1.90 GHz,,2022-11-11,,100-000001155,https://www.cpu-monkey.com/en/cpu-amd_ryzen_5_pro_4655g,3,medium,Late OEM refresh/rebin of 4650G released Nov 2022; disagreement resolved: majority sources confirm 3.7GHz base matching 4650G
AMD,Ryzen,desktop,Renoir,Zen 2,Ryzen 5 PRO 4655GE,AMD Ryzen 5 PRO 4655GE,6,,,12,3.30 GHz,4.20 GHz,,3 MB,8 MB,35W,,7nm,AM4,,3.0,16,DDR4,2,DDR4-3200,128GB,,,,Radeon Vega 7,7,1.90 GHz,,2022-11-11,,,https://www.techpowerup.com/cpu-specs/ryzen-5-pro-4655ge.c3325,3,low,"Late OEM refresh of 4650GE (Nov 2022), same Renoir/Zen2 silicon"
AMD,Ryzen,desktop,Renoir,Zen 2,Ryzen 7 4700G,AMD Ryzen 7 4700G,8,,,16,3.60 GHz,4.40 GHz,,4 MB,8 MB,65W,45-65W,7nm,AM4,,3.0,16,DDR4,2,DDR4-3200,128GB,,,,Radeon Vega 8,8,2.10 GHz,,2020-07-21,,100-000000146,https://www.techpowerup.com/cpu-specs/ryzen-7-4700g.c2318,3,low,OEM only desktop AM4 APU; no public MSRP found
AMD,Ryzen,desktop,Renoir,Zen 2,Ryzen 7 4700GE,AMD Ryzen 7 4700GE,8,,,16,3.10 GHz,4.30 GHz,,4 MB,8 MB,35W,,7nm,AM4,,3.0,16,DDR4,2,DDR4-3200,128GB,,,,Radeon Vega 8,8,,,2020,,100-000000149,https://www.techpowerup.com/cpu-specs/ryzen-7-4700ge.c2321,3,low,OEM only; exact 2020 launch date not isolated; iGPU clock not confirmed for this SKU
AMD,Ryzen,desktop,Renoir,Zen 2,Ryzen 7 PRO 4750G,AMD Ryzen 7 PRO 4750G,8,,,16,3.60 GHz,4.40 GHz,,4 MB,8 MB,65W,45-65W,7nm,AM4,,3.0,16,DDR4,2,DDR4-3200,128GB,,,,Radeon Vega 8,8,2.10 GHz,,2020-07-21,309,100-000000145,https://en.wikichip.org/wiki/amd/ryzen_7/pro_4750g,3,low,Launch price $309 confirmed via VideoCardz AMD announcement; PRO business features
AMD,Ryzen,desktop,Renoir,Zen 2,Ryzen 7 PRO 4750GE,AMD Ryzen 7 PRO 4750GE,8,,,16,3.10 GHz,4.30 GHz,,4 MB,8 MB,35W,,7nm,AM4,,3.0,16,DDR4,2,DDR4-3200,128GB,,,,Radeon Vega 8,8,2.00 GHz,,2020-07-21,,,https://www.amd.com/en/support/downloads/drivers.html/processors/ryzen-pro/ryzen-pro-4000-series/amd-ryzen-7-pro-4750ge.html,1,high,OEM only; AMD official page confirms cores/TDP/clocks
AMD,Ryzen,desktop,Summit Ridge,Zen,Ryzen 3 1200,AMD Ryzen 3 1200,4,,,4,3.10 GHz,3.40 GHz,,2 MB,8 MB,65W,,GlobalFoundries 14nm,AM4,1,3.0,24,DDR4,2,DDR4-2666,64 GB,no,no,,,,,,2017-07-27,109,,https://www.overclockers.com/amd-ryzen-3-1200-and-1300x-cpu-review/,3,high,Cross-checked Overclockers/Hardware Canucks/Phoronix; consistent (XFR adds up to 3.45GHz beyond listed boost). No SMT (4C/4T).
AMD,Ryzen,desktop,Summit Ridge,Zen,Ryzen 3 1300X,AMD Ryzen 3 1300X,4,,,4,3.50 GHz,3.70 GHz,,2 MB,8 MB,65W,,GlobalFoundries 14nm,AM4,1,3.0,24,DDR4,2,DDR4-2666,64 GB,no,no,,,,,,2017-07-27,129,,https://www.techpowerup.com/review/amd-ryzen-3-1300x/,3,high,Cross-checked TechPowerUp/Hardware Canucks/WikiChip; consistent. No SMT (4C/4T).
AMD,Ryzen,desktop,Summit Ridge,Zen,Ryzen 3 PRO 1200,AMD Ryzen 3 PRO 1200,4,,,4,3.10 GHz,3.40 GHz,,2 MB,8 MB,65W,,GlobalFoundries 14nm,AM4,1,3.0,24,DDR4,2,DDR4-2666,64 GB,no,no,,,,,,2017,,,https://www.amd.com/en/products/processors/desktops/ryzen-pro/1st-generation-1000/amd-ryzen-3-pro-1200.html,2,medium,Commercial-channel PRO SKU; clocks mirror non-PRO 1200 per AMD PRO product page. No public MSRP/part number/exact launch date found -> gap.
AMD,Ryzen,desktop,Summit Ridge,Zen,Ryzen 3 PRO 1300,AMD Ryzen 3 PRO 1300,4,,,4,3.50 GHz,3.70 GHz,,2 MB,8 MB,65W,,GlobalFoundries 14nm,AM4,1,3.0,24,DDR4,2,DDR4-2666,64 GB,no,no,,,,,,2017,,,https://www.amd.com/en/products/processors/desktops/ryzen-pro/1st-generation-1000/amd-ryzen-3-pro-1300.html,2,medium,Commercial-channel PRO SKU; clocks assumed to mirror non-PRO 1300X per AMD PRO lineup naming convention (not independently confirmed on a dedicated spec page) -> flagged as gap. No public MSRP/part number/exact launch date found -> gap.
AMD,Ryzen,desktop,Summit Ridge,Zen,Ryzen 5 1400,AMD Ryzen 5 1400,4,,,8,3.20 GHz,3.40 GHz,,2 MB,8 MB,65W,,GlobalFoundries 14nm,AM4,1,3.0,24,DDR4,2,DDR4-2666,64 GB,no,no,,,,,,2017-04-11,170,,https://www.tweaktown.com/reviews/8139/amd-ryzen-5-1600x-1500x-cpu-review/index.html,3,medium,"Cross-checked general 2017 launch-lineup coverage; 8MB L3 (2 CCX with 4MB each, cores disabled) vs 1500X's full 16MB."
AMD,Ryzen,desktop,Summit Ridge,Zen,Ryzen 5 1500X,AMD Ryzen 5 1500X,4,,,8,3.50 GHz,3.70 GHz,,2 MB,16 MB,65W,,GlobalFoundries 14nm,AM4,1,3.0,24,DDR4,2,DDR4-2666,64 GB,no,no,,,,,,2017-04-11,189,,https://www.overclockers.com/amd-ryzen-5-1500x-1600x-cpu-review/,3,high,"Cross-checked Overclockers/TweakTown; consistent. all-core boost 3.6GHz, 2-core boost 3.7GHz, XFR single-core up to 3.9GHz -> boost_clock records published Max Boost."
AMD,Ryzen,desktop,Summit Ridge,Zen,Ryzen 5 1600,AMD Ryzen 5 1600,6,,,12,3.20 GHz,3.60 GHz,,3 MB,16 MB,65W,,GlobalFoundries 14nm,AM4,1,3.0,24,DDR4,2,DDR4-2666,64 GB,no,no,,,,,,2017-04-11,220,,https://en.wikichip.org/wiki/amd/ryzen_5/1600,3,high,Cross-checked WikiChip/notebookcheck; consistent.
AMD,Ryzen,desktop,Summit Ridge,Zen,Ryzen 5 1600 (AF),AMD Ryzen 5 1600 (AF),6,,,12,3.20 GHz,3.60 GHz,,3 MB,16 MB,65W,,GlobalFoundries 12nm,AM4,1,3.0,24,DDR4,2,DDR4-2666,64 GB,no,no,,,,,,2019-10-11,85,,https://gamersnexus.net/hwreviews/3547-amd-r5-1600-af-cpu-review-best-cpu-under-100,3,high,"2019 silent refresh: repackaged Zen+ (Pinnacle Ridge, 12nm) silicon effectively identical to Ryzen 5 2600, sold under original 1600 branding/box (distinguished by 'AF' date-code suffix). Cross-checked GamersNexus/TechSpot; consistent."
AMD,Ryzen,desktop,Summit Ridge,Zen,Ryzen 5 1600X,AMD Ryzen 5 1600X,6,,,12,3.60 GHz,4.00 GHz,,3 MB,16 MB,95W,,GlobalFoundries 14nm,AM4,1,3.0,24,DDR4,2,DDR4-2666,64 GB,no,no,,,,,,2017-04-11,249,YD160XBCAEWOF,https://www.bhphotovideo.com/c/product/1327899-REG/amd_yd160xbcaewof_ryzen_5_1600x_3_6.html,3,high,Cross-checked Tom's Hardware/WikiChip; consistent. XFR adds up to 4.1GHz single-core beyond listed boost.
AMD,Ryzen,desktop,Summit Ridge,Zen,Ryzen 5 PRO 1500,AMD Ryzen 5 PRO 1500,4,,,8,3.50 GHz,3.70 GHz,,2 MB,16 MB,65W,,GlobalFoundries 14nm,AM4,1,3.0,24,DDR4,2,DDR4-2666,64 GB,no,no,,,,,,2017,,,https://www.amd.com/en/products/processors/desktops/ryzen-pro/1st-generation-1000/amd-ryzen-5-pro-1500.html,2,medium,Commercial-channel PRO SKU; clocks mirror non-PRO 1500X per AMD PRO product page. No public MSRP/part number/exact launch date found -> gap.
AMD,Ryzen,desktop,Summit Ridge,Zen,Ryzen 5 PRO 1600,AMD Ryzen 5 PRO 1600,6,,,12,3.20 GHz,3.60 GHz,,3 MB,16 MB,65W,,GlobalFoundries 14nm,AM4,1,3.0,24,DDR4,2,DDR4-2666,64 GB,no,no,,,,,,2017,,,https://www.amd.com/en/products/processors/desktops/ryzen-pro/1st-generation-1000/amd-ryzen-5-pro-1600.html,2,medium,Commercial-channel PRO SKU; clocks mirror non-PRO 1600 per AMD PRO product page. No public MSRP/part number/exact launch date found -> gap.
AMD,Ryzen,desktop,Summit Ridge,Zen,Ryzen 7 1700 Processor,AMD Ryzen 7 1700,8,,,16,3.00 GHz,3.70 GHz,,4 MB,16 MB,65W,,GlobalFoundries 14nm,AM4,1,3.0,24,DDR4,2,DDR4-2666,64 GB,no,no,,,,,,2017-03-02,329,,https://www.techspot.com/review/1345-amd-ryzen-7-1800x-1700x/,3,high,Cross-checked TechSpot/RelaxedTech; consistent.
AMD,Ryzen,desktop,Summit Ridge,Zen,Ryzen 7 1700X,AMD Ryzen 7 1700X,8,,,16,3.40 GHz,3.80 GHz,,4 MB,16 MB,95W,,GlobalFoundries 14nm,AM4,1,3.0,24,DDR4,2,DDR4-2666,64 GB,no,no,,,,,,2017-03-02,399,,https://www.techspot.com/review/1345-amd-ryzen-7-1800x-1700x/,3,high,Cross-checked TechSpot/HotHardware; consistent.
AMD,Ryzen,desktop,Summit Ridge,Zen,Ryzen 7 1800X,AMD Ryzen 7 1800X,8,,,16,3.60 GHz,4.00 GHz,,4 MB,16 MB,95W,,GlobalFoundries 14nm,AM4,1,3.0,24,DDR4,2,DDR4-2666,64 GB,no,no,,,,,,2017-03-02,499,YD180XBCAEWOF,https://www.bhphotovideo.com/c/product/1322540-REG/amd_yd180xbcaewof_ryzen_7_1800x_am4.html,3,high,XFR adds up to 4.1GHz single-core beyond the listed boost; boost_clock field records AMD's published Max Boost (4.0GHz) per SPEC.md convention.
AMD,Ryzen,desktop,Summit Ridge,Zen,Ryzen 7 PRO 1700,AMD Ryzen 7 PRO 1700,8,,,16,3.00 GHz,3.70 GHz,,4 MB,16 MB,65W,,GlobalFoundries 14nm,AM4,1,3.0,24,DDR4,2,DDR4-2666,64 GB,no,no,,,,,,2017,,,https://www.amd.com/en/products/processors/desktops/ryzen-pro/1st-generation-1000/amd-ryzen-7-pro-1700.html,2,medium,Commercial-channel PRO SKU; clocks mirror non-PRO 1700 per AMD PRO product page. No public MSRP/part number/exact launch date found -> gap.
AMD,Ryzen,desktop,Summit Ridge,Zen,Ryzen 7 PRO 1700X Processor,AMD Ryzen 7 PRO 1700X,8,,,16,3.40 GHz,3.80 GHz,,4 MB,16 MB,95W,,GlobalFoundries 14nm,AM4,1,3.0,24,DDR4,2,DDR4-2666,64 GB,no,no,,,,,,2017,,,https://www.amd.com/en/products/processors/desktops/ryzen-pro/1st-generation-1000/amd-ryzen-7-pro-1700x.html,2,medium,Commercial-channel PRO SKU; clocks mirror non-PRO 1700X per AMD PRO product page. No public MSRP/part number/exact launch date found -> gap.
AMD,radeon500,desktop,Sun,500 Series,520,AMD Radeon 520 Mobile,5,,,,,,,128 KB,,50W,,28 nm,,,3.0,,DDR3,,,2 GB,,,,,,,,2017-Q2,,,https://www.topcpu.net/en/cpu/Radeon-520-Mobile,3,medium,659 GFLOPS FP32
AMD,radeon500,desktop,Sun,500 Series,535,AMD Radeon 535 Mobile,6,,,,,,,128 KB,,50W,,28 nm,,,3.0,,GDDR5,,,2 GB,,,,,,,,2017,,,https://www.topcpu.net/en/cpu/radeon-535-mobile,3,medium,786 GFLOPS FP32
AMD,radeon500,desktop,Sun,500 Series,540,AMD Radeon 540 Mobile,8,,,,,,,256 KB,,50W,,28 nm,,,3.0,,GDDR5,,,2 GB,,,,,,,,2019-Q1,,,https://cputronic.com/gpu/amd-radeon-540-mobile,3,medium,512 shading units; 1.17 TFLOPS FP32
AMD,radeonhd7000,desktop,Tahiti (dual),HD 7000 Series,HD 7990,AMD Radeon HD 7990,64,,,,,1.00 GHz,,1.5 MB,,375W,,28 nm,,,3.0,32,GDDR5,,576 GB/s,6 GB,,,,,,,,2013-Q2,999,,https://videocardz.net/amd-radeon-hd-7990,2,medium,"Dual-GPU (2x Tahiti XT2); 4096 total SP, 8.2 TFLOPS combined"
AMD,radeonhd7000,desktop,Tahiti Pro,HD 7000 Series,HD 7950,AMD Radeon HD 7950,28,,,,0.80 GHz,,,768 KB,,200W,,28 nm,,,3.0,12,GDDR5,,240 GB/s,3 GB,,,,,,,,2012-Q1,449,,https://en.wikipedia.org/wiki/Radeon_HD_7000_series,3,medium,1792 stream processors
AMD,radeonr9200,desktop,Tahiti Pro,R9 200 Series,R9 280,AMD Radeon R9 280,28,,,,0.83 GHz,0.93 GHz,,1 MB,,250W,,28 nm,,,3.0,12,GDDR5,,240 GB/s,3 GB,,,,,,,,2014-Q1,,,https://en.wikipedia.org/wiki/Radeon_200_series,3,low,1792 stream processors; rebrand of HD 7950; clocks per Wikipedia aggregation
AMD,radeonhd7000,desktop,Tahiti XT,HD 7000 Series,HD 7970,AMD Radeon HD 7970,32,,,,0.93 GHz,,,768 KB,,250W,,28 nm,,,3.0,12,GDDR5,,264 GB/s,3 GB,,,,,,,,2011-Q4,549,,https://www.notebookcheck.net/AMD-Radeon-HD-7970.110054.0.html,2,medium,2048 stream processors; 3.71 TFLOPS FP32
AMD,radeonhd7000,desktop,Tahiti XT2,HD 7000 Series,HD 7970 GHz Edition,AMD Radeon HD 7970 GHz Edition,32,,,,1.00 GHz,1.05 GHz,,768 KB,,250W,,28 nm,,,3.0,12,GDDR5,,288 GB/s,3 GB,,,,,,,,2012-Q2,499,,https://videocardz.net/amd-radeon-hd-7970-ghz-edition,2,medium,2048 stream processors
AMD,radeonr9200,desktop,Tahiti XTL,R9 200 Series,R9 280X,AMD Radeon R9 280X,32,,,,0.85 GHz,1.00 GHz,,1 MB,,250W,,28 nm,,,3.0,12,GDDR5,,288 GB/s,3 GB,,,,,,,,2013-Q4,299,,https://www.expertreviews.co.uk/technology/desktop-pcs/components/amd-radeon-r9-review-280x-285-290-290x,2,medium,2048 stream processors; rebrand of HD 7970 GHz Edition
AMD,radeonr7300,desktop,Tobago,R7 300 Series,R7 360,AMD Radeon R7 360,14,,,,1.00 GHz,1.05 GHz,,256 KB,,100W,,28 nm,,,3.0,4,GDDR5,,96 GB/s,2 GB,,,,,,,,2015-Q2,109,,https://www.topcpu.net/en/gpu-c/radeon-r7-370-vs-radeon-r7-360,3,medium,896 stream processors; 1.61 TFLOPS FP32
AMD,radeonr9300,desktop,Tonga,R9 300 Series,R9 380,AMD Radeon R9 380,28,,,,0.97 GHz,,,1 MB,,190W,,28 nm,,,3.0,8,GDDR5,,182.4 GB/s,4 GB,,,,,,,,2015-Q2,199,,https://technical.city/en/video/Radeon-R9-390X-vs-Radeon-R9-380,3,medium,3.84 TFLOPS FP32; 1792 stream processors
AMD,radeonr9200,desktop,Tonga Pro,R9 200 Series,R9 285,AMD Radeon R9 285,28,,,,,,,1 MB,,190W,,28 nm,,,3.0,8,GDDR5,,176 GB/s,2 GB,,,,,,,,2014-Q3,249,,https://www.expertreviews.co.uk/technology/desktop-pcs/components/amd-radeon-r9-review-280x-285-290-290x,2,medium,1792 stream processors; first GCN 1.2 part
AMD,radeon500,desktop,Topaz,500 Series,530,AMD Radeon 530 Mobile,5,,,,,,,,,,,28 nm,,,3.0,,DDR3,,18 GB/s,2 GB,,,,,,,,2017,,,https://videocardz.net/amd-radeon-530,3,medium,320 stream processors; TDP not confirmed
AMD,radeonr7300,desktop,Trinidad,R7 300 Series,R7 370,AMD Radeon R7 370,16,,,,0.93 GHz,0.97 GHz,,512 KB,,110W,,28 nm,,,3.0,8,GDDR5,,179.2 GB/s,2 GB,,,,,,,,2015-Q2,,,https://cputronic.com/gpu/amd-radeon-r7-370,3,medium,1024 stream processors; 1.96 TFLOPS FP32
AMD,radeonhd6000,desktop,Turks LE,HD 6000 Series,HD 6570,AMD Radeon HD 6570,6,,,,0.65 GHz,,,512 KB,,60W,,40 nm,,,2.1,2,GDDR5/DDR3,,,1 GB,,,,,,,,2011-Q2,69,,https://en.wikipedia.org/wiki/Radeon_HD_6000_series,3,low,480 stream processors (VLIW5)
AMD,radeonhd6000,desktop,Turks Pro,HD 6000 Series,HD 6750,AMD Radeon HD 6750,8,,,,0.70 GHz,,,512 KB,,86W,,40 nm,,,2.1,4,GDDR5,,73.6 GB/s,1 GB,,,,,,,,2011-Q1,99,,https://en.wikipedia.org/wiki/Radeon_HD_6000_series,3,low,720 stream processors (VLIW5); rebrand of HD 5750
AMD,radeonhd6000,desktop,Turks XT,HD 6000 Series,HD 6670,AMD Radeon HD 6670,6,,,,0.80 GHz,,,512 KB,,66W,,40 nm,,,2.1,2,GDDR5,,64 GB/s,1 GB,,,,,,,,2011-Q2,79,,https://en.wikipedia.org/wiki/Radeon_HD_6000_series,3,low,480 stream processors (VLIW5)
AMD,radeonhd6000,desktop,Turks XT,HD 6000 Series,HD 6770,AMD Radeon HD 6770,10,,,,0.85 GHz,,,512 KB,,108W,,40 nm,,,2.1,4,GDDR5,,76.8 GB/s,1 GB,,,,,,,,2011-Q1,109,,https://en.wikipedia.org/wiki/Radeon_HD_6000_series,3,low,800 stream processors (VLIW5); rebrand of HD 5770
AMD,rxvega,desktop,Vega 10,RX Vega Series,RX Vega 56,AMD Radeon RX Vega 56,56,,,,1.16 GHz,1.47 GHz,,4 MB,,210W,,14 nm,,,3.0,16,HBM2,,410 GB/s,8 GB,,,,,,,,2017-Q3,399,,https://www.amd.com/en/products/graphics/radeon-rx-vega-56,1,high,10.5 TFLOPS FP32
AMD,rxvega,desktop,Vega 10,RX Vega Series,RX Vega 64,AMD Radeon RX Vega 64,64,,,,1.25 GHz,1.55 GHz,,4 MB,,295W,,14 nm,,,3.0,16,HBM2,,484 GB/s,8 GB,,,,,,,,2017-Q3,499,,https://www.amd.com/en/products/graphics/radeon-rx-vega-64,1,high,12.66 TFLOPS FP32
AMD,rxvega,desktop,Vega 10,RX Vega Series,RX Vega 64 Liquid Cooled,AMD Radeon RX Vega 64 Liquid Cooled,64,,,,1.41 GHz,1.68 GHz,,4 MB,,345W,,14 nm,,,3.0,16,HBM2,,484 GB/s,8 GB,,,,,,,,2017-Q3,699,,https://wccftech.com/amd-radeon-rx-vega-64-56-official-slide-performance-specs-price-leak/,2,medium,13.7 TFLOPS FP32; liquid-cooled bundle SKU
AMD,rxvega,desktop,Vega 20,RX Vega Series,VII,AMD Radeon VII,60,,,,,1.75 GHz,1.40 GHz,4 MB,,300W,,7 nm,,,3.0,16,HBM2,,1024 GB/s,16 GB,,,,,,,,2019-Q1,699,,https://www.amd.com/en/products/graphics/radeon-vii,1,high,13.44 TFLOPS FP32; 4096-bit bus
AMD,Ryzen,desktop,Vermeer,Zen 3,Ryzen 5 5500,AMD Ryzen 5 5500,6,,,12,3.60 GHz,4.20 GHz,,3 MB,16 MB,65W,,TSMC 7nm (CCD)/GF 12nm (IOD),AM4,1,4.0,24,DDR4,2,DDR4-3200,128 GB,,,,,,,,2022-Q2,159,,https://pchardware.org/processors/amd-ryzen-5-5500/,3,medium,"Cross-checked cpu-monkey. NOTE: uses monolithic Cezanne die (16MB L3, no chiplet) despite AMD grouping it in the Ryzen 5000/Vermeer marketing family -- flagged in notes.md."
AMD,Ryzen,desktop,Vermeer,Zen 3,Ryzen 5 5500X3D,AMD Ryzen 5 5500X3D,6,,,12,3.00 GHz,4.00 GHz,,3 MB,96 MB,105W,,TSMC 7nm (CCD)/GF 12nm (IOD),AM4,1,4.0,24,DDR4,2,DDR4-3200,128 GB,,,,,,,,2025-Q2,,,https://www.amd.com/en/products/processors/desktops/ryzen/5000-series/amd-ryzen-5-5500x3d.html,1,medium,"AMD official spec (via WebSearch summary); cross-checked GamersNexus/notebookcheck/wccftech. Launch price unclear/unannounced by AMD per GamersNexus -> gap, confidence downgraded to medium due to pricing ambiguity noted across sources."
AMD,Ryzen,desktop,Vermeer,Zen 3,Ryzen 5 5600,AMD Ryzen 5 5600,6,,,12,3.50 GHz,4.40 GHz,,3 MB,32 MB,65W,,TSMC 7nm (CCD)/GF 12nm (IOD),AM4,1,4.0,24,DDR4,2,DDR4-3200,128 GB,,,,,,,,2022-Q1,199,,https://www.pgrid.app/us/cpus/ryzen-5-5600,2,medium,Cross-checked wccftech/videocardz; consistent.
AMD,Ryzen,desktop,Vermeer,Zen 3,Ryzen 5 5600F,AMD Ryzen 5 5600F,6,,,12,3.00 GHz,4.00 GHz,,3 MB,32 MB,65W,,TSMC 7nm (CCD)/GF 12nm (IOD),AM4,1,4.0,24,DDR4,2,DDR4-3200,128 GB,,,,,,,,2023-Q1,,,https://wccftech.com/amd-debuts-ryzen-5-5600f-a-significantly-nerfed-ryzen-5600/amp/,2,medium,"AMD official specs per wccftech/videocardz launch coverage. APJ-region launch, no global MSRP -> gap."
AMD,Ryzen,desktop,Vermeer,Zen 3,Ryzen 5 5600T,AMD Ryzen 5 5600T,6,,,12,3.50 GHz,4.50 GHz,,3 MB,32 MB,65W,,TSMC 7nm (CCD)/GF 12nm (IOD),AM4,1,4.0,24,DDR4,2,DDR4-3200,128 GB,,,,,,,,2022-Q1,,,https://www.amd.com/en/products/processors/desktops/ryzen/5000-series/amd-ryzen-5-5600t.html,1,high,AMD official spec (via WebSearch summary). Launch price not found -> gap.
AMD,Ryzen,desktop,Vermeer,Zen 3,Ryzen 5 5600X,AMD Ryzen 5 5600X,6,,,12,3.70 GHz,4.60 GHz,,3 MB,32 MB,65W,76W,TSMC 7nm (CCD)/GF 12nm (IOD),AM4,1,4.0,24,DDR4,2,DDR4-3200,128 GB,,,,,,,,2020-Q4,299,,https://www.amd.com/en/products/processors/desktops/ryzen/5000-series/amd-ryzen-5-5600x.html,1,high,"AMD official spec (via WebSearch summary); cross-checked notebookcheck/windowscentral, consistent."
AMD,Ryzen,desktop,Vermeer,Zen 3,Ryzen 5 5600X3D,AMD Ryzen 5 5600X3D,6,,,12,3.30 GHz,4.40 GHz,,3 MB,96 MB,105W,,TSMC 7nm (CCD)/GF 12nm (IOD),AM4,1,4.0,24,DDR4,2,DDR4-3200,128 GB,,,,,,,,2023-Q3,,,https://www.topcpu.net/en/cpu/amd-ryzen-5-5600x3d,3,medium,Micro Center-exclusive SKU; cross-checked userbenchmark/cpu-monkey. All-core boost noted as 4.2GHz. No public MSRP -> gap.
AMD,Ryzen,desktop,Vermeer,Zen 3,Ryzen 5 5600XT,AMD Ryzen 5 5600XT,6,,,12,3.70 GHz,4.70 GHz,,3 MB,32 MB,65W,,TSMC 7nm (CCD)/GF 12nm (IOD),AM4,1,4.0,24,DDR4,2,DDR4-3200,128 GB,,,,,,,,2024-Q4,194,,https://www.amd.com/en/products/processors/desktops/ryzen/5000-series/amd-ryzen-5-5600xt.html,1,high,"AMD official spec (via WebSearch summary); cross-checked pchardware/cputronic/pgrid.app. Released Oct 31, 2024."
AMD,Ryzen,desktop,Vermeer,Zen 3,Ryzen 5 PRO 5645,AMD Ryzen 5 PRO 5645,6,,,12,3.70 GHz,4.50 GHz,,3 MB,32 MB,65W,,TSMC 7nm (CCD)/GF 12nm (IOD),AM4,1,4.0,24,DDR4,2,DDR4-3200,128 GB,,,,,,,,2022-Q3,,,https://www.cpu-world.com/CPUs/Zen/AMD-Ryzen%205%20PRO%205645.html,3,medium,"Cross-checked cputronic/cpu-comparisons/wccftech leak coverage. OEM/commercial channel, no public MSRP -> gap."
AMD,Ryzen,desktop,Vermeer,Zen 3,Ryzen 7 5700,AMD Ryzen 7 5700,8,,,16,3.70 GHz,4.60 GHz,,4 MB,16 MB,65W,,TSMC 7nm (CCD)/GF 12nm (IOD),AM4,1,4.0,24,DDR4,2,DDR4-3200,128 GB,,,,,,,,2022-Q1,179,,https://www.amd.com/en/support/downloads/drivers.html/processors/ryzen/ryzen-5000-series/amd-ryzen-7-5700.html,1,high,"AMD official spec (via WebSearch summary), cross-checked BestBuy/B&H listings. NOTE: this is actually Cezanne (monolithic APU die, iGPU disabled) rebadged into the Vermeer marketing family per AMD/manifest grouping -- flagged in notes.md."
AMD,Ryzen,desktop,Vermeer,Zen 3,Ryzen 7 5700X,AMD Ryzen 7 5700X,8,,,16,3.40 GHz,4.60 GHz,,4 MB,32 MB,65W,76W,TSMC 7nm (CCD)/GF 12nm (IOD),AM4,1,4.0,24,DDR4,2,DDR4-3200,128 GB,,,,,,,,2022-Q1,299,,https://www.amd.com/en/products/processors/desktops/ryzen/5000-series/amd-ryzen-7-5700x.html,2,medium,"Cross-checked notebookcheck/adamsdesk/avadirect, consistent."
AMD,Ryzen,desktop,Vermeer,Zen 3,Ryzen 7 5700X3D,AMD Ryzen 7 5700X3D,8,,,16,3.00 GHz,4.10 GHz,,4 MB,96 MB,105W,,TSMC 7nm (CCD)/GF 12nm (IOD),AM4,1,4.0,24,DDR4,2,DDR4-3200,128 GB,,,,,,,,2024-Q1,249,,https://www.pcgamer.com/hardware/processors/amd-ryzen-7-5700x3d-review/,2,medium,Cross-checked GamersNexus/pcgamesn/umatechnology; consistent. Total cache 100MB incl L2.
AMD,Ryzen,desktop,Vermeer,Zen 3,Ryzen 7 5800 (OEM Only),AMD Ryzen 7 5800,8,,,16,3.40 GHz,4.60 GHz,,4 MB,32 MB,65W,88W,TSMC 7nm (CCD)/GF 12nm (IOD),AM4,1,4.0,24,DDR4,2,DDR4-3200,128 GB,,,,,,,,2021-Q1,,,https://www.techreviewer.com/tech-specs/amd-5800-tdp/,3,medium,"OEM-only SKU; cross-checked cpu-monkey/technical.city/nanoreview, consistent. No retail MSRP -> gap."
AMD,Ryzen,desktop,Vermeer,Zen 3,Ryzen 7 5800X,AMD Ryzen 7 5800X,8,,,16,3.80 GHz,4.70 GHz,,4 MB,32 MB,105W,142W,TSMC 7nm (CCD)/GF 12nm (IOD),AM4,1,4.0,24,DDR4,2,DDR4-3200,128 GB,,,,,,,,2020-Q4,449,,https://www.amd.com/en/products/processors/desktops/ryzen/5000-series/amd-ryzen-7-5800x.html,2,medium,Cross-checked notebookcheck/wccftech/windowscentral; consistent.
AMD,Ryzen,desktop,Vermeer,Zen 3,Ryzen 7 5800X3D,AMD Ryzen 7 5800X3D,8,,,16,3.40 GHz,4.50 GHz,,4 MB,96 MB,105W,,TSMC 7nm (CCD)/GF 12nm (IOD),AM4,1,4.0,24,DDR4,2,DDR4-3200,128 GB,,,,,,,,2022-Q2,449,,https://www.amd.com/en/products/processors/desktops/ryzen/5000-series/amd-ryzen-7-5800x3d.html,2,medium,"Cross-checked wikipedia/windowscentral launch coverage; total cache 100MB incl L2. Released April 20, 2022."
AMD,Ryzen,desktop,Vermeer,Zen 3,Ryzen 7 5800XT,AMD Ryzen 7 5800XT,8,,,16,3.80 GHz,4.80 GHz,,4 MB,32 MB,105W,,TSMC 7nm (CCD)/GF 12nm (IOD),AM4,1,4.0,24,DDR4,2,DDR4-3200,128 GB,,,,,,,,2024-Q3,,,https://www.amd.com/en/products/processors/desktops/ryzen/5000-series/amd-ryzen-7-5800xt.html,1,high,AMD official spec (via WebSearch summary); cross-checked B&H/BestBuy/Micro Center listings. Launch price not found -> gap.
AMD,Ryzen,desktop,Vermeer,Zen 3,Ryzen 7 PRO 5845,AMD Ryzen 7 PRO 5845,8,,,16,3.40 GHz,4.60 GHz,,4 MB,32 MB,65W,,TSMC 7nm (CCD)/GF 12nm (IOD),AM4,1,4.0,24,DDR4,2,DDR4-3200,128 GB,,,,,,,,2022-Q3,,,https://pchardware.org/processors/amd-ryzen-7-pro-5845/,1,high,"AMD official spec (via WebSearch summary); cross-checked cputronic/technical.city. OEM/commercial channel, no public MSRP -> gap."
AMD,Ryzen,desktop,Vermeer,Zen 3,Ryzen 9 5900 (OEM Only),AMD Ryzen 9 5900,12,,,24,3.00 GHz,4.70 GHz,,6 MB,64 MB,65W,88W,TSMC 7nm (CCD)/GF 12nm (IOD),AM4,1,4.0,24,DDR4,2,DDR4-3200,128 GB,,,,,,,,2021-Q1,,,https://wccftech.com/amd-ryzen-9-5900-ryzen-7-5800-zen-3-oem-desktop-cpu-launched-8-core/amp/,3,medium,"OEM-only SKU; cross-checked cputronic/cpu-benchmark.org/technical.city, consistent. No retail MSRP -> gap."
AMD,Ryzen,desktop,Vermeer,Zen 3,Ryzen 9 5900X,AMD Ryzen 9 5900X,12,,,24,3.70 GHz,4.80 GHz,,6 MB,64 MB,105W,142W,TSMC 7nm (CCD)/GF 12nm (IOD),AM4,1,4.0,24,DDR4,2,DDR4-3200,128 GB,,,,,,,,2020-Q4,549,,https://www.amd.com/en/products/processors/desktops/ryzen/5000-series/amd-ryzen-9-5900x.html,2,medium,Cross-checked notebookcheck/wccftech/windowscentral; consistent.
AMD,Ryzen,desktop,Vermeer,Zen 3,Ryzen 9 5900XT,AMD Ryzen 9 5900XT,16,,,32,3.30 GHz,4.80 GHz,,8 MB,64 MB,105W,,TSMC 7nm (CCD)/GF 12nm (IOD),AM4,1,4.0,24,DDR4,2,DDR4-3200,128 GB,,,,,,,,2024-Q3,,,https://www.amd.com/en/products/processors/desktops/ryzen/5000-series/amd-ryzen-9-5900xt.html,1,high,"Fetched official AMD product page. Note: despite the '5900' name, this is a 16-core part (5950X silicon), confirmed on AMD's own page -- cross-checked cpu-monkey. Launch price not found -> gap."
AMD,Ryzen,desktop,Vermeer,Zen 3,Ryzen 9 5950X,AMD Ryzen 9 5950X,16,,,32,3.40 GHz,4.90 GHz,,8 MB,64 MB,105W,142W,TSMC 7nm (CCD)/GF 12nm (IOD),AM4,1,4.0,24,DDR4,2,DDR4-3200,128 GB,,,,,,,,2020-Q4,799,,https://www.amd.com/en/products/processors/desktops/ryzen/5000-series/amd-ryzen-9-5950x.html,2,medium,Cross-checked wccftech launch coverage/windowscentral; consistent across sources.
AMD,Ryzen,desktop,Vermeer,Zen 3,Ryzen 9 PRO 5945,AMD Ryzen 9 PRO 5945,12,,,24,3.00 GHz,4.70 GHz,,6 MB,64 MB,65W,,TSMC 7nm (CCD)/GF 12nm (IOD),AM4,1,4.0,24,DDR4,2,DDR4-3200,128 GB,,,,,,,,2022-Q3,,,https://videocardz.com/newz/amd-ryzen-pro-5000-desktop-series-specs-leak-out-ryzen-9-pro-5945-features-12-cores,3,medium,"Cross-checked wccftech/techradar leak coverage that was later confirmed at Sept 2022 launch. OEM/commercial channel, no public MSRP -> gap."
AMD,radeonhd8000m,desktop,Wimbledon (Solar),HD 8000M Series,HD 8970M Series GPU,AMD Radeon HD 8970M,20,,,,,,,512 KB,,100W,,28 nm,,,3.0,8,GDDR5,,,4 GB,,,,,,,,2013-Q2,,,https://www.notebookcheck.net/AMD-Radeon-HD-8970M.90656.0.html,3,medium,1280 shading units; 2.35 TFLOPS FP32
AMD,Ryzen,mobile,Barcelo,Zen3,Ryzen 3 5125C,AMD Ryzen 3 5125C,2,,,4,3.00 GHz,3.00 GHz,,1 MB,8 MB,15W,25W,7nm (TSMC),FP6,,3.0,16,DDR4/LPDDR4x,2,LPDDR4x-4267,64GB,,,,Radeon RX Vega 3,3,1.20 GHz,,2022-Q2,,,https://www.notebookcheck.net/AMD-Ryzen-3-5125C-Processor-Benchmarks-and-Specs.617142.0.html,3,low,"Lowest-end Chromebook SKU: fixed 3.0GHz base=max with no boost range (locked multiplier); L2 estimated, not explicitly separately confirmed"
AMD,Ryzen,mobile,Barcelo,Zen3,Ryzen 3 5425C,AMD Ryzen 3 5425C,4,,,8,2.70 GHz,4.10 GHz,3.60 GHz,2 MB,8 MB,15W,25W,7nm (TSMC),FP6,,3.0,16,DDR4/LPDDR4x,2,LPDDR4x-4266,64GB,,,,Radeon RX Vega 6,6,1.60 GHz,,2022-Q2,,,https://www.notebookcheck.net/AMD-Ryzen-3-5425C-Processor-Benchmarks-and-Specs.617134.0.html,3,low,"Chromebook variant of Ryzen 3 5425U, identical specs per NotebookCheck"
AMD,Ryzen,mobile,Barcelo,Zen3,Ryzen 3 5425U,AMD Ryzen 3 5425U,4,,,8,2.70 GHz,4.10 GHz,3.60 GHz,2 MB,8 MB,15W,25W,7nm (TSMC),FP6,,3.0,16,DDR4/LPDDR4x,2,LPDDR4x-4266,64GB,,,,Radeon RX Vega 6,6,1.60 GHz,,2022-Q1,,,https://www.notebookcheck.net/AMD-Ryzen-3-5425U-Processor-Benchmarks-and-Specs.590125.0.html,3,medium,Cross-checked notebookcheck vs cpu-monkey
AMD,Ryzen,mobile,Barcelo,Zen3,Ryzen 3 PRO 5475U,AMD Ryzen 3 PRO 5475U,4,,,8,2.70 GHz,4.10 GHz,,2 MB,8 MB,15W,25W,7nm (TSMC),FP6,,3.0,16,DDR4/LPDDR4x,2,DDR4-3200,64GB,,,,Radeon RX Vega 6,6,1.60 GHz,,2022-Q2,,,https://www.notebookcheck.net/AMD-Ryzen-3-PRO-5475U-Processor-Benchmarks-and-Specs.613531.0.html,3,low,Specs consistent with non-PRO 5425U sibling; no independent launch date found
AMD,Ryzen,mobile,Barcelo,Zen3,Ryzen 5 5625C,AMD Ryzen 5 5625C,6,,,12,2.30 GHz,4.30 GHz,3.40 GHz,3 MB,16 MB,15W,25W,7nm (TSMC),FP6,,3.0,16,DDR4/LPDDR4x,2,LPDDR4x-4267,64GB,,,,Radeon RX Vega 7,7,1.60 GHz,,2022-Q2,,,https://www.notebookcheck.net/AMD-Ryzen-5-5625C-Processor-Benchmarks-and-Specs.617132.0.html,3,low,"Chromebook part (Acer Spin 514, HP Elite c645 G2); igpu clock 1600MHz per cputronic vs 1800MHz quoted for non-C 5625U - kept C-specific value"
AMD,Ryzen,mobile,Barcelo,Zen3,Ryzen 5 5625U,AMD Ryzen 5 5625U,6,,,12,2.30 GHz,4.30 GHz,3.40 GHz,3 MB,16 MB,15W,25W,7nm (TSMC),FP6,,3.0,16,DDR4/LPDDR4x,2,LPDDR4x-4266,64GB,,,,Radeon RX Vega 7,7,1.80 GHz,,2022-Q1,,,https://www.notebookcheck.net/AMD-Ryzen-5-5625U-Processor-Benchmarks-and-Specs.590122.0.html,3,medium,Cross-checked notebookcheck vs cpu-monkey/AMD product page
AMD,Ryzen,mobile,Barcelo,Zen3,Ryzen 5 PRO 5675U,AMD Ryzen 5 PRO 5675U,6,,,12,2.30 GHz,4.30 GHz,3.80 GHz,3 MB,16 MB,15W,25W,7nm (TSMC),FP6,,3.0,16,DDR4/LPDDR4x,2,DDR4-3200,64GB,,,,Radeon RX Vega 7,7,1.80 GHz,,2022-Q2,149,,https://www.notebookcheck.net/AMD-Ryzen-5-PRO-5675U-Processor-Benchmarks-and-Specs.613533.0.html,3,low,"Price $149 sourced from frontum.co.uk (secondary, low confidence, possibly OPN tray price not consumer retail)"
AMD,Ryzen,mobile,Barcelo,Zen3,Ryzen 7 5825C,AMD Ryzen 7 5825C,8,,,16,2.00 GHz,4.50 GHz,,4 MB,16 MB,15W,25W,7nm (TSMC),FP6,,3.0,16,DDR4/LPDDR4x,2,LPDDR4x-4267,64GB,,,,Radeon RX Vega 8,8,2.00 GHz,,2022-Q2,,,https://www.notebookcheck.net/AMD-Ryzen-7-5825C-Processor-Benchmarks-and-Specs.617127.0.html,3,low,"Chromebook part, HP Elite c645 G2 launch mid-2022; cache/clock cross-checked vs TechPowerUp and NotebookCheck"
AMD,Ryzen,mobile,Barcelo,Zen3,Ryzen 7 5825U,AMD Ryzen 7 5825U,8,,,16,2.00 GHz,4.50 GHz,3.50 GHz,4 MB,16 MB,15W,25W,7nm (TSMC),FP6,,3.0,16,DDR4/LPDDR4x,2,LPDDR4x-4266,64GB,,,,Radeon RX Vega 8,8,2.00 GHz,,2022-01-04,,,https://www.notebookcheck.net/AMD-Ryzen-7-5825U-Processor-Benchmarks-and-Specs.590117.0.html,3,medium,Cross-checked NotebookCheck vs cpu-monkey; all-core boost ~3.5GHz per cpu-monkey
AMD,Ryzen,mobile,Barcelo,Zen3,Ryzen 7 PRO 5875U,AMD Ryzen 7 PRO 5875U,8,,,16,2.00 GHz,4.50 GHz,,4 MB,16 MB,15W,25W,7nm (TSMC),FP6,,3.0,16,DDR4/LPDDR4x,2,DDR4-3200,64GB,,,,Radeon RX Vega 8,8,2.00 GHz,,2022-04-19,,,https://www.notebookcheck.net/AMD-Ryzen-7-PRO-5875U-Processor-Benchmarks-and-Specs.613534.0.html,3,medium,"Launch date disagreement: notebookcheck/cpu-monkey say 2022-04-19, LaptopMedia says Q1 2022 generally; used specific date"
AMD,Ryzen,mobile,Barcelo-R,Zen3,Ryzen 3 7330U,AMD Ryzen 3 7330U,4,,,8,2.30 GHz,4.30 GHz,3.50 GHz,2 MB,8 MB,15W,25W,7nm (TSMC),FP6,,3.0,16,DDR4/LPDDR4x,2,LPDDR4x-4266,64GB,,,,Radeon RX Vega 6,6,1.80 GHz,,2023-01-04,,,https://www.notebookcheck.net/AMD-Ryzen-3-7330U-Processor-Benchmarks-and-Specs.681729.0.html,3,medium,Launch date: most sources agree Jan 4 2023
AMD,Ryzen,mobile,Barcelo-R,Zen3,Ryzen 3 PRO 7330U,AMD Ryzen 3 PRO 7330U,4,,,8,2.30 GHz,4.30 GHz,3.50 GHz,2 MB,8 MB,15W,25W,7nm (TSMC),FP6,,3.0,16,DDR4/LPDDR4x,2,DDR4-3200,64GB,,,,Radeon RX Vega 6,6,1.80 GHz,,2022-Q4,,,https://cputronic.com/cpu/amd-ryzen-3-pro-7330u,3,low,"Source states release Q4/2022, conflicting with non-PRO 7330U's Jan 2023 date; flagged as disagreement, low confidence"
AMD,Ryzen,mobile,Barcelo-R,Zen3,Ryzen 5 7430U,AMD Ryzen 5 7430U,6,,,12,2.30 GHz,4.30 GHz,,3 MB,16 MB,15W,25W,7nm (TSMC),FP6,,3.0,16,DDR4/LPDDR4x,2,LPDDR4x-4267,64GB,,,,Radeon RX Vega 7,7,1.80 GHz,,2023-Q4,,,https://www.notebookcheck.net/AMD-Ryzen-5-7430U-Processor-Benchmarks-and-Specs.950966.0.html,3,medium,"Launch date disagreement: majority sources say Oct/Q4 2023, topcpu.net says Jan 2023 - used majority date"
AMD,Ryzen,mobile,Barcelo-R,Zen3,Ryzen 5 7530U,AMD Ryzen 5 7530U,6,,,12,2.00 GHz,4.50 GHz,3.40 GHz,3 MB,16 MB,15W,25W,7nm (TSMC),FP6,,3.0,16,DDR4/LPDDR4x,2,LPDDR4x-4266,64GB,,,,Radeon RX Vega 7,7,2.00 GHz,,2023-Q1,,,https://www.notebookcheck.net/AMD-Ryzen-5-7530U-Processor-Benchmarks-and-Specs.681702.0.html,3,medium,Base clock 2.0GHz (lower than 7430U's 2.3GHz) but higher boost 4.5GHz per NotebookCheck; igpu clock taken from PRO sibling
AMD,Ryzen,mobile,Barcelo-R,Zen3,Ryzen 5 PRO 7530U,AMD Ryzen 5 PRO 7530U,6,,,12,2.00 GHz,4.50 GHz,,3 MB,16 MB,15W,25W,7nm (TSMC),FP6,,3.0,16,DDR4/LPDDR4x,2,LPDDR4x-4266,64GB,,,,Radeon RX Vega 7,7,2.00 GHz,,2023,,,https://www.notebookcheck.net/AMD-Ryzen-5-PRO-7530U-Processor-Benchmarks-and-Specs.775227.0.html,3,medium,Same specs as non-PRO 7530U; specific launch date not separately confirmed
AMD,Ryzen,mobile,Barcelo-R,Zen3,Ryzen 7 7730U,AMD Ryzen 7 7730U,8,,,16,2.00 GHz,4.50 GHz,3.50 GHz,4 MB,16 MB,15W,25W,7nm (TSMC),FP6,,3.0,16,DDR4/LPDDR4x,2,LPDDR4x-4266,64GB,,,,Radeon RX Vega 8,8,2.00 GHz,,2023-01-04,,,https://www.amd.com/en/products/processors/laptop/ryzen/7000-series/amd-ryzen-7-7730u.html,1,high,"Same silicon/specs as Ryzen 7 5825U (Zen3, not Zen4 despite '7000' name); confirmed via AMD product page"
AMD,Ryzen,mobile,Barcelo-R,Zen3,Ryzen 7 PRO 7730U,AMD Ryzen 7 PRO 7730U,8,,,16,2.00 GHz,4.50 GHz,3.50 GHz,4 MB,16 MB,15W,25W,7nm (TSMC),FP6,,3.0,16,DDR4/LPDDR4x,2,DDR4-3200,64GB,,,,Radeon RX Vega 8,8,2.00 GHz,,2023-Q1,,,https://www.notebookcheck.net/AMD-Ryzen-7-PRO-7730U-Processor-Benchmarks-and-Specs.775201.0.html,3,medium,"PRO variant of 7730U, same core specs; igpu clock carried over from non-PRO sibling"
AMD,radeonr9200,mobile,Cape Verde,R9 200 Series,R9 M265X,AMD Radeon R9 M265X,,,,,,,,,,,,28 nm,,,3.0,,GDDR5,,,2 GB,,,,,,,,2014-Q1,,,,3,low,No confirmed CU/clock/TDP data found in sources searched
AMD,radeonr9200,mobile,Cape Verde,R9 200 Series,R9 M270X,AMD Radeon R9 M270X,,,,,,,,,,,,28 nm,,,3.0,,GDDR5,,,2 GB,,,,,,,,2014-Q1,,,https://topcpu.net/en/gpu-c/radeon-r9-m270x-vs-radeon-r9-m295x,3,low,2GB VRAM confirmed via comparison page; CU/clock/TDP not confirmed
AMD,radeonr9200,mobile,Cape Verde,R9 200 Series,R9 M275X,AMD Radeon R9 M275X,,,,,,,,,,,,28 nm,,,3.0,,GDDR5,,,2 GB,,,,,,,,2014-Q1,,,,3,low,No confirmed CU/clock/TDP data found in sources searched
AMD,radeonr9200,mobile,Cape Verde,R9 200 Series,R9 M280,AMD Radeon R9 M280,,,,,,,,,,,,28 nm,,,3.0,,GDDR5,,,2 GB,,,,,,,,2014-Q1,,,,3,low,No confirmed CU/clock/TDP data found in sources searched
AMD,Ryzen,mobile,Cezanne,Zen 3,Ryzen 3 5400U,AMD Ryzen 3 5400U,4,,,8,2.60 GHz,4.00 GHz,,2 MB,8 MB,15W,25W,TSMC 7nm,FP6,1,3,,DDR4/LPDDR4,2,3200/4266,,no,no,,Radeon Vega 6,6,1600.00 GHz,,2021-Q1,,,https://www.notebookcheck.net/AMD-Ryzen-3-5400U-Processor-Benchmarks-and-Specs.511022.0.html,3,medium,Entry quad-core U-series part.
AMD,Ryzen,mobile,Cezanne,Zen 3,Ryzen 3 PRO 5450U,AMD Ryzen 3 PRO 5450U,4,,,8,2.60 GHz,4.00 GHz,,2 MB,8 MB,15W,25W,TSMC 7nm,FP6,1,3,,DDR4/LPDDR4,2,3200/4266,,yes,no,,Radeon Vega 6,6,1600.00 GHz,,2021-Q1,,,https://technical.city/en/cpu/Ryzen-3-PRO-5450U,3,low,"PRO variant; core/clock specs inferred from non-PRO 5400U parity pattern, not independently confirmed on a dedicated spec page."
AMD,Ryzen,mobile,Cezanne,Zen 3,Ryzen 5 5500H,AMD Ryzen 5 5500H,4,,,8,3.30 GHz,4.20 GHz,,2 MB,8 MB,45W,,TSMC 7nm,FP6,1,3,,DDR4/LPDDR4,2,3200/4266,,no,no,,Radeon Vega 6,6,,,2021-2022,,,https://www.cpu-world.com/CPUs/Zen/AMD-Ryzen%205%20Mobile%205500H.html,3,medium,NOTE: despite 'Ryzen 5' branding this is a 4C/8T part (not 6C/12T like other Ryzen 5 5600-series) - likely a Lucienne(Zen2)-derived rebrand rather than true Cezanne/Zen3; kept arch as Zen 3 per majority of sources but flagged uncertainty. Launch date inconsistent across sources (2021 vs 2022).
AMD,Ryzen,mobile,Cezanne,Zen 3,Ryzen 5 5560U,AMD Ryzen 5 5560U,6,,,12,2.30 GHz,4.00 GHz,,3 MB,8 MB,15W,25W,TSMC 7nm,FP6,1,3,,DDR4/LPDDR4,2,3200/4267,,no,no,,Radeon Vega 6,6,1600.00 GHz,,2021,,,https://www.amd.com/en/support/downloads/drivers.html/processors/ryzen/ryzen-5000-series/amd-ryzen-5-5560u.html,1,high,Tier-1 AMD.com (drivers page cross-confirms specs). Reduced 8MB L3 vs 16MB on 5600U - lower-tier binning despite same core count.
AMD,Ryzen,mobile,Cezanne,Zen 3,Ryzen 5 5600H,AMD Ryzen 5 5600H,6,,,12,3.30 GHz,4.20 GHz,,3 MB,16 MB,45W,,TSMC 7nm,FP6,1,3,,DDR4/LPDDR4,2,3200/4266,,no,no,,Radeon Vega 7,7,1800.00 GHz,,2021-Q1,,,https://www.notebookcheck.net/AMD-Cezanne-benchmarks-Ryzen-5000H-45-watt-APUs-with-Zen-3.516895.0.html,3,medium,"One aggregator cites 8MB L3, majority of tier-3 sources cite 16MB shared across the CCX; used 16MB per Zen3 unified-CCX design (all 6 active cores share the full 16MB L3)."
AMD,Ryzen,mobile,Cezanne,Zen 3,Ryzen 5 5600HS,AMD Ryzen 5 5600HS,6,,,12,3.00 GHz,4.20 GHz,,3 MB,16 MB,35W,,TSMC 7nm,FP6,1,3,,DDR4/LPDDR4,2,3200/4266,,no,no,,Radeon Vega 6,6,1800.00 GHz,,2021-Q1,,,https://www.notebookcheck.net/AMD-Ryzen-5-5600HS-Processor-Benchmarks-and-Specs.513633.0.html,3,medium,"HS variant, TDP 35W (vs up to 52W boost for 5600H per notebookcheck)."
AMD,Ryzen,mobile,Cezanne,Zen 3,Ryzen 5 5600U,AMD Ryzen 5 5600U,6,,,12,2.30 GHz,4.20 GHz,,3 MB,16 MB,15W,25W,TSMC 7nm,FP6,1,3,,DDR4/LPDDR4,2,3200/4266,,no,no,,Radeon Vega 7,7,1800.00 GHz,,2021-Q1,,,https://www.windowscentral.com/how-pick-right-amd-ryzen-5000-mobile,3,high,U-series Ryzen 5 tier uses reduced 12MB L3 vs 16MB on Ryzen 7-class per windowscentral cache breakdown. | l3_cache corrected in audit
AMD,Ryzen,mobile,Cezanne,Zen 3,Ryzen 5 PRO 5650U,AMD Ryzen 5 PRO 5650U,6,,,12,2.30 GHz,4.20 GHz,,3 MB,16 MB,15W,25W,TSMC 7nm,FP6,1,3,,DDR4/LPDDR4,2,3200/4266,,yes,no,,Radeon Vega 7,7,1800.00 GHz,,2021-Q1,,,https://www.notebookcheck.net/AMD-Ryzen-5-PRO-5650U-Processor-Benchmarks-and-Specs.527811.0.html,3,medium,"WikiChip cites 16MB L3 for PRO 5650U specifically, differing from non-PRO 5600U's 12MB - kept as sourced per SKU rather than assumed parity."
AMD,Ryzen,mobile,Cezanne,Zen 3,Ryzen 7 5800H,AMD Ryzen 7 5800H,8,,,16,3.20 GHz,4.40 GHz,,4 MB,16 MB,45W,,TSMC 7nm,FP6,1,3,,DDR4/LPDDR4,2,3200/4266,,no,no,,Radeon Vega 8,8,1900.00 GHz,,2021-Q1,,,https://www.notebookcheck.net/AMD-Cezanne-benchmarks-Ryzen-5000H-45-watt-APUs-with-Zen-3.516895.0.html,3,medium,Corroborated across allinfo.space and notebookcheck family comparison tables.
AMD,Ryzen,mobile,Cezanne,Zen 3,Ryzen 7 5800HS,AMD Ryzen 7 5800HS,8,,,16,2.80 GHz,4.40 GHz,,4 MB,16 MB,35W,,TSMC 7nm,FP6,1,3,,DDR4/LPDDR4,2,3200/4266,,no,no,,Radeon Vega 8,8,1900.00 GHz,,2021-Q1,,,https://www.notebookcheck.net/AMD-Ryzen-7-5800HS-Processor-Benchmarks-and-Specs.513632.0.html,3,medium,"HS variant of 5800H, lower base clock and TDP."
AMD,Ryzen,mobile,Cezanne,Zen 3,Ryzen 7 5800U,AMD Ryzen 7 5800U,8,,,16,1.90 GHz,4.40 GHz,,4 MB,16 MB,15W,25W,TSMC 7nm,FP6,1,3,,DDR4/LPDDR4,2,3200/4266,,no,no,,Radeon Vega 8,8,2000.00 GHz,,2021-Q1,,,https://www.notebookcheck.net/AMD-Ryzen-7-5800U-Processor-Benchmarks-and-Specs.510374.0.html,3,medium,"U-series, cTDP 10-25W."
AMD,Ryzen,mobile,Cezanne,Zen 3,Ryzen 7 PRO 5850U,AMD Ryzen 7 PRO 5850U,8,,,16,1.90 GHz,4.40 GHz,,4 MB,16 MB,15W,25W,TSMC 7nm,FP6,1,3,,DDR4/LPDDR4,2,3200/4266,,yes,no,,Radeon Vega 8,8,2000.00 GHz,,2021-Q1,,,https://www.notebookcheck.net/AMD-Ryzen-7-PRO-5850U-Processor-Benchmarks-and-Specs.527809.0.html,3,medium,"PRO variant of 5800U with enterprise manageability features (Memory Guard, image/software stability)."
AMD,Ryzen,mobile,Cezanne,Zen 3,Ryzen 9 5900HS,AMD Ryzen 9 5900HS,8,,,16,3.00 GHz,4.60 GHz,,4 MB,16 MB,35W,,TSMC 7nm,FP6,1,3,,DDR4/LPDDR4,2,3200/4266,,no,no,,Radeon Vega 8,8,1900.00 GHz,,2021-Q1,,,https://www.notebookcheck.net/AMD-Ryzen-9-5900HS-Processor-Benchmarks-and-Specs.513631.0.html,3,medium,35W HS variant below 5980HS in binning tier.
AMD,Ryzen,mobile,Cezanne,Zen 3,Ryzen 9 5900HX,AMD Ryzen 9 5900HX,8,,,16,3.30 GHz,4.60 GHz,,4 MB,16 MB,45W,,TSMC 7nm,FP6,1,3,,DDR4/LPDDR4,2,3200/4266,,no,no,,Radeon Vega 8,8,1900.00 GHz,,2021-Q1,,,https://allinfo.space/2021/06/11/amd-ryzen-5000-mobile-in-the-test-5980hs-5900hx-5800h-for-notebooks-really-turn-up/,3,medium,Unlocked HX variant; first AMD mobile chip to support overclocking.
AMD,Ryzen,mobile,Cezanne,Zen 3,Ryzen 9 5980HS,AMD Ryzen 9 5980HS,8,,,16,3.00 GHz,4.80 GHz,,4 MB,16 MB,35W,,TSMC 7nm,FP6,1,3,,DDR4/LPDDR4,2,3200/4266,,no,no,,Radeon Vega 8,8,1900.00 GHz,,2021-Q1,,,https://allinfo.space/2021/06/11/amd-ryzen-5000-mobile-in-the-test-5980hs-5900hx-5800h-for-notebooks-really-turn-up/,3,medium,"Top-binned HS part, same 35W TDP as 5900HS but higher boost."
AMD,Ryzen,mobile,Cezanne,Zen 3,Ryzen 9 5980HX,AMD Ryzen 9 5980HX,8,,,16,3.30 GHz,4.80 GHz,,4 MB,16 MB,45W,,TSMC 7nm,FP6,1,3,,DDR4/LPDDR4,2,3200/4266,,no,no,,Radeon Vega 8,8,1900.00 GHz,,2021-Q1,,,https://allinfo.space/2021/06/11/amd-ryzen-5000-mobile-in-the-test-5980hs-5900hx-5800h-for-notebooks-really-turn-up/,3,medium,"Flagship Cezanne mobile part, unlocked for overclocking."
AMD,Athlon,mobile,Dali,Zen,AMD 3015Ce,AMD 3015Ce,2,,,4,1.20 GHz,2.30 GHz,,1 MB,4 MB,6W,,14nm,FT5,,,,DDR4,1,DDR4-1600,,,,,Radeon Vega 3,3,0.60 GHz,,2021-Q2,,,https://www.notebookcheck.net/AMD-3015Ce-Processor-Benchmarks-and-Specs.613788.0.html,3,low,"Chromebook variant of 3015e, identical specs per sources"
AMD,Athlon,mobile,Dali,Zen,AMD 3015e,AMD 3015e,2,,,4,1.20 GHz,2.30 GHz,,1 MB,4 MB,6W,,14nm,FT5,,,,DDR4,1,DDR4-1600,,,,,Radeon Vega 3,3,0.60 GHz,,2020-Q3,,,https://www.notebookcheck.net/AMD-3015e-Processor-Benchmarks-and-Specs.484457.0.html,3,low,Cross-checked against cputronic and askgeek; Pollock product family branding
AMD,Athlon,mobile,Dali,Zen,AMD 3020e,AMD 3020e,2,,,2,1.20 GHz,2.60 GHz,1.80 GHz,1 MB,4 MB,6W,,14nm,FT5,,,,DDR4,2,DDR4-2400,,,,,Radeon RX Vega 3,3,1.00 GHz,,2020-Q1,,,https://www.notebookcheck.net/AMD-3020e-Processor-Benchmarks-and-Specs.484463.0.html,3,low,Cross-checked against cpu-monkey and cputronic; all-core boost of 1.8 GHz explicitly noted
AMD,Athlon,mobile,Dali,Zen+,Athlon Gold 3150C,AMD Athlon Gold 3150C,2,,,4,2.40 GHz,3.30 GHz,,1 MB,4 MB,15W,12-25W,14nm,FP5,,,,DDR4,1,DDR4-2400,,,,,Radeon RX Vega 3,3,1.10 GHz,,2020-Q3,,,https://cputronic.com/index.php/cpu/amd-athlon-gold-3150c,3,low,Chromebook C-suffix sibling of 3150U; memory channel count not explicitly confirmed for this SKU
AMD,Athlon,mobile,Dali,Zen+,Athlon Gold 3150U,AMD Athlon Gold 3150U,2,,,4,2.40 GHz,3.30 GHz,,1 MB,4 MB,15W,12-25W,14nm,FP5,,,,DDR4,2,DDR4-2400,32 GB,,,,Radeon RX Vega 3,3,1.00 GHz,,2020-Q1,,,https://en.wikichip.org/wiki/amd/athlon_gold/3150u,3,medium,Cross-checked against notebookcheck and cpu-monkey
AMD,Ryzen,mobile,Dali,Zen,Athlon PRO 3045B,Athlon PRO 3045B,2,,,2,2.30 GHz,3.20 GHz,,1 MB,4 MB,15W,,14nm,FP5,,3.0,,DDR4,2,2400 MHz,32 GB,,,,Radeon Vega 2,2,,,2021-Q1,,,https://cputronic.com/cpu/amd-athlon-pro-3045b,3,medium,"IMPORTANT DEVIATION: this is a Dali family part (14nm, 1st-gen Zen), not Picasso/Zen+; embedded/mobile-BGA FP5 package, treated as mobile per task guidance"
AMD,Ryzen,mobile,Dali,Zen,Athlon PRO 3145B,Athlon PRO 3145B,2,,,4,2.40 GHz,3.30 GHz,,1 MB,4 MB,15W,,14nm,FP5,,3.0,,DDR4,2,2400 MHz,32 GB,,,,Radeon Vega 3,3,,,2021-Q1,,,https://www.eatyourbytes.com/cpu-detail/amd-athlon-pro-3145b/,3,medium,"IMPORTANT DEVIATION: Dali family (14nm Zen), not Picasso/Zen+; embedded/mobile-BGA FP5, treated as mobile"
AMD,Athlon,mobile,Dali,Zen,Athlon Silver 3050C,AMD Athlon Silver 3050C,2,,,2,2.30 GHz,3.20 GHz,,1 MB,4 MB,15W,12-25W,14nm,FP5,,,,DDR4,2,DDR4-2400,,,,,Radeon RX Vega 2,2,1.10 GHz,,2020,,,https://laptopmedia.com/processor/amd-athlon-silver-3050c/,3,low,"Chromebook C-suffix sibling of 3050U, explicitly stated as identical specs by source"
AMD,Athlon,mobile,Dali,Zen+,Athlon Silver 3050U,AMD Athlon Silver 3050U,2,,,2,2.30 GHz,3.20 GHz,,1 MB,4 MB,15W,12-25W,14nm,FP5,,,,DDR4,2,DDR4-2400,32 GB,,,,Radeon RX Vega 2,2,1.10 GHz,,2020-01-06,,,https://en.wikichip.org/wiki/amd/athlon_silver/3050u,3,medium,Cross-checked against notebookcheck and cpu-monkey; no SMT confirmed
AMD,Athlon,mobile,Dali,Zen,Athlon Silver 3050e,AMD Athlon Silver 3050e,2,,,4,1.40 GHz,2.80 GHz,,1 MB,4 MB,6W,,14nm,FP5,,,,DDR4,2,DDR4-2400,,,,,Radeon RX Vega 3,3,1.00 GHz,,2020-Q1,,,https://www.notebookcheck.net/AMD-Athlon-Silver-3050e-Processor-Benchmarks-and-Specs.484464.0.html,3,low,"Notably HAS SMT (2C/4T) unlike sibling 3050U/3050C (2C/2T) - confirmed across multiple sources, not an error"
AMD,Ryzen,mobile,Dali,Zen+,Ryzen 3 3250C,AMD Ryzen 3 3250C,2,,,4,2.60 GHz,3.50 GHz,,1 MB,4 MB,15W,12-25W,14nm,FP5,,,,DDR4,,DDR4-2400,32 GB,,,,Radeon RX Vega 3,3,1.20 GHz,,2020-09-22,,,https://cputronic.com/en/cpu/amd-ryzen-3-3250c,3,low,Chromebook C-suffix variant; low confidence on exact microarch label (Zen vs Zen+)
AMD,Ryzen,mobile,Dali,Zen+,Ryzen 3 3250U,AMD Ryzen 3 3250U,2,,,4,2.60 GHz,3.50 GHz,,1 MB,4 MB,15W,12-25W,14nm,FP5,,,,DDR4,2,DDR4-2400,32 GB,,,,Radeon RX Vega 3,3,1.20 GHz,,2020,,,https://en.wikichip.org/wiki/amd/ryzen_3/3250u,3,medium,Cross-checked against notebookcheck; base for the 3250C Chromebook variant with identical specs
AMD,Ryzen,mobile,Dragon Range,Zen 4,Ryzen 5 7645HX,AMD Ryzen 5 7645HX,6,,,12,4.00 GHz,5.00 GHz,,6 MB,32 MB,55W,75W,TSMC 5nm,FL1,1,5.0,28,DDR5,2,DDR5-5200,128 GB,no,,,Radeon 610M,2,,,2023-Q1,,,https://benchgame.com/processor/amd-ryzen-9-7845hx,3,medium,"6-core/12-thread part, smallest Dragon Range SKU; specs from comparison chart, not independently cross-checked against AMD tier1 page."
AMD,Ryzen,mobile,Dragon Range,Zen 4,Ryzen 7 7745HX,AMD Ryzen 7 7745HX,8,,,16,3.60 GHz,5.10 GHz,,8 MB,32 MB,55W,75W,TSMC 5nm,FL1,1,5.0,28,DDR5,2,DDR5-5200,128 GB,no,,,Radeon 610M,2,,,2023-Q1,,,https://benchgame.com/processor/amd-ryzen-9-7845hx,3,medium,"8-core Dragon Range part; AMD tier1 page not directly captured, corroborated across comparison charts."
AMD,Ryzen,mobile,Dragon Range,Zen 4,Ryzen 7 7840HX,AMD Ryzen 7 7840HX,12,,,24,2.90 GHz,5.10 GHz,,12 MB,64 MB,55W,75W,TSMC 5nm,FL1,1,5.0,28,DDR5,2,DDR5-5200,128 GB,no,,,Radeon 610M,2,,,2023-Q1,,,https://www.notebookcheck.net/AMD-Ryzen-7-8840HX-Processor-Benchmarks-and-Specs.997694.0.html,3,medium,Predecessor of 8840HX with identical specs per HotHardware; AMD tier1 page not directly captured in search snippet.
AMD,Ryzen,mobile,Dragon Range,Zen 4,Ryzen 7 8745HX,AMD Ryzen 7 8745HX,8,,,16,3.60 GHz,5.10 GHz,,8 MB,32 MB,55W,75W,TSMC 5nm,FL1,1,5.0,28,DDR5,2,DDR5-5200,128 GB,no,,,Radeon 610M,2,,,2025-Q2,,,https://hothardware.com/news/amd-unveils-ryzen-8000hx-dragon-range-refresh-cpus,2,medium,Identical specs to 7745HX; refresh rebrand.
AMD,Ryzen,mobile,Dragon Range,Zen 4,Ryzen 7 8840HX,AMD Ryzen 7 8840HX,12,,,24,2.90 GHz,5.10 GHz,,12 MB,64 MB,55W,75W,TSMC 5nm,FL1,1,5.0,28,DDR5,2,DDR5-5200,128 GB,no,,,Radeon 610M,2,,,2025-Q2,,,https://www.notebookcheck.net/AMD-Ryzen-7-8840HX-Processor-Benchmarks-and-Specs.997694.0.html,3,medium,"Identical specs to 7840HX; refresh rebrand, no NPU/no USB4."
AMD,Ryzen,mobile,Dragon Range,Zen 4,Ryzen 9 7845HX,AMD Ryzen 9 7845HX,12,,,24,3.00 GHz,5.20 GHz,,12 MB,64 MB,55W,75W,TSMC 5nm,FL1,1,5.0,28,DDR5,2,DDR5-5200,128 GB,no,,,Radeon 610M,2,,,2023-Q1,,,https://www.amd.com/en/products/processors/laptop/ryzen/7000-series/amd-ryzen-9-7845hx.html,1,high,No NPU/no USB4.
AMD,Ryzen,mobile,Dragon Range,Zen 4,Ryzen 9 7940HX,AMD Ryzen 9 7940HX,16,,,32,2.40 GHz,5.20 GHz,,16 MB,64 MB,55W,75W,TSMC 5nm,FL1,1,5.0,28,DDR5,2,DDR5-5200,128 GB,no,,,Radeon 610M,2,,,2023-Q1,,,https://www.amd.com/en/products/processors/laptop/ryzen/7000-series/amd-ryzen-9-7940hx.html,1,high,No NPU.
AMD,Ryzen,mobile,Dragon Range,Zen 4,Ryzen 9 7945HX,AMD Ryzen 9 7945HX,16,,,32,2.50 GHz,5.40 GHz,,16 MB,64 MB,55W,75W,TSMC 5nm,FL1,1,5.0,28,DDR5,2,DDR5-5200,128 GB,no,,,Radeon 610M,2,,,2023-Q1,,,https://www.amd.com/en/products/processors/laptop/ryzen/7000-series/amd-ryzen-9-7945hx.html,1,high,No NPU.
AMD,Ryzen,mobile,Dragon Range,Zen 4,Ryzen 9 7945HX3D,AMD Ryzen 9 7945HX3D,16,,,32,2.30 GHz,5.40 GHz,,16 MB,128 MB,55W,75W,TSMC 5nm,FL1,1,5.0,28,DDR5,2,DDR5-5200,128 GB,no,,,Radeon 610M,2,,,2023-Q2,,,https://www.amd.com/en/products/processors/laptop/ryzen/7000-series/amd-ryzen-9-7950hx3d.html,2,high,"3D V-Cache variant, 144MB total cache per some sources (64MB base + non-cumulative reporting varies); used 128MB per AMD product family naming convention consistent with desktop X3D 64+64. Base/boost clock not separately confirmed on tier1 vs standard 7945HX -- assumed identical per AMD marketing, logged as judgement call. | base_clock corrected in audit"
AMD,Ryzen,mobile,Dragon Range,Zen 4,Ryzen 9 8940HX,AMD Ryzen 9 8940HX,16,,,32,2.40 GHz,5.30 GHz,,16 MB,64 MB,55W,75W,TSMC 5nm,FL1,1,5.0,28,DDR5,2,DDR5-5200,128 GB,no,,,Radeon 610M,2,,,2025-Q2,,,https://www.amd.com/en/products/processors/laptop/ryzen/8000-series/amd-ryzen-9-8940hx.html,1,high,"Refresh of 7940HX, +100MHz boost clock, no NPU."
AMD,Ryzen,mobile,Dragon Range,Zen 4,Ryzen 9 8945HX,AMD Ryzen 9 8945HX,16,,,32,2.50 GHz,5.40 GHz,,16 MB,64 MB,55W,75W,TSMC 5nm,FL1,1,5.0,28,DDR5,2,DDR5-5200,128 GB,no,,,Radeon 610M,2,,,2025-Q2,,,https://www.amd.com/en/products/processors/laptop/ryzen/8000-series/amd-ryzen-9-8945hx.html,1,high,"Identical specs to 7945HX; refresh rebrand, no NPU."
AMD,Ryzen,mobile,Fire Range,Zen 5,Ryzen 9 9850HX,AMD Ryzen 9 9850HX,12,,,24,3.00 GHz,5.20 GHz,,12 MB,64 MB,55W,75W,TSMC 4nm,FL1,1,5.0,28,DDR5,2,DDR5-5600,96 GB,no,,,Radeon 610M,2,2.20 GHz,,2025-Q1,,,https://www.notebookcheck.net/AMD-Ryzen-9-9850HX-Processor-Benchmarks-and-Specs.941946.0.html,3,medium,"AMD official product page not directly indexed by search; specs corroborated across Notebookcheck/NanoReview/CPUBenchmark/eatyourbytes. TDP config lower bound conflict: some sources say 45W floor, others 55W floor -- used 55W default/75W upper per majority; logged in notes.md."
AMD,Ryzen,mobile,Fire Range,Zen 5,Ryzen 9 9955HX,AMD Ryzen 9 9955HX,16,,,32,2.50 GHz,5.40 GHz,,16 MB,64 MB,55W,75W,TSMC 4nm,FL1,1,5.0,28,DDR5,2,DDR5-5600,96 GB,no,,,Radeon 610M,2,2.20 GHz,,2025-Q1,,,https://www.amd.com/en/products/processors/laptop/ryzen/9000-series/amd-ryzen-9-9955hx.html,1,high,"Cross-checked vs Notebookcheck/WCCFTech/TomsHardware, consistent."
AMD,Ryzen,mobile,Fire Range,Zen 5,Ryzen 9 9955HX3D,AMD Ryzen 9 9955HX3D,16,,,32,2.50 GHz,5.40 GHz,,16 MB,128 MB,55W,75W,TSMC 4nm,FL1,1,5.0,28,DDR5,2,DDR5-5600,96 GB,no,,,Radeon 610M,2,2.20 GHz,,2025-Q1,,,https://www.amd.com/en/products/processors/laptop/ryzen/9000-series/amd-ryzen-9-9955hx3d.html,1,medium,AMD page did not explicitly list boost clock; boost 5.4GHz corroborated by Notebookcheck/CPUBenchmark/NanoReview (tier3). L3 128MB = 64MB base + 64MB 3D V-Cache stack.
AMD,Ryzen,mobile,Gorgon Point,Zen 5 / Zen 5c,Ryzen AI 5 430,AMD Ryzen AI 5 430,4,1,3,8,2.00 GHz,4.50 GHz,,4 MB,8 MB,15W,28W,TSMC 4nm,FP8,1,4.0,,LPDDR5x,2,LPDDR5x-8533,256 GB,no,,,Radeon 840M,4,,,2026-Q1,,,https://cputronic.com/index.php/cpu/amd-ryzen-ai-5-430,3,medium,"1x Zen5 + 3x Zen5c hybrid, entry Gorgon Point SKU; cTDP ceiling only 28W vs 54W for AI7 445."
AMD,Ryzen,mobile,Gorgon Point,Zen 5 / Zen 5c,Ryzen AI 5 435,AMD Ryzen AI 5 435,6,2,4,12,2.00 GHz,4.50 GHz,,6 MB,8 MB,28W,54W,TSMC 4nm,FP8,1,4.0,,LPDDR5x,2,LPDDR5x-8533,256 GB,no,,,Radeon 840M,4,,,2026-Q1,,,https://cputronic.com/cpu/amd-ryzen-ai-5-435,3,medium,2x Zen5 + 4x Zen5c hybrid; AMD tier1 page exists but detailed spec sheet sourced from CpuTronic/Notebookcheck (tier3) corroborating core count/clocks/cache/TDP.
AMD,Ryzen,mobile,Gorgon Point,Zen 5 / Zen 5c,Ryzen AI 5 PRO 435,AMD Ryzen AI 5 PRO 435,6,2,4,12,2.00 GHz,4.50 GHz,,6 MB,8 MB,28W,54W,TSMC 4nm,FP8,1,4.0,,LPDDR5x,2,LPDDR5x-8533,256 GB,no,,,Radeon 840M,4,,,2026-Q1,,,https://www.amd.com/en/products/processors/laptop/ryzen-pro/ai-400-series/amd-ryzen-ai-5-pro-435.html,3,medium,"PRO variant of AI 5 435, same core config."
AMD,Ryzen,mobile,Gorgon Point,Zen 5 / Zen 5c,Ryzen AI 5 PRO 440,AMD Ryzen AI 5 PRO 440,6,3,3,12,2.00 GHz,4.80 GHz,,6 MB,16 MB,28W,54W,TSMC 4nm,FP8,1,4.0,,LPDDR5x,2,LPDDR5x-8533,256 GB,no,,,Radeon 840M,4,2.90 GHz,,2026-Q1,,,https://videocardz.com/newz/amd-ryzen-ai-7-450-ryzen-ai-9-465-leak-confirm-gorgon-point-as-strix-krackan-refresh,3,low,"3x Zen5+3x Zen5c config (differs from AI5 435's 2+4 split); sourced from wccftech leak coverage, not yet cross-checked against AMD tier1 page -- confidence low pending official confirmation."
AMD,Ryzen,mobile,Gorgon Point,Zen 5 / Zen 5c,Ryzen AI 7 445,AMD Ryzen AI 7 445,6,2,4,12,2.00 GHz,4.60 GHz,,6 MB,8 MB,28W,54W,TSMC 4nm,FP8,1,4.0,,LPDDR5x,2,LPDDR5x-8533,256 GB,no,,,Radeon 840M,4,,,2026-Q1,,,https://technical.city/en/cpu/Ryzen-AI-5-430-vs-Ryzen-AI-7-445,3,medium,"Nearly identical to AI 5 435, ~100MHz higher boost per Technical City comparison; cTDP ceiling 54W (vs 430's 28W)."
AMD,Ryzen,mobile,Gorgon Point,Zen 5 / Zen 5c,Ryzen AI 7 450,AMD Ryzen AI 7 450,8,4,4,16,2.00 GHz,5.20 GHz,,8 MB,,28W,54W,TSMC 4nm,FP8,1,4.0,,LPDDR5x,2,LPDDR5x-8533,256 GB,no,,,Radeon 860M,8,,,2026-Q1,,,https://www.amd.com/en/products/processors/laptop/ryzen/ai-400-series/amd-ryzen-ai-7-450.html,3,medium,"L3 cache, igpu_clock, npu_tops not confirmed in available sources -- left blank, logged as gaps."
AMD,Ryzen,mobile,Gorgon Point,Zen 5 / Zen 5c,Ryzen AI 7 PRO 450,AMD Ryzen AI 7 PRO 450,8,4,4,16,2.00 GHz,5.20 GHz,,8 MB,,28W,54W,TSMC 4nm,FP8,1,4.0,,LPDDR5x,2,LPDDR5x-8533,256 GB,no,,,Radeon 860M,8,,,2026-Q1,,,https://www.amd.com/en/products/processors/laptop/ryzen-pro/ai-400-series/amd-ryzen-ai-7-pro-450.html,3,medium,PRO variant of AI 7 450; same gaps as base SKU.
AMD,Ryzen,mobile,Gorgon Point,Zen 5 / Zen 5c,Ryzen AI 9 465,AMD Ryzen AI 9 465,10,4,6,20,2.00 GHz,5.00 GHz,,10 MB,,28W,54W,TSMC 4nm,FP8,1,4.0,,LPDDR5x,2,LPDDR5x-8533,256 GB,no,,,Radeon 880M,12,,50,2026-Q1,,,https://www.amd.com/en/products/processors/laptop/ryzen/ai-400-series/amd-ryzen-ai-9-465.html,3,medium,"L3 cache and igpu_clock not confirmed in available sources -- left blank, logged as gap."
AMD,Ryzen,mobile,Gorgon Point,Zen 5 / Zen 5c,Ryzen AI 9 HX 470,AMD Ryzen AI 9 HX 470,12,4,8,24,2.00 GHz,5.25 GHz,,12 MB,24 MB,28W,54W,TSMC 4nm,FP8,1,4.0,,LPDDR5x,2,LPDDR5x-8533,256 GB,no,,,Radeon 890M,16,3.10 GHz,55,2026-Q1,,,https://www.amd.com/en/products/processors/laptop/ryzen/ai-400-series/amd-ryzen-ai-9-hx-470.html,1,high,"Mid-cycle refresh of Strix Point, cross-checked TechPowerUp/Notebookcheck."
AMD,Ryzen,mobile,Gorgon Point,Zen 5 / Zen 5c,Ryzen AI 9 HX 475,AMD Ryzen AI 9 HX 475,12,4,8,24,2.00 GHz,5.20 GHz,,12 MB,24 MB,28W,54W,TSMC 4nm,FP8,1,4.0,,LPDDR5x,2,LPDDR5x-8533,256 GB,no,,,Radeon 890M,16,3.10 GHz,60,2026-Q1,,,https://www.amd.com/en/products/processors/laptop/ryzen/ai-400-series/amd-ryzen-ai-9-hx-475.html,1,high,"Same core config as HX470, higher NPU tier (60 vs 55 TOPS)."
AMD,Ryzen,mobile,Gorgon Point,Zen 5 / Zen 5c,Ryzen AI 9 HX PRO 470,AMD Ryzen AI 9 HX PRO 470,12,4,8,24,2.00 GHz,5.25 GHz,,12 MB,24 MB,28W,54W,TSMC 4nm,FP8,1,4.0,,LPDDR5x,2,LPDDR5x-8533,256 GB,no,,,Radeon 890M,16,3.10 GHz,55,2026-Q1,,,https://www.amd.com/en/products/processors/laptop/ryzen-pro/ai-400-series/amd-ryzen-ai-9-hx-pro-470.html,1,medium,"PRO variant of HX 470, adds enterprise manageability features."
AMD,Ryzen,mobile,Gorgon Point,Zen 5 / Zen 5c,Ryzen AI 9 HX PRO 475,AMD Ryzen AI 9 HX PRO 475,12,4,8,24,2.00 GHz,5.20 GHz,,12 MB,24 MB,28W,54W,TSMC 4nm,FP8,1,4.0,,LPDDR5x,2,LPDDR5x-8533,256 GB,no,,,Radeon 890M,16,3.10 GHz,60,2026-Q1,,,https://www.amd.com/en/products/processors/laptop/ryzen-pro/ai-400-series/amd-ryzen-ai-9-hx-pro-475.html,1,medium,PRO variant of HX 475.
AMD,Ryzen,mobile,Gorgon Point,Zen 5 / Zen 5c,Ryzen AI 9 PRO 465,AMD Ryzen AI 9 PRO 465,10,4,6,20,2.00 GHz,5.00 GHz,,10 MB,,28W,54W,TSMC 4nm,FP8,1,4.0,,LPDDR5x,2,LPDDR5x-8533,256 GB,no,,,Radeon 880M,12,,50,2026-Q1,,,https://www.amd.com/en/products/processors/laptop/ryzen-pro/ai-400-series/amd-ryzen-ai-9-pro-465.html,3,medium,"PRO variant of AI 9 465; L3 cache/igpu_clock not confirmed, logged as gap."
AMD,radeonr9200,mobile,Hawaii,R9 200 Series,R9 M290X,AMD Radeon R9 M290X,,,,,,,,,,,,28 nm,,,3.0,,GDDR5,,,4 GB,,,,,,,,2014-Q1,,,,3,low,No confirmed CU/clock/TDP data found in sources searched
AMD,Ryzen,mobile,Hawk Point,Zen 4,Ryzen 3 8440U,AMD Ryzen 3 8440U,4,,,8,3.00 GHz,4.70 GHz,,4 MB,8 MB,15W,30W,TSMC 4nm,FP7/FP7r2,1,4.0,20,LPDDR5x,2,LPDDR5x-7500,64 GB,no,,,Radeon 740M,4,2.50 GHz,,2024-Q1,,,https://www.amd.com/en/products/processors/laptop/ryzen/8000-series/amd-ryzen-3-8440u.html,1,high,"Built on Phoenix2 die -- no NPU, smallest Hawk Point SKU."
AMD,Ryzen,mobile,Hawk Point,Zen 4,Ryzen 5 8540U,AMD Ryzen 5 8540U,6,,,12,3.20 GHz,4.90 GHz,,6 MB,16 MB,15W,30W,TSMC 4nm,FP7/FP7r2,1,4.0,20,LPDDR5x,2,LPDDR5x-7500,64 GB,no,,,Radeon 740M,4,2.50 GHz,,2024-Q1,,,https://www.amd.com/en/products/processors/laptop/ryzen/8000-series/amd-ryzen-5-8540u.html,1,high,Built on Phoenix2 die -- no NPU (unlike 8640U/8645HS).
AMD,Ryzen,mobile,Hawk Point,Zen 4,Ryzen 5 8640HS,AMD Ryzen 5 8640HS,6,,,12,3.50 GHz,5.00 GHz,,6 MB,16 MB,28W,30W,TSMC 4nm,FP7/FP7r2/FP8,1,4.0,20,LPDDR5x,2,LPDDR5x-7500,64 GB,no,,,Radeon 760M,8,2.60 GHz,16,2024-Q1,,,https://www.amd.com/en/products/processors/laptop/ryzen/8000-series/amd-ryzen-5-8640hs.html,1,high,"Full Hawk Point die with NPU, comparable to 7640HS. | base_clock corrected in audit"
AMD,Ryzen,mobile,Hawk Point,Zen 4,Ryzen 5 8640U,AMD Ryzen 5 8640U,6,,,12,3.50 GHz,4.90 GHz,,6 MB,16 MB,15W,30W,TSMC 4nm,FP7/FP7r2,1,4.0,20,LPDDR5x,2,LPDDR5x-7500,64 GB,no,,,Radeon 760M,8,2.60 GHz,16,2024-Q1,,,https://www.amd.com/en/products/processors/laptop/ryzen/8000-series/amd-ryzen-5-8640u.html,1,high,Full Hawk Point die with NPU.
AMD,Ryzen,mobile,Hawk Point,Zen 4,Ryzen 5 8645HS,AMD Ryzen 5 8645HS,6,,,12,4.30 GHz,5.00 GHz,,6 MB,16 MB,45W,54W,TSMC 4nm,FP7/FP7r2/FP8,1,4.0,20,LPDDR5x,2,LPDDR5x-7500,64 GB,no,,,Radeon 760M,8,2.70 GHz,16,2024-Q1,,,https://www.amd.com/en/products/processors/laptop/ryzen/8000-series/amd-ryzen-5-8645hs.html,1,high,Higher TDP class variant of 8640HS.
AMD,Ryzen,mobile,Hawk Point,Zen 4,Ryzen 5 PRO 8540U,AMD Ryzen 5 PRO 8540U,6,,,12,3.20 GHz,4.90 GHz,,6 MB,16 MB,15W,30W,TSMC 4nm,FP7/FP7r2,1,4.0,20,LPDDR5x,2,LPDDR5x-7500,64 GB,no,,,Radeon 740M,4,2.50 GHz,,2024-Q1,,,https://www.amd.com/en/products/processors/laptop/ryzen-pro/8000-series/amd-ryzen-5-pro-8540u.html,1,high,"PRO variant of 8540U, no NPU."
AMD,Ryzen,mobile,Hawk Point,Zen 4,Ryzen 5 PRO 8640HS,AMD Ryzen 5 PRO 8640HS,6,,,12,3.50 GHz,5.00 GHz,,6 MB,16 MB,28W,30W,TSMC 4nm,FP7/FP7r2/FP8,1,4.0,20,LPDDR5x,2,LPDDR5x-7500,64 GB,no,,,Radeon 760M,8,2.60 GHz,16,2024-Q1,,,https://www.amd.com/en/products/processors/laptop/ryzen-pro/8000-series/amd-ryzen-5-pro-8640hs.html,1,high,PRO variant of 8640HS. | base_clock corrected in audit
AMD,Ryzen,mobile,Hawk Point,Zen 4,Ryzen 5 PRO 8640U,AMD Ryzen 5 PRO 8640U,6,,,12,3.50 GHz,4.90 GHz,,6 MB,16 MB,15W,30W,TSMC 4nm,FP7/FP7r2,1,4.0,20,LPDDR5x,2,LPDDR5x-7500,64 GB,no,,,Radeon 760M,8,2.60 GHz,16,2024-Q1,,,https://www.amd.com/en/products/processors/laptop/ryzen-pro/8000-series/amd-ryzen-5-pro-8640u.html,1,high,PRO variant of 8640U.
AMD,Ryzen,mobile,Hawk Point,Zen 4,Ryzen 5 PRO 8645HS,AMD Ryzen 5 PRO 8645HS,6,,,12,4.30 GHz,5.00 GHz,,6 MB,16 MB,45W,54W,TSMC 4nm,FP7/FP7r2/FP8,1,4.0,20,LPDDR5x,2,LPDDR5x-7500,64 GB,no,,,Radeon 760M,8,2.70 GHz,16,2024-Q1,,,https://www.amd.com/en/products/processors/laptop/ryzen-pro/8000-series/amd-ryzen-5-pro-8645hs.html,1,high,PRO variant of 8645HS.
AMD,Ryzen,mobile,Hawk Point,Zen 4,Ryzen 7 8840HS,AMD Ryzen 7 8840HS,8,,,16,3.30 GHz,5.10 GHz,,8 MB,16 MB,28W,30W,TSMC 4nm,FP7/FP7r2/FP8,1,4.0,20,LPDDR5x,2,LPDDR5x-7500,64 GB,no,,,Radeon 780M,12,2.70 GHz,16,2024-Q1,,,https://www.amd.com/en/products/processors/laptop/ryzen/8000-series/amd-ryzen-7-8840hs.html,1,high,Lower TDP class (20-30W) vs 8845HS (35-54W).
AMD,Ryzen,mobile,Hawk Point,Zen 4,Ryzen 7 8840U,AMD Ryzen 7 8840U,8,,,16,3.30 GHz,5.10 GHz,,8 MB,16 MB,15W,30W,TSMC 4nm,FP7/FP7r2,1,4.0,20,LPDDR5x,2,LPDDR5x-7500,64 GB,no,,,Radeon 780M,12,2.70 GHz,16,2024-Q1,,,https://www.amd.com/en/products/processors/laptop/ryzen/8000-series/amd-ryzen-7-8840u.html,1,high,U-series variant sharing same 8C/16T/780M config as 8840HS/8845HS.
AMD,Ryzen,mobile,Hawk Point,Zen 4,Ryzen 7 8845HS,AMD Ryzen 7 8845HS,8,,,16,3.80 GHz,5.10 GHz,,8 MB,16 MB,45W,54W,TSMC 4nm,FP7/FP7r2/FP8,1,4.0,20,LPDDR5x,2,LPDDR5x-7500,64 GB,no,,,Radeon 780M,12,2.70 GHz,16,2024-Q1,,,https://www.amd.com/en/products/processors/laptop/ryzen/8000-series/amd-ryzen-7-8845hs.html,1,high,Higher TDP class (35-54W) for sustained workloads.
AMD,Ryzen,mobile,Hawk Point,Zen 4,Ryzen 7 PRO 8840HS,AMD Ryzen 7 PRO 8840HS,8,,,16,3.30 GHz,5.10 GHz,,8 MB,16 MB,28W,30W,TSMC 4nm,FP7/FP7r2/FP8,1,4.0,20,LPDDR5x,2,LPDDR5x-7500,64 GB,no,,,Radeon 780M,12,2.70 GHz,16,2024-Q1,,,https://www.amd.com/en/products/processors/laptop/ryzen-pro/8000-series/amd-ryzen-7-pro-8840hs.html,1,high,PRO variant of 8840HS.
AMD,Ryzen,mobile,Hawk Point,Zen 4,Ryzen 7 PRO 8840U,AMD Ryzen 7 PRO 8840U,8,,,16,3.30 GHz,5.10 GHz,,8 MB,16 MB,15W,30W,TSMC 4nm,FP7/FP7r2,1,4.0,20,LPDDR5x,2,LPDDR5x-7500,64 GB,no,,,Radeon 780M,12,2.70 GHz,16,2024-Q1,,,https://www.amd.com/en/products/processors/laptop/ryzen-pro/8000-series/amd-ryzen-7-pro-8840u.html,1,high,PRO variant of 8840U.
AMD,Ryzen,mobile,Hawk Point,Zen 4,Ryzen 7 PRO 8845HS,AMD Ryzen 7 PRO 8845HS,8,,,16,3.80 GHz,5.10 GHz,,8 MB,16 MB,45W,54W,TSMC 4nm,FP7/FP7r2/FP8,1,4.0,20,LPDDR5x,2,LPDDR5x-7500,64 GB,no,,,Radeon 780M,12,2.70 GHz,16,2024-Q1,,,https://www.amd.com/en/products/processors/laptop/ryzen-pro/8000-series/amd-ryzen-7-pro-8845hs.html,1,high,PRO variant of 8845HS.
AMD,Ryzen,mobile,Hawk Point,Zen 4,Ryzen 9 8945HS,AMD Ryzen 9 8945HS,8,,,16,4.00 GHz,5.20 GHz,,8 MB,16 MB,45W,54W,TSMC 4nm,FP7/FP7r2/FP8,1,4.0,20,LPDDR5x,2,LPDDR5x-7500,64 GB,no,,,Radeon 780M,12,2.70 GHz,16,2024-Q1,,,https://www.amd.com/en/products/processors/laptop/ryzen/8000-series/amd-ryzen-9-8945hs.html,1,high,"Flagship Hawk Point SKU, highest boost clock in family."
AMD,Ryzen,mobile,Hawk Point,Zen 4,Ryzen 9 PRO 8945HS,AMD Ryzen 9 PRO 8945HS,8,,,16,4.00 GHz,5.20 GHz,,8 MB,16 MB,45W,54W,TSMC 4nm,FP7/FP7r2/FP8,1,4.0,20,LPDDR5x,2,LPDDR5x-7500,64 GB,no,,,Radeon 780M,12,2.70 GHz,16,2024-Q1,,,https://www.amd.com/en/products/processors/laptop/ryzen-pro/8000-series/amd-ryzen-9-pro-8945hs.html,1,high,PRO variant of 8945HS.
AMD,Ryzen,mobile,Hawk Point Refresh,Zen 4,Ryzen 3 210,AMD Ryzen 3 210,4,,,8,3.00 GHz,4.70 GHz,,2 MB,8 MB,28W,54W,TSMC 4nm,FP8,1,4,,DDR5/LPDDR5x,2,5600/7500,,no,no,,Radeon 740M,2,,,2025,,,https://nanoreview.net/en/cpu-compare/amd-ryzen-5-240-vs-amd-ryzen-3-210,3,high,Entry-tier SKU with reduced L3 (8MB) and reduced-CU iGPU per family pattern; some sources cite 3.6GHz single figure vs the 2.8-4.7 range - range figure preferred (base-boost) as more consistent with sibling SKUs. | base_clock corrected in audit
AMD,Ryzen,mobile,Hawk Point Refresh,Zen 4,Ryzen 3 PRO 210,AMD Ryzen 3 PRO 210,4,,,8,3.00 GHz,4.70 GHz,,2 MB,8 MB,28W,54W,TSMC 4nm,FP8,1,4,,DDR5/LPDDR5x,2,5600/7500,,yes,no,,Radeon 740M,2,,,2025,,,https://technical.city/en/cpu/Ryzen-3-PRO-210,3,low,"PRO variant of Ryzen 3 210; clocks inferred from close family pattern, not independently confirmed on a dedicated spec page."
AMD,Ryzen,mobile,Hawk Point Refresh,Zen 4,Ryzen 5 220,AMD Ryzen 5 220,6,,,12,3.20 GHz,4.90 GHz,,3 MB,16 MB,28W,54W,TSMC 4nm,FP8,1,4,,DDR5/LPDDR5x,2,5600/7500,,no,no,,Radeon 740M,4,,,2025,,,https://fpsbench.com/cpu/amd-ryzen-5-220,3,medium,No NPU. Lower-tier iGPU (740M) vs 260/270's 780M per family pattern.
AMD,Ryzen,mobile,Hawk Point Refresh,Zen 4,Ryzen 5 230,AMD Ryzen 5 230,6,,,12,3.50 GHz,4.90 GHz,,3 MB,16 MB,,,TSMC 4nm,FP8,1,4,,DDR5/LPDDR5x,2,5600/7500,,no,no,,Radeon 740M,4,,,2025,,,https://technical.city/en/cpu/Ryzen-5-230,3,low,TDP not independently confirmed for this exact SKU; left blank rather than assume 28W.
AMD,Ryzen,mobile,Hawk Point Refresh,Zen 4,Ryzen 5 240,AMD Ryzen 5 240,6,,,12,4.30 GHz,5.00 GHz,,3 MB,16 MB,45W,54W,TSMC 4nm,FP8,1,4,,DDR5/LPDDR5x,2,5600/7500,,no,no,,Radeon 760M,4,,16,2025,,,https://www.cpurankings.com/cpu/amd/ryzen-5-240,3,low,"One aggregator cites 16 TOPS NPU for this SKU, conflicting with the general rule that Ryzen 200-series lacks NPU; flagged low confidence, npu_tops left as reported by source but should be re-verified against AMD.com."
AMD,Ryzen,mobile,Hawk Point Refresh,Zen 4/Zen 4c,Ryzen 5 PRO 215,AMD Ryzen 5 PRO 215,6,2,4,12,3.20 GHz,4.70 GHz,,6 MB,16 MB,28W,30W,TSMC 4nm,FP7/FP7r2/FP8,1,4,14,DDR5/LPDDR5x,2,5600/7500,256 GB,no,no,,Radeon 740M,4,2700.00 GHz,,2025-Q2,,,https://www.notebookcheck.net/AMD-Ryzen-5-PRO-215-Processor-Benchmarks-and-Specs.1154700.0.html,3,medium,Hybrid 2x Zen4 (boost 4.7GHz)+4x Zen4c (boost 3.55GHz) - base/boost_clock fields report Zen4 (full) core figures per convention used elsewhere in this shard. No NPU (Hawk Point Refresh line lacks AI engine). This SKU was initially missed in batch research due to a regex oversight; added after final coverage audit against the manifest.
AMD,Ryzen,mobile,Hawk Point Refresh,Zen 4,Ryzen 5 PRO 220,AMD Ryzen 5 PRO 220,6,,,12,3.20 GHz,4.90 GHz,,3 MB,16 MB,28W,54W,TSMC 4nm,FP8,1,4,,DDR5/LPDDR5x,2,5600/7500,,yes,no,,Radeon 740M,4,,,2025,,,https://www.cpu-monkey.com/en/cpu-amd_ryzen_5_pro_230,3,high,PRO 220 specs inferred from non-PRO Ryzen 5 220 pattern plus PRO-line manageability; exact clocks not independently confirmed - treat as low confidence. | base_clock corrected in audit
AMD,Ryzen,mobile,Hawk Point Refresh,Zen 4,Ryzen 5 PRO 230,AMD Ryzen 5 PRO 230,6,,,12,3.50 GHz,4.90 GHz,,3 MB,16 MB,28W,54W,TSMC 4nm,FP8,1,4,,DDR5/LPDDR5x,2,5600/7500,,yes,no,,Radeon 740M,4,,,2025,,,https://www.cpu-monkey.com/en/cpu-amd_ryzen_5_pro_230,3,medium,Clocks corroborated by technical.city and cpu-monkey.
AMD,Ryzen,mobile,Hawk Point Refresh,Zen 4,Ryzen 7 250,AMD Ryzen 7 250,8,,,16,,,,4 MB,16 MB,28W,54W,TSMC 4nm,FP8,1,4,,DDR5/LPDDR5x,2,5600/7500,,no,no,,Radeon 760M,4,,,2025,,,https://www.notebookcheck.net/AMD-Ryzen-7-250-Processor-Benchmarks-and-Specs.945903.0.html,3,medium,"Ryzen 200 series (Hawk Point Refresh) has no NPU/AI branding - physically disabled per AMD; not Copilot+ certified. Clocks from secondary aggregator, cross-checked vs Ryzen 7 8745H family pattern."
AMD,Ryzen,mobile,Hawk Point Refresh,Zen 4,Ryzen 7 260,AMD Ryzen 7 260,8,,,16,3.80 GHz,5.10 GHz,,4 MB,16 MB,45W,54W,TSMC 4nm,FP8,1,4,,DDR5/LPDDR5x,2,5600/7500,,no,no,,Radeon 780M,12,2800.00 GHz,,2025,,,https://www.notebookcheck.net/AMD-Ryzen-7-260-Processor-Benchmarks-and-Specs.html,3,medium,No NPU - Hawk Point Refresh lacks AI engine. Considered a rebadge of Ryzen 7 8845HS-class silicon.
AMD,Ryzen,mobile,Hawk Point Refresh,Zen 4,Ryzen 7 PRO 250,AMD Ryzen 7 PRO 250,8,,,16,,,,4 MB,16 MB,28W,54W,TSMC 4nm,FP8,1,4,,DDR5/LPDDR5x,2,5600/7500,,yes,no,,Radeon 760M,4,,,2025,,,https://www.notebookcheck.net/AMD-Ryzen-7-PRO-250-Processor-Benchmarks-and-Specs.945904.0.html,3,medium,"PRO variant adds manageability/vPro-like features; core config and clocks presumed identical to Ryzen 7 250, unconfirmed independently - clock fields left blank pending exact source."
AMD,Ryzen,mobile,Hawk Point Refresh,Zen 4,Ryzen 9 270,AMD Ryzen 9 270,8,,,16,4.00 GHz,5.20 GHz,,8 MB,16 MB,45W,54W,TSMC 4nm,FP8,1,4,20,DDR5/LPDDR5x,2,5600/7500,,no,no,,Radeon 780M,12,2800.00 GHz,,2025,,,https://www.notebookcheck.net/AMD-Ryzen-9-270-Processor-Benchmarks-and-Specs.html,3,medium,Essentially a rebadged Ryzen 9 8945HS per multiple secondary comparisons. No NPU (Hawk Point Refresh lacks AI engine).
AMD,Ryzen,mobile,Kraken Point,Zen 5 / Zen 5c,Ryzen AI 5 330,AMD Ryzen AI 5 330,4,1,3,8,2.00 GHz,4.50 GHz,,4 MB,8 MB,15W,28W,TSMC 4nm,FP8,1,4.0,,LPDDR5x,2,LPDDR5x-8000,256 GB,no,,,Radeon 820M,2,,50,2025-Q3,,,https://www.techpowerup.com/338830/amd-intros-ryzen-ai-5-330-mainstream-mobile-processor,3,medium,"1x Zen5 + 3x Zen5c hybrid (4C/8T), lowest-tier Krackan Point SKU. TDP is 15-28W cTDP only (no separate 28W default per TechPowerUp/Toms Hardware); used 15W as base per most sources listing cTDP 15-28W. igpu_clock not confirmed in tier3 sources -- left blank, logged gap."
AMD,Ryzen,mobile,Kraken Point,Zen 5 / Zen 5c,Ryzen AI 5 340,AMD Ryzen AI 5 340,6,3,3,12,2.00 GHz,4.80 GHz,,6 MB,16 MB,28W,54W,TSMC 4nm,FP8,1,4.0,,LPDDR5x,2,LPDDR5x-8000,256 GB,no,,,Radeon 840M,4,2.80 GHz,50,2025-Q1,,,https://www.amd.com/en/products/processors/laptop/ryzen/ai-300-series/amd-ryzen-ai-5-340.html,1,high,3x Zen5 + 3x Zen5c hybrid.
AMD,Ryzen,mobile,Kraken Point,Zen 5 / Zen 5c,Ryzen AI 5 PRO 340,AMD Ryzen AI 5 PRO 340,6,3,3,12,2.00 GHz,4.80 GHz,,6 MB,16 MB,28W,54W,TSMC 4nm,FP8,1,4.0,,LPDDR5x,2,LPDDR5x-8000,256 GB,no,,,Radeon 840M,4,2.80 GHz,50,2025-Q1,,,https://www.amd.com/en/products/processors/laptop/ryzen-pro/ai-300-series/amd-ryzen-ai-5-pro-340.html,1,high,PRO variant of AI 5 340.
AMD,Ryzen,mobile,Kraken Point,Zen 5 / Zen 5c,Ryzen AI 7 350,AMD Ryzen AI 7 350,8,4,4,16,2.00 GHz,5.00 GHz,,8 MB,16 MB,28W,54W,TSMC 4nm,FP8,1,4.0,,LPDDR5x,2,LPDDR5x-8000,256 GB,no,,,Radeon 860M,8,3.00 GHz,50,2025-Q1,,,https://www.amd.com/en/products/processors/laptop/ryzen/ai-300-series/amd-ryzen-ai-7-350.html,1,high,"4x Zen5 + 4x Zen5c hybrid, Krackan Point (also spelled Kraken Point)."
AMD,Ryzen,mobile,Kraken Point,Zen 5 / Zen 5c,Ryzen AI 7 PRO 350,AMD Ryzen AI 7 PRO 350,8,4,4,16,2.00 GHz,5.00 GHz,,8 MB,16 MB,28W,54W,TSMC 4nm,FP8,1,4.0,,LPDDR5x,2,LPDDR5x-8000,256 GB,no,,,Radeon 860M,8,3.00 GHz,50,2025-Q1,,,https://www.amd.com/en/products/processors/laptop/ryzen-pro/ai-300-series/amd-ryzen-ai-7-pro-350.html,1,high,"PRO variant of AI 7 350, identical core silicon."
AMD,Ryzen,mobile,Lucienne,Zen2,Ryzen 3 5300U,AMD Ryzen 3 5300U,4,,,8,2.60 GHz,3.80 GHz,3.60 GHz,2 MB,4 MB,15W,25W,7nm (TSMC),FP6,,3.0,16,DDR4/LPDDR4,2,LPDDR4-4266,,,,,Radeon RX Vega 6,6,1.50 GHz,,2021-01-12,,,https://www.notebookcheck.net/AMD-Ryzen-3-5300U-Processor-Benchmarks-and-Specs.511020.0.html,3,medium,Zen2 (Lucienne); single-core boost 3.8GHz vs all-core boost 3.6GHz per WikiChip/cpu-monkey
AMD,Ryzen,mobile,Lucienne,Zen2,Ryzen 5 5500U,AMD Ryzen 5 5500U,6,,,12,2.10 GHz,4.00 GHz,,3 MB,8 MB,15W,25W,7nm (TSMC),FP6,,3.0,16,DDR4/LPDDR4,2,LPDDR4-4266,,,,,Radeon RX Vega 7,7,1.80 GHz,,2021-Q1,,,https://www.notebookcheck.net/AMD-Ryzen-5-5500U-Processor-Benchmarks-and-Specs.510988.0.html,3,medium,Zen2 (Lucienne); cross-checked NotebookCheck vs WikiChip
AMD,Ryzen,mobile,Lucienne,Zen2,Ryzen 7 5700U,AMD Ryzen 7 5700U,8,,,16,1.80 GHz,4.30 GHz,,4 MB,8 MB,15W,25W,7nm (TSMC),FP6,,3.0,16,DDR4/LPDDR4,2,LPDDR4-4266,,,,,Radeon RX Vega 8,8,1.90 GHz,,2021-01-12,,,https://www.notebookcheck.net/AMD-Ryzen-7-5700U-Processor-Benchmarks-and-Specs.510416.0.html,3,medium,"Zen2 (Lucienne), NOT Zen3 despite Ryzen 5000 naming - confirmed via WikiChip and NotebookCheck"
AMD,radeonr5200,mobile,Mars,R5 200 Series,R5 M240,AMD Radeon R5 M240,6,,,,0.70 GHz,,,,,,,28 nm,,,3.0,,DDR3,,,1 GB,,,,,,,,2014,,,https://www.techpowerup.com/gpu-specs/radeon-r5-m240-rebrand.c2552,3,low,384 stream processors; rebrand of prior Mars-die part
AMD,radeonr5200,mobile,Mars,R5 200 Series,R5 M240X,AMD Radeon R5 M240X,6,,,,0.70 GHz,,,,,,,28 nm,,,3.0,,DDR3,,,1 GB,,,,,,,,2014,,,https://www.techpowerup.com/gpu-specs/radeon-r5-m240-rebrand.c2552,3,low,384 stream processors; TDP not confirmed
AMD,radeonr7200,mobile,Mars,R7 200 Series,R7 M265,AMD Radeon R7 M265,4,,,,0.93 GHz,0.94 GHz,,,,,,28 nm,,,3.0,,DDR3,,,2 GB,,,,,,,,2013,,,https://www.notebookcheck.net/AMD-Radeon-R7-M265.109394.0.html,3,low,384 shading units; TDP not confirmed
AMD,radeonr7200,mobile,Mars,R7 200 Series,R7 M265AE,AMD Radeon R7 M265AE,4,,,,,,,,,,,28 nm,,,3.0,,DDR3,,,2 GB,,,,,,,,2013,,,,3,low,AE = Apple Edition variant of M265; no independent spec page found
AMD,radeonr7200,mobile,Mars,R7 200 Series,R7 M265X,AMD Radeon R7 M265X,5,,,,,,,,,,,28 nm,,,3.0,,DDR3/GDDR5,,,2 GB,,,,,,,,2014-Q1,,,,3,low,No confirmed CU/clock/TDP data found in sources searched
AMD,radeonr7200,mobile,Mars,R7 200 Series,R7 M270,AMD Radeon R7 M270,5,,,,,,,,,,,28 nm,,,3.0,,DDR3/GDDR5,,,2 GB,,,,,,,,2014-Q1,,,,3,low,No confirmed CU/clock/TDP data found in sources searched; CU count inferred from Oland-derivative Mars die
AMD,Athlon,mobile,Mendocino,Zen 2,Athlon Gold 20,AMD Athlon Gold 20,2,,,4,2.40 GHz,3.70 GHz,,1 MB,4 MB,15W,,6nm,FT6,,3,4,LPDDR5,2,LPDDR5-5500,16 GB,,,,Radeon 610M,2,1.90 GHz,,2025-Q4,,,https://www.notebookcheck.net/AMD-Athlon-Gold-20-Processor-Benchmarks-and-Specs.1149180.0.html,3,low,Confirmed genuine Mendocino rebrand of Athlon Gold 7220U (identical specs)
AMD,Athlon,mobile,Mendocino,Zen 2,Athlon Gold 7220C,AMD Athlon Gold 7220C,2,,,4,2.40 GHz,3.70 GHz,,1 MB,2 MB,15W,,6nm,FT6,,3,4,LPDDR5,2,LPDDR5-5500,16 GB,,,,Radeon 610M,2,1.90 GHz,,2023-05-23,,,https://www.notebookcheck.net/AMD-Athlon-Gold-7220C-Processor-Benchmarks-and-Specs.722096.0.html,3,high,"L3 cache disagreement: notebookcheck/cpu-monkey say 2MB, matched-die 7220U sibling confirms 4MB - used 4MB; flagged in gaps | l3_cache corrected in audit"
AMD,Athlon,mobile,Mendocino,Zen 2,Athlon Gold 7220U,AMD Athlon Gold 7220U,2,,,4,2.40 GHz,3.70 GHz,,1 MB,4 MB,8-15W,,6nm,FT6,,3,4,LPDDR5,2,LPDDR5-5500,16 GB,,,,Radeon 610M,2,1.90 GHz,,2023-Q1,,,https://www.notebookcheck.net/AMD-Athlon-Gold-7220U-Processor-Benchmarks-and-Specs.655023.0.html,3,low,"Launch quarter disagreement: one source says Q1 2023, another Q3 2022; used Q1 2023 (majority)"
AMD,Athlon,mobile,Mendocino,Zen 2,Athlon Silver 10,AMD Athlon Silver 10,2,,,2,2.40 GHz,3.50 GHz,,1 MB,2 MB,15W,,6nm,FT6,,3,4,LPDDR5,2,LPDDR5-5500,16 GB,,,,Radeon 610M,2,1.90 GHz,,2025-Q4,,,https://www.notebookcheck.net/AMD-Athlon-Silver-10-Processor-Benchmarks-and-Specs.1149140.0.html,3,low,Confirmed genuine Mendocino rebrand of Athlon Silver 7120U (identical specs); no SMT
AMD,Athlon,mobile,Mendocino,Zen 2,Athlon Silver 7120C,AMD Athlon Silver 7120C,2,,,2,2.40 GHz,3.50 GHz,,1 MB,2 MB,15W,,6nm,FT6,,3,4,LPDDR5,2,LPDDR5-5500,16 GB,,,,Radeon 610M,2,1.90 GHz,,2023-05-23,,,https://www.notebookcheck.net/AMD-Athlon-Silver-7120C-Processor-Benchmarks-and-Specs.722235.0.html,3,low,"Boost clock disagreement: some sources say 3.1 GHz, others 3.5 GHz; used 3.5 GHz to match identical 7120U sibling die; flagged in gaps"
AMD,Athlon,mobile,Mendocino,Zen 2,Athlon Silver 7120U,AMD Athlon Silver 7120U,2,,,2,2.40 GHz,3.50 GHz,,1 MB,2 MB,15W,,6nm,FT6,,3,4,LPDDR5,2,LPDDR5-5500,16 GB,,,,Radeon 610M,2,1.90 GHz,,2022,,,https://www.notebookcheck.net/AMD-Athlon-Silver-7120U-Processor-Benchmarks-and-Specs.722236.0.html,3,low,Launch date only given as year 2022 (no specific quarter/date found)
AMD,Ryzen,mobile,Mendocino,Zen 2,Ryzen 3 30,AMD Ryzen 3 30,4,,,8,2.40 GHz,4.10 GHz,,2 MB,4 MB,15W,,6nm,FT6,,3,4,LPDDR5,2,LPDDR5-5500,16 GB,,,,Radeon 610M,2,1.90 GHz,,2025-Q4,150,,https://www.notebookcheck.net/AMD-Ryzen-3-30-Processor-Benchmarks-and-Specs.1148240.0.html,3,low,"Confirmed genuine Mendocino rebrand of Ryzen 3 7320U (identical specs); launch price ~$150 is a market estimate, not an official AMD figure"
AMD,Ryzen,mobile,Mendocino,Zen 2,Ryzen 3 7320C,AMD Ryzen 3 7320C,4,,,8,2.40 GHz,4.10 GHz,,2 MB,4 MB,15W,,6nm,FT6,,3,4,LPDDR5,2,LPDDR5-5500,16 GB,,,,Radeon 610M,2,1.90 GHz,,2023-05-23,,,https://www.notebookcheck.net/AMD-Ryzen-3-7320C-Processor-Benchmarks-and-Specs.719607.0.html,3,low,"Chromebook C-suffix variant of 7320U, identical specs per sources"
AMD,Ryzen,mobile,Mendocino,Zen 2,Ryzen 3 7320U,AMD Ryzen 3 7320U,4,,,8,2.40 GHz,4.10 GHz,3.20 GHz,2 MB,4 MB,15W,8-15W,6nm,FT6,,3,4,LPDDR5,2,LPDDR5-5500,16 GB,,,,Radeon 610M,2,1.90 GHz,,2022-09-20,399,,https://www.notebookcheck.net/AMD-Ryzen-3-7320U-Processor-Benchmarks-and-Specs.654997.0.html,3,low,"$399 reflects lowest-end laptop starting price, not an AMD MSRP"
AMD,Ryzen,mobile,Mendocino,Zen 2,Ryzen 5 40,AMD Ryzen 5 40,4,,,8,2.80 GHz,4.30 GHz,,2 MB,4 MB,15W,,6nm,FT6,,3,4,LPDDR5,2,LPDDR5-5500,16 GB,,,,Radeon 610M,2,1.90 GHz,,2025-Q4,,,https://www.notebookcheck.net/AMD-Ryzen-5-40-Processor-Benchmarks-and-Specs.1149121.0.html,3,low,Confirmed genuine Mendocino rebrand of Ryzen 5 7520U (identical specs)
AMD,Ryzen,mobile,Mendocino,Zen 2,Ryzen 5 7520C,AMD Ryzen 5 7520C,4,,,8,2.80 GHz,4.30 GHz,,2 MB,4 MB,15W,,6nm,FT6,,3,4,LPDDR5,2,LPDDR5-5500,16 GB,,,,Radeon 610M,2,1.90 GHz,,2023-05-23,,,https://www.notebookcheck.net/AMD-Ryzen-5-7520C-Processor-Benchmarks-and-Specs.719601.0.html,3,low,"Chromebook C-suffix sibling of 7520U, identical specs"
AMD,Ryzen,mobile,Mendocino,Zen 2,Ryzen 5 7520U,AMD Ryzen 5 7520U,4,,,8,2.80 GHz,4.30 GHz,,2 MB,4 MB,15W,8-15W,6nm,FT6,,3,4,LPDDR5,2,LPDDR5-5500,16 GB,,,,Radeon 610M,2,1.90 GHz,,2022-09-20,,,https://www.notebookcheck.net/AMD-Ryzen-5-7520U-Processor-Benchmarks-and-Specs.654934.0.html,3,low,Cross-checked against nanoreview and cpu-monkey
AMD,rx5000,mobile,Navi 10,RX 5000 Series,RX 5600M,AMD Radeon RX 5600M,36,,,,,1.26 GHz,1.19 GHz,3 MB,,150W,,7 nm,,,4.0,12,GDDR6,,288 GB/s,6 GB,,,,,,,,2020-Q1,,,https://www.notebookcheck.net/AMD-confirms-disappointing-Radeon-RX-5700M-and-RX-5600M-specifications.452909.0.html,2,medium,AMD confirmed specs via press
AMD,rx5000,mobile,Navi 10,RX 5000 Series,RX 5700M,AMD Radeon RX 5700M,36,,,,,1.72 GHz,1.62 GHz,4 MB,,180W,,7 nm,,,4.0,16,GDDR6,,384 GB/s,8 GB,,,,,,,,2020-Q1,,,https://www.notebookcheck.net/AMD-confirms-disappointing-Radeon-RX-5700M-and-RX-5600M-specifications.452909.0.html,2,medium,AMD confirmed specs via press; OEM-configurable TGP
AMD,rx5000,mobile,Navi 14,RX 5000 Series,RX 5300M,AMD Radeon RX 5300M,22,,,,,,,2 MB,,85W,,7 nm,,,4.0,6,GDDR6,,168 GB/s,3 GB,,,,,,,,2019-Q4,,,https://cputronic.com/index.php/gpu/amd-radeon-rx-5300m,3,medium,OEM-configurable TGP
AMD,rx5000,mobile,Navi 14,RX 5000 Series,RX 5500M,AMD Radeon RX 5500M,22,,,,,,,2 MB,,85W,,7 nm,,,4.0,8,GDDR6,,224 GB/s,4 GB,,,,,,,,2019-Q4,,,https://www.notebookcheck.net/AMD-Radeon-RX-5500M-GPU.436556.0.html,3,medium,OEM-configurable TGP; clocks vary by design
AMD,rx6000,mobile,Navi 22,RX 6000 Series,RX 6700M,AMD Radeon RX 6700M,36,,,,,2.30 GHz,,,80 MB,135W,,7 nm,,,4.0,,GDDR6,,320 GB/s,10 GB,no,,,,,,,2021-Q4,,,https://www.notebookcheck.net/Radeon-RX-6500M-vs-Radeon-RX-6300M-vs-Radeon-RX-6450M_11130_11128_11562.247598.0.html,3,low,"Very limited retail availability at launch per press coverage; TGP/bandwidth inferred from Navi22 family pattern, not independently confirmed"
AMD,rx6000,mobile,Navi 22,RX 6000 Series,RX 6800M,AMD Radeon RX 6800M,40,,,,,2.30 GHz,,,96 MB,145W,,7 nm,,,4.0,,GDDR6,,336 GB/s,12 GB,no,,,,,,,2021-Q4,,,https://www.techspot.com/review/2268-amd-radeon-6800m/,3,medium,"OEM TGP 145W+, no dedicated amd.com page found"
AMD,rx6000,mobile,Navi 22,RX 6000 Series,RX 6850M XT,AMD Radeon RX 6850M XT,40,,,,,2.46 GHz,,,96 MB,165W,,7 nm,,,4.0,,GDDR6,,432 GB/s,12 GB,no,,,,,,,2022-Q1,,,https://www.notebookcheck.net/AMD-Radeon-RX-6850M-XT-GPU-Benchmarks-and-Specs.590177.0.html,3,medium,"13.3 TFLOPS FP32; OEM TGP range 130-165W, no dedicated amd.com page found"
AMD,rx6000,mobile,Navi 23,RX 6000 Series,RX 6600M,AMD Radeon RX 6600M,28,,,,2.18 GHz,2.45 GHz,,,32 MB,100W,,7 nm,,,4.0,,GDDR6,,224 GB/s,8 GB,no,,,,,,,2021-Q3,,,https://www.notebookcheck.net/AMD-Radeon-RX-6600M-GPU-Benchmarks-and-Specs.515469.0.html,3,medium,OEM TGP range 60-100W
AMD,rx6000,mobile,Navi 23,RX 6000 Series,RX 6600S,AMD Radeon RX 6600S,28,,,,,,,,32 MB,80W,,7 nm,,,4.0,,GDDR6,,224 GB/s,8 GB,no,,,,,,,2022-Q1,,,https://www.ultrabookreview.com/47205-amd-radeon-rx-6000-laptops/,3,low,"VRAM inferred from Navi23 mobile family pattern, not independently confirmed"
AMD,rx6000,mobile,Navi 23,RX 6000 Series,RX 6650M,AMD Radeon RX 6650M,28,,,,,2.22 GHz,,,32 MB,120W,,7 nm,,,4.0,,GDDR6,,224 GB/s,8 GB,no,,,,,,,2022-Q1,,,https://www.notebookcheck.net/AMD-Radeon-RX-6650M-GPU-Benchmarks-and-Specs.590189.0.html,3,medium,8.832 TFLOPS FP32; OEM TGP range 100-120W
AMD,rx6000,mobile,Navi 23,RX 6000 Series,RX 6650M XT,AMD Radeon RX 6650M XT,32,,,,,,,,32 MB,145W,,7 nm,,,4.0,,GDDR6,,256 GB/s,8 GB,no,,,,,,,2022-Q1,,,https://videocardz.net/amd-radeon-rx-6650m-xt,3,low,Clock speed and exact TGP not confirmed from tier-1/tier-3 sources found; TGP estimated from Navi23 mobile family pattern
AMD,rx6000,mobile,Navi 23,RX 6000 Series,RX 6700S,AMD Radeon RX 6700S,28,,,,,,,,32 MB,80W,105W,7 nm,,,4.0,,GDDR6,,224 GB/s,8 GB,no,,,,,,,2022-Q1,,,https://www.notebookcheck.net/AMD-Radeon-RX-6700S-GPU-Benchmarks-and-Specs.590203.0.html,3,medium,7.311 TFLOPS FP32
AMD,rx6000,mobile,Navi 23,RX 6000 Series,RX 6800S,AMD Radeon RX 6800S,32,,,,,,,,32 MB,100W,,7 nm,,,4.0,,GDDR6,,224 GB/s,8 GB,no,,,,,,,2022-Q1,,,https://www.techspot.com/review/2440-amd-radeon-6800s/,3,medium,8.774 TFLOPS FP32; low-power Navi23 variant for thin-and-light laptops
AMD,rx6000,mobile,Navi 24,RX 6000 Series,RX 6300M,AMD Radeon RX 6300M,12,,,,,1.51 GHz,,,8 MB,,,6 nm,,,4.0,,GDDR6,,,2 GB,no,,,,,,,2022-Q1,,,https://www.notebookcheck.net/Radeon-RX-6500M-vs-Radeon-RX-6300M-vs-Radeon-RX-6450M_11130_11128_11562.247598.0.html,3,low,TGP not found in available sources
AMD,rx6000,mobile,Navi 24,RX 6000 Series,RX 6450M,AMD Radeon RX 6450M,12,,,,,,,,,50W,,6 nm,,,4.0,,GDDR6,,,4 GB,no,,,,,,,2022-Q1,,,https://www.notebookcheck.net/Radeon-RX-6500M-vs-Radeon-RX-6300M-vs-Radeon-RX-6450M_11130_11128_11562.247598.0.html,3,low,TGP configurable 25-50W per OEM; clock/bandwidth not confirmed
AMD,rx6000,mobile,Navi 24,RX 6000 Series,RX 6500M,AMD Radeon RX 6500M,16,,,,,2.19 GHz,,,16 MB,50W,,6 nm,,,4.0,,GDDR6,,,4 GB,no,,,,,,,2022-Q1,,,https://www.notebookcheck.net/Radeon-RX-6500M-vs-Radeon-RX-6300M-vs-Radeon-RX-6450M_11130_11128_11562.247598.0.html,3,low,4.98 TFLOPS FP32; memory bandwidth not confirmed
AMD,rx6000,mobile,Navi 24,RX 6000 Series,RX 6550M,AMD Radeon RX 6550M,16,,,,2.00 GHz,2.84 GHz,,,16 MB,80W,,6 nm,,,4.0,,GDDR6,,144 GB/s,4 GB,no,,,,,,,2023-Q1,,,https://www.notebookcheck.net/AMD-Radeon-RX-6550M-GPU-Benchmarks-and-Specs.679308.0.html,3,low,Sources disagree on TGP (80W vs 90W depending on OEM); used lower/more commonly cited figure
AMD,rx6000,mobile,Navi 24,RX 6000 Series,RX 6550S,AMD Radeon RX 6550S,22,,,,,,,,16 MB,,,6 nm,,,4.0,,GDDR6,,,4 GB,no,,,,,,,2022-Q1,,,https://www.notebookcheck.net/AMD-Radeon-RX-6550S-GPU-Benchmarks-and-Specs.679316.0.html,3,low,"TGP, clocks, and VRAM capacity not confirmed from available sources"
AMD,rx7000,mobile,Navi 31,RX 7000 Series,RX 7900M,AMD Radeon RX 7900M,72,,,,1.82 GHz,2.09 GHz,,,64 MB,160W,200W,5 nm,,,4.0,,GDDR6,,576 GB/s,16 GB,no,,,,,,,2024-Q1,,,https://www.guru3d.com/story/amd-radeon-rx-7900m-laptop-gpu-has-72-compute-units-and-180w-tgp/,3,medium,"Laptop TGP configurable 160-200W via SmartShift; no dedicated amd.com spec page found, sourced via press/wccftech corroboration"
AMD,rx7000,mobile,Navi 32,RX 7000 Series,RX 7800M,AMD Radeon RX 7800M,60,,,,2.15 GHz,,,,48 MB,180W,,5 nm,,,4.0,,GDDR6,,432 GB/s,12 GB,no,,,,,,,2024-Q1,,,https://videocardz.com/newz/amd-officially-launches-radeon-rx-7800m-high-end-mobile-navi-32-gpu-180w-tgp-and-12gb-memory,3,medium,"35.87 TFLOPS FP32; laptop OEM module, no dedicated amd.com spec page found"
AMD,rx7000,mobile,Navi 33,RX 7000 Series,RX 7600M,AMD Radeon RX 7600M,28,,,,,,,,32 MB,90W,,6 nm,,,4.0,,GDDR6,,256 GB/s,8 GB,no,,,,,,,2023-Q1,,,https://www.notebookcheck.net/AMD-Radeon-RX-7600M-XT-GPU-Benchmarks-and-Specs.679270.0.html,3,low,CU count and clocks not independently confirmed tier-1; OEM-variable TGP
AMD,rx7000,mobile,Navi 33,RX 7000 Series,RX 7600M XT,AMD Radeon RX 7600M XT,32,,,,,2.46 GHz,,,32 MB,120W,,6 nm,,,4.0,,GDDR6,,288 GB/s,8 GB,no,,,,,,,2023-Q1,,,https://www.notebookcheck.net/AMD-Radeon-RX-7600M-XT-GPU-Benchmarks-and-Specs.679270.0.html,3,low,TGP range reported 75-120W depending on OEM config; no dedicated amd.com spec page found
AMD,rx7000,mobile,Navi 33,RX 7000 Series,RX 7600S,AMD Radeon RX 7600S,28,,,,1.50 GHz,2.20 GHz,,,32 MB,75W,,6 nm,,,4.0,,GDDR6,,256 GB/s,8 GB,no,,,,,,,2023-Q1,,,https://videocardz.com/newz/amd-radeon-rx-7600s-rdna3-laptop-gpu-tested-6-slower-than-rtx-4060-without-raytracing,3,medium,15.77 TFLOPS FP32; laptop OEM module
AMD,rx7000,mobile,Navi 33,RX 7000 Series,RX 7700S,AMD Radeon RX 7700S,32,,,,,2.50 GHz,,,32 MB,75W,100W,6 nm,,,4.0,,GDDR6,,256 GB/s,8 GB,no,,,,,,,2023-Q1,,,https://framewiki.net/expansion-bay/radeon-rx-7700s,3,medium,"20.48 TFLOPS FP32; used in Framework Laptop 16 module, configurable 75-100W TGP"
AMD,Ryzen,mobile,Phoenix,Zen 4,Ryzen 3 7440U,AMD Ryzen 3 7440U,4,,,8,3.00 GHz,4.70 GHz,,4 MB,8 MB,15W,30W,TSMC 4nm,FP7/FP7r2,1,4.0,20,LPDDR5x,2,LPDDR5x-7500,64 GB,no,,,Radeon 740M,4,2.50 GHz,10,2023-Q3,,,https://wccftech.com/first-benchmarks-amd-ryzen-3-7440u-phoenix-quad-core-zen-4-apu-unveiled/amp/,3,medium,"Smallest Phoenix2 die, quad-core, cross-checked via WCCFTech/TopCPU."
AMD,Ryzen,mobile,Phoenix,Zen 3+,Ryzen 5 7533HS,AMD Ryzen 5 7533HS,6,,,12,3.30 GHz,4.40 GHz,,3 MB,16 MB,35W,54W,TSMC 6nm,FP7/FP7r2,1,3.0,16,DDR4/LPDDR5,2,LPDDR5-6400,64 GB,no,,,Radeon 660M,6,1.90 GHz,,2023-Q1,,,https://www.amd.com/en/products/processors/laptop/ryzen/7000-series/amd-ryzen-5-7533hs.html,1,medium,"Actually Rembrandt-based (Zen 3+, 6nm) rebadged into 7000 series naming -- not true Zen4 Phoenix silicon; core count (6C/12T) and igpu inferred from Rembrandt family pattern since AMD page emphasized media specs only; flagged for cross-check."
AMD,Ryzen,mobile,Phoenix,Zen 4,Ryzen 5 7540U,AMD Ryzen 5 7540U,6,,,12,3.20 GHz,4.90 GHz,,6 MB,16 MB,15W,30W,TSMC 4nm,FP7/FP7r2,1,4.0,20,LPDDR5x,2,LPDDR5x-7500,64 GB,no,,,Radeon 740M,4,2.50 GHz,10,2023-Q2,,,https://www.amd.com/en/products/processors/laptop/ryzen/7000-series/amd-ryzen-5-7540u.html,3,medium,Cut-down 4CU iGPU vs 7640U's 8CU; corroborated by NotebookCheck/TopCPU/CPU-World.
AMD,Ryzen,mobile,Phoenix,Zen 4,Ryzen 5 7545U,AMD Ryzen 5 7545U,6,,,12,3.20 GHz,4.90 GHz,,6 MB,16 MB,15W,30W,TSMC 4nm,FP7/FP7r2,1,4.0,20,LPDDR5x,2,LPDDR5x-7500,64 GB,no,,,Radeon 740M,4,2.50 GHz,10,2023-Q3,,,https://www.amd.com/en/products/processors/laptop/ryzen/7000-series/amd-ryzen-5-7545u.html,3,low,"OEM-specific SKU nearly identical to 7540U; limited independent spec data found, cross-checked only via benchmark listings."
AMD,Ryzen,mobile,Phoenix,Zen 4,Ryzen 5 7640HS,AMD Ryzen 5 7640HS,6,,,12,4.30 GHz,5.00 GHz,,6 MB,16 MB,35W,54W,TSMC 4nm,FP7/FP7r2/FP8,1,4.0,20,LPDDR5x,2,LPDDR5x-7500,64 GB,no,,,Radeon 760M,8,2.60 GHz,10,2023-Q1,,,https://www.amd.com/en/products/processors/laptop/ryzen/7000-series/amd-ryzen-5-7640hs.html,2,medium,Higher-TDP HS variant with full 8CU Radeon 760M vs U-series cut-down 740M.
AMD,Ryzen,mobile,Phoenix,Zen 4,Ryzen 5 7640U,AMD Ryzen 5 7640U,6,,,12,3.50 GHz,4.90 GHz,,6 MB,16 MB,15W,30W,TSMC 4nm,FP7/FP7r2,1,4.0,20,LPDDR5x,2,LPDDR5x-7500,64 GB,no,,,Radeon 760M,8,2.60 GHz,10,2023-Q1,,,https://www.amd.com/en/products/processors/laptop/ryzen/7000-series/amd-ryzen-5-7640u.html,1,high,"Full 8CU Radeon 760M, differs from 7540U's cut-down 740M."
AMD,Ryzen,mobile,Phoenix,Zen 4,Ryzen 5 PRO 7540U,AMD Ryzen 5 PRO 7540U,6,,,12,3.20 GHz,4.90 GHz,,6 MB,16 MB,15W,30W,TSMC 4nm,FP7/FP7r2,1,4.0,20,LPDDR5x,2,LPDDR5x-7500,64 GB,no,,,Radeon 740M,4,2.50 GHz,10,2023-Q2,,,https://www.amd.com/en/products/processors/laptop/ryzen-pro/7040-series/amd-ryzen-5-pro-7540u.html,1,high,PRO variant of 7540U.
AMD,Ryzen,mobile,Phoenix,Zen 4,Ryzen 5 PRO 7545U,AMD Ryzen 5 PRO 7545U,6,,,12,3.20 GHz,4.90 GHz,,6 MB,16 MB,15W,30W,TSMC 4nm,FP7/FP7r2,1,4.0,20,LPDDR5x,2,LPDDR5x-7500,64 GB,no,,,Radeon 740M,4,2.50 GHz,10,2023-Q3,,,https://www.amd.com/en/products/processors/laptop/ryzen-pro/7040-series/amd-ryzen-5-pro-7545u.html,3,low,"PRO variant of 7545U, OEM-specific; limited independent verification."
AMD,Ryzen,mobile,Phoenix,Zen 4,Ryzen 5 PRO 7640HS,AMD Ryzen 5 PRO 7640HS,6,,,12,4.30 GHz,5.00 GHz,,6 MB,16 MB,35W,54W,TSMC 4nm,FP7/FP7r2/FP8,1,4.0,20,LPDDR5x,2,LPDDR5x-7500,64 GB,no,,,Radeon 760M,8,2.60 GHz,10,2023-Q1,,,https://www.amd.com/en/products/processors/laptop/ryzen-pro/7040-series/amd-ryzen-5-pro-7640hs.html,1,high,PRO variant of 7640HS.
AMD,Ryzen,mobile,Phoenix,Zen 4,Ryzen 5 PRO 7640U,AMD Ryzen 5 PRO 7640U,6,,,12,3.50 GHz,4.90 GHz,,6 MB,16 MB,15W,30W,TSMC 4nm,FP7/FP7r2,1,4.0,20,LPDDR5x,2,LPDDR5x-7500,64 GB,no,,,Radeon 760M,8,2.60 GHz,10,2023-Q1,,,https://www.amd.com/en/products/processors/laptop/ryzen-pro/7040-series/amd-ryzen-5-pro-7640u.html,1,high,PRO variant of 7640U.
AMD,Ryzen,mobile,Phoenix,Zen 4,Ryzen 7 7445HS,AMD Ryzen 7 7445HS,6,,,12,,,,8 MB,16 MB,35W,54W,TSMC 4nm,FP7/FP7r2/FP8,1,4.0,20,LPDDR5x,2,LPDDR5x-7500,64 GB,no,,,Radeon 780M,12,,10,2023-Q3,,,https://www.amd.com/en/products/processors/laptop/ryzen/7000-series/amd-ryzen-7-7445hs.html,1,high,"AMD product page only surfaced media-codec specs in search results; base/boost clock and igpu_clock not confirmed -- left blank, logged as gaps. Core/thread/cache/TDP inferred from Phoenix 8-core HS family pattern (medium risk). | cores corrected in audit | threads corrected in audit"
AMD,Ryzen,mobile,Phoenix,Zen 4,Ryzen 7 7840HS,AMD Ryzen 7 7840HS,8,,,16,3.80 GHz,5.10 GHz,,8 MB,16 MB,35W,54W,TSMC 4nm,FP7/FP7r2/FP8,1,4.0,20,LPDDR5x,2,LPDDR5x-7500,64 GB,no,,,Radeon 780M,12,2.70 GHz,10,2023-Q1,,,https://www.amd.com/en/products/processors/laptop/ryzen/7000-series/amd-ryzen-7-7840hs.html,1,high,First AMD mobile chip with dedicated NPU (Ryzen AI).
AMD,Ryzen,mobile,Phoenix,Zen 4,Ryzen 7 7840U,AMD Ryzen 7 7840U,8,,,16,3.30 GHz,5.10 GHz,,8 MB,16 MB,15W,30W,TSMC 4nm,FP7/FP7r2,1,4.0,20,LPDDR5x,2,LPDDR5x-7500,64 GB,no,,,Radeon 780M,12,2.70 GHz,10,2023-Q1,,,https://www.amd.com/en/products/processors/laptop/ryzen/7000-series/amd-ryzen-7-7840u.html,1,medium,U-series low power variant; base clock cross-checked at 3.3GHz vs 7840HS 3.8GHz.
AMD,Ryzen,mobile,Phoenix,Zen 4,Ryzen 7 PRO 7840HS,AMD Ryzen 7 PRO 7840HS,8,,,16,3.80 GHz,5.10 GHz,,8 MB,16 MB,35W,54W,TSMC 4nm,FP7/FP7r2/FP8,1,4.0,20,LPDDR5x,2,LPDDR5x-7500,64 GB,no,,,Radeon 780M,12,2.70 GHz,10,2023-Q1,,,https://www.amd.com/en/products/processors/laptop/ryzen-pro/7040-series/amd-ryzen-7-pro-7840hs.html,1,high,"PRO variant of 7840HS, identical core silicon."
AMD,Ryzen,mobile,Phoenix,Zen 4,Ryzen 7 PRO 7840U,AMD Ryzen 7 PRO 7840U,8,,,16,3.30 GHz,5.10 GHz,,8 MB,16 MB,15W,30W,TSMC 4nm,FP7/FP7r2,1,4.0,20,LPDDR5x,2,LPDDR5x-7500,64 GB,no,,,Radeon 780M,12,2.70 GHz,10,2023-Q1,,,https://www.amd.com/en/products/processors/laptop/ryzen-pro/7040-series/amd-ryzen-7-pro-7840u.html,1,high,PRO variant of 7840U.
AMD,Ryzen,mobile,Phoenix,Zen 4,Ryzen 9 7940HS,AMD Ryzen 9 7940HS,8,,,16,4.00 GHz,5.20 GHz,,8 MB,16 MB,35W,54W,TSMC 4nm,FP7/FP7r2/FP8,1,4.0,20,LPDDR5x,2,LPDDR5x-7500,64 GB,no,,,Radeon 780M,12,2.70 GHz,10,2023-Q1,,,https://www.amd.com/en/products/processors/laptop/ryzen/7000-series/amd-ryzen-9-7940hs.html,1,high,Highest-binned Phoenix mobile SKU.
AMD,Ryzen,mobile,Phoenix,Zen 4,Ryzen 9 PRO 7940HS,AMD Ryzen 9 PRO 7940HS,8,,,16,4.00 GHz,5.20 GHz,,8 MB,16 MB,35W,54W,TSMC 4nm,FP7/FP7r2/FP8,1,4.0,20,LPDDR5x,2,LPDDR5x-7500,64 GB,no,,,Radeon 780M,12,2.70 GHz,10,2023-Q1,,,https://www.amd.com/en/products/processors/laptop/ryzen-pro/7040-series/amd-ryzen-9-pro-7940hs.html,1,medium,PRO variant of 7940HS.
AMD,Ryzen,mobile,Picasso,Zen+,Ryzen 3 3300U,Ryzen 3 3300U,4,,,4,2.10 GHz,3.50 GHz,,2 MB,4 MB,15W,12-25W,12nm,FP5,,3.0,,DDR4,2,2400 MHz,32 GB,,,,Radeon Vega 6,6,1.20 GHz,,2019-Q1,,,https://www.cpu-monkey.com/en/cpu-amd_ryzen_3_pro_3300u,3,low,Base clock inferred from Ryzen 3 3350U per source noting identical specifications
AMD,Ryzen,mobile,Picasso,Zen+,Ryzen 3 3350U,Ryzen 3 3350U,4,,,4,2.10 GHz,3.50 GHz,,2 MB,4 MB,15W,,12nm,FP5,,3.0,,DDR4,2,2400 MHz,32 GB,,,,Radeon Vega 6,6,1.20 GHz,,2019-Q1,,,https://www.notebookcheck.net/R3-3200U-vs-R3-3350U_11106_11191_13237.247596.0.html,3,medium,Cross-checked notebookcheck + technical.city
AMD,Ryzen,mobile,Picasso,Zen+,Ryzen 3 PRO 3300U,Ryzen 3 PRO 3300U,4,,,4,2.10 GHz,3.50 GHz,,2 MB,4 MB,15W,12-25W,12nm,FP5,,3.0,,DDR4,2,2400 MHz,32 GB,,,,Radeon Vega 6,6,1.20 GHz,,2019-Q3,,,https://www.cpu-monkey.com/en/cpu-amd_ryzen_3_pro_3300u,3,medium,Cross-checked cpu-monkey + laptopmedia + notebookcheck
AMD,Ryzen,mobile,Picasso,Zen+,Ryzen 5 3450U,Ryzen 5 3450U,4,,,8,2.10 GHz,3.50 GHz,,2 MB,4 MB,15W,,12nm,FP5,,3.0,,DDR4,2,2400 MHz,32 GB,,,,Radeon Vega 8,8,1.20 GHz,,2020-Q2,,,https://www.notebookcheck.net/AMD-Ryzen-5-3450U-Processor-Benchmarks-and-Specs.544516.0.html,3,medium,Cross-checked notebookcheck + pchardware + technical.city
AMD,Ryzen,mobile,Picasso,Zen+,Ryzen 5 3500C,Ryzen 5 3500C,4,,,8,2.10 GHz,3.70 GHz,,2 MB,4 MB,15W,,12nm,FP5,,3.0,,DDR4,2,2400 MHz,32 GB,,,,Radeon Vega 8,8,,,2020-Q3,,,https://www.techarp.com/computer/amd-ryzen-3700c-3500c-3250c/,3,high,"Chromebook C-series; L3 reported as 6MB by TechARP/KitGuru (differs from 4MB on equivalent 3500U), not independently corroborated by a second source | l3_cache corrected in audit"
AMD,Ryzen,mobile,Picasso,Zen+,Ryzen 5 3500U,Ryzen 5 3500U,4,,,8,2.10 GHz,3.70 GHz,,2 MB,4 MB,15W,,12nm,FP5,,3.0,,DDR4,2,2400 MHz,32 GB,,,,Radeon Vega 8,8,1.20 GHz,,2019-Q1,,,https://www.notebookcheck.net/R7-3700U-vs-R5-3500U_11141_11161_11131.247596.0.html,3,high,"Cross-checked notebookcheck + nanoreview + technical.city, all consistent"
AMD,Ryzen,mobile,Picasso,Zen+,Ryzen 5 3550H,Ryzen 5 3550H,4,,,8,2.10 GHz,3.70 GHz,,2 MB,4 MB,35W,12-35W,12nm,FP5,,3.0,,DDR4,2,2400 MHz,32 GB,,,,Radeon Vega 8,8,1.20 GHz,,2019-Q2,,,https://www.notebookcheck.net/R5-3550H-vs-R7-3750H_11106_11151_11131.247596.0.html,3,high,Cross-checked notebookcheck + technical.city + nanoreview; same core/clock/GPU as 3500U but 35W default cTDP
AMD,Ryzen,mobile,Picasso,Zen+,Ryzen 5 3580U,Ryzen 5 3580U Microsoft Surface Edition,4,,,8,2.10 GHz,3.70 GHz,,2 MB,4 MB,15W,12-35W,12nm,FP5,,3.0,,DDR4,2,2400 MHz,32 GB,,,,Radeon Vega 9,9,1.30 GHz,,2019-Q4,,,https://www.notebookcheck.net/AMD-Ryzen-5-3580U-and-Ryzen-7-3780U-with-an-extra-CU-constitute-the-semi-custom-AMD-Ryzen-Microsoft-Surface-Edition-series.436804.0.html,3,medium,Semi-custom co-developed with Microsoft for Surface Laptop 3 15-inch; never sold as standalone retail part so no public price
AMD,Ryzen,mobile,Picasso,Zen+,Ryzen 5 PRO 3500U,Ryzen 5 PRO 3500U,4,,,8,2.10 GHz,3.70 GHz,,2 MB,4 MB,15W,,12nm,FP5,,3.0,,DDR4,2,2400 MHz,32 GB,,,,Radeon Vega 8,8,1.20 GHz,,2019-Q3,,,https://allcpus.com/cpu/amd-ryzen-5-pro-3500u/,3,medium,Cross-checked allcpus + technical.city + cpu-monkey
AMD,Ryzen,mobile,Picasso,Zen+,Ryzen 7 3700C,Ryzen 7 3700C,4,,,8,2.30 GHz,4.00 GHz,,2 MB,4 MB,15W,,12nm,FP5,,3.0,,DDR4,2,2400 MHz,32 GB,,,,Radeon Vega 10,10,,,2020-Q3,,,https://www.techarp.com/computer/amd-ryzen-3700c-3500c-3250c/,3,high,"Chromebook C-series; L3 reported as 6MB (vs 4MB on equivalent 3700U) per TechARP/KitGuru, not independently corroborated; open discrepancy noted | l3_cache corrected in audit"
AMD,Ryzen,mobile,Picasso,Zen+,Ryzen 7 3700U,Ryzen 7 3700U,4,,,8,2.30 GHz,4.00 GHz,,2 MB,4 MB,15W,12-35W,12nm,FP5,,3.0,,DDR4,2,2400 MHz,32 GB,,,,Radeon Vega 10,10,1.40 GHz,,2019-Q1,,,https://www.notebookcheck.net/R7-3700U-vs-R5-3500U_11141_11161_11131.247596.0.html,3,high,Cross-checked notebookcheck + nanoreview + technical.city
AMD,Ryzen,mobile,Picasso,Zen+,Ryzen 7 3750H,Ryzen 7 3750H,4,,,8,2.30 GHz,4.00 GHz,,2 MB,4 MB,35W,12-35W,12nm,FP5,,3.0,,DDR4,2,2400 MHz,32 GB,,,,Radeon Vega 10,10,1.40 GHz,,2019-Q1,,,https://www.notebookcheck.net/R5-3550H-vs-R7-3750H_11106_11151_11131.247596.0.html,3,high,Cross-checked notebookcheck + technical.city + nanoreview
AMD,Ryzen,mobile,Picasso,Zen+,Ryzen 7 3780U,Ryzen 7 3780U Microsoft Surface Edition,4,,,8,2.30 GHz,4.00 GHz,,2 MB,4 MB,15W,12-35W,12nm,FP5,,3.0,,DDR4,2,2400 MHz,32 GB,,,,Radeon RX Vega 11,11,1.40 GHz,,2019-Q4,,,https://www.notebookcheck.net/AMD-Ryzen-5-3580U-and-Ryzen-7-3780U-with-an-extra-CU-constitute-the-semi-custom-AMD-Ryzen-Microsoft-Surface-Edition-series.436804.0.html,3,medium,"Semi-custom for Surface Laptop 3 15-inch; base clock assumed same as 3700U (not independently stated), noted as inference"
AMD,Ryzen,mobile,Picasso,Zen+,Ryzen 7 PRO 3700U,Ryzen 7 PRO 3700U,4,,,8,2.30 GHz,4.00 GHz,,2 MB,4 MB,15W,,12nm,FP5,,3.0,,DDR4,2,2400 MHz,32 GB,,,,Radeon Vega 10,10,1.40 GHz,,2019-Q2,,,https://fpsbench.com/cpu/amd-ryzen-7-pro-3700u,3,medium,Cross-checked fpsbench + technical.city + cpu-monkey
AMD,Athlon,mobile,Raven Ridge,Zen,Athlon 300U,Athlon 300U,2,,,4,2.40 GHz,3.30 GHz,,1 MB,4 MB,15W,,12nm,FP5,,3.0,,DDR4,2,2400 MT/s,32 GB,,,,Radeon Vega 3,3,1.00 GHz,,2019-Q2,,,https://en.wikichip.org/wiki/amd/athlon/300u,3,low,Likely Picasso-based (12nm) rather than true Raven Ridge per WikiChip; codename kept as Raven Ridge per manifest
AMD,Athlon PRO,mobile,Raven Ridge,Zen,Athlon PRO 200U,Athlon PRO 200U Mobile Processor with Radeon Vega 3 Graphics,2,,,4,2.30 GHz,3.20 GHz,,1 MB,4 MB,15W,,14nm,FP5,,3.0,,DDR4,2,2400 MT/s,32 GB,,,,Radeon Vega 3,3,1.00 GHz,,2018,,,https://www.eatyourbytes.com/cpu-detail/amd-athlon-pro-200u/,3,low,Launch date only found as general 2018 timeframe; GPU clock assumed 1000MHz consistent with other Vega3 parts but not independently confirmed for this exact SKU
AMD,Athlon PRO,mobile,Raven Ridge,Zen,Athlon PRO 300U,Athlon PRO 300U Mobile Processor with Radeon Vega 3 Graphics,2,,,4,2.40 GHz,3.30 GHz,,1 MB,4 MB,15W,25W,12nm,FP5,,3.0,,DDR4,2,2400 MT/s,32 GB,,,,Radeon Vega 3,3,1.00 GHz,,2019-Q2,,,https://cputronic.com/cpu/amd-athlon-pro-300u-mobile-with-radeon-vega-3-graphics,1,medium,AMD driver page + cputronic confirm specs; launch April 2019 per WikiChip Picasso note
AMD,Ryzen,mobile,Raven Ridge,Zen,Ryzen 3 2200U,Ryzen 3 2200U,2,,,4,2.50 GHz,3.40 GHz,,1 MB,4 MB,15W,25W,14nm,FP5,,3.0,,DDR4,2,2400 MT/s,32 GB,,,,Radeon Vega 3,3,1.00 GHz,,2018-01-08,,,https://en.wikichip.org/wiki/amd/ryzen_3/2200u,1,high,Cross-checked WikiChip + AMD driver page + Notebookcheck; launch date 1/8/2018 per AMD official spec
AMD,Ryzen,mobile,Raven Ridge,Zen,Ryzen 3 2300U,Ryzen 3 2300U,4,,,4,2.00 GHz,3.40 GHz,,2 MB,4 MB,15W,25W,14nm,FP5,,3.0,,DDR4,2,2400 MT/s,32 GB,,,,Radeon Vega 6,6,1.10 GHz,,2019-Q1,,,https://en.wikichip.org/wiki/amd/ryzen_3/2300u,3,low,cputronic reported Q1 2019 launch; conflicts with sibling 2500U/2700U Oct 2017 launch wave - flagged as uncertain
AMD,Ryzen,mobile,Raven Ridge,Zen,Ryzen 3 3200U,Ryzen 3 3200U,2,,,4,2.60 GHz,3.50 GHz,,1 MB,4 MB,15W,,14nm,FP5,,3.0,,DDR4,2,2400 MHz,32 GB,,,,Radeon RX Vega 3,3,1.20 GHz,,2019-Q1,,,https://www.notebookcheck.net/AMD-Ryzen-3-3200U-Processor.391091.0.html,3,high,"IMPORTANT DEVIATION: notebookcheck/nanoreview state 3200U is not using Zen+ and remains 14nm, despite manifest listing it under Picasso; supports 1-2 channel DDR4-2400"
AMD,Ryzen PRO,mobile,Raven Ridge,Zen,Ryzen 3 PRO 2300U,Ryzen 3 PRO 2300U,4,,,4,2.00 GHz,3.40 GHz,,2 MB,4 MB,15W,25W,14nm,FP5,,3.0,,DDR4,2,2400 MT/s,32 GB,,,,Radeon Vega 6,6,1.10 GHz,,2018-Q2,,,https://www.amd.com/en/support/downloads/drivers.html/processors/ryzen-pro/ryzen-pro-2000-series/amd-ryzen-3-pro-2300u.html,1,medium,Same core clocks/cache as non-PRO 2300U per cross-check; launch date approximate
AMD,Ryzen,mobile,Raven Ridge,Zen,Ryzen 5 2500U,Ryzen 5 2500U,4,,,8,2.00 GHz,3.60 GHz,,2 MB,4 MB,15W,25W,14nm,FP5,,3.0,,DDR4,2,2400 MT/s,32 GB,,,,Radeon Vega 8,8,1.10 GHz,,2017-10-26,,,https://en.wikichip.org/wiki/amd/ryzen_5/2500u,1,high,Cross-checked WikiChip + Notebookcheck + TechSpot; part of initial Oct 2017 Raven Ridge mobile launch
AMD,Ryzen,mobile,Raven Ridge,Zen,Ryzen 5 2600H,Ryzen 5 2600H,4,,,8,3.20 GHz,3.60 GHz,,2 MB,4 MB,45W,35-54W,14nm,FP5,,3.0,,DDR4,2,3200 MT/s,32 GB,,,,Radeon Vega 8,8,1.10 GHz,,2018-09-10,,,https://www.notebookcheck.net/AMD-Ryzen-5-2600H-SoC.325726.0.html,1,medium,Some secondary sources list cTDP ceiling as 45W vs AMD official spec sheet 54W; used AMD's 45W default / 35-54W cTDP
AMD,Ryzen PRO,mobile,Raven Ridge,Zen,Ryzen 5 PRO 2500U,Ryzen 5 PRO 2500U,4,,,8,2.00 GHz,3.60 GHz,,2 MB,4 MB,15W,25W,14nm,FP5,,3.0,,DDR4,2,2400 MT/s,32 GB,,,,Radeon Vega 8,8,1.10 GHz,,2018-Q2,,,https://www.cpu-monkey.com/en/compare_cpu-amd_ryzen_5_2500u-vs-amd_ryzen_7_pro_2700u,3,low,Same clocks as non-PRO 2500U; launch date approximate
AMD,Ryzen,mobile,Raven Ridge,Zen,Ryzen 7 2700U,Ryzen 7 2700U,4,,,8,2.20 GHz,3.80 GHz,,2 MB,4 MB,15W,25W,14nm,FP5,,3.0,,DDR4,2,2400 MT/s,32 GB,,,,Radeon RX Vega 10,10,1.30 GHz,,2017-10-26,,,https://en.wikichip.org/wiki/amd/ryzen_7/2700u,1,high,Cross-checked WikiChip + Notebookcheck; GPU clock 1100MHz on WikiChip vs 1300MHz per AMD spec/other reviews - used 1300MHz (AMD official)
AMD,Ryzen,mobile,Raven Ridge,Zen,Ryzen 7 2800H,Ryzen 7 2800H,4,,,8,3.30 GHz,3.80 GHz,,2 MB,4 MB,45W,35-54W,14nm,FP5,,3.0,,DDR4,2,3200 MT/s,32 GB,,,,Radeon RX Vega 11,11,1.30 GHz,,2018-09-10,,,https://en.wikichip.org/wiki/amd/ryzen_7/2800h,1,high,Cross-checked WikiChip + HotHardware + Tom's Hardware; some sources list 35W default TDP vs AMD official 45W - used AMD 45W/35-54W cTDP
AMD,Ryzen PRO,mobile,Raven Ridge,Zen,Ryzen 7 PRO 2700U,Ryzen 7 PRO 2700U,4,,,8,2.20 GHz,3.80 GHz,,2 MB,4 MB,15W,25W,14nm,FP5,,3.0,,DDR4,2,2400 MT/s,32 GB,,,,Radeon RX Vega 10,10,1.30 GHz,,2018-Q2,,,https://www.notebookcheck.net/AMD-Ryzen-7-PRO-2700U-SoC.323394.0.html,3,low,Same clocks as non-PRO 2700U; launch date approximate
AMD,Ryzen,mobile,Rembrandt,Zen 3+,Ryzen 5 6600H,AMD Ryzen 5 6600H,6,,,12,3.30 GHz,4.50 GHz,,3 MB,16 MB,45W,54W,TSMC 6nm,FP7/FP7r2,1,4,16,DDR5/LPDDR5,2,4800/6400,,no,no,,Radeon 660M,6,1900.00 GHz,,2022-Q1,,,https://www.notebookcheck.net/AMD-Ryzen-5-6600H-Processor-Benchmarks-and-Specs.html,3,medium,"6-core Zen3+, cut-down Radeon 660M (6 CU)."
AMD,Ryzen,mobile,Rembrandt,Zen 3+,Ryzen 5 6600HS,AMD Ryzen 5 6600HS,6,,,12,3.30 GHz,4.50 GHz,,3 MB,16 MB,35W,54W,TSMC 6nm,FP7/FP7r2,1,4,16,DDR5/LPDDR5,2,4800/6400,,no,no,,Radeon 660M,6,1900.00 GHz,,2022-Q1,,,https://www.notebookcheck.net/AMD-Ryzen-5-6600HS-Processor-Benchmarks-and-Specs.html,3,medium,"HS variant of 6600H, lower default TDP."
AMD,Ryzen,mobile,Rembrandt,Zen 3+,Ryzen 5 6600U,AMD Ryzen 5 6600U,6,,,12,2.90 GHz,4.50 GHz,,3 MB,16 MB,15W,28W,TSMC 6nm,FP7/FP7r2,1,4,16,DDR5/LPDDR5,2,4800/6400,,no,no,,Radeon 660M,6,1900.00 GHz,,2022-Q3,,,https://www.notebookcheck.net/AMD-Ryzen-5-6600U-Processor-Benchmarks-and-Specs.html,3,medium,"U-series, cTDP 15-28W."
AMD,Ryzen,mobile,Rembrandt,Zen 3+,Ryzen 5 PRO 6650H,AMD Ryzen 5 PRO 6650H,6,,,12,3.30 GHz,4.50 GHz,,3 MB,16 MB,45W,54W,TSMC 6nm,FP7/FP7r2,1,4,16,DDR5/LPDDR5,2,4800/6400,,yes,no,,Radeon 660M,6,1900.00 GHz,,2022-Q2,,,https://technical.city/en/cpu/Ryzen-5-PRO-6650H,3,low,"PRO H variant; clocks inferred from 6600H pattern, not independently confirmed on dedicated spec page."
AMD,Ryzen,mobile,Rembrandt,Zen 3+,Ryzen 5 PRO 6650HS,AMD Ryzen 5 PRO 6650HS,6,,,12,3.30 GHz,4.50 GHz,,3 MB,16 MB,35W,54W,TSMC 6nm,FP7/FP7r2,1,4,16,DDR5/LPDDR5,2,4800/6400,,yes,no,,Radeon 660M,6,1900.00 GHz,,2022-Q2,,,https://technical.city/en/cpu/Ryzen-5-PRO-6650HS,3,low,"PRO HS variant; clocks inferred from 6600HS pattern, not independently confirmed."
AMD,Ryzen,mobile,Rembrandt,Zen 3+,Ryzen 5 PRO 6650U,AMD Ryzen 5 PRO 6650U,6,,,12,2.90 GHz,4.40 GHz,,3 MB,16 MB,15W,28W,TSMC 6nm,FP7/FP7r2,1,4,16,DDR5/LPDDR5,2,4800/6400,,yes,no,,Radeon 660M,6,1900.00 GHz,,2022-Q2,,,https://www.cpu-monkey.com/en/cpu-amd_ryzen_5_pro_6650u,3,medium,Boost clock reported as 4.4GHz (vs 4.5GHz on non-PRO 6600U) per cpu-monkey; kept as sourced rather than assuming parity.
AMD,Ryzen,mobile,Rembrandt,Zen 3+,Ryzen 7 6800H,AMD Ryzen 7 6800H,8,,,16,3.20 GHz,4.70 GHz,,4 MB,16 MB,45W,54W,TSMC 6nm,FP7/FP7r2,1,4,16,DDR5/LPDDR5,2,4800/6400,,no,no,,Radeon 680M,12,2200.00 GHz,,2022-Q1,,,https://www.notebookcheck.net/AMD-Ryzen-7-6800H-Processor-Benchmarks-and-Specs.589871.0.html,3,medium,"H-series 45W default, cTDP up to 54W."
AMD,Ryzen,mobile,Rembrandt,Zen 3+,Ryzen 7 6800HS,AMD Ryzen 7 6800HS,8,,,16,3.20 GHz,4.70 GHz,,4 MB,16 MB,35W,54W,TSMC 6nm,FP7/FP7r2,1,4,16,DDR5/LPDDR5,2,4800/6400,,no,no,,Radeon 680M,12,2200.00 GHz,,2022-Q1,,,https://www.notebookcheck.net/AMD-Ryzen-7-6800HS-Processor-Benchmarks-and-Specs.598367.0.html,3,medium,"HS variant of 6800H, same clocks, lower default TDP (35W)."
AMD,Ryzen,mobile,Rembrandt,Zen 3+,Ryzen 7 6800U,AMD Ryzen 7 6800U,8,,,16,2.70 GHz,4.70 GHz,,4 MB,16 MB,15W,28W,TSMC 6nm,FP7/FP7r2,1,4,16,DDR5/LPDDR5,2,4800/6400,,no,no,,Radeon 680M,12,2200.00 GHz,,2022-Q3,,,https://www.notebookcheck.net/AMD-Ryzen-7-6800U-Processor-Benchmarks-and-Specs.html,3,medium,"U-series, cTDP configurable 15-28W."
AMD,Ryzen,mobile,Rembrandt,Zen 3+,Ryzen 7 PRO 6850H,AMD Ryzen 7 PRO 6850H,8,,,16,3.20 GHz,4.70 GHz,,4 MB,16 MB,45W,54W,TSMC 6nm,FP7/FP7r2,1,4,16,DDR5/LPDDR5,2,4800/6400,,yes,no,,Radeon 680M,12,2200.00 GHz,,2022-Q2,,,https://technical.city/en/cpu/Ryzen-7-PRO-6850H,3,medium,PRO variant of 6800H with Pluton security processor and manageability features; clocks corroborated vs 6800H comparison data.
AMD,Ryzen,mobile,Rembrandt,Zen 3+,Ryzen 7 PRO 6850HS,AMD Ryzen 7 PRO 6850HS,8,,,16,3.20 GHz,4.70 GHz,,4 MB,16 MB,35W,54W,TSMC 6nm,FP7/FP7r2,1,4,16,DDR5/LPDDR5,2,4800/6400,,yes,no,,Radeon 680M,12,2200.00 GHz,,2022-Q2,,,https://technical.city/en/cpu/Ryzen-7-PRO-6850HS,3,medium,PRO HS variant; specs mirrored from 6850H/6800HS pattern.
AMD,Ryzen,mobile,Rembrandt,Zen 3+,Ryzen 7 PRO 6850U,AMD Ryzen 7 PRO 6850U,8,,,16,2.70 GHz,4.70 GHz,,4 MB,16 MB,15W,28W,TSMC 6nm,FP7/FP7r2,1,4,16,DDR5/LPDDR5,2,4800/6400,,yes,no,,Radeon 680M,12,2200.00 GHz,,2022-Q2,,,https://www.notebookcheck.net/AMD-Ryzen-7-PRO-6850U-Processor-Benchmarks-and-Specs.615519.0.html,3,medium,"Includes Pluton security processor; USB4, WiFi6E, PCIe4."
AMD,Ryzen,mobile,Rembrandt,Zen 3+,Ryzen 7 PRO 6860Z,AMD Ryzen 7 PRO 6860Z,8,,,16,2.70 GHz,4.75 GHz,,4 MB,16 MB,28W,28W,TSMC 6nm,FP7/FP7r2,1,4,16,DDR5/LPDDR5,2,4800/6400,,yes,no,,Radeon 680M,12,2200.00 GHz,,2022-Q2,,,https://www.notebookcheck.net/AMD-Ryzen-7-PRO-6860Z-Processor-Benchmarks-and-Specs.664950.0.html,3,medium,Z-suffix PRO SKU used in ThinkPad Z13; fixed 28W (vs 6850U's 15-28W configurable range).
AMD,Ryzen,mobile,Rembrandt,Zen 3+,Ryzen 9 6900HS,AMD Ryzen 9 6900HS,8,,,16,3.30 GHz,4.90 GHz,,4 MB,16 MB,35W,54W,TSMC 6nm,FP7/FP7r2,1,4,16,DDR5/LPDDR5,2,4800/6400,,no,no,,Radeon 680M,12,2400.00 GHz,,2022-Q1,,,https://www.notebookcheck.net/AMD-Ryzen-9-6900HS-Processor-Benchmarks-and-Specs.591451.0.html,3,medium,35W default TDP HS variant.
AMD,Ryzen,mobile,Rembrandt,Zen 3+,Ryzen 9 6900HX,AMD Ryzen 9 6900HX,8,,,16,3.30 GHz,4.90 GHz,,4 MB,16 MB,45W,54W,TSMC 6nm,FP7/FP7r2,1,4,16,DDR5/LPDDR5,2,4800/6400,,no,no,,Radeon 680M,12,2400.00 GHz,,2022-Q1,,,https://www.cpu-monkey.com/en/cpu-amd_ryzen_9_6900hx,3,medium,"Unlocked HX variant, 45W default."
AMD,Ryzen,mobile,Rembrandt,Zen 3+,Ryzen 9 6980HS,AMD Ryzen 9 6980HS,8,,,16,3.30 GHz,5.00 GHz,,4 MB,16 MB,35W,54W,TSMC 6nm,FP7/FP7r2,1,4,16,DDR5/LPDDR5,2,4800/6400,,no,no,,Radeon 680M,12,2400.00 GHz,,2022-Q2,,,https://www.notebookcheck.net/AMD-Ryzen-9-6980HS-Processor-Benchmarks-and-Specs.591449.0.html,3,medium,Higher-binned version of 6900HS; first Zen mobile part to reach 5.0GHz boost.
AMD,Ryzen,mobile,Rembrandt,Zen 3+,Ryzen 9 6980HX,AMD Ryzen 9 6980HX,8,,,16,3.30 GHz,5.00 GHz,,4 MB,16 MB,45W,54W,TSMC 6nm,FP7/FP7r2,1,4,16,DDR5/LPDDR5,2,4800/6400,,no,no,,Radeon 680M,12,2400.00 GHz,,2022-Q2,,,https://www.notebookcheck.net/AMD-Ryzen-9-6980HX-Processor-Benchmarks-and-Specs.589850.0.html,3,medium,"Flagship Rembrandt part, corroborated by AMD support/drivers page."
AMD,Ryzen,mobile,Rembrandt,Zen 3+,Ryzen 9 PRO 6950H,AMD Ryzen 9 PRO 6950H,8,,,16,3.30 GHz,4.90 GHz,,4 MB,16 MB,45W,54W,TSMC 6nm,FP7/FP7r2,1,4,16,DDR5/LPDDR5,2,4800/6400,,yes,no,,Radeon 680M,12,2400.00 GHz,,2022-Q2,,,https://technical.city/en/cpu/Ryzen-9-PRO-6950H,3,low,"PRO top-tier H part; exact clocks inferred from 6900HX-class pattern, not independently confirmed on a dedicated notebookcheck page."
AMD,Ryzen,mobile,Rembrandt,Zen 3+,Ryzen 9 PRO 6950HS,AMD Ryzen 9 PRO 6950HS,8,,,16,3.30 GHz,4.90 GHz,,4 MB,16 MB,35W,54W,TSMC 6nm,FP7/FP7r2,1,4,16,DDR5/LPDDR5,2,4800/6400,,yes,no,,Radeon 680M,12,2400.00 GHz,,2022-Q2,,,https://technical.city/en/cpu/Ryzen-9-PRO-6950HS,3,low,"PRO HS variant; clocks inferred from 6900HS-class pattern, not independently confirmed on a dedicated spec page."
AMD,Ryzen,mobile,Rembrandt-R,Zen 3+,Ryzen 3 110,AMD Ryzen 3 110,4,,,8,3.00 GHz,4.30 GHz,,2 MB,8 MB,28W,,6nm,FP7,,4,20,DDR5,2,DDR5-4800,64 GB,,,,Radeon 660M,4,1.80 GHz,,2025-Q4,,,https://www.notebookcheck.net/AMD-Ryzen-3-110-Processor-Benchmarks-and-Specs.1149188.0.html,3,low,NOT Mendocino despite manifest classification - rebrand of Ryzen 3 7335U (Rembrandt-R/Zen3+); flagged for owner review; has cTDP-DOWN to 15W (not up)
AMD,Ryzen,mobile,Rembrandt-R,Zen 3+,Ryzen 3 7335U,AMD Ryzen 3 7335U,4,,,8,3.00 GHz,4.30 GHz,,2 MB,8 MB,28W,30W,TSMC 6nm,FP7,1,4,,DDR5/LPDDR5,2,4800/6400,,no,no,,Radeon 660M,6,,,2023,,,https://www.amd.com/en/products/processors/laptop/ryzen/7000-series/amd-ryzen-3-7335u.html,1,medium,"Tier-1 AMD.com for cores/clocks/cache/TDP. iGPU model (Radeon 660M) from secondary source, not independently confirmed on AMD spec page - igpu_clock left blank."
AMD,Ryzen,mobile,Rembrandt-R,Zen 3+,Ryzen 3 PRO 7335U,AMD Ryzen 3 PRO 7335U,4,,,8,3.00 GHz,4.30 GHz,,2 MB,8 MB,28W,30W,TSMC 6nm,FP7,1,4,,DDR5/LPDDR5,2,4800/6400,,yes,no,,Radeon 660M,6,,,2023,,,https://www.amd.com/en/products/processors/laptop/ryzen-pro/7000-series/amd-ryzen-3-pro-7335u.html,1,medium,"Tier-1 AMD.com page exists per search result; core/clock/cache/TDP assumed identical to non-PRO 7335U (PRO adds manageability only) - not independently re-verified line by line, so confidence medium not high."
AMD,Ryzen,mobile,Rembrandt-R,Zen 3+,Ryzen 5 130,AMD Ryzen 5 130,6,,,12,2.90 GHz,4.55 GHz,,3 MB,16 MB,28W,15-30W,6nm,FP7r2,,4,,DDR5,2,DDR5-4800,,,,,Radeon 660M,,,,2025-Q4,,,https://www.notebookcheck.net/AMD-Ryzen-5-130-Processor-Benchmarks-and-Specs.1149193.0.html,3,low,NOT Mendocino despite manifest classification - Rembrandt-R/Zen3+; flagged for owner review
AMD,Ryzen,mobile,Rembrandt-R,Zen 3+,Ryzen 5 150,AMD Ryzen 5 150,6,,,12,3.30 GHz,4.55 GHz,,3 MB,16 MB,45W,35-54W,6nm,FP7r2,,4,,DDR5/LPDDR5,2,DDR5-4800 / LPDDR5-6400,,,,,Radeon 660M,6,1.90 GHz,,2025-Q4,,,https://www.notebookcheck.net/AMD-Ryzen-5-150-Processor-Benchmarks-and-Specs.1149196.0.html,3,low,NOT Mendocino despite manifest classification - rebrand of Ryzen 5 7535HS (Rembrandt-R/Zen3+); flagged for owner review
AMD,Ryzen,mobile,Rembrandt-R,Zen 3+,Ryzen 5 7235HS,AMD Ryzen 5 7235HS,4,,,8,3.20 GHz,4.20 GHz,,2 MB,8 MB,45W,54W,TSMC 6nm,FP7,1,4,,DDR5/LPDDR5,2,4800/6400,,no,no,,,,,,2023,,,https://www.notebookcheck.net/AMD-Ryzen-5-7235HS-Processor-Benchmarks-and-Specs.1126535.0.html,3,high,"No iGPU - discrete graphics required, per notebookcheck (paired with the Rembrandt Refresh die used in gaming laptops). Only 4C/8T despite 'Ryzen 5' branding - lower core count than typical Ryzen 5 tier. | l3_cache corrected in audit"
AMD,Ryzen,mobile,Rembrandt-R,Zen 3+,Ryzen 5 7535HS,AMD Ryzen 5 7535HS,6,,,12,3.30 GHz,4.55 GHz,,3 MB,16 MB,35W,54W,TSMC 6nm,FP7,1,4,,DDR5/LPDDR5,2,4800/6400,,no,no,,Radeon 660M,6,1900.00 GHz,,2023-Q1,,,https://www.amd.com/en/products/processors/laptop/ryzen/7000-series/amd-ryzen-5-7535hs.html,1,high,Tier-1 AMD.com.
AMD,Ryzen,mobile,Rembrandt-R,Zen 3+,Ryzen 5 7535U,AMD Ryzen 5 7535U,6,,,12,2.90 GHz,4.55 GHz,,3 MB,16 MB,28W,30W,TSMC 6nm,FP7,1,4,,DDR5/LPDDR5,2,4800/6400,,no,no,,Radeon 660M,6,1900.00 GHz,,2023-Q1,,,https://cputronic.com/cpu/amd-ryzen-5-7535u,3,medium,"Clocks corroborated across cputronic, allcpus, cpu-compare."
AMD,Ryzen,mobile,Rembrandt-R,Zen 3+,Ryzen 5 PRO 7535U,AMD Ryzen 5 PRO 7535U,6,,,12,2.90 GHz,4.55 GHz,,3 MB,16 MB,,30W,TSMC 6nm,FP7,1,4,,DDR5/LPDDR5,2,4800/6400,,yes,no,,Radeon 660M,6,1900.00 GHz,,2023-Q1,,,https://cputronic.com/en/cpu/amd-ryzen-5-pro-7535u,3,medium,"cTDP 15-30W corroborated; default TDP not distinctly listed for PRO variant, left blank rather than assume parity with non-PRO 28W."
AMD,Ryzen,mobile,Rembrandt-R,Zen 3+,Ryzen 7 160,AMD Ryzen 7 160,8,,,16,2.70 GHz,4.75 GHz,,,16 MB,28W,15-30W,6nm,FP7r2,,4,,DDR5/LPDDR5,2,DDR5-4800 / LPDDR5-6400,64 GB,,,,Radeon 680M,12,2.20 GHz,,2025-Q4,,,https://www.notebookcheck.net/AMD-Ryzen-7-160-Processor-Benchmarks-and-Specs.1149198.0.html,3,low,NOT Mendocino despite manifest classification - verified as Rembrandt-R/Zen3+ rebrand (AMD 100-series naming); flagged for owner review
AMD,Ryzen,mobile,Rembrandt-R,Zen 3+,Ryzen 7 170,AMD Ryzen 7 170,8,,,16,3.20 GHz,4.75 GHz,,,16 MB,45W,35-54W,6nm,FP7r2,,4,,DDR5,2,DDR5-4800,,,,,Radeon 680M,12,,,2025-Q4,,,https://www.notebookcheck.net/AMD-Ryzen-7-170-Processor-Benchmarks-and-Specs.1148247.0.html,3,low,NOT Mendocino despite manifest classification - rebrand of Ryzen 7 7735HS (Rembrandt Refresh/Zen3+); flagged for owner review
AMD,Ryzen,mobile,Rembrandt-R,Zen 3+,Ryzen 7 7435HS,AMD Ryzen 7 7435HS,8,,,16,3.10 GHz,4.50 GHz,,4 MB,16 MB,45W,54W,TSMC 6nm,FP7,1,4,,DDR5/LPDDR5,2,4800/6400,,no,no,,,,,,2023-Q1,,,https://www.amd.com/en/products/processors/laptop/ryzen/7000-series/amd-ryzen-7-7435hs.html,1,high,Tier-1 AMD.com. No integrated GPU - 'Discrete Graphics Card Required' per spec page.
AMD,Ryzen,mobile,Rembrandt-R,Zen 3+,Ryzen 7 7735HS,AMD Ryzen 7 7735HS,8,,,16,3.20 GHz,4.75 GHz,,4 MB,16 MB,35W,54W,TSMC 6nm,FP7,1,4,,DDR5/LPDDR5,2,4800/6400,,no,no,,Radeon 680M,12,2200.00 GHz,,2023-Q1,,,https://www.amd.com/en/products/processors/laptop/ryzen/7000-series/amd-ryzen-7-7735hs.html,1,high,Tier-1 AMD.com. Rembrandt-R refresh of Rembrandt die.
AMD,Ryzen,mobile,Rembrandt-R,Zen 3+,Ryzen 7 7735U,AMD Ryzen 7 7735U,8,,,16,2.70 GHz,4.75 GHz,,4 MB,16 MB,28W,30W,TSMC 6nm,FP7,1,4,,DDR5/LPDDR5,2,4800/6400,,no,no,,Radeon 680M,12,2200.00 GHz,,2023-Q1,,,https://www.amd.com/en/products/processors/laptop/ryzen/7000-series/amd-ryzen-7-7735u.html,1,high,Tier-1 AMD.com. cTDP 15-30W.
AMD,Ryzen,mobile,Rembrandt-R,Zen 3+,Ryzen 7 7736U,AMD Ryzen 7 7736U,8,,,16,2.70 GHz,4.70 GHz,,4 MB,16 MB,,28W,TSMC 6nm,FP7,1,4,,DDR5/LPDDR5,2,4800/6400,,no,no,,Radeon 680M,12,2200.00 GHz,,2023-Q1,,,https://www.amd.com/en/products/processors/laptop/ryzen/7000-series/amd-ryzen-7-7736u.html,1,medium,"Tier-1 AMD.com. OEM-exclusive HP variant of 7735U; cTDP 15-28W (narrower range than 7735U's 15-30W); default TDP not listed on spec page, left blank."
AMD,Ryzen,mobile,Rembrandt-R,Zen 3+,Ryzen 7 PRO 7735U,AMD Ryzen 7 PRO 7735U,8,,,16,2.70 GHz,4.75 GHz,,4 MB,16 MB,28W,30W,TSMC 6nm,FP7,1,4,,DDR5/LPDDR5,2,4800/6400,,yes,no,,Radeon 680M,12,2200.00 GHz,,2023-Q1,,,https://www.amd.com/en/products/processors/laptop/ryzen-pro/7000-series/amd-ryzen-7-pro-7735u.html,1,high,Tier-1 AMD.com. PRO variant adds manageability/Pluton security; core/clock specs identical to non-PRO 7735U.
AMD,Ryzen,mobile,Renoir,Zen 2,Ryzen 3 4300U,AMD Ryzen 3 4300U,4,,,4,2.70 GHz,3.70 GHz,,2 MB,4 MB,15W,10-25W,7nm,FP6,,3.0,16,DDR4/LPDDR4X,2,DDR4-3200/LPDDR4X-4266,64GB,,,,Radeon Vega,5,1.40 GHz,,2020-Q1,,100-000000085,https://www.notebookcheck.net/AMD-Ryzen-3-4300U-Laptop-Processor-Benchmarks-and-Specs.449979.0.html,3,low,"4C/4T, no SMT confirmed by multiple sources; no public tray price"
AMD,Ryzen,mobile,Renoir,Zen 2,Ryzen 3 PRO 4450U,AMD Ryzen 3 PRO 4450U,4,,,8,2.50 GHz,3.70 GHz,,2 MB,4 MB,15W,10-25W,7nm,FP6,,3.0,16,DDR4/LPDDR4X,2,DDR4-3200/LPDDR4X-4266,64GB,,,,Radeon Vega,5,1.40 GHz,,2020-Q2,,,https://www.notebookcheck.net/AMD-Ryzen-3-PRO-4450U-Processor-Benchmarks-and-Specs.464397.0.html,3,low,"4C/8T (SMT enabled, differs from non-PRO 4300U); minor base clock disagreement between sources, used 2.5GHz (WikiChip/Notebookcheck)"
AMD,Ryzen,mobile,Renoir,Zen 2,Ryzen 5 4500U,AMD Ryzen 5 4500U,6,,,6,2.30 GHz,4.00 GHz,,3 MB,8 MB,15W,10-25W,7nm,FP6,,3.0,16,DDR4/LPDDR4X,2,DDR4-3200/LPDDR4X-4266,64GB,,,,Radeon Vega,6,1.50 GHz,,2020-Q1,,100-000000084,https://www.notebookcheck.net/AMD-Ryzen-5-4500U-Laptop-Processor-Benchmarks-and-Specs.449978.0.html,3,low,"6C/6T, no SMT (unusual, confirmed by multiple sources); no public tray price"
AMD,Ryzen,mobile,Renoir,Zen 2,Ryzen 5 4600H,AMD Ryzen 5 4600H,6,,,12,3.00 GHz,4.00 GHz,,3 MB,8 MB,45W,35-54W,7nm,FP6,,3.0,16,DDR4/LPDDR4X,2,DDR4-3200/LPDDR4X-4266,64GB,,,,Radeon Vega,6,1.50 GHz,,2020-Q1,,,https://www.notebookcheck.net/AMD-Ryzen-5-4600H-Laptop-Processor-Benchmarks-and-Specs.449911.0.html,3,low,One outlier source (pchardware.org) listed 3.7/4.2GHz conflicting with majority at 3.0/4.0GHz - treated as error
AMD,Ryzen,mobile,Renoir,Zen 2,Ryzen 5 4600U,AMD Ryzen 5 4600U,6,,,12,2.10 GHz,4.00 GHz,,3 MB,8 MB,15W,10-25W,7nm,FP6,,3.0,16,DDR4/LPDDR4X,2,DDR4-3200/LPDDR4X-4266,64GB,,,,Radeon Vega,6,1.50 GHz,,2020-Q2,,100-000000105,https://www.notebookcheck.net/AMD-Ryzen-5-4600U-Laptop-Processor-Benchmarks-and-Specs.449977.0.html,3,low,No public tray price
AMD,Ryzen,mobile,Renoir,Zen 2,Ryzen 5 4680U Microsoft Surface Edition,AMD Ryzen 5 4680U Microsoft Surface Edition,6,,,12,2.20 GHz,4.00 GHz,,,8 MB,15W,10-25W,7nm,FP6,,3.0,16,DDR4/LPDDR4X,2,DDR4-3200/LPDDR4X-4266,64GB,,,,Radeon Vega,7,,,2021-Q2,,,https://www.notebookcheck.net/AMD-Ryzen-5-4680U-Processor-Benchmarks-and-Specs.532746.0.html,3,low,"Surface Laptop 4 13.5in exclusive; iGPU clock disagreement between sources, left blank; L2 cache total not directly confirmed"
AMD,Ryzen,mobile,Renoir,Zen 2,Ryzen 5 PRO 4650U,AMD Ryzen 5 PRO 4650U,6,,,12,2.10 GHz,4.00 GHz,,3 MB,8 MB,15W,10-25W,7nm,FP6,,3.0,16,DDR4/LPDDR4X,2,DDR4-3200/LPDDR4X-4266,64GB,,,,Radeon Vega,6,1.50 GHz,,2020-05-07,,100-000000103,https://www.notebookcheck.net/AMD-Ryzen-5-PRO-4650U-Processor-Benchmarks-and-Specs.464395.0.html,3,low,No public tray price
AMD,Ryzen,mobile,Renoir,Zen 2,Ryzen 7 4700U,AMD Ryzen 7 4700U,8,,,8,2.00 GHz,4.10 GHz,,4 MB,8 MB,15W,10-25W,7nm,FP6,,3.0,16,DDR4/LPDDR4X,2,DDR4-3200/LPDDR4X-4266,64GB,,,,Radeon Vega,7,1.60 GHz,,2020-Q1,,100-000000083,https://www.notebookcheck.net/AMD-Ryzen-7-4700U-Laptop-Processor-Benchmarks-and-Specs.449976.0.html,3,low,No SMT (8C/8T); no public tray price
AMD,Ryzen,mobile,Renoir,Zen 2,Ryzen 7 4800H,AMD Ryzen 7 4800H,8,,,16,2.90 GHz,4.20 GHz,,4 MB,8 MB,45W,35-54W,7nm,FP6,,3.0,16,DDR4/LPDDR4X,2,DDR4-3200/LPDDR4X-4266,64GB,,,,Radeon RX Vega 7,7,1.60 GHz,,2020-Q1,,,https://en.wikichip.org/wiki/amd/ryzen_7/4800h,3,low,CES 2020 launch SKU; no public tray price
AMD,Ryzen,mobile,Renoir,Zen 2,Ryzen 7 4800HS,AMD Ryzen 7 4800HS,8,,,16,2.90 GHz,4.20 GHz,,4 MB,8 MB,35W,,7nm,FP6,,3.0,16,DDR4/LPDDR4X,2,DDR4-3200/LPDDR4X-4266,64GB,,,,Radeon RX Vega 7,7,1.60 GHz,,2020-Q1,,,https://www.notebookcheck.net/AMD-Ryzen-7-4800HS-Laptop-Processor-Benchmarks-and-Specs.449912.0.html,3,low,Rare SKU with limited OEM design wins; no public tray price
AMD,Ryzen,mobile,Renoir,Zen 2,Ryzen 7 4800U,AMD Ryzen 7 4800U,8,,,16,1.80 GHz,4.20 GHz,,4 MB,8 MB,15W,10-25W,7nm,FP6,,3.0,16,DDR4/LPDDR4X,2,DDR4-3200/LPDDR4X-4266,64GB,,,,Radeon Vega,8,1.75 GHz,,2020-Q1,,100-000000082,https://www.notebookcheck.net/AMD-Ryzen-7-4800U-Laptop-Processor-Benchmarks-and-Specs.449937.0.html,3,low,No public tray price
AMD,Ryzen,mobile,Renoir,Zen 2,Ryzen 7 4980U Microsoft Surface Edition,AMD Ryzen 7 4980U Microsoft Surface Edition,8,,,16,2.00 GHz,4.40 GHz,,,8 MB,15W,,7nm,FP6,,3.0,16,DDR4/LPDDR4X,2,DDR4-3200/LPDDR4X-4266,64GB,,,,Radeon RX Vega 8,8,1.95 GHz,,2021-04-13,,,https://www.notebookcheck.net/AMD-Ryzen-7-4980U-Processor-Benchmarks-and-Specs.532749.0.html,3,low,Surface Laptop 4 exclusive semi-custom part; no tray price/OPN published; L2 cache total not directly confirmed
AMD,Ryzen,mobile,Renoir,Zen 2,Ryzen 7 PRO 4750U,AMD Ryzen 7 PRO 4750U,8,,,16,1.70 GHz,4.10 GHz,,4 MB,8 MB,15W,10-25W,7nm,FP6,,3.0,16,DDR4/LPDDR4X,2,DDR4-3200/LPDDR4X-4266,64GB,,,,Radeon Vega,7,,,2020-05-07,,100-000000101,https://en.wikichip.org/wiki/amd/ryzen_7/pro_4750u,3,low,iGPU clock not confirmed for this SKU; PRO manageability features
AMD,Ryzen,mobile,Renoir,Zen 2,Ryzen 9 4900H,AMD Ryzen 9 4900H,8,,,16,3.30 GHz,4.40 GHz,,4 MB,8 MB,45W,35-54W,7nm,FP6,,3.0,16,DDR4/LPDDR4X,2,DDR4-3200/LPDDR4X-4266,64GB,,,,Radeon Graphics,8,1.75 GHz,,2020-Q1,,,https://www.notebookcheck.net/AMD-Ryzen-9-4900H-Processor-Benchmarks-and-Specs.457410.0.html,3,low,ASUS ROG Zephyrus G14 launch exclusive initially; no public tray price/OPN
AMD,Ryzen,mobile,Renoir,Zen 2,Ryzen 9 4900HS,AMD Ryzen 9 4900HS,8,,,16,3.00 GHz,4.30 GHz,,4 MB,8 MB,35W,,7nm,FP6,,3.0,16,DDR4/LPDDR4X,2,DDR4-3200/LPDDR4X-4266,64GB,,,,Radeon Graphics,8,1.75 GHz,,2020-Q1,,,https://www.notebookcheck.net/AMD-Ryzen-9-4900HS-Processor-Benchmarks-and-Specs.454860.0.html,3,low,AMD flagship halo launch part in ASUS ROG Zephyrus G14
AMD,radeonr9300,mobile,Strato,R9 300 Series,R9 M380,AMD Radeon R9 M380,,,,,,,,,,,,28 nm,,,3.0,,GDDR5,,,2 GB,,,,,,,,2015-Q2,,,,3,low,Sparse documentation; only VRAM capacity found across sources
AMD,radeonr9300,mobile,Strato,R9 300 Series,R9 M385,AMD Radeon R9 M385,,,,,,,,512 KB,,,,28 nm,,,3.0,,GDDR5,,,2 GB,,,,,,,,2015-Q2,,,,3,low,Non-X variant of M385X die; CU count/clocks/TDP not found in sources searched
AMD,radeonr9300,mobile,Strato,R9 300 Series,R9 M385X,AMD Radeon R9 M385X,14,,,,,,,512 KB,,,,28 nm,,,3.0,,GDDR5,,76.8 GB/s,4 GB,,,,,,,,2015-Q2,,,https://www.notebookcheck.net/AMD-Radeon-R9-M385X.154229.0.html,3,low,896 stream processors; TDP not confirmed
AMD,Ryzen,mobile,Strix Halo,Zen 5,Ryzen AI Max 385,AMD Ryzen AI Max 385,8,,,16,3.60 GHz,5.00 GHz,,8 MB,32 MB,55W,120W,TSMC 4nm,FP11,1,4.0,,LPDDR5x,4,LPDDR5x-8000,128 GB,no,,,Radeon 8050S,32,2.90 GHz,50,2025-Q1,,,https://www.amd.com/en/products/processors/laptop/ryzen/ai-300-series/amd-ryzen-ai-max-385.html,1,high,8-core Strix Halo variant.
AMD,Ryzen,mobile,Strix Halo,Zen 5,Ryzen AI Max 390,AMD Ryzen AI Max 390,12,,,24,3.20 GHz,5.00 GHz,,12 MB,64 MB,55W,120W,TSMC 4nm,FP11,1,4.0,,LPDDR5x,4,LPDDR5x-8000,128 GB,no,,,Radeon 8050S,32,2.90 GHz,50,2025-Q1,,,https://www.amd.com/en/products/processors/laptop/ryzen/ai-300-series/amd-ryzen-ai-max-390.html,1,high,"12-core cut of Strix Halo, cross-checked vs Phoronix review."
AMD,Ryzen,mobile,Strix Halo,Zen 5,Ryzen AI Max PRO 380,AMD Ryzen AI Max PRO 380,6,,,12,3.60 GHz,4.90 GHz,,6 MB,16 MB,55W,120W,TSMC 4nm,FP11,1,4.0,,LPDDR5x,4,LPDDR5x-8000,128 GB,no,,,Radeon 8040S,16,2.90 GHz,50,2025-Q1,,,https://www.amd.com/en/products/processors/laptop/ryzen-pro/ai-max-pro-300-series/amd-ryzen-ai-max-pro-380.html,1,high,"Smallest Strix Halo SKU, 6-core/12-thread, 16CU GPU."
AMD,Ryzen,mobile,Strix Halo,Zen 5,Ryzen AI Max PRO 385,AMD Ryzen AI Max PRO 385,8,,,16,3.60 GHz,5.00 GHz,,8 MB,32 MB,55W,120W,TSMC 4nm,FP11,1,4.0,,LPDDR5x,4,LPDDR5x-8000,128 GB,no,,,Radeon 8050S,32,2.90 GHz,50,2025-Q1,,,https://www.amd.com/en/products/processors/laptop/ryzen-pro/ai-max-pro-300-series/amd-ryzen-ai-max-pro-385.html,3,medium,"PRO variant of AI Max 385; tier1 page existence confirmed, detailed specs sourced from cpu-monkey/laptopmedia (tier3) corroborating identical core config."
AMD,Ryzen,mobile,Strix Halo,Zen 5,Ryzen AI Max PRO 390,AMD Ryzen AI Max PRO 390,12,,,24,3.20 GHz,5.00 GHz,,12 MB,64 MB,55W,120W,TSMC 4nm,FP11,1,4.0,,LPDDR5x,4,LPDDR5x-8000,128 GB,no,,,Radeon 8050S,32,2.90 GHz,50,2025-Q1,,,https://www.amd.com/en/products/processors/laptop/ryzen-pro/ai-max-pro-300-series/amd-ryzen-ai-max-pro-390.html,1,medium,PRO variant of AI Max 390.
AMD,Ryzen,mobile,Strix Halo,Zen 5,Ryzen AI Max+ 388,AMD Ryzen AI Max+ 388,8,,,16,3.60 GHz,5.00 GHz,,8 MB,32 MB,55W,120W,TSMC 4nm,FP11,1,4.0,,LPDDR5x,4,LPDDR5x-8000,128 GB,no,,,Radeon 8060S,40,2.90 GHz,50,2025-Q4,,,https://www.amd.com/en/products/processors/laptop/ryzen/ai-300-series/amd-ryzen-ai-max-plus-388.html,2,medium,"8-core CPU paired with full 40CU GPU (like 392 but fewer cores); one source cited TDP as 120W flat rather than 55W default -- used 55W/120W per family pattern, logged conflict."
AMD,Ryzen,mobile,Strix Halo,Zen 5,Ryzen AI Max+ 392,AMD Ryzen AI Max+ 392,12,,,24,3.20 GHz,5.00 GHz,,12 MB,64 MB,55W,120W,TSMC 4nm,FP11,1,4.0,,LPDDR5x,4,LPDDR5x-8000,128 GB,no,,,Radeon 8060S,40,2.90 GHz,50,2025-Q4,,,https://www.amd.com/en/products/processors/laptop/ryzen/ai-300-series/amd-ryzen-ai-max-plus-392.html,2,medium,Later-launched SKU pairing 12-core CPU with full 40CU GPU (unlike AI Max 390's 32CU); confirmed via AMD product page + TechPowerUp/Tom's Hardware benchmarks.
AMD,Ryzen,mobile,Strix Halo,Zen 5,Ryzen AI Max+ 395,AMD Ryzen AI Max+ 395,16,,,32,3.00 GHz,5.10 GHz,,16 MB,64 MB,55W,120W,TSMC 4nm,FP11,1,4.0,,LPDDR5x,4,LPDDR5x-8000,128 GB,no,,,Radeon 8060S,40,2.90 GHz,50,2025-Q1,,,https://www.amd.com/en/products/processors/laptop/ryzen/ai-300-series/amd-ryzen-ai-max-plus-395.html,1,high,"Flagship Strix Halo, unified memory up to 128GB LPDDR5x-8000."
AMD,Ryzen,mobile,Strix Halo,Zen 5,Ryzen AI Max+ PRO 395,AMD Ryzen AI Max+ PRO 395,16,,,32,3.00 GHz,5.10 GHz,,16 MB,64 MB,55W,120W,TSMC 4nm,FP11,1,4.0,,LPDDR5x,4,LPDDR5x-8000,128 GB,no,,,Radeon 8060S,40,2.90 GHz,50,2025-Q1,,,https://www.amd.com/en/products/processors/laptop/ryzen-pro/ai-max-pro-300-series/amd-ryzen-ai-max-plus-pro-395.html,1,medium,"PRO variant, identical core specs, lacks PBO/Curve Optimizer per AMD PRO page."
AMD,Ryzen,mobile,Strix Point,Zen 5 / Zen 5c,Ryzen AI 7 PRO 360,AMD Ryzen AI 7 PRO 360,8,3,5,16,2.00 GHz,5.00 GHz,,8 MB,16 MB,28W,54W,TSMC 4nm,FP8,1,4.0,,LPDDR5x,,LPDDR5x-7500,256 GB,no,,,Radeon 880M,12,2.90 GHz,50,2024-Q4,,,https://www.amd.com/en/products/processors/laptop/ryzen-pro/ai-300-series/amd-ryzen-ai-7-pro-360.html,3,medium,"3x Zen5 + 5x Zen5c, entry Strix APU; AMD tier1 page confirmed core config not fully captured in search snippet, corroborated by cpu-monkey/wccftech/laptopmedia (tier3)."
AMD,Ryzen,mobile,Strix Point,Zen 5 / Zen 5c,Ryzen AI 9 365,AMD Ryzen AI 9 365,10,4,6,20,2.00 GHz,5.00 GHz,,10 MB,24 MB,28W,54W,TSMC 4nm,FP8,1,4.0,,LPDDR5x,,LPDDR5x-7500,256 GB,no,,,Radeon 880M,12,2.90 GHz,50,2024-Q3,,,https://www.amd.com/en/products/processors/laptop/ryzen/ai-300-series/amd-ryzen-ai-9-365.html,1,high,4x Zen5 + 6x Zen5c; also supports DDR5-5600.
AMD,Ryzen,mobile,Strix Point,Zen 5 / Zen 5c,Ryzen AI 9 HX 370,AMD Ryzen AI 9 HX 370,12,4,8,24,2.00 GHz,5.10 GHz,,12 MB,24 MB,28W,54W,TSMC 4nm,FP8,1,4.0,,LPDDR5x,,LPDDR5x-8000,256 GB,no,,,Radeon 890M,16,2.90 GHz,50,2024-Q3,,,https://www.amd.com/en/products/processors/laptop/ryzen/ai-300-series/amd-ryzen-ai-9-hx-370.html,1,high,4x Zen5 + 8x Zen5c hybrid. cTDP 15-54W; used 54W as configurable upper widely cited.
AMD,Ryzen,mobile,Strix Point,Zen 5 / Zen 5c,Ryzen AI 9 HX 375,AMD Ryzen AI 9 HX 375,12,4,8,24,2.00 GHz,5.10 GHz,,12 MB,24 MB,28W,54W,TSMC 4nm,FP8,1,4.0,,LPDDR5x,,LPDDR5x-8000,256 GB,no,,,Radeon 890M,16,2.90 GHz,50,2024-Q3,,,https://www.amd.com/en/products/processors/laptop/ryzen/ai-300-series/amd-ryzen-ai-9-hx-375.html,1,medium,"Near-identical to HX370, slightly higher binning; exact boost clock delta not confirmed on tier1 snippet, used same 5.1GHz pending verification."
AMD,Ryzen,mobile,Strix Point,Zen 5 / Zen 5c,Ryzen AI 9 HX PRO 370,AMD Ryzen AI 9 HX PRO 370,12,4,8,24,2.00 GHz,5.10 GHz,,12 MB,24 MB,28W,54W,TSMC 4nm,FP8,1,4.0,,LPDDR5x,,LPDDR5x-8000,256 GB,no,,,Radeon 890M,16,2.90 GHz,50,2024-Q3,,,https://www.amd.com/en/products/processors/laptop/ryzen-pro/ai-300-series/amd-ryzen-ai-9-hx-pro-370.html,1,high,PRO variant adds manageability/security; core specs identical to HX 370.
AMD,Ryzen,mobile,Strix Point,Zen 5 / Zen 5c,Ryzen AI 9 HX PRO 375,AMD Ryzen AI 9 HX PRO 375,12,4,8,24,2.00 GHz,5.10 GHz,,12 MB,24 MB,28W,54W,TSMC 4nm,FP8,1,4.0,,LPDDR5x,,LPDDR5x-8000,256 GB,no,,,Radeon 890M,16,2.90 GHz,50,2025-Q4,,,https://www.amd.com/en/products/processors/laptop/ryzen-pro/ai-300-series/amd-ryzen-ai-9-hx-pro-375.html,1,high,"Highest-binned PRO SKU, launched later (Oct 2025)."
AMD,radeonr5200,mobile,Sun,R5 200 Series,R5 M230,AMD Radeon R5 M230,5,,,,,,,128 KB,,,,28 nm,,,3.0,,DDR3,,16 GB/s,2 GB,,,,,,,,2014-Q1,,,,3,low,390 GFLOPS FP32; TDP not confirmed
AMD,radeonr5200,mobile,Sun,R5 200 Series,R5 M255,AMD Radeon R5 M255,5,,,,,,,,,,,28 nm,,,3.0,,DDR3,,,2 GB,,,,,,,,2014,,,https://www.notebookcheck.net/AMD-Radeon-R5-M255.123971.0.html,3,low,No detailed CU/clock/TDP figures found in results
AMD,radeonr5200,mobile,Sun,R5 200 Series,R5 M255X,AMD Radeon R5 M255X,5,,,,,,,,,,,28 nm,,,3.0,,DDR3,,,2 GB,,,,,,,,2014,,,,3,low,No confirmed spec data found in sources searched
AMD,radeonr5300,mobile,Sun,R5 300 Series,R5 M320,AMD Radeon R5 M320,5,,,,,,,128 KB,,,,28 nm,,,3.0,,DDR3,,,2 GB,,,,,,,,2015,,,,3,low,No confirmed spec data found in sources searched
AMD,radeonr5300,mobile,Sun,R5 300 Series,R5 M330,AMD Radeon R5 M330,5,,,,,0.99 GHz,,128 KB,,,,28 nm,,,3.0,,DDR3,,,2 GB,,,,,,,,2015-Q2,,,https://technical.city/en/video/Radeon-R5-M335-vs-Radeon-R5-M330,3,low,Clock ~40 MHz below M335; TDP not confirmed
AMD,radeonr5300,mobile,Sun,R5 300 Series,R5 M335,AMD Radeon R5 M335,5,,,,,1.03 GHz,,128 KB,,,,28 nm,,,3.0,,DDR3,,,2 GB,,,,,,,,2015-Q4,,,https://www.notebookcheck.net/AMD-Radeon-R5-M335.144861.0.html,3,medium,320 shaders; 659 GFLOPS FP32; TDP not confirmed
AMD,radeonr5300,mobile,Sun,R5 300 Series,R5 M335X,AMD Radeon R5 M335X,5,,,,,1.03 GHz,,128 KB,,,,28 nm,,,3.0,,DDR3,,,2 GB,,,,,,,,2015-Q4,,,,3,low,Presumed higher-clock variant of M335; no independent spec page found
AMD,radeonr7200,mobile,Sun,R7 200 Series,R7 M260,AMD Radeon R7 M260,6,,,,,,,128 KB,,,,28 nm,,,3.0,,DDR3,,,2 GB,,,,,,,,2014-Q2,,,https://www.topcpu.net/en/cpu/radeon-r7-m260,3,low,752 GFLOPS FP32; TDP not confirmed
AMD,radeonr7200,mobile,Sun,R7 200 Series,R7 M260X,AMD Radeon R7 M260X,6,,,,0.93 GHz,0.94 GHz,,256 KB,,,,28 nm,,,3.0,,GDDR5,,,1 GB,,,,,,,,2013-Q4,,,https://www.topcpu.net/en/cpu/Radeon-R7-M260X,3,low,384 shading units; TDP not confirmed
AMD,radeonr7300,mobile,Sun,R7 300 Series,R7 M340,AMD Radeon R7 M340,4,,,,,,,,,,,28 nm,,,3.0,,DDR3,,,1 GB,,,,,,,,2015-Q2,,,,3,low,"384 stream processors, 24 TMUs, 8 ROPs; TDP not confirmed"
AMD,radeonr7300,mobile,Sun,R7 300 Series,R7 M350,AMD Radeon R7 M350,6,,,,,,,128 KB,,,,28 nm,,,3.0,,DDR3,,16 GB/s,2 GB,,,,,,,,2015-Q2,,,,3,low,Shares Sun die with M360; independent spec page not found
AMD,radeonr7300,mobile,Sun,R7 300 Series,R7 M360,AMD Radeon R7 M360,6,,,,,,,128 KB,,,,28 nm,,,3.0,,DDR3,,16 GB/s,4 GB,,,,,,,,2015-Q2,,,https://www.topcpu.net/en/cpu/radeon-r7-m360,3,low,864 GFLOPS FP32; TDP not confirmed
AMD,radeonr9200,mobile,Tonga,R9 200 Series,R9 M295X,AMD Radeon R9 M295X,32,,,,,,,,,100W,,28 nm,,,3.0,,GDDR5,,,4 GB,,,,,,,,2014-Q4,,,https://videocardz.com/50737/amd-radeon-r9-m295x-tonga-gpu-32-compute-units,3,low,iMac 5K exclusive part; TDP reported 100-125W range
AMD,radeonr5300,mobile,Topaz,R5 300 Series,R5 M315,AMD Radeon R5 M315,6,,,,,,,128 KB,,,,28 nm,,,3.0,,DDR3,,,2 GB,,,,,,,,2015-Q2,,,https://www.topcpu.net/en/cpu/radeon-r5-m315,3,low,745 GFLOPS FP32; TDP not confirmed
AMD,radeonr7300,mobile,Topaz,R7 300 Series,R7 M365,AMD Radeon R7 M365,6,,,,,,,128 KB,,,,28 nm,,,3.0,,DDR3,,16 GB/s,2 GB,,,,,,,,2015-Q2,,,,3,low,384 stream processors; 864 GFLOPS FP32; TDP not confirmed
AMD,radeonr7300,mobile,Topaz,R7 300 Series,R7 M365X,AMD Radeon R7 M365X,6,,,,,,,128 KB,,,,28 nm,,,3.0,,GDDR5/DDR3,,16 GB/s,2 GB,,,,,,,,2015-Q2,,,https://www.notebookcheck.net/AMD-Radeon-R7-M365.html,3,low,384 stream processors reported for closely related M365 die
AMD,radeonr7300,mobile,Topaz,R7 300 Series,R7 M380,AMD Radeon R7 M380,10,,,,,,,256 KB,,,,28 nm,,,3.0,,GDDR5/DDR3,,,4 GB,,,,,,,,2015-Q2,,,https://videocardz.net/amd-radeon-r7-m380,3,low,640 shading units; 1.19 TFLOPS FP32; TDP not confirmed
AMD,radeonr9300,mobile,Topaz,R9 300 Series,R9 M360,AMD Radeon R9 M360,8,,,,,,,256 KB,,,,28 nm,,,3.0,,GDDR5,,,4 GB,,,,,,,,2015-Q2,,,https://www.topcpu.net/en/cpu/Radeon-R9-M360,3,low,"947 GFLOPS reported; one source lists conflicting 512 'CUDA cores' figure (likely scraping error since CUDA is Nvidia-specific), disregarded"
AMD,radeonr9300,mobile,Topaz,R9 300 Series,R9 M365X,AMD Radeon R9 M365X,10,,,,,,,256 KB,,,,28 nm,,,3.0,,GDDR5,,,4 GB,,,,,,,,2015-Q2,,,https://www.topcpu.net/en/cpu/radeon-r9-m365x,3,low,640 shading units; 1.16 TFLOPS FP32; TDP unconfirmed
AMD,radeonr7300,mobile,Trinidad,R7 300 Series,R7 M370,AMD Radeon R7 M370,6,,,,,,,256 KB,,,,28 nm,,,3.0,,GDDR5,,,2 GB,,,,,,,,2015-Q2,,,https://www.topcpu.net/en/cpu/radeon-r7-m370,3,low,737 GFLOPS FP32
AMD,radeonr7300,mobile,Trinidad,R7 300 Series,R7 M375,AMD Radeon R7 M375,6,,,,,,,256 KB,,,,28 nm,,,3.0,,GDDR5,,,2 GB,,,,,,,,2015-Q2,,,https://www.topcpu.net/en/cpu/radeon-r7-m370,3,low,737 GFLOPS reported for closely related M370 die; not independently confirmed
AMD,radeonr9300,mobile,Trinidad,R9 300 Series,R9 M375,AMD Radeon R9 M375,,,,,,,,256 KB,,,,28 nm,,,3.0,,GDDR5,,,2 GB,,,,,,,,2015-Q2,,,,3,low,Non-X variant of M375X die; CU count/clocks/TDP not found in sources searched
AMD,radeonr9300,mobile,Trinidad,R9 300 Series,R9 M375X,AMD Radeon R9 M375X,10,,,,,,,256 KB,,,,28 nm,,,3.0,,GDDR5,,,2 GB,,,,,,,,2015-Q2,,,https://www.topcpu.net/en/cpu/radeon-r9-m375x,3,low,"1.3 TFLOPS FP32; CU count reported as 10, TDP not confirmed"
AMD,radeonr9300,mobile,Trinidad,R9 300 Series,R9 M390,AMD Radeon R9 M390,,,,,,,,512 KB,,,,28 nm,,,3.0,,GDDR5,,,4 GB,,,,,,,,2015-Q2,,,,3,low,Non-X variant of M390X die; CU count/clocks/TDP not found in sources searched
AMD,radeonr9300,mobile,Trinidad,R9 300 Series,R9 M390X,AMD Radeon R9 M390X,32,,,,,,,512 KB,,75W,,28 nm,,,3.0,,GDDR5,,,4 GB,,,,,,,,2015-Q2,,,https://cputronic.com/index.php/gpu/amd-radeon-r9-m390x,3,medium,2048 shading units; 2.9 TFLOPS FP32
AMD,radeonr9300,mobile,Trinidad,R9 300 Series,R9 M395,AMD Radeon R9 M395,,,,,,,,512 KB,,,,28 nm,,,3.0,,GDDR5,,,4 GB,,,,,,,,2015-Q2,,,,3,low,Non-X variant of M395X die; CU count/clocks/TDP not found in sources searched
AMD,radeonr9300,mobile,Trinidad,R9 300 Series,R9 M395X,AMD Radeon R9 M395X,32,,,,,,,512 KB,,75W,,28 nm,,,3.0,,GDDR5,,,8 GB,,,,,,,,2015-Q2,,,https://www.notebookcheck.net/AMD-Radeon-R9-M395X.154332.0.html,3,medium,2048 shading units; 2.9 TFLOPS FP32; GCN 3.0/iMac 5K part
AMD,radeonr9200,mobile,Venus,R9 200 Series,R9 M280X,AMD Radeon R9 M280X,,,,,,,,,,,,28 nm,,,3.0,,GDDR5,,,4 GB,,,,,,,,2014-Q1,,,https://www.topcpu.net/en/gpu-c/radeon-r9-m295x-vs-radeon-r9-m280x,3,low,4GB VRAM confirmed via comparison page; CU/clock/TDP not confirmed
AMD,radeonr9200,mobile,Venus,R9 200 Series,R9 M285X,AMD Radeon R9 M285X,,,,,,,,,,,,28 nm,,,3.0,,GDDR5,,,4 GB,,,,,,,,2014-Q1,,,,3,low,No confirmed CU/clock/TDP data found in sources searched
AMD,Ryzen,handheld,Z1,Zen 4/Zen 4c,Ryzen Z1,AMD Ryzen Z1,6,2,4,12,3.20 GHz,4.90 GHz,,6 MB,16 MB,28W,30W,TSMC 4nm,FP7/FP7r2/FP8,1,4,,DDR5/LPDDR5x,2,5600/7500,,no,no,,Radeon Graphics,4,2800.00 GHz,,2023-Q2,,,https://www.amd.com/en/products/processors/laptop/ryzen/7000-series/amd-ryzen-z1.html,1,high,"Tier-1 AMD.com. Hybrid 2x Zen4 (boost to 4.9GHz, base 3.7GHz) + 4x Zen4c (boost 3.5GHz, base 3.0GHz) - base/boost_clock fields report the Zen4 (full) core figures per convention; hybrid split noted here. | base_clock corrected in audit"
AMD,Ryzen,handheld,Z1,Zen 4,Ryzen Z1 Extreme,AMD Ryzen Z1 Extreme,8,,,16,3.30 GHz,5.10 GHz,,8 MB,16 MB,28W,30W,TSMC 4nm,FP7/FP7r2/FP8,1,4,20,DDR5/LPDDR5x,2,5600/7500,,no,no,,Radeon Graphics (RDNA3),12,2900.00 GHz,,2023-Q2,499,,https://www.amd.com/en/products/processors/laptop/ryzen/7000-series/amd-ryzen-z1-extreme.html,1,high,Tier-1 AMD.com spec page. cTDP range 9-30W.
AMD,Ryzen,handheld,Z2,Zen 5 / Zen 5c,Ryzen AI Z2 Extreme,AMD Ryzen AI Z2 Extreme,8,3,5,16,2.00 GHz,5.00 GHz,,8 MB,16 MB,28W,35W,TSMC 4nm,FP8,1,4.0,,LPDDR5x,2,LPDDR5x-8000,64 GB,no,,,Radeon 8060S,16,2.90 GHz,50,2025-Q2,,,https://www.amd.com/en/products/processors/handhelds/ryzen-z-series/z2-series/ai-z2-extreme.html,1,high,"3x Zen5 + 5x Zen5c hybrid, adds NPU vs standard Z2 Extreme."
AMD,Ryzen,handheld,Z2,Zen 5 / Zen 5c,Ryzen Z2,AMD Ryzen Z2,8,,,16,3.30 GHz,5.10 GHz,,8 MB,16 MB,28W,30W,TSMC 4nm,FP8,1,4.0,,LPDDR5x,2,LPDDR5x-8000,64 GB,no,,,AMD Radeon Graphics (RDNA 3),12,2.70 GHz,,2025-Q2,,,https://www.amd.com/en/products/processors/handhelds/ryzen-z-series/z2-series/z2.html,1,high,"Zen 4-based (non-hybrid), no NPU; distinct from Zen5-based Z2 Extreme."
AMD,Ryzen,handheld,Z2,Zen 2,Ryzen Z2 A,AMD Ryzen Z2 A,4,,,8,2.80 GHz,3.80 GHz,,2 MB,4 MB,15W,20W,TSMC 7nm,FP8,1,3.0,,LPDDR5,2,LPDDR5-6400,128 GB,no,,,AMD Radeon Graphics (RDNA 2),8,1.80 GHz,,2025-Q3,,,https://www.amd.com/en/products/processors/handhelds/ryzen-z-series/z2-series/z2-a.html,1,high,"Entry handheld SKU, actually older Zen 2 architecture (rebadged Van Gogh-class silicon) despite Z2 branding; powers ROG Xbox Ally (base model)."
AMD,Ryzen,handheld,Z2,Zen 5 / Zen 5c,Ryzen Z2 Extreme,AMD Ryzen Z2 Extreme,8,3,5,16,2.00 GHz,5.00 GHz,,8 MB,16 MB,28W,35W,TSMC 4nm,FP8,1,4.0,,LPDDR5x,2,LPDDR5x-8000,64 GB,no,,,AMD Radeon Graphics (RDNA 3.5),16,2.90 GHz,,2025-Q2,,,https://www.notebookcheck.net/AMD-Ryzen-Z2-Extreme-Processor-Benchmarks-and-Specs.949806.0.html,1,high,No NPU (unlike Ryzen AI Z2 Extreme variant); same core/clock config otherwise.
AMD,Ryzen,handheld,Z2,Zen 3+,Ryzen Z2 Go,AMD Ryzen Z2 Go,4,,,8,3.00 GHz,4.30 GHz,,2 MB,8 MB,15W,30W,TSMC 6nm,FP8,1,3.0,,LPDDR5,2,LPDDR5-6400,64 GB,no,,,AMD Radeon Graphics (RDNA 2),12,2.20 GHz,,2025-Q1,,,https://www.amd.com/en/products/processors/handhelds/ryzen-z-series/z2-series/z2-go.html,1,high,"Zen 3+ based (Phoenix2/Mendocino-class), exclusive to Lenovo Legion Go S."
Intel,Data Center GPU Flex,datacenter,Arctic Sound,Xe-HPG,Flex 140,Intel Data Center GPU Flex 140,16,,,,,,,,16 MB,75W,,TSMC N6,,,4.0,8,GDDR6,,,12 GB,no,no,,,,,,2022-Q3,,,https://www.intel.com/content/www/us/en/products/sku/230020/intel-data-center-gpu-flex-140/specifications.html,1,medium,"Dual-GPU card: 2x ACM-G11 dies, 8 Xe-cores each (16 total), 6GB GDDR6 each (12GB total). cores/mem_max_capacity given as card totals per SPEC convention; confidence=medium because Intel ARK page not directly quoted for L2 (used topcpu.net/Tom's Hardware corroboration), single value combines two independent GPUs."
Intel,Data Center GPU Flex,datacenter,Arctic Sound,Xe-HPG,Flex 170,Intel Data Center GPU Flex 170,32,,,,,,,,16 MB,150W,,TSMC N6,,,4.0,16,GDDR6,,576 GB/s,16 GB,no,no,,,,,,2022-Q3,,,https://www.intel.com/content/www/us/en/products/sku/230019/intel-data-center-gpu-flex-170/specifications.html,1,high,"32 Xe-cores, single ACM-G10 die, 21.7B transistors, 406mm2. Mem bandwidth 576 GB/s (256-bit bus). 16.79 TFLOPS FP32 per topcpu.net corroboration. Up to 500 TOPS(Int8) AI perf. Full-height PCIe, 1x 8-pin power connector, 450W PSU recommended for system."
Intel,Xeon Scalable (2nd Gen Refresh),datacenter,Cascade Lake Refresh,Cascade Lake Refresh,Xeon Bronze 3206R,Intel Xeon Bronze 3206R Processor,8,8,0,8,1.90 GHz,,,8 MB,11 MB,85W,,14nm,LGA 3647,2,3.0,48,DDR4,6,DDR4-2133,1 TB,yes,no,2 links,,,,,2020-02-24,306,CD8069504344600,https://ark.intel.com/content/www/us/en/ark/products/197101.html,1,high,
Intel,Xeon Scalable (2nd Gen Refresh),datacenter,Cascade Lake Refresh,Cascade Lake Refresh,Xeon Gold 5218R,Intel Xeon Gold 5218R Processor,20,20,0,40,2.10 GHz,4.00 GHz,2.80 GHz,20 MB,27.5 MB,125W,,14nm,LGA 3647,2,3.0,48,DDR4,6,DDR4-2666,1 TB,yes,no,2 links,,,,,2020-02-24,1273,CD8069504446300,https://ark.intel.com/content/www/us/en/ark/products/199342.html,1,high,
Intel,Xeon Scalable (2nd Gen Refresh),datacenter,Cascade Lake Refresh,Cascade Lake Refresh,Xeon Gold 5220R,Intel Xeon Gold 5220R Processor,24,24,0,48,2.20 GHz,4.00 GHz,2.40 GHz,24 MB,35.75 MB,150W,,14nm,LGA 3647,2,3.0,48,DDR4,6,DDR4-2666,1 TB,yes,no,2 links,,,,,2020-02-24,1555,CD8069504451301,https://ark.intel.com/content/www/us/en/ark/products/199354.html,1,high,
Intel,Xeon Scalable (2nd Gen Refresh),datacenter,Cascade Lake Refresh,Cascade Lake Refresh,Xeon Gold 6208U,Intel Xeon Gold 6208U Processor,16,16,0,32,2.90 GHz,3.90 GHz,2.60 GHz,16 MB,22 MB,150W,,14nm,LGA 3647,4,3.0,48,DDR4,6,DDR4-2933,1 TB,yes,no,,,,,,2020-Q1,989,CD8069504449101,https://ark.intel.com/content/www/us/en/ark/products/199348.html,1,high,
Intel,Xeon Scalable (2nd Gen Refresh),datacenter,Cascade Lake Refresh,Cascade Lake Refresh,Xeon Gold 6226R,Intel Xeon Gold 6226R Processor,16,16,0,32,2.90 GHz,3.90 GHz,3.60 GHz,16 MB,22 MB,150W,,14nm,LGA 3647,4,3.0,48,DDR4,6,DDR4-2933,1 TB,yes,no,2 links,,,,,2020-02-24,1300,CD8069504449000,https://ark.intel.com/content/www/us/en/ark/products/199347.html,1,high,
Intel,Xeon Scalable (2nd Gen Refresh),datacenter,Cascade Lake Refresh,Cascade Lake Refresh,Xeon Gold 6230R,Intel Xeon Gold 6230R Processor,26,26,0,52,2.10 GHz,4.00 GHz,2.30 GHz,26 MB,35.75 MB,150W,,14nm,LGA 3647,4,3.0,48,DDR4,6,DDR4-2933,1 TB,yes,no,2 links,,,,,2020-02-24,1894,CD8069504448800,https://ark.intel.com/content/www/us/en/ark/products/199346.html,1,high,
Intel,Xeon Scalable (2nd Gen Refresh),datacenter,Cascade Lake Refresh,Cascade Lake Refresh,Xeon Gold 6238R,Intel Xeon Gold 6238R Processor,28,28,0,56,2.20 GHz,4.00 GHz,2.40 GHz,28 MB,38.5 MB,165W,,14nm,LGA 3647,4,3.0,48,DDR4,6,DDR4-2933,1 TB,yes,no,2 links,,,,,2020-02-24,2612,CD8069504448701,https://ark.intel.com/content/www/us/en/ark/products/199345.html,1,high,
Intel,Xeon Scalable (2nd Gen Refresh),datacenter,Cascade Lake Refresh,Cascade Lake Refresh,Xeon Gold 6240R,Intel Xeon Gold 6240R Processor,24,24,0,48,2.40 GHz,4.00 GHz,3.20 GHz,24 MB,35.75 MB,165W,,14nm,LGA 3647,4,3.0,48,DDR4,6,DDR4-2933,1 TB,yes,no,2 links,,,,,2020-02-24,2200,CD8069504448600,https://ark.intel.com/content/www/us/en/ark/products/199343.html,1,high,
Intel,Xeon Scalable (2nd Gen Refresh),datacenter,Cascade Lake Refresh,Cascade Lake Refresh,Xeon Gold 6242R,Intel Xeon Gold 6242R Processor,20,20,0,40,3.10 GHz,4.10 GHz,3.30 GHz,20 MB,35.75 MB,205W,,14nm,LGA 3647,4,3.0,48,DDR4,6,DDR4-2933,1 TB,yes,no,2 links,,,,,2020-02-24,2529,CD8069504449601,https://ark.intel.com/content/www/us/en/ark/products/199352.html,1,high,
Intel,Xeon Scalable (2nd Gen Refresh),datacenter,Cascade Lake Refresh,Cascade Lake Refresh,Xeon Gold 6246R,Intel Xeon Gold 6246R Processor,16,16,0,32,3.40 GHz,4.10 GHz,3.60 GHz,16 MB,35.75 MB,205W,,14nm,LGA 3647,4,3.0,48,DDR4,6,DDR4-2933,1 TB,yes,no,2 links,,,,,2020-02-24,3286,CD8069504449801,https://ark.intel.com/content/www/us/en/ark/products/199353.html,1,high,
Intel,Xeon Scalable (2nd Gen Refresh),datacenter,Cascade Lake Refresh,Cascade Lake Refresh,Xeon Gold 6248R,Intel Xeon Gold 6248R Processor,24,24,0,48,3.00 GHz,4.00 GHz,3.60 GHz,24 MB,35.75 MB,205W,,14nm,LGA 3647,4,3.0,48,DDR4,6,DDR4-2933,1 TB,yes,no,2 links,,,,,2020-02-24,2700,CD8069504449401,https://ark.intel.com/content/www/us/en/ark/products/199351.html,1,high,
Intel,Xeon Scalable (2nd Gen Refresh),datacenter,Cascade Lake Refresh,Cascade Lake Refresh,Xeon Gold 6250,Intel Xeon Gold 6250 Processor,8,8,0,16,3.90 GHz,4.50 GHz,4.50 GHz,8 MB,35.75 MB,185W,,14nm,LGA 3647,4,3.0,48,DDR4,6,DDR4-2933,1 TB,yes,no,3 links,,,,,2020-02-24,3400,CD8069504425402,https://ark.intel.com/content/www/us/en/ark/products/198652.html,1,high,
Intel,Xeon Scalable (2nd Gen Refresh),datacenter,Cascade Lake Refresh,Cascade Lake Refresh,Xeon Gold 6250L,Intel Xeon Gold 6250L Processor,8,8,0,16,3.90 GHz,4.50 GHz,4.50 GHz,8 MB,35.75 MB,185W,,14nm,LGA 3647,4,3.0,48,DDR4,6,DDR4-2933,1 TB,yes,no,3 links,,,,,2020-02-24,6404,CD8069504497400,https://ark.intel.com/content/www/us/en/ark/products/202780.html,1,high,
Intel,Xeon Scalable (2nd Gen Refresh),datacenter,Cascade Lake Refresh,Cascade Lake Refresh,Xeon Gold 6256,Intel Xeon Gold 6256 Processor,12,12,0,24,3.60 GHz,4.50 GHz,4.30 GHz,12 MB,33 MB,205W,,14nm,LGA 3647,4,3.0,48,DDR4,6,DDR4-2933,1 TB,yes,no,3 links,,,,,2020-02-24,3900,CD8069504425301,https://ark.intel.com/content/www/us/en/ark/products/198655.html,1,high,
Intel,Xeon Scalable (2nd Gen Refresh),datacenter,Cascade Lake Refresh,Cascade Lake Refresh,Xeon Gold 6258R,Intel Xeon Gold 6258R Processor,28,28,0,56,2.70 GHz,4.00 GHz,2.70 GHz,28 MB,38.5 MB,205W,,14nm,LGA 3647,4,3.0,48,DDR4,6,DDR4-2933,1 TB,yes,no,2 links,,,,,2020-02-24,3950,CD8069504449301,https://ark.intel.com/content/www/us/en/ark/products/199350.html,1,high,
Intel,Xeon Scalable (2nd Gen Refresh),datacenter,Cascade Lake Refresh,Cascade Lake Refresh,Xeon Silver 4210R,Intel Xeon Silver 4210R Processor,10,10,0,20,2.40 GHz,3.20 GHz,2.90 GHz,10 MB,13.75 MB,100W,,14nm,LGA 3647,2,3.0,48,DDR4,6,DDR4-2400,1 TB,yes,no,2 links,,,,,2020-02-24,501,CD8069504344500,https://ark.intel.com/content/www/us/en/ark/products/197098.html,1,high,
Intel,Xeon Scalable (2nd Gen Refresh),datacenter,Cascade Lake Refresh,Cascade Lake Refresh,Xeon Silver 4210T,Intel Xeon Silver 4210T Processor,10,10,0,20,2.30 GHz,3.20 GHz,2.80 GHz,10 MB,13.75 MB,95W,,14nm,LGA 3647,2,3.0,48,DDR4,6,DDR4-2400,1 TB,yes,no,2 links,,,,,2020-02-24,555,CD8069504444900,https://ark.intel.com/content/www/us/en/ark/products/199344.html,1,high,
Intel,Xeon Scalable (2nd Gen Refresh),datacenter,Cascade Lake Refresh,Cascade Lake Refresh,Xeon Silver 4214R,Intel Xeon Silver 4214R Processor,12,12,0,24,2.40 GHz,3.50 GHz,3.00 GHz,12 MB,16.5 MB,100W,,14nm,LGA 3647,2,3.0,48,DDR4,6,DDR4-2400,1 TB,yes,no,2 links,,,,,2020-02-24,694,CD8069504343701,https://ark.intel.com/content/www/us/en/ark/products/197100.html,1,high,
Intel,Xeon Scalable (2nd Gen Refresh),datacenter,Cascade Lake Refresh,Cascade Lake Refresh,Xeon Silver 4215R,Intel Xeon Silver 4215R Processor,8,8,0,16,3.20 GHz,4.00 GHz,3.60 GHz,8 MB,11 MB,130W,,14nm,LGA 3647,2,3.0,48,DDR4,6,DDR4-2400,1 TB,yes,no,2 links,,,,,2020-02-24,794,CD8069504449200,https://ark.intel.com/content/www/us/en/ark/products/199349.html,1,high,
Intel,Xeon Scalable (2nd Gen),datacenter,Cascade Lake-AP,Cascade Lake-AP,Xeon Platinum 9221,Intel Xeon Platinum 9221 Processor,32,32,0,64,2.30 GHz,3.70 GHz,2.50 GHz,32 MB,71.5 MB,250W,,14nm,BGA 5903,2,3.0,48,DDR4,12,DDR4-2933,1 TB,yes,no,4 links,,,,,2019-04-02,,,https://ark.intel.com/content/www/us/en/ark/products/195434.html,1,high,
Intel,Xeon Scalable (2nd Gen),datacenter,Cascade Lake-AP,Cascade Lake-AP,Xeon Platinum 9222,Intel Xeon Platinum 9222 Processor,32,32,0,64,2.30 GHz,3.70 GHz,2.50 GHz,32 MB,71.5 MB,250W,,14nm,BGA 5903,2,3.0,48,DDR4,12,DDR4-2933,1 TB,yes,no,4 links,,,,,2019-04-02,,,https://ark.intel.com/content/www/us/en/ark/products/195437.html,1,high,
Intel,Xeon Scalable (2nd Gen),datacenter,Cascade Lake-AP,Cascade Lake-AP,Xeon Platinum 9242,Intel Xeon Platinum 9242 Processor,48,48,0,96,2.30 GHz,3.80 GHz,2.50 GHz,48 MB,71.5 MB,350W,,14nm,BGA 5903,2,3.0,48,DDR4,12,DDR4-2933,1 TB,yes,no,4 links,,,,,2019-04-02,,,https://ark.intel.com/content/www/us/en/ark/products/194145.html,1,high,
Intel,Xeon Scalable (2nd Gen),datacenter,Cascade Lake-AP,Cascade Lake-AP,Xeon Platinum 9282,Intel Xeon Platinum 9282 Processor,56,56,0,112,2.60 GHz,3.80 GHz,2.80 GHz,56 MB,77 MB,400W,,14nm,BGA 5903,2,3.0,48,DDR4,12,DDR4-2933,1 TB,yes,no,4 links,,,,,2019-04-02,,,https://ark.intel.com/content/www/us/en/ark/products/194146.html,1,high,
Intel,Xeon Scalable (2nd Gen),datacenter,Cascade Lake-SP,Cascade Lake-SP,Xeon Bronze 3204,Intel Xeon Bronze 3204 Processor,6,6,0,6,1.90 GHz,,,6 MB,8.25 MB,85W,,14nm,LGA 3647,2,3.0,48,DDR4,6,DDR4-2133,1 TB,yes,no,2 links,,,,,2019-04-02,213,CD8069503956700,https://ark.intel.com/content/www/us/en/ark/products/193381.html,1,high,
Intel,Xeon Scalable (2nd Gen),datacenter,Cascade Lake-SP,Cascade Lake-SP,Xeon Gold 5215,Intel Xeon Gold 5215 Processor,10,10,0,20,2.50 GHz,3.40 GHz,2.50 GHz,10 MB,13.75 MB,85W,,14nm,LGA 3647,2,3.0,48,DDR4,6,DDR4-2666,1 TB,yes,no,2 links,,,,,2019-Q2,1221,CD8069504214002,https://ark.intel.com/content/www/us/en/ark/products/193391.html,1,high,
Intel,Xeon Scalable (2nd Gen),datacenter,Cascade Lake-SP,Cascade Lake-SP,Xeon Gold 5215L,Intel Xeon Gold 5215L Processor,10,10,0,20,2.50 GHz,3.40 GHz,3.00 GHz,10 MB,13.75 MB,85W,,14nm,LGA 3647,2,3.0,48,DDR4,6,DDR4-2666,1 TB,yes,no,2 links,,,,,2019-04-02,9119,CD8069504214202,https://ark.intel.com/content/www/us/en/ark/products/193393.html,1,high,
Intel,Xeon Scalable (2nd Gen),datacenter,Cascade Lake-SP,Cascade Lake-SP,Xeon Gold 5217,Intel Xeon Gold 5217 Processor,8,8,0,16,3.00 GHz,3.70 GHz,3.40 GHz,8 MB,11 MB,115W,,14nm,LGA 3647,2,3.0,48,DDR4,6,DDR4-2666,1 TB,yes,no,2 links,,,,,2019-04-02,1522,CD8069504214302,https://ark.intel.com/content/www/us/en/ark/products/193396.html,1,high,
Intel,Xeon Scalable (2nd Gen),datacenter,Cascade Lake-SP,Cascade Lake-SP,Xeon Gold 5218,Intel Xeon Gold 5218 Processor,16,16,0,32,2.30 GHz,3.90 GHz,2.80 GHz,16 MB,22 MB,125W,,14nm,LGA 3647,2,3.0,48,DDR4,6,DDR4-2666,1 TB,yes,no,2 links,,,,,2019-04-02,1273,CD8069504193301,https://ark.intel.com/content/www/us/en/ark/products/192444.html,1,high,
Intel,Xeon Scalable (2nd Gen),datacenter,Cascade Lake-SP,Cascade Lake-SP,Xeon Gold 5218B,Intel Xeon Gold 5218B Processor,16,16,0,32,2.30 GHz,3.90 GHz,2.80 GHz,16 MB,22 MB,125W,,14nm,LGA 3647,2,3.0,48,DDR4,6,DDR4-2666,1 TB,yes,no,2 links,,,,,2019-04-02,1273,CD8069504295701,https://ark.intel.com/content/www/us/en/ark/products/193564.html,1,high,
Intel,Xeon Scalable (2nd Gen),datacenter,Cascade Lake-SP,Cascade Lake-SP,Xeon Gold 5218N,Intel Xeon Gold 5218N Processor,16,16,0,32,2.30 GHz,3.70 GHz,3.00 GHz,16 MB,22 MB,110W,,14nm,LGA 3647,2,3.0,48,DDR4,6,DDR4-2666,1 TB,yes,no,2 links,,,,,2019-04-02,1375,CD8069504289900,https://ark.intel.com/content/www/us/en/ark/products/193397.html,1,high,tdp corrected in audit
Intel,Xeon Scalable (2nd Gen),datacenter,Cascade Lake-SP,Cascade Lake-SP,Xeon Gold 5218T,Intel Xeon Gold 5218T Processor,16,16,0,32,2.10 GHz,3.80 GHz,2.70 GHz,16 MB,22 MB,105W,,14nm,LGA 3647,2,3.0,48,DDR4,6,DDR4-2666,1 TB,yes,no,2 links,,,,,2019-Q2,1349,CD8069504283204,https://ark.intel.com/content/www/us/en/ark/products/193953.html,1,high,
Intel,Xeon Scalable (2nd Gen),datacenter,Cascade Lake-SP,Cascade Lake-SP,Xeon Gold 5220,Intel Xeon Gold 5220 Processor,18,18,0,36,2.20 GHz,3.90 GHz,2.70 GHz,18 MB,24.75 MB,125W,,14nm,LGA 3647,2,3.0,48,DDR4,6,DDR4-2666,1 TB,yes,no,2 links,,,,,2019-04-02,1555,CD8069504214601,https://ark.intel.com/content/www/us/en/ark/products/193388.html,1,high,
Intel,Xeon Scalable (2nd Gen),datacenter,Cascade Lake-SP,Cascade Lake-SP,Xeon Gold 5220S,Intel Xeon Gold 5220S Processor,18,18,0,36,2.70 GHz,3.90 GHz,2.70 GHz,18 MB,24.75 MB,125W,,14nm,LGA 3647,2,3.0,48,DDR4,6,DDR4-2666,1 TB,yes,no,2 links,,,,,2019-Q2,2000,CD8069504283804,https://ark.intel.com/content/www/us/en/ark/products/193950.html,1,high,
Intel,Xeon Scalable (2nd Gen),datacenter,Cascade Lake-SP,Cascade Lake-SP,Xeon Gold 5220T,Intel Xeon Gold 5220T Processor,18,18,0,36,1.90 GHz,3.90 GHz,2.70 GHz,18 MB,24.75 MB,105W,,14nm,LGA 3647,2,3.0,48,DDR4,6,DDR4-2666,1 TB,yes,no,2 links,,,,,2019-Q2,1727,CD8069504283006,https://ark.intel.com/content/www/us/en/ark/products/193970.html,1,high,
Intel,Xeon Scalable (2nd Gen),datacenter,Cascade Lake-SP,Cascade Lake-SP,Xeon Gold 5222,Intel Xeon Gold 5222 Processor,4,4,0,8,3.80 GHz,3.90 GHz,3.90 GHz,4 MB,16.5 MB,105W,,14nm,LGA 3647,2,3.0,48,DDR4,6,DDR4-2933,1 TB,yes,no,2 links,,,,,2019-04-02,1221,CD8069504193501,https://ark.intel.com/content/www/us/en/ark/products/192445.html,1,high,
Intel,Xeon Scalable (2nd Gen),datacenter,Cascade Lake-SP,Cascade Lake-SP,Xeon Gold 6209U,Intel Xeon Gold 6209U Processor,20,20,0,40,2.10 GHz,3.90 GHz,2.80 GHz,20 MB,27.5 MB,125W,,14nm,LGA 3647,4,3.0,48,DDR4,6,DDR4-2933,1 TB,yes,no,,,,,,2019-Q2,1350,CD8069504284804,https://ark.intel.com/content/www/us/en/ark/products/193971.html,1,high,
Intel,Xeon Scalable (2nd Gen),datacenter,Cascade Lake-SP,Cascade Lake-SP,Xeon Gold 6210U,Intel Xeon Gold 6210U Processor,20,20,0,40,2.50 GHz,3.90 GHz,3.20 GHz,20 MB,27.5 MB,150W,,14nm,LGA 3647,4,3.0,48,DDR4,6,DDR4-2933,1 TB,yes,no,,,,,,2019-04-02,1500,CD8069504198101,https://ark.intel.com/content/www/us/en/ark/products/192452.html,1,high,
Intel,Xeon Scalable (2nd Gen),datacenter,Cascade Lake-SP,Cascade Lake-SP,Xeon Gold 6212U,Intel Xeon Gold 6212U Processor,24,24,0,48,2.40 GHz,3.90 GHz,3.10 GHz,24 MB,35.75 MB,165W,,14nm,LGA 3647,4,3.0,48,DDR4,6,DDR4-2933,1 TB,yes,no,,,,,,2019-04-02,2000,CD8069504198002,https://ark.intel.com/content/www/us/en/ark/products/192453.html,1,high,l3_cache corrected in audit
Intel,Xeon Scalable (2nd Gen),datacenter,Cascade Lake-SP,Cascade Lake-SP,Xeon Gold 6222V,Intel Xeon Gold 6222V Processor,20,20,0,40,1.80 GHz,3.60 GHz,2.40 GHz,20 MB,27.5 MB,115W,,14nm,LGA 3647,4,3.0,48,DDR4,6,DDR4-2400,1 TB,yes,no,3 links,,,,,2019-Q2,1600,CD8069504285204,https://ark.intel.com/content/www/us/en/ark/products/193962.html,1,high,
Intel,Xeon Scalable (2nd Gen),datacenter,Cascade Lake-SP,Cascade Lake-SP,Xeon Gold 6226,Intel Xeon Gold 6226 Processor,12,12,0,24,2.70 GHz,3.70 GHz,3.50 GHz,12 MB,19.25 MB,125W,,14nm,LGA 3647,4,3.0,48,DDR4,6,DDR4-2933,1 TB,yes,no,3 links,,,,,2019-Q2,1776,CD8069504283404,https://ark.intel.com/content/www/us/en/ark/products/193957.html,1,high,
Intel,Xeon Scalable (2nd Gen),datacenter,Cascade Lake-SP,Cascade Lake-SP,Xeon Gold 6230,Intel Xeon Gold 6230 Processor,20,20,0,40,2.10 GHz,3.90 GHz,2.80 GHz,20 MB,27.5 MB,125W,,14nm,LGA 3647,4,3.0,48,DDR4,6,DDR4-2933,1 TB,yes,no,3 links,,,,,2019-04-02,1894,CD8069504193701,https://ark.intel.com/content/www/us/en/ark/products/192437.html,1,high,
Intel,Xeon Scalable (2nd Gen),datacenter,Cascade Lake-SP,Cascade Lake-SP,Xeon Gold 6230N,Intel Xeon Gold 6230N Processor,20,20,0,40,2.30 GHz,3.50 GHz,2.90 GHz,20 MB,27.5 MB,125W,,14nm,LGA 3647,4,3.0,48,DDR4,6,DDR4-2933,1 TB,yes,no,3 links,,,,,2019-Q2,2046,CD8069504283604,https://ark.intel.com/content/www/us/en/ark/products/192450.html,1,high,
Intel,Xeon Scalable (2nd Gen),datacenter,Cascade Lake-SP,Cascade Lake-SP,Xeon Gold 6230T,Intel Xeon Gold 6230T Processor,20,20,0,40,2.10 GHz,3.90 GHz,2.80 GHz,20 MB,27.5 MB,125W,,14nm,LGA 3647,4,3.0,48,DDR4,6,DDR4-2933,1 TB,yes,no,3 links,,,,,2019-Q2,1988,CD8069504283704,https://ark.intel.com/content/www/us/en/ark/products/193952.html,1,high,
Intel,Xeon Scalable (2nd Gen),datacenter,Cascade Lake-SP,Cascade Lake-SP,Xeon Gold 6234,Intel Xeon Gold 6234 Processor,8,8,0,16,3.30 GHz,4.00 GHz,4.00 GHz,8 MB,24.75 MB,130W,,14nm,LGA 3647,4,3.0,48,DDR4,6,DDR4-2933,1 TB,yes,no,3 links,,,,,2019-Q2,2214,CD8069504283304,https://ark.intel.com/content/www/us/en/ark/products/193954.html,1,high,
Intel,Xeon Scalable (2nd Gen),datacenter,Cascade Lake-SP,Cascade Lake-SP,Xeon Gold 6238,Intel Xeon Gold 6238 Processor,22,22,0,44,2.10 GHz,3.70 GHz,2.80 GHz,22 MB,30.25 MB,140W,,14nm,LGA 3647,4,3.0,48,DDR4,6,DDR4-2933,1 TB,yes,no,3 links,,,,,2019-Q2,2612,CD8069504283104,https://ark.intel.com/content/www/us/en/ark/products/193949.html,1,high,
Intel,Xeon Scalable (2nd Gen),datacenter,Cascade Lake-SP,Cascade Lake-SP,Xeon Gold 6238L,Intel Xeon Gold 6238L Processor,22,22,0,44,2.10 GHz,3.70 GHz,2.80 GHz,22 MB,30.25 MB,140W,,14nm,LGA 3647,4,3.0,48,DDR4,6,DDR4-2933,1 TB,yes,no,3 links,,,,,2019-Q2,10510,CD8069504284704,https://ark.intel.com/content/www/us/en/ark/products/193958.html,1,high,
Intel,Xeon Scalable (2nd Gen),datacenter,Cascade Lake-SP,Cascade Lake-SP,Xeon Gold 6238T,Intel Xeon Gold 6238T Processor,22,22,0,44,1.90 GHz,3.70 GHz,2.70 GHz,22 MB,30.25 MB,125W,,14nm,LGA 3647,4,3.0,48,DDR4,6,DDR4-2933,1 TB,yes,no,3 links,,,,,2019-04-02,2742,CD8069504200401,https://ark.intel.com/content/www/us/en/ark/products/192439.html,1,high,
Intel,Xeon Scalable (2nd Gen),datacenter,Cascade Lake-SP,Cascade Lake-SP,Xeon Gold 6240,Intel Xeon Gold 6240 Processor,18,18,0,36,2.60 GHz,3.90 GHz,3.30 GHz,18 MB,24.75 MB,150W,,14nm,LGA 3647,4,3.0,48,DDR4,6,DDR4-2933,1 TB,yes,no,3 links,,,,,2019-04-02,2445,CD8069504194001,https://ark.intel.com/content/www/us/en/ark/products/192443.html,1,high,
Intel,Xeon Scalable (2nd Gen),datacenter,Cascade Lake-SP,Cascade Lake-SP,Xeon Gold 6240L,Intel Xeon Gold 6240L Processor,18,18,0,36,2.60 GHz,3.90 GHz,3.30 GHz,18 MB,24.75 MB,150W,,14nm,LGA 3647,4,3.0,48,DDR4,6,DDR4-2933,1 TB,yes,no,3 links,,,,,2019-Q2,10243,CD8069504284503,https://ark.intel.com/content/www/us/en/ark/products/193959.html,1,high,
Intel,Xeon Scalable (2nd Gen),datacenter,Cascade Lake-SP,Cascade Lake-SP,Xeon Gold 6240Y,Intel Xeon Gold 6240Y Processor,18,18,0,36,2.60 GHz,3.90 GHz,3.30 GHz,18 MB,24.75 MB,150W,,14nm,LGA 3647,4,3.0,48,DDR4,6,DDR4-2933,1 TB,yes,no,3 links,,,,,2019-04-02,2726,CD8069504200501,https://ark.intel.com/content/www/us/en/ark/products/192448.html,1,high,
Intel,Xeon Scalable (2nd Gen),datacenter,Cascade Lake-SP,Cascade Lake-SP,Xeon Gold 6242,Intel Xeon Gold 6242 Processor,16,16,0,32,2.80 GHz,3.90 GHz,3.50 GHz,16 MB,22 MB,150W,,14nm,LGA 3647,4,3.0,48,DDR4,6,DDR4-2933,1 TB,yes,no,3 links,,,,,2019-04-02,2529,CD8069504194101,https://ark.intel.com/content/www/us/en/ark/products/192440.html,1,high,
Intel,Xeon Scalable (2nd Gen),datacenter,Cascade Lake-SP,Cascade Lake-SP,Xeon Gold 6244,Intel Xeon Gold 6244 Processor,8,8,0,16,3.60 GHz,4.40 GHz,4.30 GHz,8 MB,24.75 MB,150W,,14nm,LGA 3647,4,3.0,48,DDR4,6,DDR4-2933,1 TB,yes,no,3 links,,,,,2019-04-02,2925,CD8069504194202,https://ark.intel.com/content/www/us/en/ark/products/192442.html,1,high,
Intel,Xeon Scalable (2nd Gen),datacenter,Cascade Lake-SP,Cascade Lake-SP,Xeon Gold 6246,Intel Xeon Gold 6246 Processor,12,12,0,24,3.30 GHz,4.20 GHz,4.10 GHz,12 MB,24.75 MB,165W,,14nm,LGA 3647,4,3.0,48,DDR4,6,DDR4-2933,1 TB,yes,no,3 links,,,,,2019-Q2,3286,CD8069504282905,https://ark.intel.com/content/www/us/en/ark/products/193969.html,1,high,
Intel,Xeon Scalable (2nd Gen),datacenter,Cascade Lake-SP,Cascade Lake-SP,Xeon Gold 6248,Intel Xeon Gold 6248 Processor,20,20,0,40,2.50 GHz,3.90 GHz,3.20 GHz,20 MB,27.5 MB,150W,,14nm,LGA 3647,4,3.0,48,DDR4,6,DDR4-2933,1 TB,yes,no,3 links,,,,,2019-04-02,3072,CD8069504194301,https://ark.intel.com/content/www/us/en/ark/products/192446.html,1,high,
Intel,Xeon Scalable (2nd Gen),datacenter,Cascade Lake-SP,Cascade Lake-SP,Xeon Gold 6252,Intel Xeon Gold 6252 Processor,24,24,0,48,2.10 GHz,3.70 GHz,2.80 GHz,24 MB,35.75 MB,150W,,14nm,LGA 3647,4,3.0,48,DDR4,6,DDR4-2933,1 TB,yes,no,3 links,,,,,2019-04-02,3655,CD8069504194401,https://ark.intel.com/content/www/us/en/ark/products/192447.html,1,high,
Intel,Xeon Scalable (2nd Gen),datacenter,Cascade Lake-SP,Cascade Lake-SP,Xeon Gold 6252N,Intel Xeon Gold 6252N Processor,24,24,0,48,2.30 GHz,3.60 GHz,3.00 GHz,24 MB,35.75 MB,150W,,14nm,LGA 3647,4,3.0,48,DDR4,6,DDR4-2933,1 TB,yes,no,3 links,,,,,2019-Q2,4259,CD8069504283503,https://ark.intel.com/content/www/us/en/ark/products/193951.html,1,high,
Intel,Xeon Scalable (2nd Gen),datacenter,Cascade Lake-SP,Cascade Lake-SP,Xeon Gold 6254,Intel Xeon Gold 6254 Processor,18,18,0,36,3.10 GHz,4.00 GHz,3.90 GHz,18 MB,24.75 MB,200W,,14nm,LGA 3647,4,3.0,48,DDR4,6,DDR4-2933,1 TB,yes,no,3 links,,,,,2019-04-02,3803,CD8069504194501,https://ark.intel.com/content/www/us/en/ark/products/192451.html,1,high,
Intel,Xeon Scalable (2nd Gen),datacenter,Cascade Lake-SP,Cascade Lake-SP,Xeon Gold 6262V,Intel Xeon Gold 6262V Processor,24,24,0,48,1.90 GHz,3.60 GHz,2.50 GHz,24 MB,33 MB,135W,,14nm,LGA 3647,4,3.0,48,DDR4,6,DDR4-2400,1 TB,yes,no,3 links,,,,,2019-Q2,2900,CD8069504285004,https://ark.intel.com/content/www/us/en/ark/products/193972.html,1,high,
Intel,Xeon Scalable (2nd Gen),datacenter,Cascade Lake-SP,Cascade Lake-SP,Xeon Platinum 8253,Intel Xeon Platinum 8253 Processor,16,16,0,32,2.20 GHz,3.00 GHz,2.50 GHz,16 MB,22 MB,125W,,14nm,LGA 3647,8,3.0,48,DDR4,6,DDR4-2933,1 TB,yes,no,3 links,,,,,2019-04-02,3115,CD8069504194601,https://ark.intel.com/content/www/us/en/ark/products/192465.html,1,high,
Intel,Xeon Scalable (2nd Gen),datacenter,Cascade Lake-SP,Cascade Lake-SP,Xeon Platinum 8256,Intel Xeon Platinum 8256 Processor,4,4,0,8,3.80 GHz,3.90 GHz,3.90 GHz,4 MB,16.5 MB,105W,,14nm,LGA 3647,8,3.0,48,DDR4,6,DDR4-2933,1 TB,yes,no,3 links,,,,,2019-04-02,7007,CD8069504194701,https://ark.intel.com/content/www/us/en/ark/products/192467.html,1,high,
Intel,Xeon Scalable (2nd Gen),datacenter,Cascade Lake-SP,Cascade Lake-SP,Xeon Platinum 8260,Intel Xeon Platinum 8260 Processor,24,24,0,48,2.40 GHz,3.90 GHz,3.10 GHz,24 MB,35.75 MB,165W,,14nm,LGA 3647,8,3.0,48,DDR4,6,DDR4-2933,1 TB,yes,no,3 links,,,,,2019-04-02,4702,CD8069504201101,https://ark.intel.com/content/www/us/en/ark/products/192474.html,1,high,
Intel,Xeon Scalable (2nd Gen),datacenter,Cascade Lake-SP,Cascade Lake-SP,Xeon Platinum 8260L,Intel Xeon Platinum 8260L Processor,24,24,0,48,2.40 GHz,3.90 GHz,3.10 GHz,24 MB,35.75 MB,165W,,14nm,LGA 3647,8,3.0,48,DDR4,6,DDR4-2933,1 TB,yes,no,3 links,,,,,2019-04-02,12599,CD8069504201001,https://ark.intel.com/content/www/us/en/ark/products/192476.html,1,high,
Intel,Xeon Scalable (2nd Gen),datacenter,Cascade Lake-SP,Cascade Lake-SP,Xeon Platinum 8260Y,Intel Xeon Platinum 8260Y Processor,24,24,0,48,2.40 GHz,3.90 GHz,3.10 GHz,24 MB,35.75 MB,165W,,14nm,LGA 3647,8,3.0,48,DDR4,6,DDR4-2933,1 TB,yes,no,3 links,,,,,2019-04-02,5320,CD8069504200902,https://ark.intel.com/content/www/us/en/ark/products/192480.html,1,high,
Intel,Xeon Scalable (2nd Gen),datacenter,Cascade Lake-SP,Cascade Lake-SP,Xeon Platinum 8268,Intel Xeon Platinum 8268 Processor,24,24,0,48,2.90 GHz,3.90 GHz,3.50 GHz,24 MB,35.75 MB,205W,,14nm,LGA 3647,8,3.0,48,DDR4,6,DDR4-2933,1 TB,yes,no,3 links,,,,,2019-04-02,6302,CD8069504195101,https://ark.intel.com/content/www/us/en/ark/products/192481.html,1,high,
Intel,Xeon Scalable (2nd Gen),datacenter,Cascade Lake-SP,Cascade Lake-SP,Xeon Platinum 8270,Intel Xeon Platinum 8270 Processor,26,26,0,52,2.70 GHz,4.00 GHz,3.40 GHz,26 MB,35.75 MB,205W,,14nm,LGA 3647,8,3.0,48,DDR4,6,DDR4-2933,1 TB,yes,no,3 links,,,,,2019-04-02,7405,CD8069504195201,https://ark.intel.com/content/www/us/en/ark/products/192482.html,1,high,
Intel,Xeon Scalable (2nd Gen),datacenter,Cascade Lake-SP,Cascade Lake-SP,Xeon Platinum 8276,Intel Xeon Platinum 8276 Processor,28,28,0,56,2.20 GHz,4.00 GHz,3.00 GHz,28 MB,38.5 MB,165W,,14nm,LGA 3647,8,3.0,48,DDR4,6,DDR4-2933,1 TB,yes,no,3 links,,,,,2019-04-02,8719,CD8069504195501,https://ark.intel.com/content/www/us/en/ark/products/192470.html,1,high,
Intel,Xeon Scalable (2nd Gen),datacenter,Cascade Lake-SP,Cascade Lake-SP,Xeon Platinum 8276L,Intel Xeon Platinum 8276L Processor,28,28,0,56,2.20 GHz,4.00 GHz,3.00 GHz,28 MB,38.5 MB,165W,,14nm,LGA 3647,8,3.0,48,DDR4,6,DDR4-2933,1 TB,yes,no,3 links,,,,,2019-04-02,16616,CD8069504195301,https://ark.intel.com/content/www/us/en/ark/products/192475.html,1,high,
Intel,Xeon Scalable (2nd Gen),datacenter,Cascade Lake-SP,Cascade Lake-SP,Xeon Platinum 8280,Intel Xeon Platinum 8280 Processor,28,28,0,56,2.70 GHz,4.00 GHz,3.30 GHz,28 MB,38.5 MB,205W,,14nm,LGA 3647,8,3.0,48,DDR4,6,DDR4-2933,1 TB,yes,no,3 links,,,,,2019-04-02,10009,CD8069504228001,https://ark.intel.com/content/www/us/en/ark/products/192478.html,1,high,
Intel,Xeon Scalable (2nd Gen),datacenter,Cascade Lake-SP,Cascade Lake-SP,Xeon Platinum 8280L,Intel Xeon Platinum 8280L Processor,28,28,0,56,2.70 GHz,4.00 GHz,3.30 GHz,28 MB,38.5 MB,205W,,14nm,LGA 3647,8,3.0,48,DDR4,6,DDR4-2933,1 TB,yes,no,3 links,,,,,2019-04-02,17906,CD8069504228201,https://ark.intel.com/content/www/us/en/ark/products/192472.html,1,high,
Intel,Xeon Scalable (2nd Gen),datacenter,Cascade Lake-SP,Cascade Lake-SP,Xeon Silver 4208,Intel Xeon Silver 4208 Processor,8,8,0,16,2.10 GHz,3.20 GHz,2.50 GHz,8 MB,11 MB,85W,,14nm,LGA 3647,2,3.0,48,DDR4,6,DDR4-2400,1 TB,yes,no,2 links,,,,,2019-04-02,417,CD8069503956401,https://ark.intel.com/content/www/us/en/ark/products/193390.html,1,high,
Intel,Xeon Scalable (2nd Gen),datacenter,Cascade Lake-SP,Cascade Lake-SP,Xeon Silver 4209T,Intel Xeon Silver 4209T Processor,8,8,0,16,2.20 GHz,3.20 GHz,2.50 GHz,8 MB,11 MB,70W,,14nm,LGA 3647,2,3.0,48,DDR4,6,DDR4-2400,1 TB,yes,no,2 links,,,,,2019-04-02,501,CD8069503956900,https://ark.intel.com/content/www/us/en/ark/products/193382.html,1,high,
Intel,Xeon Scalable (2nd Gen),datacenter,Cascade Lake-SP,Cascade Lake-SP,Xeon Silver 4210,Intel Xeon Silver 4210 Processor,10,10,0,20,2.20 GHz,3.20 GHz,2.70 GHz,10 MB,13.75 MB,85W,,14nm,LGA 3647,2,3.0,48,DDR4,6,DDR4-2400,1 TB,yes,no,2 links,,,,,2019-04-02,501,CD8069503956302,https://ark.intel.com/content/www/us/en/ark/products/193384.html,1,high,
Intel,Xeon Scalable (2nd Gen),datacenter,Cascade Lake-SP,Cascade Lake-SP,Xeon Silver 4214,Intel Xeon Silver 4214 Processor,12,12,0,24,2.20 GHz,3.20 GHz,2.70 GHz,12 MB,16.5 MB,85W,,14nm,LGA 3647,2,3.0,48,DDR4,6,DDR4-2400,1 TB,yes,no,2 links,,,,,2019-04-02,694,CD8069504212601,https://ark.intel.com/content/www/us/en/ark/products/193385.html,1,high,
Intel,Xeon Scalable (2nd Gen),datacenter,Cascade Lake-SP,Cascade Lake-SP,Xeon Silver 4214Y,Intel Xeon Silver 4214Y Processor,12,12,0,24,2.20 GHz,3.20 GHz,2.70 GHz,12 MB,16.5 MB,85W,,14nm,LGA 3647,2,3.0,48,DDR4,6,DDR4-2400,1 TB,yes,no,2 links,,,,,2019-04-02,768,CD8069504294401,https://ark.intel.com/content/www/us/en/ark/products/193553.html,1,high,
Intel,Xeon Scalable (2nd Gen),datacenter,Cascade Lake-SP,Cascade Lake-SP,Xeon Silver 4215,Intel Xeon Silver 4215 Processor,8,8,0,16,2.50 GHz,3.50 GHz,3.00 GHz,8 MB,11 MB,85W,,14nm,LGA 3647,2,3.0,48,DDR4,6,DDR4-2400,1 TB,yes,no,2 links,,,,,2019-04-02,794,CD8069504212701,https://ark.intel.com/content/www/us/en/ark/products/193389.html,1,high,
Intel,Xeon Scalable (2nd Gen),datacenter,Cascade Lake-SP,Cascade Lake-SP,Xeon Silver 4216,Intel Xeon Silver 4216 Processor,16,16,0,32,2.10 GHz,3.20 GHz,2.70 GHz,16 MB,22 MB,100W,,14nm,LGA 3647,2,3.0,48,DDR4,6,DDR4-2400,1 TB,yes,no,2 links,,,,,2019-04-02,1002,CD8069504213901,https://ark.intel.com/content/www/us/en/ark/products/193394.html,1,high,
Intel,Xeon 6+,datacenter,Clearwater Forest,Darkmont (E-core),Xeon 6960E+,Intel Xeon 6960E+ processor,144,0,144,144,,3.20 GHz,,,432 MB,330W,,Intel 18A,LGA7529,1S/2S,5.0,96,DDR5,12,DDR5-8000,1.5 TB,yes,"yes (cxl 2.0, 64 lanes)",6,,,,,2026-Q2,,,,1,high,"Clearwater Forest = Xeon 6+, first Intel 18A E-core server part, Darkmont cores, successor to Sierra Forest. 12 compute tiles (24 Darkmont cores each) + base/IO tiles via Foveros Direct 3D + EMIB. No AMX (E-core), QAT/DSA/IAA/DLB accelerators present. Application Energy Telemetry (AET) new feature. Base/all-core clocks and RCP not found in search results, logged as gap; max turbo 3.2GHz and 432MB L3/330W TDP confirmed via multiple sources."
Intel,Xeon 6+,datacenter,Clearwater Forest,Darkmont (E-core),Xeon 6970E+,Intel Xeon 6970E+ processor,192,0,192,192,2.30 GHz,3.20 GHz,3.00 GHz,,480 MB,400W,,Intel 18A,LGA7529,1S/2S,5.0,96,DDR5,12,DDR5-8000,1.5 TB,yes,"yes (cxl 2.0, 64 lanes)",6,,,,,2026-Q2,7680,,https://www.intel.com/content/www/us/en/products/sku/246083/specifications.html,1,high,"Clearwater Forest = Xeon 6+, first Intel 18A E-core server part, Darkmont cores, successor to Sierra Forest. 12 compute tiles (24 Darkmont cores each) + base/IO tiles via Foveros Direct 3D + EMIB. No AMX (E-core), QAT/DSA/IAA/DLB accelerators present. Application Energy Telemetry (AET) new feature."
Intel,Xeon 6+,datacenter,Clearwater Forest,Darkmont (E-core),Xeon 6980E+,Intel Xeon 6980E+ processor,264,0,264,264,2.10 GHz,3.20 GHz,2.70 GHz,,528 MB,400W,,Intel 18A,LGA7529,1S/2S,5.0,96,DDR5,12,DDR5-8000,1.5 TB,yes,"yes (cxl 2.0, 64 lanes)",6,,,,,2026-Q2,9850,,https://www.intel.com/content/www/us/en/products/sku/246075/specifications.html,1,high,"Clearwater Forest = Xeon 6+, first Intel 18A E-core server part, Darkmont cores, successor to Sierra Forest. 12 compute tiles (24 Darkmont cores each) + base/IO tiles via Foveros Direct 3D + EMIB. No AMX (E-core), QAT/DSA/IAA/DLB accelerators present. Application Energy Telemetry (AET) new feature. Also offered as 300W variant (base 1.6GHz/all-core 2.2GHz, same 264c/528MB)."
Intel,Xeon 6+,datacenter,Clearwater Forest,Darkmont (E-core),Xeon 6990E+,Intel Xeon 6990E+ processor,288,0,288,288,2.20 GHz,3.20 GHz,2.80 GHz,,576 MB,450W,,Intel 18A,LGA7529,1S/2S,5.0,96,DDR5,12,DDR5-8000,1.5 TB,yes,"yes (cxl 2.0, 64 lanes)",6,,,,,2026-Q2,,,https://www.intel.com/content/www/us/en/products/sku/246074/specifications.html,1,high,"Clearwater Forest = Xeon 6+, first Intel 18A E-core server part, Darkmont cores, successor to Sierra Forest. 12 compute tiles (24 Darkmont cores each) + base/IO tiles via Foveros Direct 3D + EMIB. No AMX (E-core), QAT/DSA/IAA/DLB accelerators present. Application Energy Telemetry (AET) new feature. Also offered as 330W variant (base 1.7GHz/all-core 2.4GHz, same 288c/576MB); RCP not found in search results, logged as gap."
Intel,Xeon E,datacenter,Coffee Lake-E,Coffee Lake,Xeon E-2124,Intel Xeon E-2124 Processor,4,4,0,4,3.30 GHz,4.30 GHz,,,8 MB,71W,,14 nm,FCLGA1151,1,3.0,,DDR4,2,2666 MHz,128 GB,yes,no,0,,,,,2018-Q3,213,E-2124,https://ark.intel.com/content/www/us/en/ark/products/134856/intel-xeon-e-2124-processor-8m-cache-up-to-4-30-ghz.html,1,medium,"no iGPU (non-G suffix); price not confirmed this pass, approx per family; discontinued, ESU through 2025-06-30"
Intel,Xeon E,datacenter,Coffee Lake-E,Coffee Lake,Xeon E-2124G,Intel Xeon E-2124G Processor,4,4,0,4,3.40 GHz,4.50 GHz,,,8 MB,71W,,14 nm,FCLGA1151,1,3.0,,DDR4,2,2666 MHz,128 GB,yes,no,0,Intel UHD Graphics P630,,,,2018-Q3,245,E-2124G,https://www.intel.com/content/www/us/en/products/sku/134854/intel-xeon-e2124g-processor-8m-cache-up-to-4-50-ghz/specifications.html,1,medium,"no Hyper-Threading; igpu cores/clock not confirmed; price range $245-249 per ARK, used low end"
Intel,Xeon E,datacenter,Coffee Lake-E,Coffee Lake,Xeon E-2126G,Intel Xeon E-2126G Processor,6,6,0,6,3.30 GHz,4.50 GHz,,,12 MB,80W,,14 nm,FCLGA1151,1,3.0,,DDR4,2,2666 MHz,128 GB,yes,no,0,Intel UHD Graphics P630,,,,2018-Q3,286,E-2126G,https://ark.intel.com/products/134863/Intel-Xeon-E-2126G-Processor-12M-Cache-up-,1,medium,"no Hyper-Threading (6 threads=6 cores) per ARK; igpu cores/clock not confirmed; discontinued, ESU through 2025-06-30"
Intel,Xeon E,datacenter,Coffee Lake-E,Coffee Lake,Xeon E-2134,Intel Xeon E-2134 Processor,4,4,0,8,3.50 GHz,4.50 GHz,,,8 MB,71W,,14 nm,FCLGA1151,1,3.0,,DDR4,2,2666 MHz,128 GB,yes,no,0,,,,,2018-Q3,,E-2134,https://ark.intel.com/products/134858/Intel-Xeon-E-2134-Processor-8M-Cache-up-to-4_50-GHz,1,high,"no iGPU (non-G suffix); launch price not found; discontinued, ESU through 2025-06-30"
Intel,Xeon E,datacenter,Coffee Lake-E,Coffee Lake,Xeon E-2136,Intel Xeon E-2136 Processor,6,6,0,12,3.30 GHz,4.50 GHz,,,12 MB,80W,,14 nm,FCLGA1151,1,3.0,,DDR4,2,2666 MHz,128 GB,yes,no,0,,,,,2018-Q3,319,E-2136,https://ark.intel.com/content/www/us/en/ark/products/134857/intel-xeon-e2136-processor-12m-cache-up-to-4-50-ghz.html,1,high,"no iGPU (non-G suffix); discontinued, ESU through 2025-06-30"
Intel,Xeon E,datacenter,Coffee Lake-E,Coffee Lake,Xeon E-2144G,Intel Xeon E-2144G Processor,4,4,0,8,3.60 GHz,4.50 GHz,,,8 MB,71W,,14 nm,FCLGA1151,1,3.0,,DDR4,2,2666 MHz,128 GB,yes,no,0,Intel UHD Graphics P630,,,,2018-Q3,,E-2144G,https://www.intel.com/content/www/us/en/products/sku/134862/intel-xeon-e2144g-processor-8m-cache-up-to-4-50-ghz/specifications.html,1,medium,"igpu cores/clock not confirmed; launch price not found; discontinued, ESU through 2025-06-30"
Intel,Xeon E,datacenter,Coffee Lake-E,Coffee Lake,Xeon E-2146G,Intel Xeon E-2146G Processor,6,6,0,12,3.50 GHz,4.50 GHz,,1.5 MB,12 MB,80W,,14 nm,FCLGA1151,1,3.0,,DDR4,2,2666 MHz,128 GB,yes,no,0,Intel UHD Graphics P630,,,,2018-Q3,311,E-2146G,http://ark.intel.com/products/134866/,1,medium,"igpu cores/clock not confirmed; discontinued, ESU through 2025-06-30"
Intel,Xeon E,datacenter,Coffee Lake-E,Coffee Lake,Xeon E-2174G,Intel Xeon E-2174G Processor,4,4,0,8,3.80 GHz,4.70 GHz,,,8 MB,71W,,14 nm,FCLGA1151,1,3.0,,DDR4,2,2666 MHz,128 GB,yes,no,0,Intel UHD Graphics P630,,,,2018-Q3,370,E-2174G,https://ark.intel.com/content/www/us/en/ark/products/134864/intel-xeon-e2174g-processor-8m-cache-up-to-4-70-ghz.html,1,medium,"igpu cores/clock not confirmed; discontinued, ESU through 2025-06-30"
Intel,Xeon E,datacenter,Coffee Lake-E,Coffee Lake,Xeon E-2176G,Intel Xeon E-2176G Processor,6,6,0,12,3.70 GHz,4.70 GHz,,,12 MB,80W,,14 nm,FCLGA1151,1,3.0,,DDR4,2,2666 MHz,128 GB,yes,no,0,Intel UHD Graphics P630,,,,2017-Q4,406,E-2176G,https://ark.intel.com/content/www/us/en/ark/products/134860/intel-xeon-e-2176g-processor-12m-cache-up-to-4-70-ghz.html,1,medium,igpu cores/clock not confirmed; embedded options available per ARK
Intel,Xeon E,datacenter,Coffee Lake-E,Coffee Lake,Xeon E-2186G,Intel Xeon E-2186G Processor,6,6,0,12,3.80 GHz,4.70 GHz,,,12 MB,95W,,14 nm,FCLGA1151,1,3.0,,DDR4,2,2666 MHz,128 GB,yes,no,0,Intel UHD Graphics P630,,,,2018-Q3,506,E-2186G,https://ark.intel.com/content/www/us/en/ark/products/134855/intel-xeon-e-2186g-processor-12m-cache-up-to-4-70-ghz.html,1,medium,"igpu cores/clock not confirmed; discontinued, ESU through 2025-06-30"
Intel,Xeon E,datacenter,Coffee Lake-E,Coffee Lake,Xeon E-2224,Intel Xeon E-2224 Processor,4,4,0,4,3.40 GHz,4.60 GHz,,,8 MB,71W,,14 nm,FCLGA1151,1,3.0,,DDR4,2,2666 MHz,128 GB,yes,no,0,,,,,2019-Q2,217,E-2224,https://ark.intel.com/content/www/us/en/ark/products/191036/intel-xeon-e-2224-processor-8m-cache-3-40-ghz.html,1,high,"no iGPU (non-G suffix); discontinued, ESU through 2025-06-30"
Intel,Xeon E,datacenter,Coffee Lake-E,Coffee Lake,Xeon E-2224G,Intel Xeon E-2224G Processor,4,4,0,4,3.50 GHz,4.70 GHz,,,8 MB,71W,,14 nm,FCLGA1151,1,3.0,,DDR4,2,2666 MHz,128 GB,yes,no,0,Intel UHD Graphics P630,,,,2019-Q2,,E-2224G,https://arkpwa-stg.intel.com/content/www/us/en/ark/products/191037/intel-xeon-e-2224g-processor-8m-cache-3-50-ghz.html,1,medium,"no Hyper-Threading; igpu cores/clock not confirmed; launch price not found; discontinued, ESU through 2025-06-30"
Intel,Xeon E,datacenter,Coffee Lake-E,Coffee Lake,Xeon E-2226G,Intel Xeon E-2226G Processor,6,6,0,6,3.40 GHz,4.70 GHz,,,12 MB,80W,,14 nm,FCLGA1151,1,3.0,,DDR4,2,2666 MHz,128 GB,yes,no,0,Intel UHD Graphics P630,,,,2019-Q2,286,E-2226G,https://www.intel.com/content/www/us/en/products/sku/191038/intel-xeon-e2226g-processor-12m-cache-3-40-ghz/specifications.html,1,medium,"no Hyper-Threading (6 threads=6 cores); igpu cores/clock not confirmed; discontinued, ESU through 2025-06-30"
Intel,Xeon E,datacenter,Coffee Lake-E,Coffee Lake,Xeon E-2226GE,Intel Xeon E-2226GE Processor,6,6,0,6,3.40 GHz,4.60 GHz,,,12 MB,80W,,14 nm,FCLGA1151,1,3.0,,DDR4,2,2666 MHz,128 GB,yes,no,0,Intel UHD Graphics P630,,,,2019-Q2,286,E-2226GE,https://ark.intel.com/content/www/us/en/ark/products/195325/intel-xeon-e-2226ge-processor-12m-cache-3-40-ghz.html,1,medium,embedded vertical segment per ARK; no Hyper-Threading; igpu cores/clock not confirmed; ESU through 2025-06-30
Intel,Xeon E,datacenter,Coffee Lake-E,Coffee Lake,Xeon E-2234,Intel Xeon E-2234 Processor,4,4,0,8,3.60 GHz,4.80 GHz,,,8 MB,71W,,14 nm,FCLGA1151,1,3.0,,DDR4,2,2666 MHz,128 GB,yes,no,0,,,,,2019-Q2,250,E-2234,https://arkpwa-stg.intel.com/content/www/us/en/ark/products/191039/intel-xeon-e-2234-processor-8m-cache-3-60-ghz.html,1,high,"no iGPU (non-G suffix); price per secondary source (list price); discontinued, ESU through 2025-06-30"
Intel,Xeon E,datacenter,Coffee Lake-E,Coffee Lake,Xeon E-2236,Intel Xeon E-2236 Processor,6,6,0,12,3.40 GHz,4.80 GHz,,1.5 MB,12 MB,80W,,14 nm,FCLGA1151,1,3.0,,DDR4,2,2666 MHz,128 GB,yes,no,0,,,,,2019-Q2,319,E-2236,https://ark.intel.com/content/www/us/en/ark/products/191040/intel-xeon-e-2236-processor-12m-cache-3-40-ghz.html,1,high,"no iGPU (non-G suffix); L2 per ARK cache breakdown 6x256KB=1.5MB; discontinued, ESU through 2025-06-30"
Intel,Xeon E,datacenter,Coffee Lake-E,Coffee Lake,Xeon E-2244G,Intel Xeon E-2244G Processor,4,4,0,8,3.80 GHz,4.80 GHz,,,8 MB,71W,,14 nm,FCLGA1151,1,3.0,,DDR4,2,2666 MHz,128 GB,yes,no,0,Intel UHD Graphics P630,,,,2019-Q2,306,E-2244G,https://ark.intel.com/content/www/us/en/ark/products/191041/intel-xeon-e2244g-processor-8m-cache-3-80-ghz.html,1,medium,"igpu cores/clock not confirmed; discontinued, ESU through 2025-06-30"
Intel,Xeon E,datacenter,Coffee Lake-E,Coffee Lake,Xeon E-2246G,Intel Xeon E-2246G Processor,6,6,0,12,3.60 GHz,4.80 GHz,,,12 MB,80W,,14 nm,FCLGA1151,1,3.0,,DDR4,2,2666 MHz,128 GB,yes,no,0,Intel UHD Graphics P630,,,,2019-Q2,350,E-2246G,https://www.intel.com/content/www/us/en/products/sku/191043/intel-xeon-e2246g-processor-12m-cache-3-60-ghz/specifications.html,1,medium,igpu cores/clock not confirmed; discontinued
Intel,Xeon E,datacenter,Coffee Lake-E,Coffee Lake,Xeon E-2274G,Intel Xeon E-2274G Processor,4,4,0,8,4.00 GHz,4.90 GHz,,,8 MB,83W,,14 nm,FCLGA1151,1,3.0,,DDR4,2,2666 MHz,128 GB,yes,no,0,Intel UHD Graphics P630,,,,2019-Q2,370,E-2274G,https://ark.intel.com/content/www/us/en/ark/products/191042/intel-xeon-e2274g-processor-8m-cache-4-00-ghz.html,1,medium,"igpu cores/clock not confirmed; discontinued, ESU through 2025-06-30"
Intel,Xeon E,datacenter,Coffee Lake-E,Coffee Lake,Xeon E-2276G,Intel Xeon E-2276G Processor,6,6,0,12,3.80 GHz,4.90 GHz,,,12 MB,80W,,14 nm,FCLGA1151,1,3.0,,DDR4,2,2666 MHz,128 GB,yes,no,0,Intel UHD Graphics P630,,,,2019-Q2,362,E-2276G,https://ark.intel.com/content/www/us/en/ark/products/191035/intel-xeon-e-2276g-processor-12m-cache-3-80-ghz.html,1,medium,"igpu cores/clock not confirmed; discontinued, ESU through 2025-06-30"
Intel,Xeon E,datacenter,Coffee Lake-E,Coffee Lake,Xeon E-2278G,Intel Xeon E-2278G Processor,8,8,0,16,3.40 GHz,5.00 GHz,,,16 MB,80W,,14 nm,FCLGA1151,1,3.0,,DDR4,2,2666 MHz,128 GB,yes,no,0,Intel UHD Graphics P630,,,,2019-Q2,494,E-2278G,https://ark.intel.com/content/www/us/en/ark/products/193745/intel-xeon-e-2278g-processor-16m-cache-3-40-ghz.html,1,medium,igpu cores/clock not confirmed from ARK summary
Intel,Xeon E,datacenter,Coffee Lake-E,Coffee Lake,Xeon E-2278GE,Intel Xeon E-2278GE Processor,8,8,0,16,3.30 GHz,4.70 GHz,,,16 MB,80W,,14 nm,FCLGA1151,1,3.0,,DDR4,2,2666 MHz,128 GB,yes,no,0,Intel UHD Graphics P630,,,,2019-Q2,519,E-2278GE,https://www.intel.com/content/www/us/en/products/sku/195334/intel-xeon-e2278ge-processor-16m-cache-3-30-ghz/specifications.html,1,medium,embedded vertical segment per ARK; igpu cores/clock not confirmed
Intel,Xeon E,datacenter,Coffee Lake-E,Coffee Lake,Xeon E-2278GEL,Intel Xeon E-2278GEL Processor,8,8,0,16,2.00 GHz,3.90 GHz,,,16 MB,35W,,14 nm,FCLGA1151,1,3.0,,DDR4,2,2666 MHz,128 GB,yes,no,0,Intel UHD Graphics P630,,,,2019-Q2,519,E-2278GEL,https://ark.intel.com/content/www/us/en/ark/products/195323/intel-xeon-e-2278gel-processor-16m-cache-2-00-ghz.html,1,medium,embedded vertical segment per ARK; low-power variant; igpu cores/clock not confirmed
Intel,Xeon E,datacenter,Coffee Lake-E,Coffee Lake,Xeon E-2286G,Intel Xeon E-2286G Processor,6,6,0,12,4.00 GHz,4.90 GHz,,,12 MB,95W,,14 nm,FCLGA1151,1,3.0,,DDR4,2,2666 MHz,128 GB,yes,no,0,Intel UHD Graphics P630,,,,2019-Q2,450,E-2286G,https://www.intel.com/content/www/us/en/products/sku/191033/intel-xeon-e2286g-processor-12m-cache-4-00-ghz/specifications.html,1,medium,"igpu cores/clock not confirmed; discontinued, ESU through 2025-06-30"
Intel,Xeon E,datacenter,Coffee Lake-E,Coffee Lake,Xeon E-2288G,Intel Xeon E-2288G Processor,8,8,0,16,3.70 GHz,5.00 GHz,,,16 MB,95W,,14 nm,FCLGA1151,1,3.0,,DDR4,2,2666 MHz,128 GB,yes,no,0,Intel UHD Graphics P630,,,,2019-Q2,539,E-2288G,https://www.intel.com/content/www/us/en/products/sku/193743/intel-xeon-e2288g-processor-16m-cache-3-70-ghz/specifications.html,1,medium,"igpu cores/clock not confirmed from ARK summary; discontinued, ESU through 2025-06-30"
Intel,Xeon Scalable (3rd Gen Cooper Lake),datacenter,Cooper Lake,Cooper Lake,Xeon Gold 5318H,Intel Xeon Gold 5318H Processor,18,18,0,36,2.50 GHz,3.80 GHz,,18 MB,24.75 MB,150W,,14nm,LGA 4189,2,3.0,48,DDR4,6,DDR4-2666,,yes,no,6 links,,,,,2020-06-18,1273,CD8070604481600,https://ark.intel.com/content/www/us/en/ark/products/204086.html,1,high,
Intel,Xeon Scalable (3rd Gen Cooper Lake),datacenter,Cooper Lake,Cooper Lake,Xeon Gold 5320H,Intel Xeon Gold 5320H Processor,20,20,0,40,2.40 GHz,4.20 GHz,,20 MB,27.5 MB,150W,,14nm,LGA 4189,2,3.0,48,DDR4,6,DDR4-2666,,yes,no,6 links,,,,,2020-06-18,1555,CD8070604481501,https://ark.intel.com/content/www/us/en/ark/products/204090.html,1,high,
Intel,Xeon Scalable (3rd Gen Cooper Lake),datacenter,Cooper Lake,Cooper Lake,Xeon Gold 6328H,Intel Xeon Gold 6328H Processor,16,16,0,32,2.80 GHz,4.30 GHz,,16 MB,22 MB,165W,,14nm,LGA 4189,4,3.0,48,DDR4,6,DDR4-2933,,yes,no,6 links,,,,,2020-06-18,1776,CD8070604481201,https://ark.intel.com/content/www/us/en/ark/products/204088.html,1,high,
Intel,Xeon Scalable (3rd Gen Cooper Lake),datacenter,Cooper Lake,Cooper Lake,Xeon Gold 6328HL,Intel Xeon Gold 6328HL Processor,16,16,0,32,2.80 GHz,4.30 GHz,,16 MB,22 MB,165W,,14nm,LGA 4189,4,3.0,48,DDR4,6,DDR4-2933,,yes,no,6 links,,,,,2020-06-18,4779,CD8070604481301,https://ark.intel.com/content/www/us/en/ark/products/205687.html,1,high,
Intel,Xeon Scalable (3rd Gen Cooper Lake),datacenter,Cooper Lake,Cooper Lake,Xeon Gold 6330H,Intel Xeon Gold 6330H Processor,24,24,0,48,2.00 GHz,3.70 GHz,,24 MB,33 MB,150W,,14nm,LGA 4189,4,3.0,48,DDR4,6,DDR4-2933,,yes,no,6 links,,,,,2020-09-01,1894,CD8070604560002,https://ark.intel.com/content/www/us/en/ark/products/204091.html,1,high,
Intel,Xeon Scalable (3rd Gen Cooper Lake),datacenter,Cooper Lake,Cooper Lake,Xeon Gold 6348H,Intel Xeon Gold 6348H Processor,24,24,0,48,2.30 GHz,4.20 GHz,,24 MB,33 MB,165W,,14nm,LGA 4189,4,3.0,48,DDR4,6,DDR4-2933,,yes,no,6 links,,,,,2020-06-18,2700,CD8070604481101,https://ark.intel.com/content/www/us/en/ark/products/204095.html,1,high,
Intel,Xeon Scalable (3rd Gen Cooper Lake),datacenter,Cooper Lake,Cooper Lake,Xeon Platinum 8353H,Intel Xeon Platinum 8353H Processor,18,18,0,36,2.50 GHz,3.80 GHz,,18 MB,24.75 MB,150W,,14nm,LGA 4189,8,3.0,48,DDR4,6,DDR4-3200,,yes,no,6 links,,,,,2020-06-18,3003,CD8070604481601,https://ark.intel.com/content/www/us/en/ark/products/204092.html,1,high,
Intel,Xeon Scalable (3rd Gen Cooper Lake),datacenter,Cooper Lake,Cooper Lake,Xeon Platinum 8354H,Intel Xeon Platinum 8354H Processor,18,18,0,36,3.10 GHz,4.30 GHz,,18 MB,24.75 MB,205W,,14nm,LGA 4189,8,3.0,48,DDR4,6,DDR4-3200,,yes,no,6 links,,,,,2020-06-18,3500,CD8070604481002,https://ark.intel.com/content/www/us/en/ark/products/204094.html,1,high,
Intel,Xeon Scalable (3rd Gen Cooper Lake),datacenter,Cooper Lake,Cooper Lake,Xeon Platinum 8356H,Intel Xeon Platinum 8356H Processor,8,8,0,16,3.90 GHz,4.40 GHz,,8 MB,35.75 MB,190W,,14nm,LGA 4189,8,3.0,48,DDR4,6,DDR4-2933,,yes,no,6 links,,,,,2020-09-01,3400,CD8070604559701,https://ark.intel.com/content/www/us/en/ark/products/204097.html,1,high,
Intel,Xeon Scalable (3rd Gen Cooper Lake),datacenter,Cooper Lake,Cooper Lake,Xeon Platinum 8360H,Intel Xeon Platinum 8360H Processor,24,24,0,48,3.00 GHz,4.20 GHz,,24 MB,33 MB,225W,,14nm,LGA 4189,8,3.0,48,DDR4,6,DDR4-3200,,yes,no,6 links,,,,,2020-09-01,4200,CD8070604559900,https://ark.intel.com/content/www/us/en/ark/products/204089.html,1,high,
Intel,Xeon Scalable (3rd Gen Cooper Lake),datacenter,Cooper Lake,Cooper Lake,Xeon Platinum 8360HL,Intel Xeon Platinum 8360HL Processor,24,24,0,48,3.00 GHz,4.20 GHz,,24 MB,33 MB,225W,,14nm,LGA 4189,8,3.0,48,DDR4,6,DDR4-3200,,yes,no,6 links,,,,,2020-09-01,7203,CD8070604559801,https://ark.intel.com/content/www/us/en/ark/products/205688.html,1,high,
Intel,Xeon Scalable (3rd Gen Cooper Lake),datacenter,Cooper Lake,Cooper Lake,Xeon Platinum 8376H,Intel Xeon Platinum 8376H Processor,28,28,0,56,2.60 GHz,4.30 GHz,,28 MB,38.5 MB,205W,,14nm,LGA 4189,8,3.0,48,DDR4,6,DDR4-3200,,yes,no,6 links,,,,,2020-06-18,8719,CD8070604480501,https://ark.intel.com/content/www/us/en/ark/products/204096.html,1,high,
Intel,Xeon Scalable (3rd Gen Cooper Lake),datacenter,Cooper Lake,Cooper Lake,Xeon Platinum 8376HL,Intel Xeon Platinum 8376HL Processor,28,28,0,56,2.60 GHz,4.30 GHz,,28 MB,38.5 MB,205W,,14nm,LGA 4189,8,3.0,48,DDR4,6,DDR4-3200,,yes,no,6 links,,,,,2020-06-18,11722,CD8070604480601,https://ark.intel.com/content/www/us/en/ark/products/205683.html,1,high,
Intel,Xeon Scalable (3rd Gen Cooper Lake),datacenter,Cooper Lake,Cooper Lake,Xeon Platinum 8380H,Intel Xeon Platinum 8380H Processor,28,28,0,56,2.90 GHz,4.30 GHz,,28 MB,38.5 MB,250W,,14nm,LGA 4189,8,3.0,48,DDR4,6,DDR4-3200,,yes,no,6 links,,,,,2020-06-18,10009,CD8070604480301,https://ark.intel.com/content/www/us/en/ark/products/204087.html,1,high,
Intel,Xeon Scalable (3rd Gen Cooper Lake),datacenter,Cooper Lake,Cooper Lake,Xeon Platinum 8380HL,Intel Xeon Platinum 8380HL Processor,28,28,0,56,2.90 GHz,4.30 GHz,,28 MB,38.5 MB,250W,,14nm,LGA 4189,8,3.0,48,DDR4,6,DDR4-3200,,yes,no,6 links,,,,,2020-06-18,13012,CD8070604480401,https://ark.intel.com/content/www/us/en/ark/products/205684.html,1,high,
Intel,Xeon Scalable 5th Gen,datacenter,Emerald Rapids SP,Raptor Cove,Xeon Bronze 3508U,Intel Xeon Bronze 3508U Processor,8,8,0,8,2.10 GHz,2.20 GHz,,,22.5 MB,125W,,Intel 7,LGA4677,1S/2S,5.0,80,DDR5,8,DDR5-5600,4 TB,yes,yes,4,,,,,2023-Q4,,,https://www.intel.com/content/www/us/en/products/sku/236639/specifications.html,1,high,Emerald Rapids XCC/MCC die; UPI 20GT/s x4 max; DDR5-5600 1DPC/4800 2DPC; CXL 1.1 Type3 memory expansion supported. | threads corrected in audit
Intel,Xeon Scalable 5th Gen,datacenter,Emerald Rapids SP,Raptor Cove,Xeon Gold 5512U,Intel Xeon Gold 5512U Processor,28,28,0,56,2.10 GHz,3.70 GHz,,,52.5 MB,185W,,Intel 7,LGA4677,1S/2S,5.0,80,DDR5,8,DDR5-5600,4 TB,yes,yes,4,,,,,2023-Q4,,,https://www.intel.com/content/www/us/en/products/sku/237565/specifications.html,1,high,Emerald Rapids XCC/MCC die; UPI 20GT/s x4 max; DDR5-5600 1DPC/4800 2DPC; CXL 1.1 Type3 memory expansion supported.
Intel,Xeon Scalable 5th Gen,datacenter,Emerald Rapids SP,Raptor Cove,Xeon Gold 5515+,Intel Xeon Gold 5515+ Processor,8,8,0,16,3.20 GHz,4.10 GHz,,,22.5 MB,165W,,Intel 7,LGA4677,1S/2S,5.0,80,DDR5,8,DDR5-5600,4 TB,yes,yes,4,,,,,2023-Q4,,,https://www.intel.com/content/www/us/en/products/sku/237562/specifications.html,1,high,Emerald Rapids XCC/MCC die; UPI 20GT/s x4 max; DDR5-5600 1DPC/4800 2DPC; CXL 1.1 Type3 memory expansion supported.
Intel,Xeon Scalable 5th Gen,datacenter,Emerald Rapids SP,Raptor Cove,Xeon Gold 5520+,Intel Xeon Gold 5520+ Processor,28,28,0,56,2.20 GHz,4.00 GHz,,,52.5 MB,205W,,Intel 7,LGA4677,1S/2S,5.0,80,DDR5,8,DDR5-5600,4 TB,yes,yes,4,,,,,2023-Q4,,,https://www.intel.com/content/www/us/en/products/sku/237561/specifications.html,1,high,Emerald Rapids XCC/MCC die; UPI 20GT/s x4 max; DDR5-5600 1DPC/4800 2DPC; CXL 1.1 Type3 memory expansion supported.
Intel,Xeon Scalable 5th Gen,datacenter,Emerald Rapids SP,Raptor Cove,Xeon Gold 6526Y,Intel Xeon Gold 6526Y Processor,16,16,0,32,2.80 GHz,3.90 GHz,,,37.5 MB,195W,,Intel 7,LGA4677,1S/2S,5.0,80,DDR5,8,DDR5-5600,4 TB,yes,yes,4,,,,,2023-Q4,,,https://www.intel.com/content/www/us/en/products/sku/237560/specifications.html,1,high,Emerald Rapids XCC/MCC die; UPI 20GT/s x4 max; DDR5-5600 1DPC/4800 2DPC; CXL 1.1 Type3 memory expansion supported.
Intel,Xeon Scalable 5th Gen,datacenter,Emerald Rapids SP,Raptor Cove,Xeon Gold 6530,Intel Xeon Gold 6530 Processor,32,32,0,64,2.10 GHz,4.00 GHz,,,160 MB,270W,,Intel 7,LGA4677,1S/2S,5.0,80,DDR5,8,DDR5-5600,4 TB,yes,yes,4,,,,,2023-Q4,,,https://www.intel.com/content/www/us/en/products/sku/237249/specifications.html,1,high,Emerald Rapids XCC/MCC die; UPI 20GT/s x4 max; DDR5-5600 1DPC/4800 2DPC; CXL 1.1 Type3 memory expansion supported.
Intel,Xeon Scalable 5th Gen,datacenter,Emerald Rapids SP,Raptor Cove,Xeon Gold 6534,Intel Xeon Gold 6534 Processor,8,8,0,16,3.90 GHz,4.20 GHz,,,22.5 MB,195W,,Intel 7,LGA4677,1S/2S,5.0,80,DDR5,8,DDR5-5600,4 TB,yes,yes,4,,,,,2023-Q4,,,https://www.intel.com/content/www/us/en/products/sku/237555/specifications.html,1,high,Emerald Rapids XCC/MCC die; UPI 20GT/s x4 max; DDR5-5600 1DPC/4800 2DPC; CXL 1.1 Type3 memory expansion supported.
Intel,Xeon Scalable 5th Gen,datacenter,Emerald Rapids SP,Raptor Cove,Xeon Gold 6538N,Intel Xeon Gold 6538N Processor,32,32,0,64,2.10 GHz,4.10 GHz,,,60 MB,205W,,Intel 7,LGA4677,1S/2S,5.0,80,DDR5,8,DDR5-5600,4 TB,yes,yes,4,,,,,2023-Q4,,,https://www.intel.com/content/www/us/en/products/sku/237568/specifications.html,1,high,Emerald Rapids XCC/MCC die; UPI 20GT/s x4 max; DDR5-5600 1DPC/4800 2DPC; CXL 1.1 Type3 memory expansion supported.
Intel,Xeon Scalable 5th Gen,datacenter,Emerald Rapids SP,Raptor Cove,Xeon Gold 6538Y+,Intel Xeon Gold 6538Y+ Processor,32,32,0,64,2.20 GHz,4.00 GHz,,,60 MB,225W,,Intel 7,LGA4677,1S/2S,5.0,80,DDR5,8,DDR5-5600,4 TB,yes,yes,4,,,,,2023-Q4,,,https://www.intel.com/content/www/us/en/products/sku/237563/specifications.html,1,high,Emerald Rapids XCC/MCC die; UPI 20GT/s x4 max; DDR5-5600 1DPC/4800 2DPC; CXL 1.1 Type3 memory expansion supported.
Intel,Xeon Scalable 5th Gen,datacenter,Emerald Rapids SP,Raptor Cove,Xeon Gold 6542Y,Intel Xeon Gold 6542Y Processor,24,24,0,48,2.90 GHz,4.10 GHz,,,60 MB,250W,,Intel 7,LGA4677,1S/2S,5.0,80,DDR5,8,DDR5-5600,4 TB,yes,yes,4,,,,,2023-Q4,,,https://www.intel.com/content/www/us/en/products/sku/237559/specifications.html,1,high,Emerald Rapids XCC/MCC die; UPI 20GT/s x4 max; DDR5-5600 1DPC/4800 2DPC; CXL 1.1 Type3 memory expansion supported.
Intel,Xeon Scalable 5th Gen,datacenter,Emerald Rapids SP,Raptor Cove,Xeon Gold 6544Y,Intel Xeon Gold 6544Y Processor,16,16,0,32,3.60 GHz,4.10 GHz,,,45 MB,270W,,Intel 7,LGA4677,1S/2S,5.0,80,DDR5,8,DDR5-5600,4 TB,yes,yes,4,,,,,2023-Q4,,,https://www.intel.com/content/www/us/en/products/sku/237569/specifications.html,1,high,Emerald Rapids XCC/MCC die; UPI 20GT/s x4 max; DDR5-5600 1DPC/4800 2DPC; CXL 1.1 Type3 memory expansion supported.
Intel,Xeon Scalable 5th Gen,datacenter,Emerald Rapids SP,Raptor Cove,Xeon Gold 6548N,Intel Xeon Gold 6548N Processor,32,32,0,64,2.80 GHz,4.10 GHz,,,60 MB,250W,,Intel 7,LGA4677,1S/2S,5.0,80,DDR5,8,DDR5-5600,4 TB,yes,yes,4,,,,,2023-Q4,,,https://www.intel.com/content/www/us/en/products/sku/237567/specifications.html,1,high,Emerald Rapids XCC/MCC die; UPI 20GT/s x4 max; DDR5-5600 1DPC/4800 2DPC; CXL 1.1 Type3 memory expansion supported.
Intel,Xeon Scalable 5th Gen,datacenter,Emerald Rapids SP,Raptor Cove,Xeon Gold 6548Y+,Intel Xeon Gold 6548Y+ Processor,32,32,0,64,2.50 GHz,4.10 GHz,,,60 MB,250W,,Intel 7,LGA4677,1S/2S,5.0,80,DDR5,8,DDR5-5600,4 TB,yes,yes,4,,,,,2023-Q4,,,https://www.intel.com/content/www/us/en/products/sku/237564/specifications.html,1,high,Emerald Rapids XCC/MCC die; UPI 20GT/s x4 max; DDR5-5600 1DPC/4800 2DPC; CXL 1.1 Type3 memory expansion supported.
Intel,Xeon Scalable 5th Gen,datacenter,Emerald Rapids SP,Raptor Cove,Xeon Gold 6554S,Intel Xeon Gold 6554S Processor,36,36,0,72,2.20 GHz,4.00 GHz,,,180 MB,270W,,Intel 7,LGA4677,1S/2S,5.0,80,DDR5,8,DDR5-5600,4 TB,yes,yes,4,,,,,2023-Q4,,,https://www.intel.com/content/www/us/en/products/sku/237263/specifications.html,1,high,Emerald Rapids XCC/MCC die; UPI 20GT/s x4 max; DDR5-5600 1DPC/4800 2DPC; CXL 1.1 Type3 memory expansion supported.
Intel,Xeon Scalable 5th Gen,datacenter,Emerald Rapids SP,Raptor Cove,Xeon Gold 6558Q,Intel Xeon Gold 6558Q Processor,32,32,0,64,3.20 GHz,4.10 GHz,,,60 MB,350W,,Intel 7,LGA4677,1S/2S,5.0,80,DDR5,8,DDR5-5600,4 TB,yes,yes,4,,,,,2023-Q4,,,https://www.intel.com/content/www/us/en/products/sku/237566/specifications.html,1,high,Emerald Rapids XCC/MCC die; UPI 20GT/s x4 max; DDR5-5600 1DPC/4800 2DPC; CXL 1.1 Type3 memory expansion supported.
Intel,Xeon Scalable 5th Gen,datacenter,Emerald Rapids SP,Raptor Cove,Xeon Platinum 8558,Intel Xeon Platinum 8558 Processor,48,48,0,96,2.10 GHz,4.00 GHz,,,260 MB,330W,,Intel 7,LGA4677,1S/2S,5.0,80,DDR5,8,DDR5-5600,4 TB,yes,yes,4,,,,,2023-Q4,,,https://www.intel.com/content/www/us/en/products/sku/237255/specifications.html,1,high,Emerald Rapids XCC/MCC die; UPI 20GT/s x4 max; DDR5-5600 1DPC/4800 2DPC; CXL 1.1 Type3 memory expansion supported.
Intel,Xeon Scalable 5th Gen,datacenter,Emerald Rapids SP,Raptor Cove,Xeon Platinum 8558P,Intel Xeon Platinum 8558P Processor,48,48,0,96,2.70 GHz,4.00 GHz,,,260 MB,350W,,Intel 7,LGA4677,1S/2S,5.0,80,DDR5,8,DDR5-5600,4 TB,yes,yes,4,,,,,2023-Q4,,,https://www.intel.com/content/www/us/en/products/sku/237259/specifications.html,1,high,Emerald Rapids XCC/MCC die; UPI 20GT/s x4 max; DDR5-5600 1DPC/4800 2DPC; CXL 1.1 Type3 memory expansion supported.
Intel,Xeon Scalable 5th Gen,datacenter,Emerald Rapids SP,Raptor Cove,Xeon Platinum 8558U,Intel Xeon Platinum 8558U Processor,48,48,0,96,2.00 GHz,4.00 GHz,,,260 MB,300W,,Intel 7,LGA4677,1S/2S,5.0,80,DDR5,8,DDR5-5600,4 TB,yes,yes,4,,,,,2023-Q4,,,https://www.intel.com/content/www/us/en/products/sku/237267/specifications.html,1,high,Emerald Rapids XCC/MCC die; UPI 20GT/s x4 max; DDR5-5600 1DPC/4800 2DPC; CXL 1.1 Type3 memory expansion supported.
Intel,Xeon Scalable 5th Gen,datacenter,Emerald Rapids SP,Raptor Cove,Xeon Platinum 8562Y+,Intel Xeon Platinum 8562Y+ Processor,32,32,0,64,2.80 GHz,4.10 GHz,,,60 MB,300W,,Intel 7,LGA4677,1S/2S,5.0,80,DDR5,8,DDR5-5600,4 TB,yes,yes,4,,,,,2023-Q4,,,https://www.intel.com/content/www/us/en/products/sku/237558/specifications.html,1,high,Emerald Rapids XCC/MCC die; UPI 20GT/s x4 max; DDR5-5600 1DPC/4800 2DPC; CXL 1.1 Type3 memory expansion supported.
Intel,Xeon Scalable 5th Gen,datacenter,Emerald Rapids SP,Raptor Cove,Xeon Platinum 8568Y+,Intel Xeon Platinum 8568Y+ Processor,48,48,0,96,2.30 GHz,4.00 GHz,,,300 MB,350W,,Intel 7,LGA4677,1S/2S,5.0,80,DDR5,8,DDR5-5600,4 TB,yes,yes,4,,,,,2023-Q4,,,https://www.intel.com/content/www/us/en/products/sku/237248/specifications.html,1,high,Emerald Rapids XCC/MCC die; UPI 20GT/s x4 max; DDR5-5600 1DPC/4800 2DPC; CXL 1.1 Type3 memory expansion supported.
Intel,Xeon Scalable 5th Gen,datacenter,Emerald Rapids SP,Raptor Cove,Xeon Platinum 8570,Intel Xeon Platinum 8570 Processor,56,56,0,112,2.10 GHz,4.00 GHz,,,300 MB,350W,,Intel 7,LGA4677,1S/2S,5.0,80,DDR5,8,DDR5-5600,4 TB,yes,yes,4,,,,,2023-Q4,,,https://www.intel.com/content/www/us/en/products/sku/237264/specifications.html,1,high,Emerald Rapids XCC/MCC die; UPI 20GT/s x4 max; DDR5-5600 1DPC/4800 2DPC; CXL 1.1 Type3 memory expansion supported.
Intel,Xeon Scalable 5th Gen,datacenter,Emerald Rapids SP,Raptor Cove,Xeon Platinum 8571N,Intel Xeon Platinum 8571N Processor,52,52,0,104,2.40 GHz,4.00 GHz,,,300 MB,300W,,Intel 7,LGA4677,1S/2S,5.0,80,DDR5,8,DDR5-5600,4 TB,yes,yes,4,,,,,2023-Q4,,,https://www.intel.com/content/www/us/en/products/sku/237247/specifications.html,1,high,Emerald Rapids XCC/MCC die; UPI 20GT/s x4 max; DDR5-5600 1DPC/4800 2DPC; CXL 1.1 Type3 memory expansion supported.
Intel,Xeon Scalable 5th Gen,datacenter,Emerald Rapids SP,Raptor Cove,Xeon Platinum 8580,Intel Xeon Platinum 8580 Processor,60,60,0,120,2.00 GHz,4.00 GHz,,,300 MB,350W,,Intel 7,LGA4677,1S/2S,5.0,80,DDR5,8,DDR5-5600,4 TB,yes,yes,4,,,,,2023-Q4,,,https://www.intel.com/content/www/us/en/products/sku/237250/specifications.html,1,high,Emerald Rapids XCC/MCC die; UPI 20GT/s x4 max; DDR5-5600 1DPC/4800 2DPC; CXL 1.1 Type3 memory expansion supported.
Intel,Xeon Scalable 5th Gen,datacenter,Emerald Rapids SP,Raptor Cove,Xeon Platinum 8581V,Intel Xeon Platinum 8581V Processor,60,60,0,120,2.00 GHz,3.90 GHz,,,300 MB,270W,,Intel 7,LGA4677,1S/2S,5.0,80,DDR5,8,DDR5-5600,4 TB,yes,yes,4,,,,,2023-Q4,,,https://www.intel.com/content/www/us/en/products/sku/237268/specifications.html,1,high,Emerald Rapids XCC/MCC die; UPI 20GT/s x4 max; DDR5-5600 1DPC/4800 2DPC; CXL 1.1 Type3 memory expansion supported.
Intel,Xeon Scalable 5th Gen,datacenter,Emerald Rapids SP,Raptor Cove,Xeon Platinum 8592+,Intel Xeon Platinum 8592+ Processor,64,64,0,128,1.90 GHz,3.90 GHz,,,320 MB,350W,,Intel 7,LGA4677,1S/2S,5.0,80,DDR5,8,DDR5-5600,4 TB,yes,yes,4,,,,,2023-Q4,11600,,https://www.intel.com/content/www/us/en/products/sku/237261/specifications.html,1,high,Emerald Rapids XCC/MCC die; UPI 20GT/s x4 max; DDR5-5600 1DPC/4800 2DPC; CXL 1.1 Type3 memory expansion supported.
Intel,Xeon Scalable 5th Gen,datacenter,Emerald Rapids SP,Raptor Cove,Xeon Platinum 8592V,Intel Xeon Platinum 8592V Processor,64,64,0,128,2.00 GHz,3.90 GHz,,,320 MB,330W,,Intel 7,LGA4677,1S/2S,5.0,80,DDR5,8,DDR5-5600,4 TB,yes,yes,4,,,,,2023-Q4,,,https://www.intel.com/content/www/us/en/products/sku/237554/specifications.html,1,high,Emerald Rapids XCC/MCC die; UPI 20GT/s x4 max; DDR5-5600 1DPC/4800 2DPC; CXL 1.1 Type3 memory expansion supported.
Intel,Xeon Scalable 5th Gen,datacenter,Emerald Rapids SP,Raptor Cove,Xeon Platinum 8593Q,Intel Xeon Platinum 8593Q Processor,64,64,0,128,2.20 GHz,3.90 GHz,,,320 MB,385W,,Intel 7,LGA4677,1S/2S,5.0,80,DDR5,8,DDR5-5600,4 TB,yes,yes,4,,,,,2023-Q4,,,https://www.intel.com/content/www/us/en/products/sku/237252/specifications.html,1,high,Emerald Rapids XCC/MCC die; UPI 20GT/s x4 max; DDR5-5600 1DPC/4800 2DPC; CXL 1.1 Type3 memory expansion supported.
Intel,Xeon Scalable 5th Gen,datacenter,Emerald Rapids SP,Raptor Cove,Xeon Silver 4509Y,Intel Xeon Silver 4509Y Processor,8,8,0,16,2.60 GHz,4.10 GHz,,,22.5 MB,125W,,Intel 7,LGA4677,1S/2S,5.0,80,DDR5,8,DDR5-5600,4 TB,yes,yes,4,,,,,2023-Q4,,,https://www.intel.com/content/www/us/en/products/sku/236636/specifications.html,1,high,Emerald Rapids XCC/MCC die; UPI 20GT/s x4 max; DDR5-5600 1DPC/4800 2DPC; CXL 1.1 Type3 memory expansion supported.
Intel,Xeon Scalable 5th Gen,datacenter,Emerald Rapids SP,Raptor Cove,Xeon Silver 4510,Intel Xeon Silver 4510 Processor,12,12,0,24,2.40 GHz,4.10 GHz,,,30 MB,150W,,Intel 7,LGA4677,1S/2S,5.0,80,DDR5,8,DDR5-5600,4 TB,yes,yes,4,,,,,2023-Q4,,,https://www.intel.com/content/www/us/en/products/sku/236637/specifications.html,1,high,Emerald Rapids XCC/MCC die; UPI 20GT/s x4 max; DDR5-5600 1DPC/4800 2DPC; CXL 1.1 Type3 memory expansion supported.
Intel,Xeon Scalable 5th Gen,datacenter,Emerald Rapids SP,Raptor Cove,Xeon Silver 4510T,Intel Xeon Silver 4510T Processor,12,12,0,24,2.00 GHz,3.70 GHz,,,30 MB,115W,,Intel 7,LGA4677,1S/2S,5.0,80,DDR5,8,DDR5-5600,4 TB,yes,yes,4,,,,,2023-Q4,,,https://www.intel.com/content/www/us/en/products/sku/236638/specifications.html,1,high,Emerald Rapids XCC/MCC die; UPI 20GT/s x4 max; DDR5-5600 1DPC/4800 2DPC; CXL 1.1 Type3 memory expansion supported.
Intel,Xeon Scalable 5th Gen,datacenter,Emerald Rapids SP,Raptor Cove,Xeon Silver 4514Y,Intel Xeon Silver 4514Y Processor,16,16,0,32,2.00 GHz,3.40 GHz,,,30 MB,150W,,Intel 7,LGA4677,1S/2S,5.0,80,DDR5,8,DDR5-5600,4 TB,yes,yes,4,,,,,2023-Q4,,,https://www.intel.com/content/www/us/en/products/sku/237557/specifications.html,1,high,Emerald Rapids XCC/MCC die; UPI 20GT/s x4 max; DDR5-5600 1DPC/4800 2DPC; CXL 1.1 Type3 memory expansion supported.
Intel,Xeon Scalable 5th Gen,datacenter,Emerald Rapids SP,Raptor Cove,Xeon Silver 4516Y+,Intel Xeon Silver 4516Y+ Processor,24,24,0,48,2.20 GHz,3.70 GHz,,,45 MB,185W,,Intel 7,LGA4677,1S/2S,5.0,80,DDR5,8,DDR5-5600,4 TB,yes,yes,4,,,,,2023-Q4,,,https://www.intel.com/content/www/us/en/products/sku/237556/specifications.html,1,high,Emerald Rapids XCC/MCC die; UPI 20GT/s x4 max; DDR5-5600 1DPC/4800 2DPC; CXL 1.1 Type3 memory expansion supported.
Intel,Xeon 6,datacenter,Granite Rapids AP,Redwood Cove (P-core),Xeon 6944P,Intel Xeon 6944P Processor,72,72,0,144,1.80 GHz,3.90 GHz,3.10 GHz,,432 MB,350W,,Intel 3,LGA7529,1S/2S,5.0,96,DDR5 / MRDIMM,12,DDR5-6400 / MRDIMM-8800,3 TB,yes,yes (cxl 2.0),6,,,,,2025-Q1,7672,,https://www.intel.com/content/www/us/en/products/sku/242856/specifications.html,1,high,Granite Rapids-AP MCM (2 compute dies); AMX + QAT/DSA/IAA/DLB accelerators; MRDIMM-8800 support.
Intel,Xeon 6,datacenter,Granite Rapids AP,Redwood Cove (P-core),Xeon 6952P,Intel Xeon 6952P Processor,96,96,0,192,2.10 GHz,3.90 GHz,,,480 MB,400W,,Intel 3,LGA7529,1S/2S,5.0,96,DDR5 / MRDIMM,12,DDR5-6400 / MRDIMM-8800,3 TB,yes,yes (cxl 2.0),6,,,,,2024-Q3,11400,,https://www.intel.com/content/www/us/en/products/sku/241643/specifications.html,1,high,Granite Rapids-AP MCM (2 compute dies); AMX + QAT/DSA/IAA/DLB accelerators; MRDIMM-8800 support.
Intel,Xeon 6,datacenter,Granite Rapids AP,Redwood Cove (P-core),Xeon 6960P,Intel Xeon 6960P Processor,72,72,0,144,2.70 GHz,3.90 GHz,3.80 GHz,,432 MB,500W,,Intel 3,LGA7529,1S/2S,5.0,96,DDR5 / MRDIMM,12,DDR5-6400 / MRDIMM-8800,3 TB,yes,yes (cxl 2.0),6,,,,,2024-Q3,10780,,https://www.intel.com/content/www/us/en/products/sku/240775/specifications.html,1,high,Granite Rapids-AP MCM (2 compute dies); AMX + QAT/DSA/IAA/DLB accelerators; MRDIMM-8800 support.
Intel,Xeon 6,datacenter,Granite Rapids AP,Redwood Cove (P-core),Xeon 6962P,Intel Xeon 6962P Processor,72,72,0,144,2.70 GHz,3.90 GHz,3.90 GHz,,432 MB,500W,,Intel 3,LGA7529,1S/2S,5.0,96,DDR5 / MRDIMM,12,DDR5-6400 / MRDIMM-8800,3 TB,yes,yes (cxl 2.0),6,,,,,2025-Q3,11116,,https://www.intel.com/content/www/us/en/products/sku/244339/specifications.html,1,high,Granite Rapids-AP MCM (2 compute dies); AMX + QAT/DSA/IAA/DLB accelerators; MRDIMM-8800 support. Priority Core Turbo: 8 cores to 4.4GHz.
Intel,Xeon 6,datacenter,Granite Rapids AP,Redwood Cove (P-core),Xeon 6972P,Intel Xeon 6972P Processor,96,96,0,192,2.40 GHz,3.90 GHz,3.50 GHz,,480 MB,500W,,Intel 3,LGA7529,1S/2S,5.0,96,DDR5 / MRDIMM,12,DDR5-6400 / MRDIMM-8800,3 TB,yes,yes (cxl 2.0),6,,,,,2024-Q3,11446,,https://www.intel.com/content/www/us/en/products/sku/240785/specifications.html,1,high,Granite Rapids-AP MCM (2 compute dies); AMX + QAT/DSA/IAA/DLB accelerators; MRDIMM-8800 support.
Intel,Xeon 6,datacenter,Granite Rapids AP,Redwood Cove (P-core),Xeon 6978P,Intel Xeon 6978P Processor,120,120,0,240,2.10 GHz,3.90 GHz,3.20 GHz,,504 MB,500W,,Intel 3,LGA7529,1S/2S,5.0,96,DDR5 / MRDIMM,12,DDR5-6400 / MRDIMM-8800,3 TB,yes,yes (cxl 2.0),6,,,,,2025-Q3,12348,,https://www.intel.com/content/www/us/en/products/sku/244340/specifications.html,1,high,Granite Rapids-AP MCM (2 compute dies); AMX + QAT/DSA/IAA/DLB accelerators; MRDIMM-8800 support. Later-launched 120c/504MB/500W SKU distinct from 6979P; near-identical spec to 6979P but different launch wave/price.
Intel,Xeon 6,datacenter,Granite Rapids AP,Redwood Cove (P-core),Xeon 6979P,Intel Xeon 6979P Processor,120,120,0,240,2.10 GHz,3.90 GHz,,,504 MB,500W,,Intel 3,LGA7529,1S/2S,5.0,96,DDR5 / MRDIMM,12,DDR5-6400 / MRDIMM-8800,3 TB,yes,yes (cxl 2.0),6,,,,,2024-Q3,,,https://www.intel.com/content/www/us/en/products/sku/240781/specifications.html,1,high,Granite Rapids-AP MCM (2 compute dies); AMX + QAT/DSA/IAA/DLB accelerators; MRDIMM-8800 support. RCP not independently found; corroborated cores/cache/TDP via ARK sku 240781.
Intel,Xeon 6,datacenter,Granite Rapids AP,Redwood Cove (P-core),Xeon 6980P,Intel Xeon 6980P Processor,128,128,0,256,2.00 GHz,3.90 GHz,,,504 MB,500W,,Intel 3,LGA7529,1S/2S,5.0,96,DDR5 / MRDIMM,12,DDR5-6400 / MRDIMM-8800,3 TB,yes,yes (cxl 2.0),6,,,,,2024-Q3,13955,,https://www.intel.com/content/www/us/en/products/sku/240777/specifications.html,1,high,"Granite Rapids-AP MCM (2 compute dies); AMX + QAT/DSA/IAA/DLB accelerators; MRDIMM-8800 support. Task-anchor price $13,955 used; wccftech list price reported $17,800 - discrepancy logged, trusted anchor/ARK RCP."
Intel,Xeon 6,datacenter,Granite Rapids D,Redwood Cove (P-core),Xeon 6503P-B,Intel Xeon 6503P-B,12,12,0,24,2.00 GHz,,,,48 MB,,,Intel 3,FCBGA4368,1,5.0,,DDR5,4,6400 MT/s,1.13 TB,yes,"cxl 2.0 (limited lanes, soc-integrated)",,,,,,2025-Q1,934,6503P-B,https://www.intel.com/content/www/us/en/products/details/processors/xeon/edge.html,2,medium,"Xeon 6 SoC (Granite Rapids-D), edge/networking segment; entry SKU, family price floor. TDP not found in available sources (gap logged)."
Intel,Xeon 6,datacenter,Granite Rapids D,Redwood Cove (P-core),Xeon 6513P-B,Intel Xeon 6513P-B,20,20,0,40,,,,,80 MB,130W,,Intel 3,FCBGA4368,1,5.0,,DDR5,4,6400 MT/s,1.13 TB,yes,"cxl 2.0 (limited lanes, soc-integrated)",,,,,,Q1'25 (Feb 2025),1399,6513P-B,https://www.intel.com/content/www/us/en/products/details/processors/xeon/edge.html,2,high,Xeon 6 SoC (Granite Rapids-D). Base/turbo clock not confirmed in available sources (gap logged); TDP estimated from sibling 6516P-B (same cache/core tier). | tdp corrected in audit
Intel,Xeon 6,datacenter,Granite Rapids D,Redwood Cove (P-core),Xeon 6516P-B,Intel Xeon 6516P-B,20,20,0,40,2.30 GHz,3.50 GHz,,,80 MB,145W,,Intel 3,FCBGA4368,1,5.0,,DDR5,4,6400 MT/s,1.13 TB,yes,"cxl 2.0 (limited lanes, soc-integrated)",,,,,,Q1'25 (Feb 2025),1544,6516P-B,https://www.intel.com/content/www/us/en/products/details/processors/xeon/edge.html,1,high,"Xeon 6 SoC (Granite Rapids-D), edge/networking."
Intel,Xeon 6,datacenter,Granite Rapids D,Redwood Cove (P-core),Xeon 6518P-B,Intel Xeon 6518P-B,20,20,0,40,2.00 GHz,3.50 GHz,,,80 MB,150W,,Intel 3,FCBGA4368,1,5.0,,DDR5,4,6400 MT/s,1.13 TB,yes,"cxl 2.0 (limited lanes, soc-integrated)",,,,,,Q4'25 (Oct 2025),,6518P-B,https://www.intel.com/content/www/us/en/products/details/processors/xeon/edge.html,2,medium,Xeon 6 SoC (Granite Rapids-D). Launch price not found in available sources (gap logged).
Intel,Xeon 6,datacenter,Granite Rapids D,Redwood Cove (P-core),Xeon 6523P-B,Intel Xeon 6523P-B,24,24,0,48,2.50 GHz,,,,96 MB,175W,,Intel 3,FCBGA4368,1,5.0,,DDR5,4,6400 MT/s,1.13 TB,yes,"cxl 2.0 (limited lanes, soc-integrated)",,,,,,,,6523P-B,https://www.intel.com/content/www/us/en/products/details/processors/xeon/edge.html,3,high,"Xeon 6 SoC (Granite Rapids-D). Core count (24) derived from ARK-consistent ~4MB L3-per-core ratio for this family (verified against 8 confirmed sibling SKUs); turbo clock, exact TDP, launch date and price not found in available sources (gaps logged); confidence downgraded. | tdp corrected in audit"
Intel,Xeon 6,datacenter,Granite Rapids D,Redwood Cove (P-core),Xeon 6532P-B,Intel Xeon 6532P-B,32,32,0,64,2.20 GHz,3.90 GHz,,,128 MB,205W,,Intel 3,FCBGA4368,1,5.0,,DDR5,4,5600 MT/s,1.13 TB,yes,"cxl 2.0 (limited lanes, soc-integrated)",,,,,,,,6532P-B,https://www.intel.com/content/www/us/en/products/details/processors/xeon/edge.html,2,medium,Xeon 6 SoC (Granite Rapids-D). Clock/TDP estimated from same-cache-tier sibling 6533P-B (128MB/32c); price and launch date not found (gaps logged).
Intel,Xeon 6,datacenter,Granite Rapids D,Redwood Cove (P-core),Xeon 6533P-B,Intel Xeon 6533P-B,32,32,0,64,2.20 GHz,3.90 GHz,,,128 MB,205W,,Intel 3,FCBGA4368,1,5.0,,DDR5,4,5600 MT/s,1.13 TB,yes,"cxl 2.0 (limited lanes, soc-integrated)",,,,,,2025-Q1,2010,6533P-B,https://www.intel.com/content/www/us/en/products/details/processors/xeon/edge.html,1,high,Xeon 6 SoC (Granite Rapids-D).
Intel,Xeon 6,datacenter,Granite Rapids D,Redwood Cove (P-core),Xeon 6543P-B,Intel Xeon 6543P-B,32,32,0,64,2.00 GHz,3.30 GHz,,,128 MB,160W,,Intel 3,FCBGA4368,1,5.0,,DDR5,4,5600 MT/s,1.13 TB,yes,"cxl 2.0 (limited lanes, soc-integrated)",,,,,,2025-Q1,,6543P-B,https://www.intel.com/content/www/us/en/products/details/processors/xeon/edge.html,2,high,Xeon 6 SoC (Granite Rapids-D). TDP estimated from same-clock sibling 6544P-B; price not found (gap logged). | tdp corrected in audit
Intel,Xeon 6,datacenter,Granite Rapids D,Redwood Cove (P-core),Xeon 6544P-B,Intel Xeon 6544P-B,32,32,0,64,2.00 GHz,3.30 GHz,,,128 MB,170W,,Intel 3,FCBGA4368,1,5.0,,DDR5,4,6400 MT/s,1.13 TB,yes,"cxl 2.0 (limited lanes, soc-integrated)",,,,,,Q4'25 (Oct 2025),,6544P-B,https://www.intel.com/content/www/us/en/products/details/processors/xeon/edge.html,2,medium,Xeon 6 SoC (Granite Rapids-D). Launch price not found in available sources (gap logged).
Intel,Xeon 6,datacenter,Granite Rapids D,Redwood Cove (P-core),Xeon 6546P-B,Intel Xeon 6546P-B,32,32,0,64,2.30 GHz,3.50 GHz,,,128 MB,195W,,Intel 3,FCBGA4368,1,5.0,,DDR5,4,6400 MT/s,1.13 TB,yes,"cxl 2.0 (limited lanes, soc-integrated)",,,,,,Q1'25 (Feb 2025),2652,6546P-B,https://www.intel.com/content/www/us/en/products/details/processors/xeon/edge.html,1,high,"Xeon 6 SoC (Granite Rapids-D). Note: one third-party retailer cites launch RCP as $2,368 vs Intel ARK's $2,652; ARK value used per SPEC rule (trust Intel ARK)."
Intel,Xeon 6,datacenter,Granite Rapids D,Redwood Cove (P-core),Xeon 6548P-B,Intel Xeon 6548P-B,32,32,0,64,2.00 GHz,3.50 GHz,,,128 MB,195W,,Intel 3,FCBGA4368,1,5.0,,DDR5,4,6400 MT/s,1.13 TB,yes,"cxl 2.0 (limited lanes, soc-integrated)",,,,,,2025-Q4,,6548P-B,https://www.intel.com/content/www/us/en/products/details/processors/xeon/edge.html,1,medium,Xeon 6 SoC (Granite Rapids-D). Launch price not found in available sources (gap logged).
Intel,Xeon 6,datacenter,Granite Rapids D,Redwood Cove (P-core),Xeon 6553P-B,Intel Xeon 6553P-B,36,36,0,72,2.60 GHz,4.00 GHz,,,144 MB,235W,,Intel 3,FCBGA4368,1,5.0,,DDR5,4,6400 MT/s,1.13 TB,yes,"cxl 2.0 (limited lanes, soc-integrated)",,,,,,2025-Q1,2690,6553P-B,https://www.intel.com/content/www/us/en/products/details/processors/xeon/edge.html,1,high,Xeon 6 SoC (Granite Rapids-D).
Intel,Xeon 6,datacenter,Granite Rapids D,Redwood Cove (P-core),Xeon 6556P-B,Intel Xeon 6556P-B,36,36,0,72,2.30 GHz,3.50 GHz,,,144 MB,215W,,Intel 3,FCBGA4368,1,5.0,,DDR5,4,6400 MT/s,1.13 TB,yes,"cxl 2.0 (limited lanes, soc-integrated)",,,,,,2025-Q1,2943,6556P-B,https://www.intel.com/content/www/us/en/products/details/processors/xeon/edge.html,1,high,"Xeon 6 SoC (Granite Rapids-D). One secondary source cites $2,628 vs ARK/primary-cited $2,943; ARK value used per SPEC rule."
Intel,Xeon 6,datacenter,Granite Rapids D,Redwood Cove (P-core),Xeon 6563P-B,Intel Xeon 6563P-B,38,38,0,76,2.40 GHz,4.00 GHz,,,152 MB,235W,,Intel 3,FCBGA4368,1,5.0,,DDR5,4,6400 MT/s,1.13 TB,yes,"cxl 2.0 (limited lanes, soc-integrated)",,,,,,Q1'25 (24-Feb-2025),2616,6563P-B,https://www.intel.com/content/www/us/en/products/details/processors/xeon/edge.html,1,high,"Xeon 6 SoC (Granite Rapids-D), top of the 4-channel sub-tier."
Intel,Xeon 6,datacenter,Granite Rapids D,Redwood Cove (P-core),Xeon 6706P-B,Intel Xeon 6706P-B,40,40,0,80,2.50 GHz,,,,160 MB,235W,,Intel 3,FCBGA4368,1,5.0,,DDR5,8,6400 MT/s,1.13 TB,yes,"cxl 2.0 (limited lanes, soc-integrated)",,,,,,2025-Q1,,6706P-B,https://www.intel.com/content/www/us/en/products/details/processors/xeon/edge.html,2,medium,"Xeon 6 SoC (Granite Rapids-D), 8-channel memory tier begins here. Price/turbo not found in available sources (gaps logged)."
Intel,Xeon 6,datacenter,Granite Rapids D,Redwood Cove (P-core),Xeon 6716P-B,Intel Xeon 6716P-B,40,40,0,80,2.50 GHz,3.50 GHz,,,160 MB,235W,,Intel 3,FCBGA4368,1,5.0,,DDR5,8,6400 MT/s,1.13 TB,yes,"cxl 2.0 (limited lanes, soc-integrated)",,,,,,2025-Q1,,6716P-B,https://www.intel.com/content/www/us/en/products/details/processors/xeon/edge.html,1,medium,Xeon 6 SoC (Granite Rapids-D). One secondary source cited base clock as 2.3 GHz vs ARK title's 2.50 GHz; ARK value used per SPEC rule. Price not found (gap logged).
Intel,Xeon 6,datacenter,Granite Rapids D,Redwood Cove (P-core),Xeon 6718P-B,Intel Xeon 6718P-B,40,40,0,80,2.50 GHz,,,,160 MB,235W,,Intel 3,FCBGA4368,1,5.0,,DDR5,8,6400 MT/s,1.13 TB,yes,"cxl 2.0 (limited lanes, soc-integrated)",,,,,,2025-Q4,,6718P-B,https://www.intel.com/content/www/us/en/products/details/processors/xeon/edge.html,2,medium,Xeon 6 SoC (Granite Rapids-D). Turbo clock and price not found in available sources (gaps logged).
Intel,Xeon 6,datacenter,Granite Rapids D,Redwood Cove (P-core),Xeon 6726P-B,Intel Xeon 6726P-B,42,42,0,84,2.30 GHz,3.50 GHz,,,168 MB,235W,,Intel 3,FCBGA4368,1,5.0,,DDR5,8,6400 MT/s,1.13 TB,yes,"cxl 2.0 (limited lanes, soc-integrated)",,,,,,2025-Q1,4250,6726P-B,https://www.intel.com/content/www/us/en/products/details/processors/xeon/edge.html,1,high,"Xeon 6 SoC (Granite Rapids-D). One secondary source cites launch RCP as $3,795 vs ARK's $4,250; ARK value used per SPEC rule."
Intel,Xeon 6,datacenter,Granite Rapids D,Redwood Cove (P-core),Xeon 6756P-B,Intel Xeon 6756P-B,64,64,0,128,2.20 GHz,3.50 GHz,3.30 GHz,,256 MB,325W,,Intel 3,FCBGA4368,1,5.0,,DDR5,8,6400 MT/s,1.13 TB,yes,"cxl 2.0 (limited lanes, soc-integrated)",,,,,,Q4'25 (1-Oct-2025),,6756P-B,https://www.intel.com/content/www/us/en/products/details/processors/xeon/edge.html,2,medium,"Xeon 6 SoC (Granite Rapids-D), highest 8-channel tier. Intel ARK pricing page did not load a value at time of research (gap logged)."
Intel,Xeon 6,datacenter,Granite Rapids D,Redwood Cove (P-core),Xeon 6766P-B,Intel Xeon 6766P-B,64,64,0,128,2.30 GHz,,,,256 MB,305W,,Intel 3,FCBGA4368,1,5.0,,DDR5,8,6400 MT/s,1.13 TB,yes,"cxl 2.0 (limited lanes, soc-integrated)",,,,,,,,6766P-B,https://www.intel.com/content/www/us/en/products/details/processors/xeon/edge.html,3,low,"Xeon 6 SoC (Granite Rapids-D). TDP estimated (secondary source: ~6.6% lower power draw than sibling 6768P-B); turbo clock, launch date, and price not found (gaps logged)."
Intel,Xeon 6,datacenter,Granite Rapids D,Redwood Cove (P-core),Xeon 6768P-B,Intel Xeon 6768P-B,64,64,0,128,2.20 GHz,3.50 GHz,,,256 MB,325W,,Intel 3,FCBGA4368,1,5.0,,DDR5,8,6400 MT/s,1.13 TB,yes,"cxl 2.0 (limited lanes, soc-integrated)",,,,,,,,6768P-B,https://www.intel.com/content/www/us/en/products/details/processors/xeon/edge.html,2,high,"Xeon 6 SoC (Granite Rapids-D). TDP estimated as highest of the three 256MB-cache-tier SKUs per comparative secondary source; launch date and price not found (gaps logged). Distinct from non-B Xeon 6768P (336M cache, mainline Granite Rapids SP part). | tdp corrected in audit"
Intel,Xeon 6,datacenter,Granite Rapids D,Redwood Cove (P-core),Xeon 6776P-B,Intel Xeon 6776P-B,72,72,0,144,2.30 GHz,,,,288 MB,325W,,Intel 3,FCBGA4368,1,5.0,,DDR5,8,6400 MT/s,1.13 TB,yes,"cxl 2.0 (limited lanes, soc-integrated)",,,,,,,,6776P-B,https://www.intel.com/content/www/us/en/products/details/processors/xeon/edge.html,3,high,"Xeon 6 SoC (Granite Rapids-D), top-of-stack SKU. ARK page appears CNDA-gated/pre-release at time of research (specs page showed only disclaimer text, no core/thread/TDP/price table). Core count (72) derived from consistent ~4MB L3-per-core ratio used across this family (cross-checked against 8 confirmed sibling SKUs). Distinct from non-B Xeon 6776P (336M cache, mainline Granite Rapids SP part). Turbo clock and price not found (gaps logged); confidence downgraded. | tdp corrected in audit"
Intel,Xeon 6,datacenter,Granite Rapids SP,"Raptor Cove/Raptor Cove-R (Bartlett Lake, desktop-derived)",Xeon 6315P,Intel Xeon 6315P Processor,4,4,0,4,2.80 GHz,4.70 GHz,,,12 MB,55W,,Intel 7,FCLGA1700,1S,5.0,16,DDR5,2,DDR5-4800,128 GB,yes,no,0,,,,,2025-Q1,,,https://www.intel.com/content/www/us/en/products/sku/241603/specifications.html,1,high,"Xeon 6300 series is NOT true Granite Rapids server silicon - it is a rebadged Raptor Lake Refresh (Bartlett Lake-S) desktop-derived die, essentially continuation of Xeon E-2400. Single-socket only, dual-channel DDR5-4800 ECC, AVX2 only (no AVX-512/AMX), no CXL, no UPI, FCLGA1700 socket, 16 PCIe 5.0 lanes, 128GB max memory. Included per manifest codename grouping but flagged as architecturally distinct. | threads corrected in audit"
Intel,Xeon 6,datacenter,Granite Rapids SP,"Raptor Cove/Raptor Cove-R (Bartlett Lake, desktop-derived)",Xeon 6325P,Intel Xeon 6325P Processor,4,4,0,8,3.50 GHz,5.20 GHz,,,12 MB,55W,,Intel 7,FCLGA1700,1S,5.0,16,DDR5,2,DDR5-4800,128 GB,yes,no,0,,,,,2025-Q1,281,,https://www.intel.com/content/www/us/en/products/sku/241605/specifications.html,1,medium,"Xeon 6300 series is NOT true Granite Rapids server silicon - it is a rebadged Raptor Lake Refresh (Bartlett Lake-S) desktop-derived die, essentially continuation of Xeon E-2400. Single-socket only, dual-channel DDR5-4800 ECC, AVX2 only (no AVX-512/AMX), no CXL, no UPI, FCLGA1700 socket, 16 PCIe 5.0 lanes, 128GB max memory. Included per manifest codename grouping but flagged as architecturally distinct."
Intel,Xeon 6,datacenter,Granite Rapids SP,"Raptor Cove/Raptor Cove-R (Bartlett Lake, desktop-derived)",Xeon 6333P,Intel Xeon 6333P Processor,6,6,0,12,3.10 GHz,5.20 GHz,,,18 MB,65W,,Intel 7,FCLGA1700,1S,5.0,16,DDR5,2,DDR5-4800,128 GB,yes,no,0,,,,,2025-Q1,357,,https://www.intel.com/content/www/us/en/products/sku/241602/specifications.html,1,medium,"Xeon 6300 series is NOT true Granite Rapids server silicon - it is a rebadged Raptor Lake Refresh (Bartlett Lake-S) desktop-derived die, essentially continuation of Xeon E-2400. Single-socket only, dual-channel DDR5-4800 ECC, AVX2 only (no AVX-512/AMX), no CXL, no UPI, FCLGA1700 socket, 16 PCIe 5.0 lanes, 128GB max memory. Included per manifest codename grouping but flagged as architecturally distinct."
Intel,Xeon 6,datacenter,Granite Rapids SP,"Raptor Cove/Raptor Cove-R (Bartlett Lake, desktop-derived)",Xeon 6337P,Intel Xeon 6337P Processor,6,6,0,12,3.50 GHz,5.30 GHz,,,18 MB,80W,,Intel 7,FCLGA1700,1S,5.0,16,DDR5,2,DDR5-4800,128 GB,yes,no,0,,,,,2025-Q1,420,,https://www.intel.com/content/www/us/en/products/sku/241612/specifications.html,1,medium,"Xeon 6300 series is NOT true Granite Rapids server silicon - it is a rebadged Raptor Lake Refresh (Bartlett Lake-S) desktop-derived die, essentially continuation of Xeon E-2400. Single-socket only, dual-channel DDR5-4800 ECC, AVX2 only (no AVX-512/AMX), no CXL, no UPI, FCLGA1700 socket, 16 PCIe 5.0 lanes, 128GB max memory. Included per manifest codename grouping but flagged as architecturally distinct."
Intel,Xeon 6,datacenter,Granite Rapids SP,"Raptor Cove/Raptor Cove-R (Bartlett Lake, desktop-derived)",Xeon 6349P,Intel Xeon 6349P Processor,6,6,0,12,3.60 GHz,5.70 GHz,,,18 MB,95W,,Intel 7,FCLGA1700,1S,5.0,16,DDR5,2,DDR5-4800,128 GB,yes,no,0,,,,,2025-Q1,567,,https://www.intel.com/content/www/us/en/products/sku/241611/specifications.html,1,medium,"Xeon 6300 series is NOT true Granite Rapids server silicon - it is a rebadged Raptor Lake Refresh (Bartlett Lake-S) desktop-derived die, essentially continuation of Xeon E-2400. Single-socket only, dual-channel DDR5-4800 ECC, AVX2 only (no AVX-512/AMX), no CXL, no UPI, FCLGA1700 socket, 16 PCIe 5.0 lanes, 128GB max memory. Included per manifest codename grouping but flagged as architecturally distinct."
Intel,Xeon 6,datacenter,Granite Rapids SP,"Raptor Cove/Raptor Cove-R (Bartlett Lake, desktop-derived)",Xeon 6353P,Intel Xeon 6353P Processor,8,8,0,16,2.70 GHz,5.40 GHz,,,24 MB,65W,,Intel 7,FCLGA1700,1S,5.0,16,DDR5,2,DDR5-4800,128 GB,yes,no,0,,,,,2025-Q1,477,,https://www.intel.com/content/www/us/en/products/sku/241608/specifications.html,1,medium,"Xeon 6300 series is NOT true Granite Rapids server silicon - it is a rebadged Raptor Lake Refresh (Bartlett Lake-S) desktop-derived die, essentially continuation of Xeon E-2400. Single-socket only, dual-channel DDR5-4800 ECC, AVX2 only (no AVX-512/AMX), no CXL, no UPI, FCLGA1700 socket, 16 PCIe 5.0 lanes, 128GB max memory. Included per manifest codename grouping but flagged as architecturally distinct."
Intel,Xeon 6,datacenter,Granite Rapids SP,"Raptor Cove/Raptor Cove-R (Bartlett Lake, desktop-derived)",Xeon 6357P,Intel Xeon 6357P Processor,8,8,0,16,3.00 GHz,5.40 GHz,,,24 MB,80W,,Intel 7,FCLGA1700,1S,5.0,16,DDR5,2,DDR5-4800,128 GB,yes,no,0,,,,,2025-Q1,623,,https://www.intel.com/content/www/us/en/products/sku/241607/specifications.html,1,medium,"Xeon 6300 series is NOT true Granite Rapids server silicon - it is a rebadged Raptor Lake Refresh (Bartlett Lake-S) desktop-derived die, essentially continuation of Xeon E-2400. Single-socket only, dual-channel DDR5-4800 ECC, AVX2 only (no AVX-512/AMX), no CXL, no UPI, FCLGA1700 socket, 16 PCIe 5.0 lanes, 128GB max memory. Included per manifest codename grouping but flagged as architecturally distinct."
Intel,Xeon 6,datacenter,Granite Rapids SP,"Raptor Cove/Raptor Cove-R (Bartlett Lake, desktop-derived)",Xeon 6369P,Intel Xeon 6369P Processor,8,8,0,16,3.30 GHz,5.70 GHz,5.30 GHz,,24 MB,95W,,Intel 7,FCLGA1700,1S,5.0,16,DDR5,2,DDR5-4800,128 GB,yes,no,0,,,,,2025-Q1,545,,https://www.intel.com/content/www/us/en/products/sku/246156/specifications.html,1,medium,"Xeon 6300 series is NOT true Granite Rapids server silicon - it is a rebadged Raptor Lake Refresh (Bartlett Lake-S) desktop-derived die, essentially continuation of Xeon E-2400. Single-socket only, dual-channel DDR5-4800 ECC, AVX2 only (no AVX-512/AMX), no CXL, no UPI, FCLGA1700 socket, 16 PCIe 5.0 lanes, 128GB max memory. Included per manifest codename grouping but flagged as architecturally distinct."
Intel,Xeon 6,datacenter,Granite Rapids SP,"Raptor Cove (Bartlett Lake-S, desktop-derived)",Xeon 6377P,Intel Xeon 6377P Processor,12,12,0,24,,5.70 GHz,,,36 MB,,,Intel 7,FCLGA1700,1S,5.0,20,DDR5,2,DDR5-4800,128 GB,yes,no,0,,,,,2025,1045,,https://www.intel.com/content/www/us/en/products/sku/246153/intel-xeon-6377p-processor-36m-cache-3-100-ghz/specifications.html,1,medium,"Most unusual SKU in the family: 12 P-cores, 5.7GHz boost, LGA1700 desktop socket, dual-channel DDR5-4800, 20 PCIe lanes, AVX2 only (no AVX-512). Tom's Hardware reports ARK page appears to reuse a Raptor Lake/RPL-based template (B0 silicon) with possible database inconsistencies; base clock not clearly reported (ARK title lists 3.100 GHz which may be base or P-core base). Confidence downgraded to medium given documented ARK data-entry irregularities on this specific SKU."
Intel,Xeon 6,datacenter,Granite Rapids SP,Redwood Cove (P-core),Xeon 6505P,Intel Xeon 6505P Processor,12,12,0,24,2.20 GHz,4.10 GHz,3.90 GHz,,48 MB,150W,,Intel 3,LGA4710,2S,5.0,88,DDR5 / MRDIMM,8,DDR5-6400 (1DPC)/5200 (2DPC),4 TB,yes,yes (cxl 2.0),3,,,,,2025-Q1,563,,https://www.intel.com/content/www/us/en/products/sku/242667/specifications.html,1,high,
Intel,Xeon 6,datacenter,Granite Rapids SP,Redwood Cove (P-core),Xeon 6507P,Intel Xeon 6507P Processor,8,8,0,16,3.50 GHz,4.30 GHz,4.30 GHz,,48 MB,150W,,Intel 3,LGA4710,2S,5.0,88,DDR5 / MRDIMM,8,DDR5-6400 (1DPC)/5200 (2DPC),4 TB,yes,yes (cxl 2.0),3,,,,,2025-Q1,765,,https://www.intel.com/content/www/us/en/products/sku/242668/specifications.html,1,high,
Intel,Xeon 6,datacenter,Granite Rapids SP,Redwood Cove (P-core),Xeon 6511P,Intel Xeon 6511P Processor,16,16,0,32,2.30 GHz,4.20 GHz,4.10 GHz,,72 MB,150W,,Intel 3,LGA4710,1S,5.0,136,DDR5 / MRDIMM,8,DDR5-6400 (1DPC)/5200 (2DPC),4 TB,yes,yes (cxl 2.0),0,,,,,2025-Q1,815,,https://www.intel.com/content/www/us/en/products/sku/242666/specifications.html,1,high,
Intel,Xeon 6,datacenter,Granite Rapids SP,Redwood Cove (P-core),Xeon 6515P,Intel Xeon 6515P Processor,16,16,0,32,2.30 GHz,3.80 GHz,3.80 GHz,,72 MB,150W,,Intel 3,LGA4710,2S,5.0,88,DDR5 / MRDIMM,8,DDR5-6400 (1DPC)/5200 (2DPC),4 TB,yes,yes (cxl 2.0),3,,,,,2025-Q1,740,,https://www.intel.com/content/www/us/en/products/sku/242669/specifications.html,1,high,
Intel,Xeon 6,datacenter,Granite Rapids SP,Redwood Cove (P-core),Xeon 6517P,Intel Xeon 6517P Processor,16,16,0,32,3.20 GHz,4.20 GHz,4.00 GHz,,72 MB,190W,,Intel 3,LGA4710,2S,5.0,88,DDR5 / MRDIMM,8,DDR5-6400 (1DPC)/5200 (2DPC),4 TB,yes,yes (cxl 2.0),3,,,,,2025-Q1,1195,,https://www.intel.com/content/www/us/en/products/sku/242665/specifications.html,1,high,
Intel,Xeon 6,datacenter,Granite Rapids SP,Redwood Cove (P-core),Xeon 6520P,Intel Xeon 6520P Processor,24,24,0,48,2.40 GHz,4.00 GHz,3.40 GHz,,144 MB,210W,,Intel 3,LGA4710,2S,5.0,88,DDR5 / MRDIMM,8,DDR5-6400 (1DPC)/5200 (2DPC),4 TB,yes,yes (cxl 2.0),4,,,,,2025-Q1,1295,,https://www.intel.com/content/www/us/en/products/sku/242640/specifications.html,1,high,
Intel,Xeon 6,datacenter,Granite Rapids SP,Redwood Cove (P-core),Xeon 6521P,Intel Xeon 6521P Processor,24,24,0,48,2.60 GHz,4.10 GHz,4.10 GHz,,144 MB,225W,,Intel 3,LGA4710,1S,5.0,136,DDR5 / MRDIMM,8,DDR5-6400 (1DPC)/5200 (2DPC),4 TB,yes,yes (cxl 2.0),0,,,,,2025-Q1,1250,,https://www.intel.com/content/www/us/en/products/sku/242634/specifications.html,1,high,
Intel,Xeon 6,datacenter,Granite Rapids SP,Redwood Cove (P-core),Xeon 6527P,Intel Xeon 6527P Processor,24,24,0,48,3.00 GHz,4.20 GHz,4.20 GHz,,144 MB,255W,,Intel 3,LGA4710,2S,5.0,88,DDR5 / MRDIMM,8,DDR5-6400 (1DPC)/5200 (2DPC),4 TB,yes,yes (cxl 2.0),4,,,,,2025-Q1,2872,,https://www.intel.com/content/www/us/en/products/sku/242642/specifications.html,1,high,tdp corrected in audit
Intel,Xeon 6,datacenter,Granite Rapids SP,Redwood Cove (P-core),Xeon 6530P,Intel Xeon 6530P Processor,32,32,0,64,2.30 GHz,4.10 GHz,3.70 GHz,,144 MB,225W,,Intel 3,LGA4710,2S,5.0,88,DDR5 / MRDIMM,8,DDR5-6400 (1DPC)/5200 (2DPC),4 TB,yes,yes (cxl 2.0),4,,,,,2025-Q1,2234,,https://www.intel.com/content/www/us/en/products/sku/242636/specifications.html,1,high,
Intel,Xeon 6,datacenter,Granite Rapids SP,Redwood Cove (P-core),Xeon 6714P,Intel Xeon 6714P Processor,8,8,0,16,4.00 GHz,4.30 GHz,4.30 GHz,,48 MB,165W,,Intel 3,LGA4710,8S,5.0,88,DDR5 / MRDIMM,8,DDR5-6400 (1DPC)/5200 (2DPC),4 TB,yes,yes (cxl 2.0),3,,,,,2025-Q1,2816,,https://www.intel.com/content/www/us/en/products/sku/242671/specifications.html,1,high,
Intel,Xeon 6,datacenter,Granite Rapids SP,Redwood Cove (P-core),Xeon 6724P,Intel Xeon 6724P Processor,16,16,0,32,3.60 GHz,4.30 GHz,4.20 GHz,,72 MB,210W,,Intel 3,LGA4710,8S,5.0,88,DDR5 / MRDIMM,8,DDR5-6400 (1DPC)/5200 (2DPC),4 TB,yes,yes (cxl 2.0),3,,,,,2025-Q1,3622,,https://www.intel.com/content/www/us/en/products/sku/242670/specifications.html,1,high,
Intel,Xeon 6,datacenter,Granite Rapids SP,Redwood Cove (P-core),Xeon 6725P,Intel Xeon 6725P Processor,16,16,0,32,3.70 GHz,4.80 GHz,3.90 GHz,,192 MB,235W,,Intel 3,LGA4710,2S,5.0,88,DDR5,8,DDR5-6400,4 TB,yes,yes (cxl 2.0),4,,,,,2025-Q3,4306,,https://www.intel.com/content/www/us/en/products/sku/245097/intel-xeon-6725p-processor-192m-cache-3-70-ghz/specifications.html,1,high,"Later Q3'25 refresh SKU (192MB L3, higher clocks than 6724P); not in original Sept-2024 Wikipedia table, sourced via direct ARK search."
Intel,Xeon 6,datacenter,Granite Rapids SP,Redwood Cove (P-core),Xeon 6728P,Intel Xeon 6728P Processor,24,24,0,48,2.70 GHz,4.10 GHz,3.90 GHz,,144 MB,210W,,Intel 3,LGA4710,8S,5.0,88,DDR5 / MRDIMM,8,DDR5-6400 (1DPC)/5200 (2DPC),4 TB,yes,yes (cxl 2.0),4,,,,,2025-Q1,2478,,https://www.intel.com/content/www/us/en/products/sku/242643/specifications.html,1,high,
Intel,Xeon 6,datacenter,Granite Rapids SP,Redwood Cove (P-core),Xeon 6730P,Intel Xeon 6730P Processor,32,32,0,64,2.50 GHz,3.80 GHz,3.60 GHz,,288 MB,250W,,Intel 3,LGA4710,2S,5.0,88,DDR5 / MRDIMM,8,DDR5-6400 (1DPC)/5200 (2DPC),4 TB,yes,yes (cxl 2.0),4,,,,,2025-Q1,3726,,https://www.intel.com/content/www/us/en/products/sku/241830/specifications.html,1,high,
Intel,Xeon 6,datacenter,Granite Rapids SP,Redwood Cove (P-core),Xeon 6731P,Intel Xeon 6731P Processor,32,32,0,64,2.50 GHz,4.10 GHz,3.90 GHz,,144 MB,245W,,Intel 3,LGA4710,1S,5.0,136,DDR5 / MRDIMM,8,DDR5-6400 (1DPC)/5200 (2DPC),4 TB,yes,yes (cxl 2.0),0,,,,,2025-Q1,2700,,https://www.intel.com/content/www/us/en/products/sku/242635/specifications.html,1,high,
Intel,Xeon 6,datacenter,Granite Rapids SP,Redwood Cove (P-core),Xeon 6732P,Intel Xeon 6732P Processor,32,32,0,64,3.80 GHz,4.30 GHz,4.20 GHz,,144 MB,350W,,Intel 3,LGA4710,2S,5.0,88,DDR5 / MRDIMM,8,DDR5-6400 (1DPC)/5200 (2DPC),4 TB,yes,yes (cxl 2.0),4,,,,,2025-Q1,5295,,https://www.intel.com/content/www/us/en/products/sku/242641/specifications.html,1,high,
Intel,Xeon 6,datacenter,Granite Rapids SP,Redwood Cove (P-core),Xeon 6736P,Intel Xeon 6736P Processor,36,36,0,72,2.00 GHz,4.10 GHz,3.40 GHz,,144 MB,205W,,Intel 3,LGA4710,2S,5.0,88,DDR5 / MRDIMM,8,DDR5-6400 (1DPC)/5200 (2DPC),4 TB,yes,yes (cxl 2.0),4,,,,,2025-Q1,3351,,https://www.intel.com/content/www/us/en/products/sku/242638/specifications.html,1,high,
Intel,Xeon 6,datacenter,Granite Rapids SP,Redwood Cove (P-core),Xeon 6737P,Intel Xeon 6737P Processor,32,32,0,64,2.90 GHz,4.00 GHz,4.00 GHz,,144 MB,270W,,Intel 3,LGA4710,2S,5.0,88,DDR5 / MRDIMM,8,"DDR5-6400 (1DPC)/5200 (2DPC), MRDIMM-8000",4 TB,yes,yes (cxl 2.0),4,,,,,2025-Q1,4995,,https://www.intel.com/content/www/us/en/products/sku/242628/specifications.html,1,high,
Intel,Xeon 6,datacenter,Granite Rapids SP,Redwood Cove (P-core),Xeon 6738P,Intel Xeon 6738P Processor,32,32,0,64,2.90 GHz,4.20 GHz,4.10 GHz,,144 MB,270W,,Intel 3,LGA4710,8S,5.0,88,DDR5 / MRDIMM,8,DDR5-6400 (1DPC)/5200 (2DPC),4 TB,yes,yes (cxl 2.0),4,,,,,2025-Q1,6540,,https://www.intel.com/content/www/us/en/products/sku/242632/specifications.html,1,high,
Intel,Xeon 6,datacenter,Granite Rapids SP,Redwood Cove (P-core),Xeon 6740P,Intel Xeon 6740P Processor,48,48,0,96,2.10 GHz,3.80 GHz,3.30 GHz,,288 MB,270W,,Intel 3,LGA4710,2S,5.0,88,DDR5 / MRDIMM,8,DDR5-6400 (1DPC)/5200 (2DPC),4 TB,yes,yes (cxl 2.0),4,,,,,2025-Q1,4650,,https://www.intel.com/content/www/us/en/products/sku/241838/specifications.html,1,high,
Intel,Xeon 6,datacenter,Granite Rapids SP,Redwood Cove (P-core),Xeon 6741P,Intel Xeon 6741P Processor,48,48,0,96,2.50 GHz,3.80 GHz,3.70 GHz,,288 MB,300W,,Intel 3,LGA4710,1S,5.0,136,DDR5 / MRDIMM,8,DDR5-6400 (1DPC)/5200 (2DPC),4 TB,yes,yes (cxl 2.0),0,,,,,2025-Q1,4421,,https://www.intel.com/content/www/us/en/products/sku/241828/specifications.html,1,high,
Intel,Xeon 6,datacenter,Granite Rapids SP,Redwood Cove (P-core),Xeon 6745P,Intel Xeon 6745P Processor,32,32,0,64,3.10 GHz,4.30 GHz,4.10 GHz,,336 MB,300W,,Intel 3,LGA4710,2S,5.0,88,DDR5 / MRDIMM,8,"DDR5-6400 (1DPC)/5200 (2DPC), MRDIMM-8000",4 TB,yes,yes (cxl 2.0),4,,,,,2025-Q1,5250,,https://www.intel.com/content/www/us/en/products/sku/243112/specifications.html,1,high,
Intel,Xeon 6,datacenter,Granite Rapids SP,Redwood Cove (P-core),Xeon 6747P,Intel Xeon 6747P Processor,48,48,0,96,2.70 GHz,3.90 GHz,3.80 GHz,,288 MB,330W,,Intel 3,LGA4710,2S,5.0,88,DDR5 / MRDIMM,8,"DDR5-6400 (1DPC)/5200 (2DPC), MRDIMM-8000",4 TB,yes,yes (cxl 2.0),4,,,,,2025-Q1,6497,,https://www.intel.com/content/www/us/en/products/sku/241825/specifications.html,1,high,tdp corrected in audit
Intel,Xeon 6,datacenter,Granite Rapids SP,Redwood Cove (P-core),Xeon 6748P,Intel Xeon 6748P Processor,48,48,0,96,2.50 GHz,4.10 GHz,3.80 GHz,,192 MB,300W,,Intel 3,LGA4710,2S,5.0,88,DDR5 / MRDIMM,8,DDR5-6400 (1DPC)/5200 (2DPC),4 TB,yes,yes (cxl 2.0),4,,,,,2025-Q1,,,https://www.intel.com/content/www/us/en/products/sku/242637/specifications.html,1,high,Gap: RCP not captured from Wikipedia table (blank in source); needs ARK verification.
Intel,Xeon 6,datacenter,Granite Rapids SP,Redwood Cove (P-core),Xeon 6760P,Intel Xeon 6760P Processor,64,64,0,128,2.20 GHz,3.80 GHz,3.40 GHz,,320 MB,330W,,Intel 3,LGA4710,2S,5.0,88,DDR5 / MRDIMM,8,DDR5-6400 (1DPC)/5200 (2DPC),4 TB,yes,yes (cxl 2.0),4,,,,,2025-Q1,7803,,https://www.intel.com/content/www/us/en/products/sku/241836/specifications.html,1,high,
Intel,Xeon 6,datacenter,Granite Rapids SP,Redwood Cove (P-core),Xeon 6761P,Intel Xeon 6761P Processor,64,64,0,128,2.50 GHz,3.90 GHz,3.60 GHz,,336 MB,350W,,Intel 3,LGA4710,1S,5.0,136,DDR5 / MRDIMM,8,"DDR5-6400 (1DPC)/5200 (2DPC), MRDIMM-8000",4 TB,yes,yes (cxl 2.0),0,,,,,2025-Q1,6570,,https://www.intel.com/content/www/us/en/products/sku/241842/specifications.html,1,high,
Intel,Xeon 6,datacenter,Granite Rapids SP,Redwood Cove (P-core),Xeon 6762P,Intel Xeon 6762P Processor,64,64,0,128,2.90 GHz,3.90 GHz,3.60 GHz,,320 MB,350W,,Intel 3,LGA4710,2S,5.0,88,DDR5 / MRDIMM,8,"DDR5-6400 (1DPC)/5200 (2DPC), MRDIMM-8000",4 TB,yes,yes (cxl 2.0),4,,,,,2025-Q1,12350,,https://www.intel.com/content/www/us/en/products/sku/245165/specifications.html,1,high,
Intel,Xeon 6,datacenter,Granite Rapids SP,Redwood Cove (P-core),Xeon 6767P,Intel Xeon 6767P Processor,64,64,0,128,2.40 GHz,3.90 GHz,3.60 GHz,,336 MB,350W,,Intel 3,LGA4710,2S,5.0,88,DDR5 / MRDIMM,8,"DDR5-6400 (1DPC)/5200 (2DPC), MRDIMM-8000",4 TB,yes,yes (cxl 2.0),4,,,,,2025-Q1,9595,,https://www.intel.com/content/www/us/en/products/sku/241845/specifications.html,1,high,
Intel,Xeon 6,datacenter,Granite Rapids SP,Redwood Cove (P-core),Xeon 6768P,Intel Xeon 6768P Processor,64,64,0,128,2.40 GHz,3.90 GHz,3.60 GHz,,336 MB,330W,,Intel 3,LGA4710,8S,5.0,88,DDR5 / MRDIMM,8,DDR5-6400 (1DPC)/5200 (2DPC),4 TB,yes,yes (cxl 2.0),4,,,,,2025-Q1,16000,,https://www.intel.com/content/www/us/en/products/sku/241840/specifications.html,1,high,
Intel,Xeon 6,datacenter,Granite Rapids SP,Redwood Cove (P-core),Xeon 6774P,Intel Xeon 6774P Processor,64,64,0,128,2.50 GHz,3.90 GHz,3.60 GHz,,336 MB,350W,,Intel 3,LGA4710,1S,5.0,136,DDR5 / MRDIMM,8,"DDR5-6400 (1DPC)/5200 (2DPC), MRDIMM-8000",4 TB,yes,yes (cxl 2.0),0,,,,,2025-Q1,,,https://www.intel.com/content/www/us/en/products/sku/243692/specifications.html,1,high,Gap: RCP not captured from Wikipedia table (blank in source); needs ARK verification.
Intel,Xeon 6,datacenter,Granite Rapids SP,Redwood Cove (P-core),Xeon 6776P,Intel Xeon 6776P Processor,64,64,0,128,2.30 GHz,3.90 GHz,3.60 GHz,,336 MB,350W,,Intel 3,LGA4710,2S,5.0,88,DDR5 / MRDIMM,8,"DDR5-6400 (1DPC)/5200 (2DPC), MRDIMM-8000",4 TB,yes,yes (cxl 2.0),4,,,,,2025-Q1,,,https://www.intel.com/content/www/us/en/products/sku/243691/specifications.html,1,high,Gap: RCP not captured from Wikipedia table (blank in source); needs ARK verification.
Intel,Xeon 6,datacenter,Granite Rapids SP,Redwood Cove (P-core),Xeon 6781P,Intel Xeon 6781P Processor,80,80,0,160,2.00 GHz,3.80 GHz,3.20 GHz,,336 MB,350W,,Intel 3,LGA4710,1S,5.0,136,DDR5 / MRDIMM,8,"DDR5-6400 (1DPC)/5200 (2DPC), MRDIMM-8000",4 TB,yes,yes (cxl 2.0),0,,,,,2025-Q1,8960,,https://www.intel.com/content/www/us/en/products/sku/241834/specifications.html,1,high,
Intel,Xeon 6,datacenter,Granite Rapids SP,Redwood Cove (P-core),Xeon 6787P,Intel Xeon 6787P Processor,86,86,0,172,2.00 GHz,3.80 GHz,3.20 GHz,,336 MB,350W,,Intel 3,LGA4710,2S,5.0,88,DDR5 / MRDIMM,8,"DDR5-6400 (1DPC)/5200 (2DPC), MRDIMM-8000",4 TB,yes,yes (cxl 2.0),4,,,,,2025-Q1,10400,,https://www.intel.com/content/www/us/en/products/sku/241844/specifications.html,1,high,
Intel,Xeon 6,datacenter,Granite Rapids SP,Redwood Cove (P-core),Xeon 6788P,Intel Xeon 6788P Processor,86,86,0,172,2.00 GHz,3.80 GHz,3.20 GHz,,336 MB,350W,,Intel 3,LGA4710,8S,5.0,88,DDR5 / MRDIMM,8,DDR5-6400 (1DPC)/5200 (2DPC),4 TB,yes,yes (cxl 2.0),4,,,,,2025-Q1,19000,,https://www.intel.com/content/www/us/en/products/sku/241837/specifications.html,1,high,
Intel,Xeon 600,datacenter,Granite Rapids WS,Redwood Cove (P-core),Xeon 634,Intel Xeon 634 Processor,12,12,0,24,2.70 GHz,4.60 GHz,,,48 MB,150W,,Intel 3,LGA4710,1S,5.0,80,DDR5 / MRDIMM,4,DDR5-6400,2 TB,yes,yes (cxl 2.0),,,,,,2026-Q1,549,,https://www.intel.com/content/www/us/en/products/sku/244341/specifications.html,1,high,"Granite Rapids-WS 'Xeon 600' series - workstation platform (W890 chipset, Socket E2/LGA4710), Redwood Cove P-core, Intel 3. AMX + AVX-512 supported (P-core)."
Intel,Xeon 600,datacenter,Granite Rapids WS,Redwood Cove (P-core),Xeon 636,Intel Xeon 636 Processor,12,12,0,24,3.50 GHz,4.70 GHz,,,48 MB,170W,,Intel 3,LGA4710,1S,5.0,80,DDR5 / MRDIMM,4,DDR5-6400,2 TB,yes,yes (cxl 2.0),,,,,,2026-Q1,704,,https://www.intel.com/content/www/us/en/products/sku/244333/specifications.html,1,high,"Granite Rapids-WS 'Xeon 600' series - workstation platform (W890 chipset, Socket E2/LGA4710), Redwood Cove P-core, Intel 3. AMX + AVX-512 supported (P-core)."
Intel,Xeon 600,datacenter,Granite Rapids WS,Redwood Cove (P-core),Xeon 638,Intel Xeon 638 Processor,16,16,0,32,3.20 GHz,4.80 GHz,,,72 MB,180W,,Intel 3,LGA4710,1S,5.0,80,DDR5 / MRDIMM,4,DDR5-6400,2 TB,yes,yes (cxl 2.0),,,,,,2026-Q1,989,,https://www.intel.com/content/www/us/en/products/sku/244334/specifications.html,1,high,"Granite Rapids-WS 'Xeon 600' series - workstation platform (W890 chipset, Socket E2/LGA4710), Redwood Cove P-core, Intel 3. AMX + AVX-512 supported (P-core)."
Intel,Xeon 600,datacenter,Granite Rapids WS,Redwood Cove (P-core),Xeon 654,Intel Xeon 654 Processor,18,18,0,36,3.10 GHz,4.80 GHz,,,72 MB,200W,,Intel 3,LGA4710,1S,5.0,128,DDR5 / MRDIMM,8,DDR5-6400,4 TB,yes,yes (cxl 2.0),,,,,,2026-Q1,1319,,https://www.intel.com/content/www/us/en/products/sku/244336/specifications.html,1,high,"Granite Rapids-WS 'Xeon 600' series - workstation platform (W890 chipset, Socket E2/LGA4710), Redwood Cove P-core, Intel 3. AMX + AVX-512 supported (P-core). RCP range reported $1319-$1329 by ARK; used low end."
Intel,Xeon 600,datacenter,Granite Rapids WS,Redwood Cove (P-core),Xeon 656,Intel Xeon 656 Processor,20,20,0,40,2.90 GHz,4.80 GHz,,,72 MB,210W,,Intel 3,LGA4710,1S,5.0,128,DDR5 / MRDIMM,8,DDR5-6400,4 TB,yes,yes (cxl 2.0),,,,,,2026-Q1,,,https://www.intel.com/content/www/us/en/products/sku/244335/specifications.html,1,medium,"Granite Rapids-WS 'Xeon 600' series - workstation platform (W890 chipset, Socket E2/LGA4710), Redwood Cove P-core, Intel 3. AMX + AVX-512 supported (P-core). TDP conflicting between sources (210W vs 250W); used 210W per TechPowerUp aggregation, flagged medium confidence. RCP not found - logged as gap."
Intel,Xeon 600,datacenter,Granite Rapids WS,Redwood Cove (P-core),Xeon 658X,Intel Xeon 658X Processor,24,24,0,48,3.00 GHz,4.90 GHz,,,144 MB,250W,,Intel 3,LGA4710,1S,5.0,128,DDR5 / MRDIMM,8,"DDR5-6400, MRDIMM-8000",4 TB,yes,yes (cxl 2.0),,,,,,2026-Q1,1869,,https://www.intel.com/content/www/us/en/products/sku/244337/specifications.html,1,high,"Granite Rapids-WS 'Xeon 600' series - workstation platform (W890 chipset, Socket E2/LGA4710), Redwood Cove P-core, Intel 3. AMX + AVX-512 supported (P-core). RCP range reported $1869-$1879 by ARK; used low end."
Intel,Xeon 600,datacenter,Granite Rapids WS,Redwood Cove (P-core),Xeon 674X,Intel Xeon 674X Processor,28,28,0,56,3.00 GHz,4.90 GHz,,,144 MB,270W,,Intel 3,LGA4710,1S,5.0,128,DDR5 / MRDIMM,8,"DDR5-6400, MRDIMM-8000",4 TB,yes,yes (cxl 2.0),,,,,,2026-Q1,2199,,https://www.intel.com/content/www/us/en/products/sku/244338/specifications.html,1,high,"Granite Rapids-WS 'Xeon 600' series - workstation platform (W890 chipset, Socket E2/LGA4710), Redwood Cove P-core, Intel 3. AMX + AVX-512 supported (P-core). ARK also lists Turbo Boost 2.0 freq 4.7GHz distinct from Turbo Boost Max 3.0 freq 4.9GHz; MRDIMM/8-channel support starts at this SKU and above per Tom's Hardware."
Intel,Xeon 600,datacenter,Granite Rapids WS,Redwood Cove (P-core),Xeon 676X,Intel Xeon 676X Processor,32,32,0,64,2.80 GHz,4.90 GHz,,,144 MB,275W,,Intel 3,LGA4710,1S,5.0,128,DDR5 / MRDIMM,8,"DDR5-6400, MRDIMM-8000",4 TB,yes,yes (cxl 2.0),,,,,,2026-Q1,2749,,https://www.intel.com/content/www/us/en/products/sku/244099/specifications.html,1,high,"Granite Rapids-WS 'Xeon 600' series - workstation platform (W890 chipset, Socket E2/LGA4710), Redwood Cove P-core, Intel 3. AMX + AVX-512 supported (P-core). RCP range reported $2749-$2759 by ARK; used low end."
Intel,Xeon 600,datacenter,Granite Rapids WS,Redwood Cove (P-core),Xeon 678X,Intel Xeon 678X Processor,48,48,0,96,2.40 GHz,,,,192 MB,300W,,Intel 3,LGA4710,1S,5.0,128,DDR5 / MRDIMM,8,"DDR5-6400, MRDIMM-8000",4 TB,yes,yes (cxl 2.0),,,,,,2026-Q1,,,https://www.intel.com/content/www/us/en/products/sku/244098/specifications.html,1,medium,"Granite Rapids-WS 'Xeon 600' series - workstation platform (W890 chipset, Socket E2/LGA4710), Redwood Cove P-core, Intel 3. AMX + AVX-512 supported (P-core). Cores (48c/96t) and TDP (300W) confirmed via Phoronix hands-on review; base clock 2.4GHz per leak; max/all-core turbo and RCP not found - logged as gap."
Intel,Xeon 600,datacenter,Granite Rapids WS,Redwood Cove (P-core),Xeon 696X,Intel Xeon 696X Processor,64,64,0,128,,,,,336 MB,350W,,Intel 3,LGA4710,1S,5.0,128,DDR5 / MRDIMM,8,"DDR5-6400, MRDIMM-8000",4 TB,yes,yes (cxl 2.0),,,,,,2026-Q1,,,,1,medium,"Granite Rapids-WS 'Xeon 600' series - workstation platform (W890 chipset, Socket E2/LGA4710), Redwood Cove P-core, Intel 3. AMX + AVX-512 supported (P-core). Cores/cache/TDP confirmed (64c, 336MB L3 total incl 128MB L2, 350W) via SiSoftware Sandra leak; base/turbo clocks and RCP not found in search results - logged as gap."
Intel,Xeon 600,datacenter,Granite Rapids WS,Redwood Cove (P-core),Xeon 698X,Intel Xeon 698X Processor,86,86,0,172,2.00 GHz,4.80 GHz,3.00 GHz,,336 MB,350W,,Intel 3,LGA4710,1S,5.0,128,DDR5 / MRDIMM,8,"DDR5-6400, MRDIMM-8000",4 TB,yes,yes (cxl 2.0),,,,,,2026-Q1,7699,,,1,high,"Granite Rapids-WS 'Xeon 600' series - workstation platform (W890 chipset, Socket E2/LGA4710), Redwood Cove P-core, Intel 3. AMX + AVX-512 supported (P-core). Flagship; peak turbo power up to 420W under sustained OC per Tom's Hardware; retailer tray price seen at $8,294 vs official MSRP $7,699 - used official MSRP."
Intel,Xeon Scalable (3rd Gen),datacenter,Ice Lake-SP,Ice Lake-SP,Xeon Gold 5315Y,Intel Xeon Gold 5315Y Processor,8,8,0,16,3.20 GHz,3.60 GHz,3.50 GHz,10 MB,12 MB,140W,,10nm,LGA 4189,2,4.0,64,DDR4,8,DDR4-2933,6 TB,yes,no,3 links,,,,,2021-04-06,895,CD8068904665802,https://ark.intel.com/content/www/us/en/ark/products/215286.html,1,high,
Intel,Xeon Scalable (3rd Gen),datacenter,Ice Lake-SP,Ice Lake-SP,Xeon Gold 5317,Intel Xeon Gold 5317 Processor,12,12,0,24,3.00 GHz,3.60 GHz,3.40 GHz,15 MB,18 MB,150W,,10nm,LGA 4189,2,4.0,64,DDR4,8,DDR4-2933,6 TB,yes,no,3 links,,,,,2021-04-06,950,CD8068904657302,https://ark.intel.com/content/www/us/en/ark/products/215272.html,1,high,
Intel,Xeon Scalable (3rd Gen),datacenter,Ice Lake-SP,Ice Lake-SP,Xeon Gold 5318N,Intel Xeon Gold 5318N Processor,24,24,0,48,2.10 GHz,3.40 GHz,2.70 GHz,30 MB,36 MB,150W,,10nm,LGA 4189,2,4.0,64,DDR4,8,DDR4-2666,6 TB,yes,no,3 links,,,,,2021-04-06,1375,CD8068904658802,https://ark.intel.com/content/www/us/en/ark/products/215281.html,1,high,
Intel,Xeon Scalable (3rd Gen),datacenter,Ice Lake-SP,Ice Lake-SP,Xeon Gold 5318S,Intel Xeon Gold 5318S Processor,24,24,0,48,2.10 GHz,3.40 GHz,2.60 GHz,30 MB,36 MB,165W,,10nm,LGA 4189,2,4.0,64,DDR4,8,DDR4-2933,6 TB,yes,no,3 links,,,,,2021-04-06,1667,CD8068904658602,https://ark.intel.com/content/www/us/en/ark/products/215279.html,1,high,
Intel,Xeon Scalable (3rd Gen),datacenter,Ice Lake-SP,Ice Lake-SP,Xeon Gold 5318Y,Intel Xeon Gold 5318Y Processor,24,24,0,48,2.10 GHz,3.40 GHz,2.60 GHz,30 MB,36 MB,165W,,10nm,LGA 4189,2,4.0,64,DDR4,8,DDR4-2933,6 TB,yes,no,3 links,,,,,2021-04-06,1273,CD8068904656703,https://ark.intel.com/content/www/us/en/ark/products/215271.html,1,high,
Intel,Xeon Scalable (3rd Gen),datacenter,Ice Lake-SP,Ice Lake-SP,Xeon Gold 5320,Intel Xeon Gold 5320 Processor,26,26,0,52,2.20 GHz,3.40 GHz,2.80 GHz,32.5 MB,39 MB,185W,,10nm,LGA 4189,2,4.0,64,DDR4,8,DDR4-2933,6 TB,yes,no,3 links,,,,,2021-04-06,1555,CD8068904659201,https://ark.intel.com/content/www/us/en/ark/products/215285.html,1,high,
Intel,Xeon Scalable (3rd Gen),datacenter,Ice Lake-SP,Ice Lake-SP,Xeon Gold 5320T,Intel Xeon Gold 5320T Processor,20,20,0,40,2.30 GHz,3.50 GHz,2.90 GHz,25 MB,30 MB,150W,,10nm,LGA 4189,2,4.0,64,DDR4,8,DDR4-2933,6 TB,yes,no,3 links,,,,,2021-04-06,1727,CD8068904659101,https://ark.intel.com/content/www/us/en/ark/products/215284.html,1,high,l3_cache corrected in audit
Intel,Xeon Scalable (3rd Gen),datacenter,Ice Lake-SP,Ice Lake-SP,Xeon Gold 6312U,Intel Xeon Gold 6312U Processor,24,24,0,48,2.40 GHz,3.60 GHz,3.10 GHz,30 MB,36 MB,185W,,10nm,LGA 4189,4,4.0,64,DDR4,8,DDR4-3200,6 TB,yes,no,,,,,,2021-04-06,1450,CD8068904658902,https://ark.intel.com/content/www/us/en/ark/products/215282.html,1,high,
Intel,Xeon Scalable (3rd Gen),datacenter,Ice Lake-SP,Ice Lake-SP,Xeon Gold 6314U,Intel Xeon Gold 6314U Processor,32,32,0,64,2.30 GHz,3.40 GHz,2.90 GHz,40 MB,48 MB,205W,,10nm,LGA 4189,4,4.0,64,DDR4,8,DDR4-3200,6 TB,yes,no,,,,,,2021-04-06,2600,CD8068904570101,https://ark.intel.com/content/www/us/en/ark/products/212461.html,1,high,
Intel,Xeon Scalable (3rd Gen),datacenter,Ice Lake-SP,Ice Lake-SP,Xeon Gold 6326,Intel Xeon Gold 6326 Processor,16,16,0,32,2.90 GHz,3.50 GHz,3.30 GHz,20 MB,24 MB,185W,,10nm,LGA 4189,4,4.0,64,DDR4,8,DDR4-3200,6 TB,yes,no,3 links,,,,,2021-04-06,1300,CD8068904657502,https://ark.intel.com/content/www/us/en/ark/products/215274.html,1,high,
Intel,Xeon Scalable (3rd Gen),datacenter,Ice Lake-SP,Ice Lake-SP,Xeon Gold 6330,Intel Xeon Gold 6330 Processor,28,28,0,56,2.00 GHz,3.10 GHz,2.60 GHz,35 MB,42 MB,205W,,10nm,LGA 4189,4,4.0,64,DDR4,8,DDR4-2933,6 TB,yes,no,3 links,,,,,2021-04-06,1894,CD8068904572101,https://ark.intel.com/content/www/us/en/ark/products/212458.html,1,high,
Intel,Xeon Scalable (3rd Gen),datacenter,Ice Lake-SP,Ice Lake-SP,Xeon Gold 6330N,Intel Xeon Gold 6330N Processor,28,28,0,56,2.20 GHz,3.40 GHz,2.60 GHz,35 MB,42 MB,165W,,10nm,LGA 4189,4,4.0,64,DDR4,8,DDR4-2666,6 TB,yes,no,3 links,,,,,2021-04-06,2029,CD8068904582501,https://ark.intel.com/content/www/us/en/ark/products/212286.html,1,high,
Intel,Xeon Scalable (3rd Gen),datacenter,Ice Lake-SP,Ice Lake-SP,Xeon Gold 6334,Intel Xeon Gold 6334 Processor,8,8,0,16,3.60 GHz,3.70 GHz,3.60 GHz,10 MB,18 MB,165W,,10nm,LGA 4189,4,4.0,64,DDR4,8,DDR4-3200,6 TB,yes,no,3 links,,,,,2021-04-06,2214,CD8068904657601,https://ark.intel.com/content/www/us/en/ark/products/215273.html,1,high,
Intel,Xeon Scalable (3rd Gen),datacenter,Ice Lake-SP,Ice Lake-SP,Xeon Gold 6336Y,Intel Xeon Gold 6336Y Processor,24,24,0,48,2.40 GHz,3.60 GHz,3.00 GHz,30 MB,36 MB,185W,,10nm,LGA 4189,4,4.0,64,DDR4,8,DDR4-3200,6 TB,yes,no,3 links,,,,,2021-04-06,1977,CD8068904658702,https://ark.intel.com/content/www/us/en/ark/products/215280.html,1,high,
Intel,Xeon Scalable (3rd Gen),datacenter,Ice Lake-SP,Ice Lake-SP,Xeon Gold 6338,Intel Xeon Gold 6338 Processor,32,32,0,64,2.00 GHz,3.20 GHz,2.60 GHz,40 MB,48 MB,205W,,10nm,LGA 4189,4,4.0,64,DDR4,8,DDR4-3200,6 TB,yes,no,3 links,,,,,2021-04-06,2612,CD8068904572501,https://ark.intel.com/content/www/us/en/ark/products/212285.html,1,high,
Intel,Xeon Scalable (3rd Gen),datacenter,Ice Lake-SP,Ice Lake-SP,Xeon Gold 6338N,Intel Xeon Gold 6338N Processor,32,32,0,64,2.20 GHz,3.50 GHz,2.70 GHz,40 MB,48 MB,185W,,10nm,LGA 4189,4,4.0,64,DDR4,8,DDR4-2666,6 TB,yes,no,3 links,,,,,2021-04-06,2795,CD8068904722302,https://ark.intel.com/content/www/us/en/ark/products/212633.html,1,high,
Intel,Xeon Scalable (3rd Gen),datacenter,Ice Lake-SP,Ice Lake-SP,Xeon Gold 6338T,Intel Xeon Gold 6338T Processor,24,24,0,48,2.10 GHz,3.40 GHz,2.70 GHz,30 MB,36 MB,165W,,10nm,LGA 4189,4,4.0,64,DDR4,8,DDR4-3200,6 TB,yes,no,3 links,,,,,2021-04-06,2742,CD8068904658201,https://ark.intel.com/content/www/us/en/ark/products/215278.html,1,high,
Intel,Xeon Scalable (3rd Gen),datacenter,Ice Lake-SP,Ice Lake-SP,Xeon Gold 6342,Intel Xeon Gold 6342 Processor,24,24,0,48,2.80 GHz,3.50 GHz,3.30 GHz,30 MB,36 MB,230W,,10nm,LGA 4189,4,4.0,64,DDR4,8,DDR4-3200,6 TB,yes,no,3 links,,,,,2021-04-06,2529,CD8068904657701,https://ark.intel.com/content/www/us/en/ark/products/215276.html,1,high,
Intel,Xeon Scalable (3rd Gen),datacenter,Ice Lake-SP,Ice Lake-SP,Xeon Gold 6346,Intel Xeon Gold 6346 Processor,16,16,0,32,3.10 GHz,3.60 GHz,3.60 GHz,20 MB,36 MB,205W,,10nm,LGA 4189,4,4.0,64,DDR4,8,DDR4-3200,6 TB,yes,no,3 links,,,,,2021-04-06,2300,CD8068904570201,https://ark.intel.com/content/www/us/en/ark/products/212457.html,1,high,
Intel,Xeon Scalable (3rd Gen),datacenter,Ice Lake-SP,Ice Lake-SP,Xeon Gold 6348,Intel Xeon Gold 6348 Processor,28,28,0,56,2.60 GHz,3.50 GHz,3.40 GHz,35 MB,42 MB,235W,,10nm,LGA 4189,4,4.0,64,DDR4,8,DDR4-3200,6 TB,yes,no,3 links,,,,,2021-04-06,3072,CD8068904572204,https://ark.intel.com/content/www/us/en/ark/products/212456.html,1,high,
Intel,Xeon Scalable (3rd Gen),datacenter,Ice Lake-SP,Ice Lake-SP,Xeon Gold 6354,Intel Xeon Gold 6354 Processor,18,18,0,36,3.00 GHz,3.60 GHz,3.60 GHz,22.5 MB,39 MB,205W,,10nm,LGA 4189,4,4.0,64,DDR4,8,DDR4-3200,6 TB,yes,no,3 links,,,,,2021-04-06,2445,CD8068904571601,https://ark.intel.com/content/www/us/en/ark/products/212460.html,1,high,
Intel,Xeon Scalable (3rd Gen),datacenter,Ice Lake-SP,Ice Lake-SP,Xeon Platinum 8351N,Intel Xeon Platinum 8351N Processor,36,36,0,72,2.40 GHz,3.50 GHz,3.10 GHz,45 MB,54 MB,225W,,10nm,LGA 4189,8,4.0,64,DDR4,8,DDR4-2933,6 TB,yes,no,3 links,,,,,2021-04-06,3027,CD8068904582702,https://ark.intel.com/content/www/us/en/ark/products/212288.html,1,high,
Intel,Xeon Scalable (3rd Gen),datacenter,Ice Lake-SP,Ice Lake-SP,Xeon Platinum 8352M,Intel Xeon Platinum 8352M Processor,32,32,0,64,2.30 GHz,3.50 GHz,2.80 GHz,40 MB,48 MB,185W,,10nm,LGA 4189,8,4.0,64,DDR4,8,DDR4-3200,6 TB,yes,no,3 links,,,,,2021-04-06,3864,CD8068904686504,https://ark.intel.com/content/www/us/en/ark/products/217215.html,1,high,
Intel,Xeon Scalable (3rd Gen),datacenter,Ice Lake-SP,Ice Lake-SP,Xeon Platinum 8352S,Intel Xeon Platinum 8352S Processor,32,32,0,64,2.20 GHz,3.40 GHz,2.80 GHz,40 MB,48 MB,205W,,10nm,LGA 4189,8,4.0,64,DDR4,8,DDR4-3200,6 TB,yes,no,3 links,,,,,2021-04-06,4046,CD8068904642802,https://ark.intel.com/content/www/us/en/ark/products/212307.html,1,high,
Intel,Xeon Scalable (3rd Gen),datacenter,Ice Lake-SP,Ice Lake-SP,Xeon Platinum 8352V,Intel Xeon Platinum 8352V Processor,36,36,0,72,2.10 GHz,3.50 GHz,2.50 GHz,45 MB,54 MB,195W,,10nm,LGA 4189,8,4.0,64,DDR4,8,DDR4-2933,6 TB,yes,no,3 links,,,,,2021-04-06,3450,CD8068904571501,https://ark.intel.com/content/www/us/en/ark/products/212454.html,1,high,
Intel,Xeon Scalable (3rd Gen),datacenter,Ice Lake-SP,Ice Lake-SP,Xeon Platinum 8352Y,Intel Xeon Platinum 8352Y Processor,32,32,0,64,2.20 GHz,3.40 GHz,2.80 GHz,40 MB,48 MB,205W,,10nm,LGA 4189,8,4.0,64,DDR4,8,DDR4-3200,6 TB,yes,no,3 links,,,,,2021-04-06,3450,CD8068904572401,https://ark.intel.com/content/www/us/en/ark/products/212284.html,1,high,
Intel,Xeon Scalable (3rd Gen),datacenter,Ice Lake-SP,Ice Lake-SP,Xeon Platinum 8358,Intel Xeon Platinum 8358 Processor,32,32,0,64,2.60 GHz,3.40 GHz,3.30 GHz,40 MB,48 MB,250W,,10nm,LGA 4189,8,4.0,64,DDR4,8,DDR4-3200,6 TB,yes,no,3 links,,,,,2021-04-06,3950,CD8068904572302,https://ark.intel.com/content/www/us/en/ark/products/212282.html,1,high,
Intel,Xeon Scalable (3rd Gen),datacenter,Ice Lake-SP,Ice Lake-SP,Xeon Platinum 8358P,Intel Xeon Platinum 8358P Processor,32,32,0,64,2.60 GHz,3.40 GHz,3.30 GHz,40 MB,48 MB,240W,,10nm,LGA 4189,8,4.0,64,DDR4,8,DDR4-3200,6 TB,yes,no,3 links,,,,,2021-04-06,3950,CD8068904599101,https://ark.intel.com/content/www/us/en/ark/products/212308.html,1,high,
Intel,Xeon Scalable (3rd Gen),datacenter,Ice Lake-SP,Ice Lake-SP,Xeon Platinum 8360Y,Intel Xeon Platinum 8360Y Processor,36,36,0,72,2.40 GHz,3.50 GHz,3.10 GHz,45 MB,54 MB,250W,,10nm,LGA 4189,8,4.0,64,DDR4,8,DDR4-3200,6 TB,yes,no,3 links,,,,,2021-04-06,4702,CD8068904571901,https://ark.intel.com/content/www/us/en/ark/products/212459.html,1,high,
Intel,Xeon Scalable (3rd Gen),datacenter,Ice Lake-SP,Ice Lake-SP,Xeon Platinum 8362,Intel Xeon Platinum 8362 Processor,32,32,0,64,2.80 GHz,3.60 GHz,3.50 GHz,40 MB,48 MB,265W,,10nm,LGA 4189,8,4.0,64,DDR4,8,DDR4-3200,6 TB,yes,no,3 links,,,,,2021-04-06,5488,CD8068904722404,https://ark.intel.com/content/www/us/en/ark/products/217216.html,1,high,
Intel,Xeon Scalable (3rd Gen),datacenter,Ice Lake-SP,Ice Lake-SP,Xeon Platinum 8368,Intel Xeon Platinum 8368 Processor,38,38,0,76,2.40 GHz,3.40 GHz,3.20 GHz,47.5 MB,57 MB,270W,,10nm,LGA 4189,8,4.0,64,DDR4,8,DDR4-3200,6 TB,yes,no,3 links,,,,,2021-04-06,6302,CD8068904572001,https://ark.intel.com/content/www/us/en/ark/products/212455.html,1,high,
Intel,Xeon Scalable (3rd Gen),datacenter,Ice Lake-SP,Ice Lake-SP,Xeon Platinum 8368Q,Intel Xeon Platinum 8368Q Processor,38,38,0,76,2.60 GHz,3.70 GHz,3.30 GHz,47.5 MB,57 MB,270W,,10nm,LGA 4189,8,4.0,64,DDR4,8,DDR4-3200,6 TB,yes,no,3 links,,,,,2021-04-06,6743,CD8068904582803,https://ark.intel.com/content/www/us/en/ark/products/212289.html,1,high,
Intel,Xeon Scalable (3rd Gen),datacenter,Ice Lake-SP,Ice Lake-SP,Xeon Platinum 8380,Intel Xeon Platinum 8380 Processor,40,40,0,80,2.30 GHz,3.40 GHz,3.00 GHz,50 MB,60 MB,270W,,10nm,LGA 4189,8,4.0,64,DDR4,8,DDR4-3200,6 TB,yes,no,3 links,,,,,2021-04-06,8099,CD8068904572601,https://en.wikipedia.org/wiki/List_of_Intel_Xeon_processors,3,high,l3_cache corrected in audit
Intel,Xeon Scalable (3rd Gen),datacenter,Ice Lake-SP,Ice Lake-SP,Xeon Silver 4309Y,Intel Xeon Silver 4309Y Processor,8,8,0,16,2.80 GHz,3.60 GHz,3.40 GHz,10 MB,12 MB,105W,,10nm,LGA 4189,2,4.0,64,DDR4,8,DDR4-2666,6 TB,yes,no,2 links,,,,,2021-04-06,501,CD8068904658102,https://ark.intel.com/content/www/us/en/ark/products/215275.html,1,high,
Intel,Xeon Scalable (3rd Gen),datacenter,Ice Lake-SP,Ice Lake-SP,Xeon Silver 4310,Intel Xeon Silver 4310 Processor,12,12,0,24,2.10 GHz,3.30 GHz,2.70 GHz,15 MB,18 MB,120W,,10nm,LGA 4189,2,4.0,64,DDR4,8,DDR4-2666,6 TB,yes,no,2 links,,,,,2021-04-06,501,CD8068904657901,https://ark.intel.com/content/www/us/en/ark/products/215277.html,1,high,
Intel,Xeon Scalable (3rd Gen),datacenter,Ice Lake-SP,Ice Lake-SP,Xeon Silver 4310T,Intel Xeon Silver 4310T Processor,10,10,0,20,2.30 GHz,3.40 GHz,2.90 GHz,12.5 MB,15 MB,105W,,10nm,LGA 4189,2,4.0,64,DDR4,8,DDR4-2666,6 TB,yes,no,2 links,,,,,2021-04-06,555,CD8068904659001,https://ark.intel.com/content/www/us/en/ark/products/215283.html,1,high,
Intel,Xeon Scalable (3rd Gen),datacenter,Ice Lake-SP,Ice Lake-SP,Xeon Silver 4314,Intel Xeon Silver 4314 Processor,16,16,0,32,2.40 GHz,3.40 GHz,2.90 GHz,20 MB,24 MB,135W,,10nm,LGA 4189,2,4.0,64,DDR4,8,DDR4-2666,6 TB,yes,no,2 links,,,,,2021-04-06,694,CD8068904655303,https://ark.intel.com/content/www/us/en/ark/products/215269.html,1,high,
Intel,Xeon Scalable (3rd Gen),datacenter,Ice Lake-SP,Ice Lake-SP,Xeon Silver 4316,Intel Xeon Silver 4316 Processor,20,20,0,40,2.30 GHz,3.40 GHz,2.80 GHz,25 MB,30 MB,150W,,10nm,LGA 4189,2,4.0,64,DDR4,8,DDR4-2666,6 TB,yes,no,2 links,,,,,2021-04-06,1002,CD8068904656601,https://ark.intel.com/content/www/us/en/ark/products/215270.html,1,high,l3_cache corrected in audit
Intel,Data Center GPU Max,datacenter,Ponte Vecchio,Xe-HPC,Max 1100,Intel Data Center GPU Max 1100,56,,,,1.00 GHz,1.55 GHz,,,,300W,,Intel 7 + TSMC N5/N7 (chiplet),,,5.0,16,HBM2e,,1228.8 GB/s,48 GB,no,no,,,,,,2023-Q1,,,https://www.intel.com/content/www/us/en/products/sku/232876/intel-data-center-gpu-max-1100/specifications.html,1,high,"56 Xe-cores / 448 XVE / 448 XMX engines. 300W double-wide PCIe card (not OAM). Base clock 1000 MHz, max dynamic clock 1550 MHz. Cross-checked vs Intel datasheet PDF / CPUTronic, consistent."
Intel,Data Center GPU Max,datacenter,Ponte Vecchio,Xe-HPC,Max 1450,Intel Data Center GPU Max 1450,128,,,,,,,,,600W,,Intel 7 + TSMC N5/N7 (chiplet),OAM,,5.0,16,HBM2e,,<3276.8 GB/s,128 GB,no,no,,,,,,2023-Q4,,,https://www.tomshardware.com/news/intel-axes-data-center-gpu-max-1350-preps-max-1450-for-different-markets,3,medium,Replacement SKU for canceled Max 1350; same 128 Xe-core / 128GB HBM2e / 600W OAM config as Max 1550 but with reduced Xe Link chip-to-chip bandwidth (<600 GB/s) for export-control compliance to certain markets. Could not reach Intel ARK tier-1 page directly (search overflow); specs corroborated across Tom's Hardware/Techzine/TechPowerUp as functionally identical to 1550 except interconnect bandwidth cap. confidence=medium given tier-3 sourcing.
Intel,Data Center GPU Max,datacenter,Ponte Vecchio,Xe-HPC,Max 1550,Intel Data Center GPU Max 1550,128,,,,,,,,408 MB,600W,690W,Intel 7 + TSMC N5/N7 (chiplet),OAM,,5.0,16,HBM2e,,3276.8 GB/s,128 GB,no,no,,,,,,2023-Q1,,,https://www.intel.com/content/www/us/en/products/sku/232873/intel-data-center-gpu-max-1550/specifications.html,1,high,"128 Xe-cores (full Ponte Vecchio die), 128 Ray Tracing Units, 16384 shading units. 408MB L2 (Rambo cache, 204MB per stack x2). FP32 peak ~51.4 TFLOPS. TDP 600W nominal, max power 690W (put in tdp_config_up). Cross-checked vs wccftech/ServeTheHome/TechPowerUp, consistent."
Intel,Xeon E,datacenter,Raptor Lake-E,Raptor Lake,Xeon E-2414,Intel Xeon E-2414 Processor,4,4,0,4,2.60 GHz,4.50 GHz,,8 MB,12 MB,55W,,Intel 7,FCLGA1700,1,5.0,20,DDR5,2,4800 MHz,128 GB,yes,no,0,,,,,2023-Q4,244,E-2414,https://www.intel.com/content/www/us/en/products/sku/236193/intel-xeon-e2414-processor-12m-cache-2-60-ghz/specifications.html,1,medium,"price range $239-249, midpoint used; no on-board graphics per ARK"
Intel,Xeon E,datacenter,Raptor Lake-E,Raptor Lake,Xeon E-2434,Intel Xeon E-2434 Processor,4,4,0,8,3.40 GHz,5.00 GHz,,8 MB,12 MB,55W,,Intel 7,FCLGA1700,1,5.0,20,DDR5,2,4800 MHz,128 GB,yes,no,0,,,,,2023-Q4,320,E-2434,https://ark.intel.com/content/www/us/en/ark/products/236192/intel-xeon-e-2434-processor-12m-cache-3-40-ghz.html,1,medium,"price range $315-325, midpoint used; no on-board graphics per ARK"
Intel,Xeon E,datacenter,Raptor Lake-E,Raptor Lake,Xeon E-2436,Intel Xeon E-2436 Processor,6,6,0,12,2.90 GHz,5.00 GHz,,,18 MB,65W,,Intel 7,FCLGA1700,1,5.0,20,DDR5,2,4800 MHz,128 GB,yes,no,0,,,,,2023-Q4,362,E-2436,https://www.intel.com/content/www/us/en/products/sku/236190/intel-xeon-e2436-processor-18m-cache-2-90-ghz/specifications.html,1,medium,"price range $357-367, midpoint used; secondary source cites street price $331; no on-board graphics per ARK"
Intel,Xeon E,datacenter,Raptor Lake-E,Raptor Lake,Xeon E-2456,Intel Xeon E-2456 Processor,6,6,0,12,3.30 GHz,5.10 GHz,,,18 MB,80W,,Intel 7,FCLGA1700,1,5.0,20,DDR5,2,4800 MHz,128 GB,yes,no,0,,,,,2023-Q4,420,E-2456,https://ark.intel.com/content/www/us/en/ark/products/236188/intel-xeon-e-2456-processor-18m-cache-3-30-ghz.html,1,high,no on-board graphics per ARK
Intel,Xeon E,datacenter,Raptor Lake-E,Raptor Lake,Xeon E-2468,Intel Xeon E-2468 Processor,8,8,0,16,2.60 GHz,5.20 GHz,,,24 MB,65W,,Intel 7,FCLGA1700,1,5.0,20,DDR5,2,4800 MHz,128 GB,yes,no,0,,,,,2023-Q4,477,E-2468,https://ark.intel.com/content/www/us/en/ark/products/236184/intel-xeon-e-2468-processor-24m-cache-2-60-ghz.html,1,medium,secondary source cites street price $426 vs ARK RCP $477; no on-board graphics per ARK
Intel,Xeon E,datacenter,Raptor Lake-E,Raptor Lake,Xeon E-2478,Intel Xeon E-2478 Processor,8,8,0,16,2.80 GHz,5.20 GHz,,16 MB,24 MB,80W,,Intel 7,FCLGA1700,1,5.0,20,DDR5,2,4800 MHz,128 GB,yes,no,0,,,,,2023-Q4,628,E-2478,https://www.intel.com/content/www/us/en/products/sku/236183/intel-xeon-e2478-processor-24m-cache-2-80-ghz/specifications.html,1,medium,"price range $623-633, midpoint used; no on-board graphics per ARK"
Intel,Xeon E,datacenter,Raptor Lake-E,Raptor Lake,Xeon E-2486,Intel Xeon E-2486 Processor,6,6,0,12,3.50 GHz,5.60 GHz,,12 MB,18 MB,95W,,Intel 7,FCLGA1700,1,5.0,20,DDR5,2,4800 MHz,128 GB,yes,no,0,,,,,2023-Q4,567,E-2486,https://www.intel.com/content/www/us/en/products/sku/236185/intel-xeon-e2486-processor-18m-cache-3-50-ghz/specifications.html,1,medium,secondary source cites street price $506 vs ARK RCP $567; no on-board graphics per ARK
Intel,Xeon E,datacenter,Raptor Lake-E,Raptor Lake,Xeon E-2488,Intel Xeon E-2488 Processor,8,8,0,16,3.20 GHz,5.60 GHz,,16 MB,24 MB,95W,,Intel 7,FCLGA1700,1,5.0,20,DDR5,2,4800 MHz,128 GB,yes,no,0,,,,,2023-Q4,679,E-2488,https://www.intel.com/content/www/us/en/products/sku/236182/intel-xeon-e2488-processor-24m-cache-3-20-ghz/specifications.html,1,high,no on-board graphics per ARK
Intel,Xeon E,datacenter,Rocket Lake-E,Rocket Lake,Xeon E-2314,Intel Xeon E-2314 Processor,4,4,0,4,2.80 GHz,4.50 GHz,,2 MB,8 MB,65W,,14 nm,FCLGA1200,1,4.0,20,DDR4,2,3200 MHz,128 GB,yes,no,0,,,,,2021-Q3,228,E-2314,https://ark.intel.com/content/www/us/en/ark/products/212259.html,1,high,"no iGPU (non-G suffix, confirmed via secondary source)"
Intel,Xeon E,datacenter,Rocket Lake-E,Rocket Lake,Xeon E-2324G,Intel Xeon E-2324G Processor,4,4,0,4,3.10 GHz,4.60 GHz,,2 MB,8 MB,65W,,14 nm,FCLGA1200,1,4.0,20,DDR4,2,3200 MHz,128 GB,yes,no,0,Intel UHD Graphics P750,,,,2021-Q3,,E-2324G,https://ark.intel.com/content/www/us/en/ark/products/212255/intel-xeon-e-2324g-processor-8m-cache-3-10-ghz.html,1,medium,no Hyper-Threading; igpu cores/clock not confirmed; launch price not found
Intel,Xeon E,datacenter,Rocket Lake-E,Rocket Lake,Xeon E-2334,Intel Xeon E-2334 Processor,4,4,0,8,3.40 GHz,4.80 GHz,,,8 MB,65W,,14 nm,FCLGA1200,1,4.0,20,DDR4,2,3200 MHz,128 GB,yes,no,0,,,,,2021-Q3,320,E-2334,https://ark.intel.com/content/www/us/en/ark/products/212258/intel-xeon-e2334-processor-8m-cache-3-40-ghz.html,1,high,"no iGPU (non-G suffix, confirmed via secondary source); price range $315-325, midpoint used"
Intel,Xeon E,datacenter,Rocket Lake-E,Rocket Lake,Xeon E-2336,Intel Xeon E-2336 Processor,6,6,0,12,2.90 GHz,4.80 GHz,,3 MB,12 MB,65W,,14 nm,FCLGA1200,1,4.0,20,DDR4,2,3200 MHz,128 GB,yes,no,0,,,,,2021-Q3,362,E-2336,https://ark.intel.com/content/www/us/en/ark/products/212253/intel-xeon-e-2336-processor-12m-cache-2-90-ghz.html,1,high,"no iGPU (non-G suffix); price range $357-367, midpoint used"
Intel,Xeon E,datacenter,Rocket Lake-E,Rocket Lake,Xeon E-2356G,Intel Xeon E-2356G Processor,6,6,0,12,3.20 GHz,5.00 GHz,,,12 MB,80W,,14 nm,FCLGA1200,1,4.0,20,DDR4,2,3200 MHz,128 GB,yes,no,0,Intel UHD Graphics P750,32,,,2021-Q3,392,E-2356G,https://ark.intel.com/content/www/us/en/ark/products/212257/intel-xeon-e2356g-processor-12m-cache-3-20-ghz.html,1,medium,igpu clock not confirmed this pass
Intel,Xeon E,datacenter,Rocket Lake-E,Rocket Lake,Xeon E-2374G,Intel Xeon E-2374G Processor,4,4,0,8,3.70 GHz,5.00 GHz,,,8 MB,80W,,14 nm,FCLGA1200,1,4.0,20,DDR4,2,3200 MHz,128 GB,yes,no,0,Intel UHD Graphics P750,32,1.30 GHz,,2021-Q3,425,E-2374G,https://ark.intel.com/content/www/us/en/ark/products/212260.html,1,high,"igpu base freq 350MHz, dynamic max 1.30GHz per ARK; price range $420-430, midpoint used"
Intel,Xeon E,datacenter,Rocket Lake-E,Rocket Lake,Xeon E-2378,Intel Xeon E-2378 Processor,8,8,0,16,2.60 GHz,4.80 GHz,,4 MB,16 MB,65W,,14 nm,FCLGA1200,1,4.0,20,DDR4,2,3200 MHz,128 GB,yes,no,0,,,,,2021-Q3,,E-2378,https://ark.intel.com/content/www/us/en/ark/products/212261/intel-xeon-e-2378-processor-16m-cache-2-60-ghz.html,1,high,no iGPU (non-G suffix); L2 512KB/core per ARK; launch price not confirmed this pass
Intel,Xeon E,datacenter,Rocket Lake-E,Rocket Lake,Xeon E-2378G,Intel Xeon E-2378G Processor,8,8,0,16,2.80 GHz,5.10 GHz,,4 MB,16 MB,80W,,14 nm,FCLGA1200,1,4.0,20,DDR4,2,3200 MHz,128 GB,yes,no,0,Intel UHD Graphics P750,32,,,2021-Q3,628,E-2378G,https://ark.intel.com/content/www/us/en/ark/products/212262/intel-xeon-e-2378g-processor-16m-cache-2-80-ghz.html,1,medium,"price range $623-633 per ARK, midpoint used; igpu clock not confirmed this pass"
Intel,Xeon E,datacenter,Rocket Lake-E,Rocket Lake,Xeon E-2386G,Intel Xeon E-2386G Processor,6,6,0,12,3.50 GHz,5.10 GHz,,,12 MB,95W,,14 nm,FCLGA1200,1,4.0,20,DDR4,2,3200 MHz,128 GB,yes,no,0,Intel UHD Graphics P750,32,,,2021-Q3,567,E-2386G,https://www.intel.com/content/www/us/en/products/sku/214806/intel-xeon-e2386g-processor-12m-cache-3-50-ghz/specifications.html,1,medium,igpu clock not confirmed this pass
Intel,Xeon E,datacenter,Rocket Lake-E,Rocket Lake,Xeon E-2388G,Intel Xeon E-2388G Processor,8,8,0,16,3.20 GHz,5.10 GHz,,4 MB,16 MB,95W,,14 nm,FCLGA1200,1,4.0,20,DDR4,2,3200 MHz,128 GB,yes,no,0,Intel UHD Graphics P750,32,,,2021-Q3,679,E-2388G,https://www.intel.com/content/www/us/en/products/sku/214805/intel-xeon-e2388g-processor-16m-cache-3-20-ghz/specifications.html,1,medium,igpu clock not confirmed; L2 4MB per secondary source
Intel,Xeon Scalable (4th Gen),datacenter,Sapphire Rapids SP,Sapphire Rapids SP,Xeon Bronze 3408U,Intel Xeon Bronze 3408U Processor,8,8,0,8,1.80 GHz,1.90 GHz,,,22.5 MB,125W,,Intel 7 (10nm),FCLGA4677,2,5.0,80,DDR5,8,,4 TB,yes,yes,3,,,,,2023-Q1,,,https://ark.intel.com (Sapphire Rapids SP family),1,medium,"no hyper-threading, 1 thread/core"
Intel,Xeon Scalable (4th Gen),datacenter,Sapphire Rapids SP,Sapphire Rapids SP,Xeon Gold 5403N,Intel Xeon Gold 5403N Processor,12,12,0,24,2.00 GHz,3.90 GHz,,,22.5 MB,115W,,Intel 7 (10nm),FCLGA4677,2,5.0,80,DDR5,8,DDR5-4000,4 TB,yes,yes,3,,,,,2023-Q4,,,https://ark.intel.com (Sapphire Rapids SP family),1,high,
Intel,Xeon Scalable (4th Gen),datacenter,Sapphire Rapids SP,Sapphire Rapids SP,Xeon Gold 5411N,Intel Xeon Gold 5411N Processor,24,24,0,48,1.90 GHz,3.90 GHz,,,45 MB,165W,,Intel 7 (10nm),FCLGA4677,2,5.0,80,DDR5,8,,4 TB,yes,yes,3,,,,,2023-Q1,,,https://ark.intel.com (Sapphire Rapids SP family),1,high,cores corrected in audit | threads corrected in audit | p_cores resynced to corrected core count
Intel,Xeon Scalable (4th Gen),datacenter,Sapphire Rapids SP,Sapphire Rapids SP,Xeon Gold 5412U,Intel Xeon Gold 5412U Processor,24,24,0,48,2.10 GHz,3.90 GHz,,,45 MB,,,Intel 7 (10nm),FCLGA4677,2,5.0,80,DDR5,8,DDR5-4400,4 TB,yes,yes,3,,,,,2023-Q1,,,https://ark.intel.com (Sapphire Rapids SP family),1,medium,TDP unconfirmed - secondary sources approximate only
Intel,Xeon Scalable (4th Gen),datacenter,Sapphire Rapids SP,Sapphire Rapids SP,Xeon Gold 5415+,Intel Xeon Gold 5415+ Processor,8,8,0,16,2.90 GHz,4.10 GHz,,,22.5 MB,150W,,Intel 7 (10nm),FCLGA4677,2,5.0,80,DDR5,8,DDR5-4400,4 TB,yes,yes,3,,,,,2023-Q1,,,https://ark.intel.com (Sapphire Rapids SP family),1,high,
Intel,Xeon Scalable (4th Gen),datacenter,Sapphire Rapids SP,Sapphire Rapids SP,Xeon Gold 5416S,Intel Xeon Gold 5416S Processor,16,16,0,32,2.00 GHz,4.00 GHz,,,30 MB,150W,,Intel 7 (10nm),FCLGA4677,2,5.0,80,DDR5,8,,4 TB,yes,yes,3,,,,,2023-Q1,,,https://ark.intel.com (Sapphire Rapids SP family),1,high,tdp corrected in audit | boost_clock corrected in audit
Intel,Xeon Scalable (4th Gen),datacenter,Sapphire Rapids SP,Sapphire Rapids SP,Xeon Gold 5418N,Intel Xeon Gold 5418N Processor,24,24,0,48,1.80 GHz,3.80 GHz,,,45 MB,165W,,Intel 7 (10nm),FCLGA4677,2,5.0,80,DDR5,8,,4 TB,yes,yes,3,,,,,2023-Q1,,,https://ark.intel.com (Sapphire Rapids SP family),1,high,
Intel,Xeon Scalable (4th Gen),datacenter,Sapphire Rapids SP,Sapphire Rapids SP,Xeon Gold 5418Y,Intel Xeon Gold 5418Y Processor,24,24,0,48,2.00 GHz,3.80 GHz,,,45 MB,185W,,Intel 7 (10nm),FCLGA4677,2,5.0,80,DDR5,8,DDR5-4400,4 TB,yes,yes,3,,,,,2023-Q1,,,https://ark.intel.com (Sapphire Rapids SP family),1,high,
Intel,Xeon Scalable (4th Gen),datacenter,Sapphire Rapids SP,Sapphire Rapids SP,Xeon Gold 5420+,Intel Xeon Gold 5420+ Processor,28,28,0,56,2.00 GHz,4.10 GHz,,,52.5 MB,205W,,Intel 7 (10nm),FCLGA4677,2,5.0,80,DDR5,8,DDR5-4400,4 TB,yes,yes,3,,,,,2023-Q1,,,https://ark.intel.com (Sapphire Rapids SP family),1,high,
Intel,Xeon Scalable (4th Gen),datacenter,Sapphire Rapids SP,Sapphire Rapids SP,Xeon Gold 5423N,Intel Xeon Gold 5423N Processor,20,20,0,40,2.10 GHz,4.00 GHz,,,37.5 MB,145W,,Intel 7 (10nm),FCLGA4677,1,4.0,64,DDR5,8,DDR5-4000,4 TB,yes,yes,,,,,,2023-Q1,,,https://ark.intel.com (Sapphire Rapids SP family),1,high,
Intel,Xeon Scalable (4th Gen),datacenter,Sapphire Rapids SP,Sapphire Rapids SP,Xeon Gold 5433N,Intel Xeon Gold 5433N Processor,20,20,0,40,2.30 GHz,4.10 GHz,,,37.5 MB,160W,,Intel 7 (10nm),FCLGA4677,2,5.0,80,DDR5,8,DDR5-4000,4 TB,yes,yes,3,,,,,2023,,,https://ark.intel.com (Sapphire Rapids SP family),1,high,
Intel,Xeon Scalable (4th Gen),datacenter,Sapphire Rapids SP,Sapphire Rapids SP,Xeon Gold 6403N,Intel Xeon Gold 6403N Processor,24,24,0,48,1.90 GHz,3.60 GHz,,,45 MB,185W,,Intel 7 (10nm),FCLGA4677,1,4.0,64,DDR5,8,DDR5-4000,4 TB,yes,yes,,,,,,2023-Q3,,,https://ark.intel.com (Sapphire Rapids SP family),1,high,
Intel,Xeon Scalable (4th Gen),datacenter,Sapphire Rapids SP,Sapphire Rapids SP,Xeon Gold 6414U,Intel Xeon Gold 6414U Processor,32,32,0,64,2.00 GHz,3.40 GHz,,,60 MB,250W,,Intel 7 (10nm),FCLGA4677,1,5.0,80,DDR5,8,DDR5-4800,4 TB,yes,yes,,,,,,2023-Q1,,,https://ark.intel.com (Sapphire Rapids SP family),1,high,
Intel,Xeon Scalable (4th Gen),datacenter,Sapphire Rapids SP,Sapphire Rapids SP,Xeon Gold 6416H,Intel Xeon Gold 6416H Processor,18,18,0,36,2.20 GHz,4.20 GHz,,,45 MB,165W,,Intel 7 (10nm),FCLGA4677,2,5.0,80,DDR5,8,DDR5-4800,4 TB,yes,yes,3,,,,,2023-Q1,,,https://ark.intel.com (Sapphire Rapids SP family),1,high,
Intel,Xeon Scalable (4th Gen),datacenter,Sapphire Rapids SP,Sapphire Rapids SP,Xeon Gold 6418H,Intel Xeon Gold 6418H Processor,24,24,0,48,2.10 GHz,4.00 GHz,,,60 MB,185W,,Intel 7 (10nm),FCLGA4677,2,5.0,80,DDR5,8,DDR5-4800,4 TB,yes,yes,3,,,,,2023-Q1,,,https://ark.intel.com (Sapphire Rapids SP family),1,high,
Intel,Xeon Scalable (4th Gen),datacenter,Sapphire Rapids SP,Sapphire Rapids SP,Xeon Gold 6421N,Intel Xeon Gold 6421N Processor,32,32,0,64,1.80 GHz,3.60 GHz,,,60 MB,185W,,Intel 7 (10nm),FCLGA4677,2,5.0,80,DDR5,8,DDR5-4400,4 TB,yes,yes,3,,,,,2023,,,https://ark.intel.com (Sapphire Rapids SP family),1,high,
Intel,Xeon Scalable (4th Gen),datacenter,Sapphire Rapids SP,Sapphire Rapids SP,Xeon Gold 6423N,Intel Xeon Gold 6423N Processor,28,28,0,56,2.00 GHz,3.60 GHz,,,52.5 MB,195W,,Intel 7 (10nm),FCLGA4677,1,4.0,64,DDR5,8,DDR5-4400,4 TB,yes,yes,,,,,,2023-Q3,,,https://ark.intel.com (Sapphire Rapids SP family),1,high,
Intel,Xeon Scalable (4th Gen),datacenter,Sapphire Rapids SP,Sapphire Rapids SP,Xeon Gold 6426Y,Intel Xeon Gold 6426Y Processor,16,16,0,32,2.50 GHz,4.10 GHz,,,37.5 MB,185W,,Intel 7 (10nm),FCLGA4677,2,5.0,80,DDR5,8,,4 TB,yes,yes,3,,,,,2023-Q1,,,https://ark.intel.com (Sapphire Rapids SP family),1,high,"secondary source lists max turbo as 4.10GHz vs 3.70GHz seen elsewhere - flagged, base/TDP/cache concur | tdp corrected in audit | boost_clock corrected in audit"
Intel,Xeon Scalable (4th Gen),datacenter,Sapphire Rapids SP,Sapphire Rapids SP,Xeon Gold 6428N,Intel Xeon Gold 6428N Processor,32,32,0,64,1.80 GHz,3.80 GHz,,,60 MB,185W,,Intel 7 (10nm),FCLGA4677,2,5.0,80,DDR5,8,DDR5-4000,4 TB,yes,yes,3,,,,,2023-Q1,,,https://ark.intel.com (Sapphire Rapids SP family),1,high,
Intel,Xeon Scalable (4th Gen),datacenter,Sapphire Rapids SP,Sapphire Rapids SP,Xeon Gold 6430,Intel Xeon Gold 6430 Processor,32,32,0,64,2.10 GHz,3.40 GHz,,,60 MB,270W,,Intel 7 (10nm),FCLGA4677,2,5.0,80,DDR5,8,DDR5-4800,4 TB,yes,yes,3,,,,,2023-Q1,,,https://ark.intel.com (Sapphire Rapids SP family),1,high,
Intel,Xeon Scalable (4th Gen),datacenter,Sapphire Rapids SP,Sapphire Rapids SP,Xeon Gold 6433N,Intel Xeon Gold 6433N Processor,32,32,0,64,2.00 GHz,3.60 GHz,,,60 MB,205W,,Intel 7 (10nm),FCLGA4677,1,4.0,64,DDR5,8,DDR5-4400,4 TB,yes,yes,,,,,,2023-Q3,,,https://ark.intel.com (Sapphire Rapids SP family),1,medium,conflict: secondary source claims 3.1GHz/250W/PCIe4.0-limited; vendor page trusted
Intel,Xeon Scalable (4th Gen),datacenter,Sapphire Rapids SP,Sapphire Rapids SP,Xeon Gold 6433NE,Intel Xeon Gold 6433NE Processor,32,32,0,64,2.00 GHz,3.60 GHz,,,60 MB,205W,,Intel 7 (10nm),FCLGA4677,1,4.0,64,DDR5,8,DDR5-4400,4 TB,yes,yes,,,,,,2023-Q3,,,https://ark.intel.com (Sapphire Rapids SP family),1,high,
Intel,Xeon Scalable (4th Gen),datacenter,Sapphire Rapids SP,Sapphire Rapids SP,Xeon Gold 6434,Intel Xeon Gold 6434 Processor,8,8,0,16,3.70 GHz,4.10 GHz,,,22.5 MB,195W,,Intel 7 (10nm),FCLGA4677,2,5.0,80,DDR5,8,DDR5-4800,4 TB,yes,yes,3,,,,,2023-Q1,,,https://ark.intel.com (Sapphire Rapids SP family),1,high,
Intel,Xeon Scalable (4th Gen),datacenter,Sapphire Rapids SP,Sapphire Rapids SP,Xeon Gold 6434H,Intel Xeon Gold 6434H Processor,8,8,0,16,3.70 GHz,4.10 GHz,,,22.5 MB,195W,,Intel 7 (10nm),FCLGA4677,2,5.0,80,DDR5,8,DDR5-4800,4 TB,yes,yes,3,,,,,2023-Q1,,,https://ark.intel.com (Sapphire Rapids SP family),1,high,
Intel,Xeon Scalable (4th Gen),datacenter,Sapphire Rapids SP,Sapphire Rapids SP,Xeon Gold 6438M,Intel Xeon Gold 6438M Processor,32,32,0,64,2.20 GHz,3.90 GHz,,,60 MB,205W,,Intel 7 (10nm),FCLGA4677,2,5.0,80,DDR5,8,DDR5-4400,4 TB,yes,yes,3,,,,,2023-Q1,,,https://ark.intel.com (Sapphire Rapids SP family),1,high,
Intel,Xeon Scalable (4th Gen),datacenter,Sapphire Rapids SP,Sapphire Rapids SP,Xeon Gold 6438N,Intel Xeon Gold 6438N Processor,32,32,0,64,2.00 GHz,3.70 GHz,,,60 MB,205W,,Intel 7 (10nm),FCLGA4677,2,5.0,80,DDR5,8,DDR5-4400,4 TB,yes,yes,3,,,,,2023,,,https://ark.intel.com (Sapphire Rapids SP family),1,high,
Intel,Xeon Scalable (4th Gen),datacenter,Sapphire Rapids SP,Sapphire Rapids SP,Xeon Gold 6438Y+,Intel Xeon Gold 6438Y+ Processor,32,32,0,64,2.00 GHz,4.00 GHz,,,60 MB,205W,,Intel 7 (10nm),FCLGA4677,2,5.0,80,DDR5,8,DDR5-4800,4 TB,yes,yes,3,,,,,2023-Q1,,,https://ark.intel.com (Sapphire Rapids SP family),1,high,
Intel,Xeon Scalable (4th Gen),datacenter,Sapphire Rapids SP,Sapphire Rapids SP,Xeon Gold 6442Y,Intel Xeon Gold 6442Y Processor,24,24,0,48,2.60 GHz,4.00 GHz,,,60 MB,225W,,Intel 7 (10nm),FCLGA4677,2,5.0,80,DDR5,8,DDR5-4800,4 TB,yes,yes,3,,,,,2023-Q1,,,https://ark.intel.com (Sapphire Rapids SP family),1,high,
Intel,Xeon Scalable (4th Gen),datacenter,Sapphire Rapids SP,Sapphire Rapids SP,Xeon Gold 6443N,Intel Xeon Gold 6443N Processor,32,32,0,64,1.90 GHz,3.60 GHz,,,60 MB,195W,,Intel 7 (10nm),FCLGA4677,1,4.0,64,DDR5,8,DDR5-4400,4 TB,yes,yes,,,,,,2023-Q3,,,https://ark.intel.com (Sapphire Rapids SP family),1,medium,product title states 1.90GHz base; one aggregator summary said 2.00GHz - title trusted
Intel,Xeon Scalable (4th Gen),datacenter,Sapphire Rapids SP,Sapphire Rapids SP,Xeon Gold 6444Y,Intel Xeon Gold 6444Y Processor,16,16,0,32,3.60 GHz,4.00 GHz,,,45 MB,270W,,Intel 7 (10nm),FCLGA4677,2,5.0,80,DDR5,8,DDR5-4800,4 TB,yes,yes,3,,,,,2023-Q1,,,https://ark.intel.com (Sapphire Rapids SP family),1,high,
Intel,Xeon Scalable (4th Gen),datacenter,Sapphire Rapids SP,Sapphire Rapids SP,Xeon Gold 6448H,Intel Xeon Gold 6448H Processor,32,32,0,64,2.40 GHz,4.10 GHz,,,60 MB,250W,,Intel 7 (10nm),FCLGA4677,2,5.0,80,DDR5,8,DDR5-4800,4 TB,yes,yes,3,,,,,2023-Q1,,,https://ark.intel.com (Sapphire Rapids SP family),1,high,
Intel,Xeon Scalable (4th Gen),datacenter,Sapphire Rapids SP,Sapphire Rapids SP,Xeon Gold 6448Y,Intel Xeon Gold 6448Y Processor,32,32,0,64,2.10 GHz,4.10 GHz,,,60 MB,225W,,Intel 7 (10nm),FCLGA4677,2,5.0,80,DDR5,8,DDR5-4800,4 TB,yes,yes,3,,,,,2023-Q1,,,https://ark.intel.com (Sapphire Rapids SP family),1,high,
Intel,Xeon Scalable (4th Gen),datacenter,Sapphire Rapids SP,Sapphire Rapids SP,Xeon Gold 6454S,Intel Xeon Gold 6454S Processor,32,32,0,64,2.20 GHz,3.40 GHz,,,60 MB,270W,,Intel 7 (10nm),FCLGA4677,2,5.0,80,DDR5,8,DDR5-4800,4 TB,yes,yes,3,,,,,2023-Q1,,,https://ark.intel.com (Sapphire Rapids SP family),1,high,
Intel,Xeon Scalable (4th Gen),datacenter,Sapphire Rapids SP,Sapphire Rapids SP,Xeon Gold 6458Q,Intel Xeon Gold 6458Q Processor,32,32,0,64,3.10 GHz,4.00 GHz,,,60 MB,350W,,Intel 7 (10nm),FCLGA4677,2,5.0,80,DDR5,8,DDR5-4800,4 TB,yes,yes,3,,,,,2023-Q1,,,https://ark.intel.com (Sapphire Rapids SP family),1,high,
Intel,Xeon Scalable (4th Gen),datacenter,Sapphire Rapids SP,Sapphire Rapids SP,Xeon Platinum 8444H,Intel Xeon Platinum 8444H Processor,16,16,0,32,2.90 GHz,4.00 GHz,,,45 MB,270W,,Intel 7 (10nm),FCLGA4677,2,5.0,80,DDR5,8,DDR5-4800,4 TB,yes,yes,3,,,,,2023-Q1,,,https://ark.intel.com (Sapphire Rapids SP family),1,high,
Intel,Xeon Scalable (4th Gen),datacenter,Sapphire Rapids SP,Sapphire Rapids SP,Xeon Platinum 8450H,Intel Xeon Platinum 8450H Processor,28,28,0,56,2.00 GHz,3.50 GHz,,,75 MB,250W,,Intel 7 (10nm),FCLGA4677,2,5.0,80,DDR5,8,DDR5-4800,4 TB,yes,yes,3,,,,,2023-Q1,,,https://ark.intel.com (Sapphire Rapids SP family),1,high,
Intel,Xeon Scalable (4th Gen),datacenter,Sapphire Rapids SP,Sapphire Rapids SP,Xeon Platinum 8452Y,Intel Xeon Platinum 8452Y Processor,36,36,0,72,2.00 GHz,3.20 GHz,,,67.5 MB,300W,,Intel 7 (10nm),FCLGA4677,2,5.0,80,DDR5,8,DDR5-4800,4 TB,yes,yes,3,,,,,2023-Q1,,,https://ark.intel.com (Sapphire Rapids SP family),1,high,
Intel,Xeon Scalable (4th Gen),datacenter,Sapphire Rapids SP,Sapphire Rapids SP,Xeon Platinum 8454H,Intel Xeon Platinum 8454H Processor,32,32,0,64,2.10 GHz,3.40 GHz,,,82.5 MB,270W,,Intel 7 (10nm),FCLGA4677,2,5.0,80,DDR5,8,DDR5-4800,4 TB,yes,yes,3,,,,,2023-Q1,,,https://ark.intel.com (Sapphire Rapids SP family),1,high,
Intel,Xeon Scalable (4th Gen),datacenter,Sapphire Rapids SP,Sapphire Rapids SP,Xeon Platinum 8458P,Intel Xeon Platinum 8458P Processor,44,44,0,88,2.70 GHz,3.80 GHz,,,82.5 MB,350W,,Intel 7 (10nm),FCLGA4677,2,5.0,80,DDR5,8,DDR5-4800,4 TB,yes,yes,3,,,,,2023-Q1,,,https://ark.intel.com (Sapphire Rapids SP family),1,high,
Intel,Xeon Scalable (4th Gen),datacenter,Sapphire Rapids SP,Sapphire Rapids SP,Xeon Platinum 8460H,Intel Xeon Platinum 8460H Processor,40,40,0,80,2.20 GHz,3.80 GHz,,,105 MB,330W,,Intel 7 (10nm),FCLGA4677,2,5.0,80,DDR5,8,DDR5-4800,4 TB,yes,yes,3,,,,,2023-Q1,,,https://ark.intel.com (Sapphire Rapids SP family),1,high,
Intel,Xeon Scalable (4th Gen),datacenter,Sapphire Rapids SP,Sapphire Rapids SP,Xeon Platinum 8460Y+,Intel Xeon Platinum 8460Y+ Processor,40,40,0,80,2.00 GHz,3.70 GHz,,,105 MB,300W,,Intel 7 (10nm),FCLGA4677,2,5.0,80,DDR5,8,DDR5-4800,4 TB,yes,yes,3,,,,,2023-Q1,,,https://ark.intel.com (Sapphire Rapids SP family),1,high,
Intel,Xeon Scalable (4th Gen),datacenter,Sapphire Rapids SP,Sapphire Rapids SP,Xeon Platinum 8461V,Intel Xeon Platinum 8461V Processor,48,48,0,96,2.20 GHz,3.70 GHz,,,97.5 MB,300W,,Intel 7 (10nm),FCLGA4677,2,5.0,80,DDR5,8,DDR5-4800,4 TB,yes,yes,3,,,,,2023-Q1,,,https://ark.intel.com (Sapphire Rapids SP family),1,high,
Intel,Xeon Scalable (4th Gen),datacenter,Sapphire Rapids SP,Sapphire Rapids SP,Xeon Platinum 8462Y+,Intel Xeon Platinum 8462Y+ Processor,32,32,0,64,2.80 GHz,4.10 GHz,,,60 MB,300W,,Intel 7 (10nm),FCLGA4677,2,5.0,80,DDR5,8,DDR5-4800,4 TB,yes,yes,3,,,,,2023-Q1,,,https://ark.intel.com (Sapphire Rapids SP family),1,high,
Intel,Xeon Scalable (4th Gen),datacenter,Sapphire Rapids SP,Sapphire Rapids SP,Xeon Platinum 8468,Intel Xeon Platinum 8468 Processor,48,48,0,96,2.10 GHz,3.80 GHz,,,105 MB,350W,,Intel 7 (10nm),FCLGA4677,2,5.0,80,DDR5,8,DDR5-4800,4 TB,yes,yes,3,,,,,2023-Q1,,,https://ark.intel.com (Sapphire Rapids SP family),1,high,
Intel,Xeon Scalable (4th Gen),datacenter,Sapphire Rapids SP,Sapphire Rapids SP,Xeon Platinum 8468H,Intel Xeon Platinum 8468H Processor,48,48,0,96,2.10 GHz,3.80 GHz,,,105 MB,330W,,Intel 7 (10nm),FCLGA4677,2,5.0,80,DDR5,8,DDR5-4800,4 TB,yes,yes,3,,,,,2023-Q1,,,https://ark.intel.com (Sapphire Rapids SP family),1,high,
Intel,Xeon Scalable (4th Gen),datacenter,Sapphire Rapids SP,Sapphire Rapids SP,Xeon Platinum 8468V,Intel Xeon Platinum 8468V Processor,48,48,0,96,2.40 GHz,3.80 GHz,,,97.5 MB,330W,,Intel 7 (10nm),FCLGA4677,2,5.0,80,DDR5,8,DDR5-4800,4 TB,yes,yes,3,,,,,2023-Q1,,,https://ark.intel.com (Sapphire Rapids SP family),1,high,
Intel,Xeon Scalable (4th Gen),datacenter,Sapphire Rapids SP,Sapphire Rapids SP,Xeon Platinum 8470,Intel Xeon Platinum 8470 Processor,52,52,0,104,2.00 GHz,3.80 GHz,,,105 MB,350W,,Intel 7 (10nm),FCLGA4677,2,5.0,80,DDR5,8,DDR5-4800,4 TB,yes,yes,3,,,,,2023-Q1,,,https://ark.intel.com (Sapphire Rapids SP family),1,high,
Intel,Xeon Scalable (4th Gen),datacenter,Sapphire Rapids SP,Sapphire Rapids SP,Xeon Platinum 8470N,Intel Xeon Platinum 8470N Processor,52,52,0,104,1.70 GHz,3.60 GHz,,,97.5 MB,300W,,Intel 7 (10nm),FCLGA4677,2,5.0,80,DDR5,8,DDR5-4800,4 TB,yes,yes,3,,,,,2023-Q1,,,https://ark.intel.com (Sapphire Rapids SP family),1,high,
Intel,Xeon Scalable (4th Gen),datacenter,Sapphire Rapids SP,Sapphire Rapids SP,Xeon Platinum 8470Q,Intel Xeon Platinum 8470Q Processor,52,52,0,104,2.10 GHz,3.80 GHz,,,105 MB,350W,,Intel 7 (10nm),FCLGA4677,2,5.0,80,DDR5,8,DDR5-4800,4 TB,yes,yes,3,,,,,2023-Q1,,,https://ark.intel.com (Sapphire Rapids SP family),1,high,
Intel,Xeon Scalable (4th Gen),datacenter,Sapphire Rapids SP,Sapphire Rapids SP,Xeon Platinum 8471N,Intel Xeon Platinum 8471N Processor,52,52,0,104,1.80 GHz,3.60 GHz,,,97.5 MB,300W,,Intel 7 (10nm),FCLGA4677,2,5.0,80,DDR5,8,DDR5-4800,4 TB,yes,yes,3,,,,,2023-Q1,,,https://ark.intel.com (Sapphire Rapids SP family),1,high,
Intel,Xeon Scalable (4th Gen),datacenter,Sapphire Rapids SP,Sapphire Rapids SP,Xeon Platinum 8480+,Intel Xeon Platinum 8480+ Processor,56,56,0,112,2.00 GHz,3.80 GHz,,,105 MB,350W,,Intel 7 (10nm),FCLGA4677,2,5.0,80,DDR5,8,DDR5-4800,4 TB,yes,yes,3,,,,,2023-Q1,,,https://ark.intel.com (Sapphire Rapids SP family),1,high,
Intel,Xeon Scalable (4th Gen),datacenter,Sapphire Rapids SP,Sapphire Rapids SP,Xeon Platinum 8490H,Intel Xeon Platinum 8490H Processor,60,60,0,120,1.90 GHz,3.50 GHz,2.90 GHz,,112.5 MB,350W,,Intel 7 (10nm),FCLGA4677,2,5.0,80,DDR5,8,DDR5-4800,4 TB,yes,yes,3,,,,,2023-Q1,,,https://ark.intel.com (Sapphire Rapids SP family),1,high,
Intel,Xeon Scalable (4th Gen),datacenter,Sapphire Rapids SP,Sapphire Rapids SP,Xeon Silver 4410T,Intel Xeon Silver 4410T Processor,10,10,0,20,2.70 GHz,4.00 GHz,,,26.25 MB,150W,,Intel 7 (10nm),FCLGA4677,2,5.0,80,DDR5,8,,4 TB,yes,yes,3,,,,,2023-Q1,,,https://ark.intel.com (Sapphire Rapids SP family),1,high,
Intel,Xeon Scalable (4th Gen),datacenter,Sapphire Rapids SP,Sapphire Rapids SP,Xeon Silver 4410Y,Intel Xeon Silver 4410Y Processor,12,12,0,24,2.00 GHz,3.90 GHz,,,30 MB,150W,,Intel 7 (10nm),FCLGA4677,2,5.0,80,DDR5,8,DDR5-4000,4 TB,yes,yes,3,,,,,2023-Q1,,,https://ark.intel.com (Sapphire Rapids SP family),1,high,
Intel,Xeon Scalable (4th Gen),datacenter,Sapphire Rapids SP,Sapphire Rapids SP,Xeon Silver 4416+,Intel Xeon Silver 4416+ Processor,20,20,0,40,2.00 GHz,3.90 GHz,,,37.5 MB,165W,,Intel 7 (10nm),FCLGA4677,2,5.0,80,DDR5,8,DDR5-4000,4 TB,yes,yes,3,,,,,2023-Q1,,,https://ark.intel.com (Sapphire Rapids SP family),1,high,
Intel,Xeon 6,datacenter,Sierra Forest SP,Crestmont (E-core),Xeon 6710E,Intel Xeon 6710E Processor,64,0,64,64,2.40 GHz,3.20 GHz,3.20 GHz,,96 MB,205W,,Intel 3,LGA4710,1S/2S,5.0,88,DDR5,8,DDR5-6400,4 TB,yes,yes (cxl 2.0),4,,,,,2024-Q2,2749,,https://www.topcpu.net/en/cpu/6710e,1,medium,Sierra Forest E-core only (Crestmont); no AMX; QAT/DSA/IAA/DLB accelerators integrated (2 QAT/2 DSA/2 IAA/4 DLB default); PCH-less design; long-life SKUs (6780E/6766E/6740E/6710E) rated 7yr+ avail.
Intel,Xeon 6,datacenter,Sierra Forest SP,Crestmont (E-core),Xeon 6731E,Intel Xeon 6731E Processor,96,0,96,96,2.20 GHz,3.10 GHz,3.10 GHz,,96 MB,250W,,Intel 3,LGA4710,1S/2S,5.0,88,DDR5,8,DDR5-6400,4 TB,yes,yes (cxl 2.0),4,,,,,2024-Q2,,,https://www.topcpu.net/en/cpu/6731e,1,medium,Sierra Forest E-core only (Crestmont); no AMX; QAT/DSA/IAA/DLB accelerators integrated (2 QAT/2 DSA/2 IAA/4 DLB default); PCH-less design; long-life SKUs (6780E/6766E/6740E/6710E) rated 7yr+ avail.
Intel,Xeon 6,datacenter,Sierra Forest SP,Crestmont (E-core),Xeon 6740E,Intel Xeon 6740E Processor,96,0,96,96,2.40 GHz,3.20 GHz,3.20 GHz,,96 MB,250W,,Intel 3,LGA4710,1S/2S,5.0,88,DDR5,8,DDR5-6400,4 TB,yes,yes (cxl 2.0),4,,,,,2024-Q2,,,https://www.topcpu.net/en/cpu/6740e,1,medium,Sierra Forest E-core only (Crestmont); no AMX; QAT/DSA/IAA/DLB accelerators integrated (2 QAT/2 DSA/2 IAA/4 DLB default); PCH-less design; long-life SKUs (6780E/6766E/6740E/6710E) rated 7yr+ avail.
Intel,Xeon 6,datacenter,Sierra Forest SP,Crestmont (E-core),Xeon 6746E,Intel Xeon 6746E Processor,112,0,112,112,2.00 GHz,2.70 GHz,2.70 GHz,,96 MB,250W,,Intel 3,LGA4710,1S/2S,5.0,88,DDR5,8,DDR5-6400,4 TB,yes,yes (cxl 2.0),4,,,,,2024-Q2,,,https://www.topcpu.net/en/cpu/6746e,1,medium,Sierra Forest E-core only (Crestmont); no AMX; QAT/DSA/IAA/DLB accelerators integrated (2 QAT/2 DSA/2 IAA/4 DLB default); PCH-less design; long-life SKUs (6780E/6766E/6740E/6710E) rated 7yr+ avail.
Intel,Xeon 6,datacenter,Sierra Forest SP,Crestmont (E-core),Xeon 6756E,Intel Xeon 6756E Processor,128,0,128,128,1.80 GHz,2.60 GHz,2.60 GHz,,96 MB,225W,,Intel 3,LGA4710,1S/2S,5.0,88,DDR5,8,DDR5-6400,4 TB,yes,yes (cxl 2.0),4,,,,,2024-Q2,7078,,https://www.intel.com/content/www/us/en/products/sku/240361/specifications.html,1,high,Sierra Forest E-core only (Crestmont); no AMX; QAT/DSA/IAA/DLB accelerators integrated (2 QAT/2 DSA/2 IAA/4 DLB default); PCH-less design; long-life SKUs (6780E/6766E/6740E/6710E) rated 7yr+ avail.
Intel,Xeon 6,datacenter,Sierra Forest SP,Crestmont (E-core),Xeon 6766E,Intel Xeon 6766E Processor,144,0,144,144,1.90 GHz,2.70 GHz,2.70 GHz,,108 MB,250W,,Intel 3,LGA4710,1S/2S,5.0,88,DDR5,8,DDR5-6400,4 TB,yes,yes (cxl 2.0),4,,,,,2024-Q2,10257,,https://www.intel.com/content/www/us/en/products/sku/240360/specifications.html,1,high,Sierra Forest E-core only (Crestmont); no AMX; QAT/DSA/IAA/DLB accelerators integrated (2 QAT/2 DSA/2 IAA/4 DLB default); PCH-less design; long-life SKUs (6780E/6766E/6740E/6710E) rated 7yr+ avail.
Intel,Xeon 6,datacenter,Sierra Forest SP,Crestmont (E-core),Xeon 6780E,Intel Xeon 6780E Processor,144,0,144,144,2.20 GHz,3.00 GHz,3.00 GHz,,108 MB,330W,,Intel 3,LGA4710,1S/2S,5.0,88,DDR5,8,DDR5-6400,4 TB,yes,yes (cxl 2.0),4,,,,,2024-Q2,9535,,https://www.intel.com/content/www/us/en/products/sku/240362/specifications.html,1,high,Sierra Forest E-core only (Crestmont); no AMX; QAT/DSA/IAA/DLB accelerators integrated (2 QAT/2 DSA/2 IAA/4 DLB default); PCH-less design; long-life SKUs (6780E/6766E/6740E/6710E) rated 7yr+ avail.
Intel,Xeon Scalable (1st Gen),datacenter,Skylake-SP,Skylake-SP,Xeon Bronze 3104,Intel Xeon Bronze 3104 Processor,6,6,0,6,1.70 GHz,,,6 MB,8.25 MB,85W,,14nm,LGA 3647,2,3.0,48,DDR4,6,DDR4-2133,768 GB,yes,no,2 links,,,,,2017-07-11,223,CD8067303562000,https://ark.intel.com/content/www/us/en/ark/products/123546.html,1,high,
Intel,Xeon Scalable (1st Gen),datacenter,Skylake-SP,Skylake-SP,Xeon Bronze 3106,Intel Xeon Bronze 3106 Processor,8,8,0,8,1.70 GHz,,,8 MB,11 MB,85W,,14nm,LGA 3647,2,3.0,48,DDR4,6,DDR4-2133,768 GB,yes,no,2 links,,,,,2017-07-11,306,CD8067303561900,https://ark.intel.com/content/www/us/en/ark/products/123540.html,1,high,
Intel,Xeon Scalable (1st Gen),datacenter,Skylake-SP,Skylake-SP,Xeon Gold 5115,Intel Xeon Gold 5115 Processor,10,10,0,20,2.40 GHz,3.20 GHz,2.80 GHz,10 MB,13.75 MB,85W,,14nm,LGA 3647,2,3.0,48,DDR4,6,DDR4-2400,768 GB,yes,no,2 links,,,,,2017-07-11,1221,CD8067303535601,https://ark.intel.com/content/www/us/en/ark/products/120484.html,1,high,
Intel,Xeon Scalable (1st Gen),datacenter,Skylake-SP,Skylake-SP,Xeon Gold 5118,Intel Xeon Gold 5118 Processor,12,12,0,24,2.30 GHz,3.20 GHz,2.70 GHz,12 MB,16.5 MB,105W,,14nm,LGA 3647,2,3.0,48,DDR4,6,DDR4-2400,768 GB,yes,no,2 links,,,,,2017-07-11,1273,CD8067303536100,https://ark.intel.com/content/www/us/en/ark/products/120473.html,1,high,
Intel,Xeon Scalable (1st Gen),datacenter,Skylake-SP,Skylake-SP,Xeon Gold 5119T,Intel Xeon Gold 5119T Processor,14,14,0,28,1.90 GHz,3.20 GHz,2.30 GHz,14 MB,19.25 MB,85W,,14nm,LGA 3647,2,3.0,48,DDR4,6,DDR4-2400,768 GB,yes,no,2 links,,,,,2017-07-11,1555,CD8067303567703,https://ark.intel.com/content/www/us/en/ark/products/126154.html,1,high,
Intel,Xeon Scalable (1st Gen),datacenter,Skylake-SP,Skylake-SP,Xeon Gold 5120,Intel Xeon Gold 5120 Processor,14,14,0,28,2.20 GHz,3.20 GHz,2.60 GHz,14 MB,19.25 MB,105W,,14nm,LGA 3647,2,3.0,48,DDR4,6,DDR4-2400,768 GB,yes,no,2 links,,,,,2017-07-11,1555,CD8067303535900,https://ark.intel.com/content/www/us/en/ark/products/120474.html,1,high,
Intel,Xeon Scalable (1st Gen),datacenter,Skylake-SP,Skylake-SP,Xeon Gold 5120T,Intel Xeon Gold 5120T Processor,14,14,0,28,2.20 GHz,3.20 GHz,2.60 GHz,14 MB,19.25 MB,105W,,14nm,LGA 3647,2,3.0,48,DDR4,6,DDR4-2400,768 GB,yes,no,2 links,,,,,2017-07-11,1727,CD8067303535700,https://ark.intel.com/content/www/us/en/ark/products/120477.html,1,high,
Intel,Xeon Scalable (1st Gen),datacenter,Skylake-SP,Skylake-SP,Xeon Gold 5122,Intel Xeon Gold 5122 Processor,4,4,0,8,3.60 GHz,3.70 GHz,3.70 GHz,4 MB,16.5 MB,105W,,14nm,LGA 3647,2,3.0,48,DDR4,6,DDR4-2666,768 GB,yes,no,2 links,,,,,2017-07-11,1221,CD8067303330702,https://ark.intel.com/content/www/us/en/ark/products/120475.html,1,high,
Intel,Xeon Scalable (1st Gen),datacenter,Skylake-SP,Skylake-SP,Xeon Gold 6126,Intel Xeon Gold 6126 Processor,12,12,0,24,2.60 GHz,3.70 GHz,3.30 GHz,12 MB,19.25 MB,125W,,14nm,LGA 3647,4,3.0,48,DDR4,6,DDR4-2666,768 GB,yes,no,3 links,,,,,2017-07-11,1776,CD8067303405900,https://ark.intel.com/content/www/us/en/ark/products/120483.html,1,high,
Intel,Xeon Scalable (1st Gen),datacenter,Skylake-SP,Skylake-SP,Xeon Gold 6126F,Intel Xeon Gold 6126F Processor,12,12,0,24,2.60 GHz,3.70 GHz,3.30 GHz,12 MB,19.25 MB,135W,,14nm,LGA 3647,4,3.0,48,DDR4,6,DDR4-2666,768 GB,yes,no,2 links,,,,,2017-07-11,1931,CD8067303593400,https://ark.intel.com/content/www/us/en/ark/products/123689.html,1,high,
Intel,Xeon Scalable (1st Gen),datacenter,Skylake-SP,Skylake-SP,Xeon Gold 6126T,Intel Xeon Gold 6126T Processor,12,12,0,24,2.60 GHz,3.70 GHz,3.30 GHz,12 MB,19.25 MB,125W,,14nm,LGA 3647,4,3.0,48,DDR4,6,DDR4-2666,768 GB,yes,no,3 links,,,,,2017-07-11,1865,CD8067303593100,https://ark.intel.com/content/www/us/en/ark/products/123548.html,1,high,
Intel,Xeon Scalable (1st Gen),datacenter,Skylake-SP,Skylake-SP,Xeon Gold 6128,Intel Xeon Gold 6128 Processor,6,6,0,12,3.40 GHz,3.70 GHz,3.70 GHz,6 MB,19.25 MB,115W,,14nm,LGA 3647,4,3.0,48,DDR4,6,DDR4-2666,768 GB,yes,no,3 links,,,,,2017-07-11,1691,CD8067303592600,https://ark.intel.com/content/www/us/en/ark/products/120482.html,1,high,
Intel,Xeon Scalable (1st Gen),datacenter,Skylake-SP,Skylake-SP,Xeon Gold 6130,Intel Xeon Gold 6130 Processor,16,16,0,32,2.10 GHz,3.70 GHz,2.80 GHz,16 MB,22 MB,125W,,14nm,LGA 3647,4,3.0,48,DDR4,6,DDR4-2666,768 GB,yes,no,3 links,,,,,2017-07-11,1900,CD8067303409000,https://ark.intel.com/content/www/us/en/ark/products/120492.html,1,high,
Intel,Xeon Scalable (1st Gen),datacenter,Skylake-SP,Skylake-SP,Xeon Gold 6130F,Intel Xeon Gold 6130F Processor,16,16,0,32,2.10 GHz,3.70 GHz,2.80 GHz,16 MB,22 MB,135W,,14nm,LGA 3647,4,3.0,48,DDR4,6,DDR4-2666,768 GB,yes,no,3 links,,,,,2017-07-11,2049,CD8067303593300,https://ark.intel.com/content/www/us/en/ark/products/123688.html,1,high,
Intel,Xeon Scalable (1st Gen),datacenter,Skylake-SP,Skylake-SP,Xeon Gold 6130T,Intel Xeon Gold 6130T Processor,16,16,0,32,2.10 GHz,3.70 GHz,2.80 GHz,16 MB,22 MB,125W,,14nm,LGA 3647,4,3.0,48,DDR4,6,DDR4-2666,768 GB,yes,no,3 links,,,,,2017-07-11,1988,CD8067303593000,https://ark.intel.com/content/www/us/en/ark/products/123545.html,1,high,
Intel,Xeon Scalable (1st Gen),datacenter,Skylake-SP,Skylake-SP,Xeon Gold 6132,Intel Xeon Gold 6132 Processor,14,14,0,28,2.60 GHz,3.70 GHz,2.90 GHz,14 MB,19.25 MB,140W,,14nm,LGA 3647,4,3.0,48,DDR4,6,DDR4-2666,768 GB,yes,no,3 links,,,,,2017-07-11,2111,CD8067303592500,https://ark.intel.com/content/www/us/en/ark/products/123541.html,1,high,
Intel,Xeon Scalable (1st Gen),datacenter,Skylake-SP,Skylake-SP,Xeon Gold 6134,Intel Xeon Gold 6134 Processor,8,8,0,16,3.20 GHz,3.70 GHz,3.70 GHz,8 MB,24.75 MB,130W,,14nm,LGA 3647,4,3.0,48,DDR4,6,DDR4-2666,768 GB,yes,no,3 links,,,,,2017-07-11,2214,CD8067303330302,https://ark.intel.com/content/www/us/en/ark/products/120493.html,1,high,
Intel,Xeon Scalable (1st Gen),datacenter,Skylake-SP,Skylake-SP,Xeon Gold 6136,Intel Xeon Gold 6136 Processor,12,12,0,24,3.00 GHz,3.70 GHz,3.60 GHz,12 MB,24.75 MB,150W,,14nm,LGA 3647,4,3.0,48,DDR4,6,DDR4-2666,768 GB,yes,no,3 links,,,,,2017-07-11,2460,CD8067303405800,https://ark.intel.com/content/www/us/en/ark/products/120479.html,1,high,
Intel,Xeon Scalable (1st Gen),datacenter,Skylake-SP,Skylake-SP,Xeon Gold 6138,Intel Xeon Gold 6138 Processor,20,20,0,40,2.00 GHz,3.70 GHz,2.70 GHz,20 MB,27.5 MB,125W,,14nm,LGA 3647,4,3.0,48,DDR4,6,DDR4-2666,768 GB,yes,no,3 links,,,,,2017-07-11,2612,CD8067303406100,https://ark.intel.com/content/www/us/en/ark/products/120476.html,1,high,
Intel,Xeon Scalable (1st Gen),datacenter,Skylake-SP,Skylake-SP,Xeon Gold 6138F,Intel Xeon Gold 6138F Processor,20,20,0,40,2.00 GHz,3.70 GHz,2.70 GHz,20 MB,27.5 MB,135W,,14nm,LGA 3647,4,3.0,48,DDR4,6,DDR4-2666,768 GB,yes,no,2 links,,,,,2017-07-11,2767,CD8067303593900,https://ark.intel.com/content/www/us/en/ark/products/123686.html,1,high,
Intel,Xeon Scalable (1st Gen),datacenter,Skylake-SP,Skylake-SP,Xeon Gold 6138P,Intel Xeon Gold 6138P Processor,20,20,0,40,2.00 GHz,3.70 GHz,2.70 GHz,20 MB,27.5 MB,195W,,14nm,LGA 3647,4,3.0,48,DDR4,6,DDR4-2666,768 GB,yes,no,2 links,,,,,2018-Q2,4937,CM8067303824101,https://ark.intel.com/content/www/us/en/ark/products/139940.html,1,high,
Intel,Xeon Scalable (1st Gen),datacenter,Skylake-SP,Skylake-SP,Xeon Gold 6138T,Intel Xeon Gold 6138T Processor,20,20,0,40,2.00 GHz,3.70 GHz,2.70 GHz,20 MB,27.5 MB,125W,,14nm,LGA 3647,4,3.0,48,DDR4,6,DDR4-2666,768 GB,yes,no,3 links,,,,,2017-07-11,2742,CD8067303592900,https://ark.intel.com/content/www/us/en/ark/products/123542.html,1,high,
Intel,Xeon Scalable (1st Gen),datacenter,Skylake-SP,Skylake-SP,Xeon Gold 6140,Intel Xeon Gold 6140 Processor,18,18,0,36,2.30 GHz,3.70 GHz,3.00 GHz,18 MB,24.75 MB,140W,,14nm,LGA 3647,4,3.0,48,DDR4,6,DDR4-2666,768 GB,yes,no,3 links,,,,,2017-07-11,2445,CD8067303405200,https://ark.intel.com/content/www/us/en/ark/products/120485.html,1,high,
Intel,Xeon Scalable (1st Gen),datacenter,Skylake-SP,Skylake-SP,Xeon Gold 6142,Intel Xeon Gold 6142 Processor,16,16,0,32,2.60 GHz,3.70 GHz,3.30 GHz,16 MB,22 MB,150W,,14nm,LGA 3647,4,3.0,48,DDR4,6,DDR4-2666,768 GB,yes,no,3 links,,,,,2017-07-11,2946,CD8067303405400,https://ark.intel.com/content/www/us/en/ark/products/120487.html,1,high,
Intel,Xeon Scalable (1st Gen),datacenter,Skylake-SP,Skylake-SP,Xeon Gold 6142F,Intel Xeon Gold 6142F Processor,16,16,0,32,2.60 GHz,3.70 GHz,3.30 GHz,16 MB,22 MB,160W,,14nm,LGA 3647,4,3.0,48,DDR4,6,DDR4-2666,768 GB,yes,no,2 links,,,,,2017-07-11,3101,CD8067303593700,https://ark.intel.com/content/www/us/en/ark/products/123685.html,1,high,
Intel,Xeon Scalable (1st Gen),datacenter,Skylake-SP,Skylake-SP,Xeon Gold 6144,Intel Xeon Gold 6144 Processor,8,8,0,16,3.50 GHz,4.20 GHz,4.10 GHz,8 MB,24.75 MB,150W,,14nm,LGA 3647,4,3.0,48,DDR4,6,DDR4-2666,768 GB,yes,no,3 links,,,,,2017-Q3,2925,CD8067303657302,https://ark.intel.com/content/www/us/en/ark/products/124943.html,1,high,
Intel,Xeon Scalable (1st Gen),datacenter,Skylake-SP,Skylake-SP,Xeon Gold 6146,Intel Xeon Gold 6146 Processor,12,12,0,24,3.20 GHz,4.20 GHz,3.90 GHz,12 MB,24.75 MB,165W,,14nm,LGA 3647,4,3.0,48,DDR4,6,DDR4-2666,768 GB,yes,no,3 links,,,,,2017-07-11,3286,CD8067303657201,https://ark.intel.com/content/www/us/en/ark/products/124942.html,1,high,
Intel,Xeon Scalable (1st Gen),datacenter,Skylake-SP,Skylake-SP,Xeon Gold 6148,Intel Xeon Gold 6148 Processor,20,20,0,40,2.40 GHz,3.70 GHz,3.10 GHz,20 MB,27.5 MB,150W,,14nm,LGA 3647,4,3.0,48,DDR4,6,DDR4-2666,768 GB,yes,no,3 links,,,,,2017-07-11,3072,CD8067303406200,https://ark.intel.com/content/www/us/en/ark/products/120489.html,1,high,
Intel,Xeon Scalable (1st Gen),datacenter,Skylake-SP,Skylake-SP,Xeon Gold 6148F,Intel Xeon Gold 6148F Processor,20,20,0,40,2.40 GHz,3.70 GHz,3.10 GHz,20 MB,27.5 MB,160W,,14nm,LGA 3647,4,3.0,48,DDR4,6,DDR4-2666,768 GB,yes,no,2 links,,,,,2017-07-11,3227,CD8067303593800,https://ark.intel.com/content/www/us/en/ark/products/123690.html,1,high,tdp corrected in audit
Intel,Xeon Scalable (1st Gen),datacenter,Skylake-SP,Skylake-SP,Xeon Gold 6150,Intel Xeon Gold 6150 Processor,18,18,0,36,2.70 GHz,3.70 GHz,3.40 GHz,18 MB,24.75 MB,165W,,14nm,LGA 3647,4,3.0,48,DDR4,6,DDR4-2666,768 GB,yes,no,3 links,,,,,2017-07-11,3358,CD8067303328000,https://ark.intel.com/content/www/us/en/ark/products/120490.html,1,high,
Intel,Xeon Scalable (1st Gen),datacenter,Skylake-SP,Skylake-SP,Xeon Gold 6152,Intel Xeon Gold 6152 Processor,22,22,0,44,2.10 GHz,3.70 GHz,2.80 GHz,22 MB,30.25 MB,140W,,14nm,LGA 3647,4,3.0,48,DDR4,6,DDR4-2666,768 GB,yes,no,3 links,,,,,2017-07-11,3655,CD8067303406000,https://ark.intel.com/content/www/us/en/ark/products/120491.html,1,high,
Intel,Xeon Scalable (1st Gen),datacenter,Skylake-SP,Skylake-SP,Xeon Gold 6154,Intel Xeon Gold 6154 Processor,18,18,0,36,3.00 GHz,3.70 GHz,3.70 GHz,18 MB,24.75 MB,200W,,14nm,LGA 3647,4,3.0,48,DDR4,6,DDR4-2666,768 GB,yes,no,3 links,,,,,2017-07-11,3543,CD8067303592700,https://ark.intel.com/content/www/us/en/ark/products/120495.html,1,high,
Intel,Xeon Scalable (1st Gen),datacenter,Skylake-SP,Skylake-SP,Xeon Platinum 8153,Intel Xeon Platinum 8153 Processor,16,16,0,32,2.00 GHz,2.80 GHz,2.50 GHz,16 MB,22 MB,125W,,14nm,LGA 3647,8,3.0,48,DDR4,6,DDR4-2666,768 GB,yes,no,3 links,,,,,2017-07-11,3115,CD8067303408900,https://ark.intel.com/content/www/us/en/ark/products/120497.html,1,high,
Intel,Xeon Scalable (1st Gen),datacenter,Skylake-SP,Skylake-SP,Xeon Platinum 8156,Intel Xeon Platinum 8156 Processor,4,4,0,8,3.60 GHz,3.70 GHz,3.70 GHz,4 MB,16.5 MB,105W,,14nm,LGA 3647,8,3.0,48,DDR4,6,DDR4-2666,768 GB,yes,no,3 links,,,,,2017-07-11,7007,CD8067303368800,https://ark.intel.com/content/www/us/en/ark/products/120499.html,1,high,
Intel,Xeon Scalable (1st Gen),datacenter,Skylake-SP,Skylake-SP,Xeon Platinum 8158,Intel Xeon Platinum 8158 Processor,12,12,0,24,3.00 GHz,3.70 GHz,3.70 GHz,12 MB,24.75 MB,150W,,14nm,LGA 3647,8,3.0,48,DDR4,6,DDR4-2666,768 GB,yes,no,3 links,,,,,2017-07-11,7007,CD8067303406500,https://ark.intel.com/content/www/us/en/ark/products/120500.html,1,high,
Intel,Xeon Scalable (1st Gen),datacenter,Skylake-SP,Skylake-SP,Xeon Platinum 8160,Intel Xeon Platinum 8160 Processor,24,24,0,48,2.10 GHz,3.70 GHz,2.80 GHz,24 MB,33 MB,150W,,14nm,LGA 3647,8,3.0,48,DDR4,6,DDR4-2666,768 GB,yes,no,3 links,,,,,2017-07-11,4702,CD8067303405600,https://ark.intel.com/content/www/us/en/ark/products/120501.html,1,high,
Intel,Xeon Scalable (1st Gen),datacenter,Skylake-SP,Skylake-SP,Xeon Platinum 8160F,Intel Xeon Platinum 8160F Processor,24,24,0,48,2.10 GHz,3.70 GHz,2.80 GHz,24 MB,33 MB,160W,,14nm,LGA 3647,8,3.0,48,DDR4,6,DDR4-2666,768 GB,yes,no,3 links,,,,,2017-07-11,4856,CD8067303406600,https://ark.intel.com/content/www/us/en/ark/products/123687.html,1,high,
Intel,Xeon Scalable (1st Gen),datacenter,Skylake-SP,Skylake-SP,Xeon Platinum 8160T,Intel Xeon Platinum 8160T Processor,24,24,0,48,2.10 GHz,3.70 GHz,2.80 GHz,24 MB,33 MB,150W,,14nm,LGA 3647,8,3.0,48,DDR4,6,DDR4-2666,768 GB,yes,no,3 links,,,,,2017-07-11,4936,CD8067303592800,https://ark.intel.com/content/www/us/en/ark/products/123543.html,1,high,
Intel,Xeon Scalable (1st Gen),datacenter,Skylake-SP,Skylake-SP,Xeon Platinum 8164,Intel Xeon Platinum 8164 Processor,26,26,0,52,2.00 GHz,3.70 GHz,2.70 GHz,26 MB,35.75 MB,150W,,14nm,LGA 3647,8,3.0,48,DDR4,6,DDR4-2666,768 GB,yes,no,3 links,,,,,2017-07-11,6114,CD8067303408800,https://ark.intel.com/content/www/us/en/ark/products/120503.html,1,high,
Intel,Xeon Scalable (1st Gen),datacenter,Skylake-SP,Skylake-SP,Xeon Platinum 8168,Intel Xeon Platinum 8168 Processor,24,24,0,48,2.70 GHz,3.70 GHz,3.40 GHz,24 MB,33 MB,205W,,14nm,LGA 3647,8,3.0,48,DDR4,6,DDR4-2666,768 GB,yes,no,3 links,,,,,2017-07-11,5890,CD8067303327701,https://ark.intel.com/content/www/us/en/ark/products/120504.html,1,high,
Intel,Xeon Scalable (1st Gen),datacenter,Skylake-SP,Skylake-SP,Xeon Platinum 8170,Intel Xeon Platinum 8170 Processor,26,26,0,52,2.10 GHz,3.70 GHz,2.80 GHz,26 MB,35.75 MB,165W,,14nm,LGA 3647,8,3.0,48,DDR4,6,DDR4-2666,768 GB,yes,no,3 links,,,,,2017-07-11,7405,CD8067303327601,https://ark.intel.com/content/www/us/en/ark/products/120506.html,1,high,
Intel,Xeon Scalable (1st Gen),datacenter,Skylake-SP,Skylake-SP,Xeon Platinum 8176,Intel Xeon Platinum 8176 Processor,28,28,0,56,2.10 GHz,3.80 GHz,2.80 GHz,28 MB,38.5 MB,165W,,14nm,LGA 3647,8,3.0,48,DDR4,6,DDR4-2666,768 GB,yes,no,3 links,,,,,2017-07-11,8790,CD8067303314700,https://ark.intel.com/content/www/us/en/ark/products/120508.html,1,high,
Intel,Xeon Scalable (1st Gen),datacenter,Skylake-SP,Skylake-SP,Xeon Platinum 8176F,Intel Xeon Platinum 8176F Processor,28,28,0,56,2.10 GHz,3.80 GHz,2.80 GHz,28 MB,38.5 MB,173W,,14nm,LGA 3647,8,3.0,48,DDR4,6,DDR4-2666,768 GB,yes,no,3 links,,,,,2017-Q3,8874,CD8067303694600,https://ark.intel.com/content/www/us/en/ark/products/125056.html,1,high,
Intel,Xeon Scalable (1st Gen),datacenter,Skylake-SP,Skylake-SP,Xeon Platinum 8180,Intel Xeon Platinum 8180 Processor,28,28,0,56,2.50 GHz,3.80 GHz,3.20 GHz,28 MB,38.5 MB,205W,,14nm,LGA 3647,8,3.0,48,DDR4,6,DDR4-2666,768 GB,yes,no,3 links,,,,,2017-07-11,10009,CD8067303314400,https://ark.intel.com/content/www/us/en/ark/products/120496.html,1,high,
Intel,Xeon Scalable (1st Gen),datacenter,Skylake-SP,Skylake-SP,Xeon Silver 4108,Intel Xeon Silver 4108 Processor,8,8,0,16,1.80 GHz,3.00 GHz,2.10 GHz,8 MB,11 MB,85W,,14nm,LGA 3647,2,3.0,48,DDR4,6,DDR4-2400,768 GB,yes,no,2 links,,,,,2017-07-11,417,CD8067303561500,https://ark.intel.com/content/www/us/en/ark/products/123544.html,1,high,
Intel,Xeon Scalable (1st Gen),datacenter,Skylake-SP,Skylake-SP,Xeon Silver 4109T,Intel Xeon Silver 4109T Processor,8,8,0,16,2.00 GHz,3.00 GHz,2.30 GHz,8 MB,11 MB,70W,,14nm,LGA 3647,2,3.0,48,DDR4,6,DDR4-2400,768 GB,yes,no,2 links,,,,,2017-07-11,501,CD8067303562200,https://ark.intel.com/content/www/us/en/ark/products/123549.html,1,high,
Intel,Xeon Scalable (1st Gen),datacenter,Skylake-SP,Skylake-SP,Xeon Silver 4110,Intel Xeon Silver 4110 Processor,8,8,0,16,2.10 GHz,3.00 GHz,2.40 GHz,8 MB,11 MB,85W,,14nm,LGA 3647,2,3.0,48,DDR4,6,DDR4-2400,768 GB,yes,no,2 links,,,,,2017-07-11,501,CD8067303561400,https://ark.intel.com/content/www/us/en/ark/products/123547.html,1,high,
Intel,Xeon Scalable (1st Gen),datacenter,Skylake-SP,Skylake-SP,Xeon Silver 4112,Intel Xeon Silver 4112 Processor,4,4,0,8,2.60 GHz,3.00 GHz,2.90 GHz,4 MB,8.25 MB,85W,,14nm,LGA 3647,2,3.0,48,DDR4,6,DDR4-2400,768 GB,yes,no,2 links,,,,,2017-07-11,473,CD8067303562100,https://ark.intel.com/content/www/us/en/ark/products/123551.html,1,high,
Intel,Xeon Scalable (1st Gen),datacenter,Skylake-SP,Skylake-SP,Xeon Silver 4114,Intel Xeon Silver 4114 Processor,10,10,0,20,2.20 GHz,3.00 GHz,2.50 GHz,10 MB,13.75 MB,85W,,14nm,LGA 3647,2,3.0,48,DDR4,6,DDR4-2400,768 GB,yes,no,2 links,,,,,2017-07-11,694,CD8067303561800,https://ark.intel.com/content/www/us/en/ark/products/123550.html,1,high,
Intel,Xeon Scalable (1st Gen),datacenter,Skylake-SP,Skylake-SP,Xeon Silver 4114T,Intel Xeon Silver 4114T Processor,10,10,0,20,2.20 GHz,3.00 GHz,2.50 GHz,10 MB,13.75 MB,85W,,14nm,LGA 3647,2,3.0,48,DDR4,6,DDR4-2400,768 GB,yes,no,2 links,,,,,2017-Q3,773,CD8067303645300,https://ark.intel.com/content/www/us/en/ark/products/126153.html,1,high,
Intel,Xeon Scalable (1st Gen),datacenter,Skylake-SP,Skylake-SP,Xeon Silver 4116,Intel Xeon Silver 4116 Processor,12,12,0,24,2.10 GHz,3.00 GHz,2.40 GHz,12 MB,16.5 MB,85W,,14nm,LGA 3647,2,3.0,48,DDR4,6,DDR4-2400,768 GB,yes,no,2 links,,,,,2017-07-11,1002,CD8067303567200,https://ark.intel.com/content/www/us/en/ark/products/120481.html,1,high,
Intel,Xeon Scalable (1st Gen),datacenter,Skylake-SP,Skylake-SP,Xeon Silver 4116T,Intel Xeon Silver 4116T Processor,12,12,0,24,2.10 GHz,3.00 GHz,2.40 GHz,12 MB,16.5 MB,85W,,14nm,LGA 3647,2,3.0,48,DDR4,6,DDR4-2400,768 GB,yes,no,2 links,,,,,2017-Q3,1112,CD8067303645400,https://ark.intel.com/content/www/us/en/ark/products/126155.html,1,high,
Intel,Arc Pro,workstation,Alchemist,Xe-HPG,Arc Pro A40,Intel Arc Pro A40 Graphics,8,,,,,1.55 GHz,,,,50W,,TSMC N6,,,4.0,8,GDDR6,,16 Gbps,6 GB,no,no,,,,,,2022-Q3,,,https://www.intel.com/content/www/us/en/products/sku/230317/intel-arc-pro-a40-graphics/specifications.html,1,high,"8 Xe-cores / 128 XVE / 128 XMX engines. Mem bandwidth 192 GB/s. GPU Peak TOPS(Int8) 69. Single-slot, low-profile, no external power connector. Cross-checked vs AECmag/CPUTronic."
Intel,Arc Pro,workstation,Alchemist,Xe-HPG,Arc Pro A50,Intel Arc Pro A50 Graphics,8,,,,,2.05 GHz,,,,75W,,TSMC N6,,,4.0,8,GDDR6,,16 Gbps,6 GB,no,no,,,,,,2022-Q3,,,https://www.intel.com/content/www/us/en/products/sku/230316/intel-arc-pro-a50-graphics/specifications.html,1,high,"8 Xe-cores / 128 XVE / 128 XMX engines. Mem bandwidth 192 GB/s. GPU Peak TOPS(Int8) 69. Dual-slot low-profile, no external power connector. Cross-checked vs AECmag/CPUTronic."
Intel,Arc Pro,workstation,Alchemist,Xe-HPG,Arc Pro A60,Intel Arc Pro A60 Graphics,16,,,,,2.00 GHz,,,,130W,,TSMC N6,,,4.0,16,GDDR6,,16 Gbps,12 GB,no,no,,,,,,2023-Q2,439,,https://www.intel.com/content/www/us/en/products/sku/235979/intel-arc-pro-a60-graphics/specifications.html,1,high,"16 Xe-cores / 256 XVE / 256 XMX engines. Mem bandwidth 384 GB/s. GPU Peak TOPS(Int8) 151. Single-slot blower design, ACM-G12 GPU. Cross-checked vs ServeTheHome/wccftech."
Intel,Arc Pro,workstation,Battlemage,Xe2-HPG,Arc Pro B50,Intel Arc Pro B50 Graphics,16,,,,,1.70 GHz,2.60 GHz,,,70W,,TSMC N5,,,5.0,8,GDDR6,,14 Gbps,16 GB,yes,no,,,,,,2025-Q3,349,,https://www.intel.com/content/www/us/en/products/sku/242615/intel-arc-pro-b50-graphics/specifications.html,1,high,"16 Xe2-cores / 128 XVE / 128 XMX engines. Mem bandwidth 224 GB/s (128-bit bus). 10.65 FP32 TFLOPS, 170 TOPS(Int8). BMG-G21 die. No external power connector (PCIe slot power). ECC supported per Intel datasheet."
Intel,Arc Pro,workstation,Battlemage,Xe2-HPG,Arc Pro B60,Intel Arc Pro B60 Graphics,20,,,,,2.00 GHz,2.40 GHz,,,120W,200W,TSMC N5,,,5.0,8,GDDR6,,19 Gbps,24 GB,no,no,,,,,,2025-Q2,,,https://www.intel.com/content/www/us/en/products/sku/243916/intel-arc-pro-b60-graphics/specifications.html,1,high,"20 Xe2-cores / 160 XVE / 160 XMX engines. Mem bandwidth 456 GB/s (192-bit bus). 12.28 FP32 TFLOPS, 197 TOPS(Int8). Shares BMG-G21 die with B580/B580-family, 24GB variant for LLM inference workstation use ('Battlematrix'). TBP 200W default; low-power mode 120-200W range at 2000MHz."
Intel,Xeon W,workstation,Cascade Lake-W,Cascade Lake,Xeon W-2223,Intel Xeon W-2223 Processor,4,4,0,8,3.60 GHz,3.90 GHz,,4 MB,8.25 MB,120W,,14 nm,FCLGA2066,1,3.0,48,DDR4,4,2666 MHz,1 TB,yes,no,0,,,,,2019-Q4,325,W-2223,https://www.intel.com/content/www/us/en/products/sku/198018/intel-xeon-w2223-processor-8-25m-cache-3-60-ghz/specifications.html,1,high,L2 est 1MB/core; lower mem speed DDR4-2666 vs siblings
Intel,Xeon W,workstation,Cascade Lake-W,Cascade Lake,Xeon W-2225,Intel Xeon W-2225 Processor,4,4,0,8,4.10 GHz,4.60 GHz,,4 MB,8.25 MB,105W,,14 nm,FCLGA2066,1,3.0,48,DDR4,4,2933 MHz,1 TB,yes,no,0,,,,,2019-Q4,488,W-2225,https://www.intel.com/content/www/us/en/products/sku/198610/intel-xeon-w2225-processor-8-25m-cache-4-10-ghz/specifications.html,1,high,L2 est 1MB/core
Intel,Xeon W,workstation,Cascade Lake-W,Cascade Lake,Xeon W-2235,Intel Xeon W-2235 Processor,6,6,0,12,3.80 GHz,4.60 GHz,,6 MB,8.25 MB,130W,,14 nm,FCLGA2066,1,3.0,48,DDR4,4,2933 MHz,1 TB,yes,no,0,,,,,2019-Q4,610,W-2235,https://www.intel.com/content/www/us/en/products/sku/198608/intel-xeon-w2235-processor-8-25m-cache-3-80-ghz/specifications.html,1,high,L2 est 1MB/core; no Turbo Boost Max 3.0 listed
Intel,Xeon W,workstation,Cascade Lake-W,Cascade Lake,Xeon W-2245,Intel Xeon W-2245 Processor,8,8,0,16,3.90 GHz,4.50 GHz,4.70 GHz,8 MB,16.5 MB,155W,,14 nm,FCLGA2066,1,3.0,48,DDR4,4,2933 MHz,1 TB,yes,no,0,,,,,2019-Q4,733,W-2245,https://www.intel.com/content/www/us/en/products/sku/198609/intel-xeon-w2245-processor-16-5m-cache-3-90-ghz/specifications.html,1,high,L2 est 1MB/core; ESU through 2025-06-30
Intel,Xeon W,workstation,Cascade Lake-W,Cascade Lake,Xeon W-2255,Intel Xeon W-2255 Processor,10,10,0,20,3.70 GHz,4.50 GHz,4.70 GHz,10 MB,19.25 MB,165W,,14 nm,FCLGA2066,1,3.0,48,DDR4,4,2933 MHz,1 TB,yes,no,0,,,,,2019-Q4,,W-2255,https://ark.intel.com/content/www/us/en/ark/products/198016/intel-xeon-w-2255-processor-19-25m-cache-3-70-ghz.html,1,high,L2 est 1MB/core; price not confirmed; ESU through 2025-06-30
Intel,Xeon W,workstation,Cascade Lake-W,Cascade Lake,Xeon W-2265,Intel Xeon W-2265 Processor,12,12,0,24,3.50 GHz,4.60 GHz,4.80 GHz,12 MB,19.25 MB,165W,,14 nm,FCLGA2066,1,3.0,48,DDR4,4,2933 MHz,1 TB,yes,no,0,,,,,2019-Q4,1039,W-2265,https://www.intel.com/content/www/us/en/products/sku/198015/intel-xeon-w2265-processor-19-25m-cache-3-50-ghz/specifications.html,1,high,L2 est 1MB/core; ESU through 2025-06-30
Intel,Xeon W,workstation,Cascade Lake-W,Cascade Lake,Xeon W-2275,Intel Xeon W-2275 Processor,14,14,0,28,3.30 GHz,4.60 GHz,4.80 GHz,14 MB,19.25 MB,165W,,14 nm,FCLGA2066,1,3.0,48,DDR4,4,2933 MHz,1 TB,yes,no,0,,,,,2019-Q4,1222,W-2275,https://www.intel.com/content/www/us/en/products/sku/198010/intel-xeon-w2275-processor-19-25m-cache-3-30-ghz/specifications.html,1,high,L2 est 1MB/core; ESU through 2025-06-30
Intel,Xeon W,workstation,Cascade Lake-W,Cascade Lake,Xeon W-2295,Intel Xeon W-2295 Processor,18,18,0,36,3.00 GHz,4.60 GHz,4.80 GHz,18 MB,24.75 MB,165W,,14 nm,FCLGA2066,1,3.0,48,DDR4,4,2933 MHz,1 TB,yes,no,0,,,,,2019-Q4,1467,W-2295,https://www.intel.com/content/www/us/en/products/sku/198011/intel-xeon-w2295-processor-24-75m-cache-3-00-ghz/specifications.html,1,high,L2 est 1MB/core; ESU through 2025-06-30
Intel,Xeon W,workstation,Cascade Lake-W,Cascade Lake,Xeon W-3223,Intel Xeon W-3223 Processor,8,8,0,16,3.50 GHz,4.00 GHz,4.20 GHz,8 MB,16.5 MB,160W,,14 nm,FCLGA3647,1,3.0,64,DDR4,6,2666 MHz,1 TB,yes,no,0,,,,,2019-Q2,,W-3223,https://ark.intel.com/content/www/us/en/ark/products/193739/intel-xeon-w-3223-processor-16-5m-cache-3-50-ghz.html,1,medium,L2 est 1MB/core; launch price not found; ESU through 2025-06-30
Intel,Xeon W,workstation,Cascade Lake-W,Cascade Lake,Xeon W-3225,Intel Xeon W-3225 Processor,8,8,0,16,3.70 GHz,4.30 GHz,4.40 GHz,8 MB,16.5 MB,160W,,14 nm,FCLGA3647,1,3.0,64,DDR4,6,2666 MHz,1 TB,yes,no,0,,,,,2019-Q2,1319,W-3225,https://ark.intel.com/content/www/us/en/ark/products/193747/intel-xeon-w3225-processor-16-5m-cache-3-70-ghz.html,1,high,L2 est 1MB/core; ESU through 2025-06-30
Intel,Xeon W,workstation,Cascade Lake-W,Cascade Lake,Xeon W-3235,Intel Xeon W-3235 Processor,12,12,0,24,3.30 GHz,4.40 GHz,4.50 GHz,12 MB,19.25 MB,180W,,14 nm,FCLGA3647,1,3.0,64,DDR4,6,2933 MHz,1 TB,yes,no,0,,,,,2019-Q2,1538,W-3235,https://ark.intel.com/content/www/us/en/ark/products/193749/intel-xeon-w-3235-processor-19-25m-cache-3-30-ghz.html,1,high,L2 est 1MB/core; ESU through 2025-06-30
Intel,Xeon W,workstation,Cascade Lake-W,Cascade Lake,Xeon W-3245,Intel Xeon W-3245 Processor,16,16,0,32,3.20 GHz,4.40 GHz,4.60 GHz,16 MB,22 MB,205W,,14 nm,FCLGA3647,1,3.0,64,DDR4,6,2933 MHz,1 TB,yes,no,0,,,,,2019-Q2,2199,W-3245,https://ark.intel.com/content/www/us/en/ark/products/193753/intel-xeon-w-3245-processor-22m-cache-3-20-ghz.html,1,high,L2 est 1MB/core; ESU through 2025-06-30
Intel,Xeon W,workstation,Cascade Lake-W,Cascade Lake,Xeon W-3245M,Intel Xeon W-3245M Processor,16,16,0,32,3.20 GHz,4.40 GHz,4.60 GHz,16 MB,22 MB,205W,,14 nm,FCLGA3647,1,3.0,64,DDR4,6,2933 MHz,2 TB,yes,no,0,,,,,2019-Q2,,W-3245M,https://ark.intel.com/content/www/us/en/ark/products/193751/intel-xeon-w-3245m-processor-22m-cache-3-20-ghz.html,1,high,"memory-optimized variant of W-3245, 2TB max mem; L2 est 1MB/core; launch price not found; ESU through 2025-06-30"
Intel,Xeon W,workstation,Cascade Lake-W,Cascade Lake,Xeon W-3265,Intel Xeon W-3265 Processor,24,24,0,48,2.70 GHz,4.40 GHz,4.60 GHz,24 MB,33 MB,205W,,14 nm,FCLGA3647,1,3.0,64,DDR4,6,2933 MHz,1 TB,yes,no,0,,,,,2019-Q2,3684,W-3265,https://ark.intel.com/content/www/us/en/ark/products/193746/intel-xeon-w3265-processor-33m-cache-2-70-ghz.html,1,high,L2 est 1MB/core; ESU through 2025-06-30
Intel,Xeon W,workstation,Cascade Lake-W,Cascade Lake,Xeon W-3265M,Intel Xeon W-3265M Processor,24,24,0,48,2.70 GHz,4.40 GHz,4.60 GHz,24 MB,33 MB,205W,,14 nm,FCLGA3647,1,3.0,64,DDR4,6,2933 MHz,2 TB,yes,no,0,,,,,2019-Q2,,W-3265M,https://www.intel.com/content/www/us/en/products/sku/193750/intel-xeon-w3265m-processor-33m-cache-2-70-ghz/specifications.html,1,high,"memory-optimized variant of W-3265, 2TB max mem; L2 est 1MB/core; launch price not found; ESU through 2025-06-30"
Intel,Xeon W,workstation,Cascade Lake-W,Cascade Lake,Xeon W-3275,Intel Xeon W-3275 Processor,28,28,0,56,2.50 GHz,4.40 GHz,4.60 GHz,28 MB,38.5 MB,205W,,14 nm,FCLGA3647,1,3.0,64,DDR4,6,2933 MHz,1 TB,no,no,0,,,,,2019-Q2,,W-3275,https://ark.intel.com/content/www/us/en/ark/products/193752/intel-xeon-w-3275-processor-38-5m-cache-2-50-ghz.html,1,medium,ARK/secondary source states ECC not supported for base W-3275 (unusual for Xeon W; verify if used); L2 est 1MB/core; launch price not found; ESU through 2025-06-30
Intel,Xeon W,workstation,Cascade Lake-W,Cascade Lake,Xeon W-3275M,Intel Xeon W-3275M Processor,28,28,0,56,2.50 GHz,4.40 GHz,4.60 GHz,28 MB,38.5 MB,205W,,14 nm,FCLGA3647,1,3.0,64,DDR4,6,2933 MHz,2 TB,yes,no,0,,,,,2019-Q2,,W-3275M,https://ark.intel.com/content/www/us/en/ark/products/193754/intel-xeon-w-3275m-processor-38-5m-cache-2-50-ghz.html,1,high,"memory-optimized variant of W-3275, 2TB max mem; L2 est 1MB/core; launch price not found; ESU through 2025-06-30"
Intel,Xeon W,workstation,Comet Lake-W,Comet Lake,Xeon W-1250,Intel Xeon W-1250 Processor,6,6,0,12,3.30 GHz,4.70 GHz,,1.5 MB,12 MB,80W,,14 nm,FCLGA1200,1,3.0,16,DDR4,2,2666 MHz,128 GB,yes,no,0,,,,,2020-Q2,280,W-1250,https://www.intel.com/content/www/us/en/products/sku/199274/intel-xeon-w1250-processor-12m-cache-3-30-ghz/specifications.html,1,medium,L2 est 256KB/core (client-derived); ECC assumed per family pattern
Intel,Xeon W,workstation,Comet Lake-W,Comet Lake,Xeon W-1250E,Intel Xeon W-1250E Processor,6,6,0,12,3.50 GHz,4.70 GHz,4.70 GHz,1.5 MB,12 MB,80W,,14 nm,FCLGA1200,1,3.0,16,DDR4,2,2666 MHz,128 GB,yes,no,0,,,,,2020-Q2,286,W-1250E,https://www.intel.com/content/www/us/en/products/sku/203892/intel-xeon-w1250e-processor-12m-cache-up-to-4-70-ghz/specifications.html,1,medium,"L2 est 256KB/core; embedded segment tag on ARK, mapped to workstation per shard rules"
Intel,Xeon W,workstation,Comet Lake-W,Comet Lake,Xeon W-1250P,Intel Xeon W-1250P Processor,6,6,0,12,4.10 GHz,4.80 GHz,4.80 GHz,1.5 MB,12 MB,125W,95W,14 nm,FCLGA1200,1,3.0,16,DDR4,2,2666 MHz,128 GB,yes,no,0,Intel UHD Graphics P630,,,,2020-Q2,342,W-1250P,https://ark.intel.com/content/www/us/en/ark/products/199340.html,1,medium,L2 est 256KB/core; TDD 95W@3.80GHz not modeled; discontinued
Intel,Xeon W,workstation,Comet Lake-W,Comet Lake,Xeon W-1250TE,Intel Xeon W-1250TE Processor,6,6,0,12,2.40 GHz,3.80 GHz,3.80 GHz,1.5 MB,12 MB,35W,,14 nm,FCLGA1200,1,3.0,16,DDR4,2,2666 MHz,128 GB,yes,no,0,Intel UHD Graphics 630,,0.35 GHz,,2020-Q2,286,W-1250TE,https://ark.intel.com/content/www/us/en/ark/products/203895/intel-xeon-w1250te-processor-12m-cache-up-to-3-80-ghz.html,1,medium,L2 est 256KB/core; igpu max dynamic freq 1.15GHz not captured in igpu_clock field (base only); embedded low-power variant
Intel,Xeon W,workstation,Comet Lake-W,Comet Lake,Xeon W-1270,Intel Xeon W-1270 Processor,8,8,0,16,3.40 GHz,5.00 GHz,4.90 GHz,2 MB,16 MB,80W,,14 nm,FCLGA1200,1,3.0,16,DDR4,2,2933 MHz,128 GB,yes,no,0,Intel UHD Graphics P630,,,,2020-Q2,398,W-1270,https://www.intel.com/content/www/us/en/products/sku/199339/intel-xeon-w1270-processor-16m-cache-3-40-ghz/specifications.html,1,high,L2 est 256KB/core (client-derived)
Intel,Xeon W,workstation,Comet Lake-W,Comet Lake,Xeon W-1270E,Intel Xeon W-1270E Processor,8,8,0,16,3.40 GHz,4.80 GHz,,2 MB,16 MB,80W,,14 nm,FCLGA1200,1,3.0,16,DDR4,2,2933 MHz,128 GB,yes,no,0,Intel UHD Graphics 630,,,,2020-Q2,,W-1270E,https://ark.intel.com/content/www/us/en/ark/products/203904/intel-xeon-w1270e-processor-16m-cache-up-to-4-80-ghz.html,1,medium,"L2 est 256KB/core; price not confirmed; embedded segment tag on ARK, mapped to workstation per shard rules"
Intel,Xeon W,workstation,Comet Lake-W,Comet Lake,Xeon W-1270P,Intel Xeon W-1270P Processor,8,8,0,16,3.80 GHz,5.10 GHz,5.00 GHz,2 MB,16 MB,125W,95W,14 nm,FCLGA1200,1,3.0,16,DDR4,2,2933 MHz,128 GB,no,no,0,Intel UHD Graphics P630,,,,2020-Q2,477,W-1270P,https://ark.intel.com/content/www/us/en/ark/products/199338/intel-xeon-w-1270p-processor-16m-cache-3-80-ghz.html,1,medium,"L2 est 256KB/core; price midpoint of $472-482; source explicitly states no ECC support (anomaly vs family, verify); TDD 95W@3.50GHz not modeled; discontinued"
Intel,Xeon W,workstation,Comet Lake-W,Comet Lake,Xeon W-1270TE,Intel Xeon W-1270TE Processor,8,8,0,16,2.00 GHz,4.40 GHz,4.40 GHz,2 MB,16 MB,35W,,14 nm,FCLGA1200,1,3.0,16,DDR4,2,2933 MHz,128 GB,yes,no,0,,,,,2020-Q2,404,W-1270TE,https://ark.intel.com/content/www/us/en/ark/products/203905/intel-xeon-w-1270te-processor-16m-cache-up-to-4-40-ghz.html,1,medium,L2 est 256KB/core (client-derived); embedded low-power variant
Intel,Xeon W,workstation,Comet Lake-W,Comet Lake,Xeon W-1290,Intel Xeon W-1290 Processor,10,10,0,20,3.20 GHz,5.20 GHz,5.00 GHz,2.5 MB,20 MB,80W,,14 nm,FCLGA1200,1,3.0,16,DDR4,2,2933 MHz,128 GB,yes,no,0,Intel UHD Graphics P630,,,,2020-Q2,546,W-1290,https://www.intel.com/content/www/us/en/products/sku/199337/intel-xeon-w1290-processor-20m-cache-3-20-ghz/specifications.html,1,medium,L2 est 256KB/core (client-derived); discontinued
Intel,Xeon W,workstation,Comet Lake-W,Comet Lake,Xeon W-1290E,Intel Xeon W-1290E Processor,10,10,0,20,3.50 GHz,4.80 GHz,4.80 GHz,2.5 MB,20 MB,95W,,14 nm,FCLGA1200,1,3.0,16,DDR4,2,2933 MHz,128 GB,yes,no,0,Intel UHD Graphics P630,,,,2020-Q2,552,W-1290E,https://ark.intel.com/content/www/us/en/ark/products/203903/intel-xeon-w1290e-processor-20m-cache-up-to-4-80-ghz.html,1,medium,"L2 est 256KB/core (client-derived); embedded segment tag on ARK, mapped to workstation per shard rules"
Intel,Xeon W,workstation,Comet Lake-W,Comet Lake,Xeon W-1290P,Intel Xeon W-1290P Processor,10,10,0,20,3.70 GHz,5.30 GHz,5.10 GHz,2.5 MB,20 MB,125W,95W,14 nm,FCLGA1200,1,3.0,16,DDR4,2,2933 MHz,128 GB,yes,no,0,,,,,2020-Q2,539,W-1290P,https://ark.intel.com/content/www/us/en/ark/products/199336.html,1,medium,L2 est 256KB/core (client-derived); TDD 95W@3.30GHz not modeled; no iGPU on P-suffix; discontinued
Intel,Xeon W,workstation,Comet Lake-W,Comet Lake,Xeon W-1290T,Intel Xeon W-1290T Processor,10,10,0,20,1.90 GHz,4.70 GHz,4.60 GHz,2.5 MB,20 MB,35W,,14 nm,FCLGA1200,1,3.0,16,DDR4,2,2933 MHz,128 GB,yes,no,0,,,,,2020-Q2,546,W-1290T,https://ark.intel.com/content/www/us/en/ark/products/199341/intel-xeon-w1290t-processor-20m-cache-1-90-ghz.html,1,medium,L2 est 256KB/core (client-derived); low-power T variant; discontinued
Intel,Xeon W,workstation,Comet Lake-W,Comet Lake,Xeon W-1290TE,Intel Xeon W-1290TE Processor,10,10,0,20,1.80 GHz,4.50 GHz,4.50 GHz,2.5 MB,20 MB,35W,,14 nm,FCLGA1200,1,3.0,16,DDR4,2,2933 MHz,128 GB,yes,no,0,Intel UHD Graphics P630,,,,2020-Q2,552,W-1290TE,https://ark.intel.com/content/www/us/en/ark/products/203907/intel-xeon-w1290te-processor-20m-cache-up-to-4-50-ghz.html,1,medium,L2 est 256KB/core (client-derived); embedded low-power variant
Intel,Xeon W,workstation,Ice Lake-W,Ice Lake,Xeon W-3323,Intel Xeon W-3323 Processor,12,12,0,24,3.50 GHz,3.90 GHz,,15 MB,21 MB,220W,,10 nm,FCLGA4189,1,4.0,64,DDR4,8,3200 MHz,4 TB,yes,no,0,,,,,2021-Q3,1043,W-3323,https://www.intel.com/content/www/us/en/products/sku/217247/intel-xeon-w3323-processor-21m-cache-up-to-3-90-ghz/specifications.html,1,high,L2 explicit 15MB total from secondary source (not 1MB/core pattern); 1S only
Intel,Xeon W,workstation,Ice Lake-W,Ice Lake,Xeon W-3335,Intel Xeon W-3335 Processor,16,16,0,32,3.40 GHz,4.00 GHz,,16 MB,24 MB,250W,,10 nm,FCLGA4189,1,4.0,64,DDR4,8,3200 MHz,4 TB,yes,no,0,,,,,2021-Q3,1430,W-3335,https://ark.intel.com/content/www/us/en/ark/products/217244/intel-xeon-w3335-processor-24m-cache-up-to-4-00-ghz.html,1,high,L2 est 1MB/core (no iGPU confirmed); 1S only
Intel,Xeon W,workstation,Ice Lake-W,Ice Lake,Xeon W-3345,Intel Xeon W-3345 Processor,24,24,0,48,3.00 GHz,4.00 GHz,,24 MB,36 MB,250W,,10 nm,FCLGA4189,1,4.0,64,DDR4,8,3200 MHz,4 TB,yes,no,0,,,,,2021-Q3,2751,W-3345,https://ark.intel.com/content/www/us/en/ark/products/217245/intel-xeon-w-3345-processor-36m-cache-up-to-4-00-ghz.html,1,high,L2 est 1MB/core; 1S only
Intel,Xeon W,workstation,Ice Lake-W,Ice Lake,Xeon W-3365,Intel Xeon W-3365 Processor,32,32,0,64,2.70 GHz,4.00 GHz,,32 MB,48 MB,270W,,10 nm,FCLGA4189,1,4.0,64,DDR4,8,3200 MHz,4 TB,yes,no,0,,,,,2021-Q3,3851,W-3365,https://ark.intel.com/content/www/us/en/ark/products/217243/intel-xeon-w3365-processor-48m-cache-up-to-4-00-ghz.html,1,high,L2 est 1MB/core; 1S only
Intel,Xeon W,workstation,Ice Lake-W,Ice Lake,Xeon W-3375,Intel Xeon W-3375 Processor,38,38,0,76,2.50 GHz,4.00 GHz,,38 MB,57 MB,270W,,10 nm,FCLGA4189,1,4.0,64,DDR4,8,3200 MHz,4 TB,yes,no,0,,,,,2021-Q3,4951,W-3375,https://ark.intel.com/content/www/us/en/ark/products/217246/intel-xeon-w-3375-processor-57m-cache-up-to-4-00-ghz.html,1,high,L2 1MB/core confirmed by secondary source; 1S only
Intel,Xeon W,workstation,Rocket Lake-W,Rocket Lake,Xeon W-1350,Intel Xeon W-1350 Processor,6,6,0,12,3.30 GHz,5.00 GHz,5.00 GHz,3 MB,12 MB,80W,,14 nm,FCLGA1200,1,4.0,20,DDR4,2,3200 MHz,128 GB,yes,no,0,,,,,2021-Q2,280,W-1350,https://www.intel.com/content/www/us/en/products/sku/212263/intel-xeon-w1350-processor-12m-cache-up-to-5-00-ghz/specifications.html,1,medium,L2 est 512KB/core; discontinued
Intel,Xeon W,workstation,Rocket Lake-W,Rocket Lake,Xeon W-1350P,Intel Xeon W-1350P Processor,6,6,0,12,4.00 GHz,5.10 GHz,5.10 GHz,3 MB,12 MB,125W,95W,14 nm,FCLGA1200,1,4.0,20,DDR4,2,3200 MHz,128 GB,yes,no,0,Intel UHD Graphics P750,32,,,2021-Q2,342,W-1350P,https://ark.intel.com/content/www/us/en/ark/products/212264/intel-xeon-w-1350p-processor-12m-cache-up-to-5-10-ghz.html,1,medium,L2 est 512KB/core (source: 6x512KB confirmed); TDD 95W@3.00GHz not modeled; igpu clock not confirmed; discontinued
Intel,Xeon W,workstation,Rocket Lake-W,Rocket Lake,Xeon W-1370,Intel Xeon W-1370 Processor,8,8,0,16,2.90 GHz,5.10 GHz,5.00 GHz,4 MB,16 MB,80W,,14 nm,FCLGA1200,1,4.0,20,DDR4,2,3200 MHz,128 GB,yes,no,0,,,,,2021-Q2,398,W-1370,https://ark.intel.com/content/www/us/en/ark/products/212265/intel-xeon-w-1370-processor-16m-cache-up-to-5-10-ghz.html,1,medium,L2 est 512KB/core (Cypress Cove); discontinued
Intel,Xeon W,workstation,Rocket Lake-W,Rocket Lake,Xeon W-1370P,Intel Xeon W-1370P Processor,8,8,0,16,3.60 GHz,5.20 GHz,5.10 GHz,4 MB,16 MB,125W,95W,14 nm,FCLGA1200,1,4.0,20,DDR4,2,3200 MHz,128 GB,no,no,0,,,,,2021-Q2,472,W-1370P,https://www.intel.com/content/www/us/en/products/sku/212266/intel-xeon-w1370p-processor-16m-cache-up-to-5-20-ghz/specifications.html,1,medium,"L2 est 512KB/core; ARK explicitly states ECC not supported (anomaly vs family, verify); no iGPU confirmed; TDD 95W@3.10GHz not modeled; discontinued"
Intel,Xeon W,workstation,Rocket Lake-W,Rocket Lake,Xeon W-1390,Intel Xeon W-1390 Processor,8,8,0,16,2.80 GHz,5.20 GHz,5.00 GHz,4 MB,16 MB,80W,,14 nm,FCLGA1200,1,4.0,20,DDR4,2,3200 MHz,128 GB,yes,no,0,,,,,2021-Q2,546,W-1390,https://ark.intel.com/content/www/us/en/ark/products/212267/intel-xeon-w-1390-processor-16m-cache-up-to-5-20-ghz.html?countrylabel=Argentina,1,medium,L2 est 512KB/core; TB3.0=5.10GHz not modeled separately; discontinued
Intel,Xeon W,workstation,Rocket Lake-W,Rocket Lake,Xeon W-1390P,Intel Xeon W-1390P Processor,8,8,0,16,3.50 GHz,5.30 GHz,5.10 GHz,4 MB,16 MB,125W,95W,14 nm,FCLGA1200,1,4.0,20,DDR4,2,3200 MHz,128 GB,yes,no,0,,,,,2021-Q2,594,W-1390P,https://ark.intel.com/content/www/us/en/ark/products/212268/intel-xeon-w-1390p-processor-16m-cache-up-to-5-30-ghz.html,1,medium,L2 est 512KB/core; TB3.0=5.20GHz not modeled separately; TDD 95W@3.00GHz not modeled; discontinued
Intel,Xeon W,workstation,Rocket Lake-W,Rocket Lake,Xeon W-1390T,Intel Xeon W-1390T Processor,8,8,0,16,1.50 GHz,4.90 GHz,4.80 GHz,4 MB,16 MB,35W,25W,14 nm,FCLGA1200,1,4.0,20,DDR4,2,3200 MHz,128 GB,yes,no,0,Intel UHD Graphics P750,32,,,2021-Q2,546,W-1390T,https://ark.intel.com/content/www/us/en/ark/products/212269.html,1,medium,L2 est 512KB/core; TDD 25W@1.00GHz not modeled; igpu clock not confirmed; discontinued
Intel,Xeon W,workstation,Sapphire Rapids WS-2400/2500,Sapphire Rapids,Xeon w3-2423,Intel Xeon w3-2423 Processor,6,6,0,12,2.10 GHz,4.20 GHz,4.00 GHz,12 MB,15 MB,120W,144W,Intel 7,FCLGA4677,1,5.0,48,DDR5,4,4800 MHz,2 TB,yes,,0,,,,,2023-Q1,395,w3-2423,https://ark.intel.com/content/www/us/en/ark/products/233484/intel-xeon-w32423-processor-15m-cache-2-10-ghz.html,1,medium,"L2 est 2MB/core; w3-tier pcie lanes est 48, not explicitly confirmed"
Intel,Xeon W,workstation,Sapphire Rapids WS-2400/2500,Sapphire Rapids,Xeon w3-2425,Intel Xeon w3-2425 Processor,6,6,0,12,3.00 GHz,4.40 GHz,4.00 GHz,12 MB,15 MB,130W,156W,Intel 7,FCLGA4677,1,5.0,48,DDR5,4,4400 MHz,2 TB,yes,,0,,,,,2023-Q1,582,w3-2425,https://ark.intel.com/content/www/us/en/ark/products/233485/intel-xeon-w3-2425-processor-15m-cache-3-00-ghz.html,1,high,"L2 confirmed 6x2048KB; mem type DDR5-4400 per secondary source; w3-tier pcie lanes est 48, not explicitly confirmed"
Intel,Xeon W,workstation,Sapphire Rapids WS-2400/2500,Sapphire Rapids,Xeon w3-2435,Intel Xeon w3-2435 Processor,8,8,0,16,3.10 GHz,4.50 GHz,4.30 GHz,16 MB,22.5 MB,165W,198W,Intel 7,FCLGA4677,1,5.0,48,DDR5,4,4400 MHz,2 TB,yes,,0,,,,,2023-Q1,736,w3-2435,https://ark.intel.com/content/www/us/en/ark/products/233480/intel-xeon-w3-2435-processor-22-5m-cache-3-10-ghz.html,1,high,"L2 confirmed 8x2048KB; mem type DDR5-4400 per secondary source; w3-tier pcie lanes est 48, not explicitly confirmed"
Intel,Xeon W,workstation,Sapphire Rapids WS-2400/2500,Sapphire Rapids,Xeon w3-2525,Intel Xeon w3-2525 Processor,8,8,0,16,3.50 GHz,4.50 GHz,4.30 GHz,16 MB,22.5 MB,175W,210W,Intel 7,FCLGA4677,1,5.0,48,DDR5,4,4800 MHz,2 TB,yes,,0,,,,,2024-Q3,670,w3-2525,https://www.intel.com/content/www/us/en/products/sku/236882/intel-xeon-w32525-processor-22-5m-cache-3-50-ghz/specifications.html,1,medium,"L2 est 2MB/core; w3-tier pcie lanes est 48, not explicitly confirmed"
Intel,Xeon W,workstation,Sapphire Rapids WS-2400/2500,Sapphire Rapids,Xeon w3-2535,Intel Xeon w3-2535 Processor,10,10,0,20,3.50 GHz,4.60 GHz,4.40 GHz,20 MB,26.25 MB,185W,222W,Intel 7,FCLGA4677,1,5.0,48,DDR5,4,4800 MHz,2 TB,yes,,0,,,,,2024-Q3,813,w3-2535,https://www.intel.com/content/www/us/en/products/sku/236880/intel-xeon-w32535-processor-26-25m-cache-3-50-ghz/specifications.html,1,high,"L2 confirmed 10x2048KB; w3-tier pcie lanes est 48 (lower tier than w5/w7), not explicitly confirmed"
Intel,Xeon W,workstation,Sapphire Rapids WS-2400/2500,Sapphire Rapids,Xeon w5-2445,Intel Xeon w5-2445 Processor,10,10,0,20,3.10 GHz,4.60 GHz,4.40 GHz,20 MB,26.25 MB,175W,210W,Intel 7,FCLGA4677,1,5.0,64,DDR5,4,4800 MHz,2 TB,yes,,0,,,,,2023-Q1,923,w5-2445,https://www.intel.com/content/www/us/en/products/sku/233481/intel-xeon-w52445-processor-26-25m-cache-3-10-ghz/specifications.html,1,medium,L2 est 2MB/core; pcie lanes not confirmed for this exact SKU
Intel,Xeon W,workstation,Sapphire Rapids WS-2400/2500,Sapphire Rapids,Xeon w5-2455X,Intel Xeon w5-2455X Processor,12,12,0,24,3.20 GHz,4.60 GHz,4.40 GHz,24 MB,30 MB,200W,240W,Intel 7,FCLGA4677,1,5.0,64,DDR5,4,4800 MHz,2 TB,yes,,0,,,,,2023-Q1,1148,w5-2455X,https://www.intel.com/content/www/us/en/products/sku/233420/intel-xeon-w52455x-processor-30m-cache-3-20-ghz/specifications.html,1,medium,L2 est 2MB/core; price midpoint of $1143-1153; no iGPU/no dGPU confirmed; pcie lanes not confirmed for this exact SKU
Intel,Xeon W,workstation,Sapphire Rapids WS-2400/2500,Sapphire Rapids,Xeon w5-2465X,Intel Xeon w5-2465X Processor,16,16,0,32,3.10 GHz,4.70 GHz,4.50 GHz,32 MB,33.75 MB,200W,240W,Intel 7,FCLGA4677,1,5.0,64,DDR5,4,4800 MHz,2 TB,yes,,0,,,,,2023-Q1,1533,w5-2465X,https://ark.intel.com/content/www/us/en/ark/products/233415/intel-xeon-w5-2465x-processor-33-75m-cache-3-10-ghz.html,1,medium,L2 est 2MB/core; price midpoint of $1528-1538; pcie lanes not confirmed for this exact SKU
Intel,Xeon W,workstation,Sapphire Rapids WS-2400/2500,Sapphire Rapids,Xeon w5-2545,Intel Xeon w5-2545 Processor,12,12,0,24,3.50 GHz,4.70 GHz,4.50 GHz,24 MB,30 MB,210W,252W,Intel 7,FCLGA4677,1,5.0,64,DDR5,4,4800 MHz,2 TB,yes,,0,,,,,2024-Q3,978,w5-2545,https://www.intel.com/content/www/us/en/products/sku/236877/intel-xeon-w52545-processor-30m-cache-3-50-ghz/specifications.html,1,high,L2 confirmed 12x2048KB; pcie lanes not confirmed for this exact SKU
Intel,Xeon W,workstation,Sapphire Rapids WS-2400/2500,Sapphire Rapids,Xeon w5-2555X,Intel Xeon w5-2555X Processor,14,14,0,28,3.30 GHz,4.80 GHz,4.60 GHz,28 MB,33.75 MB,210W,252W,Intel 7,FCLGA4677,1,5.0,64,DDR5,4,4800 MHz,2 TB,yes,,0,,,,,2024-Q3,1181,w5-2555X,https://www.intel.com/content/www/us/en/products/sku/236881/intel-xeon-w52555x-processor-33-75m-cache-3-30-ghz/specifications.html,1,medium,L2 est 2MB/core; price midpoint of $1176-1186; pcie lanes not confirmed for this exact SKU
Intel,Xeon W,workstation,Sapphire Rapids WS-2400/2500,Sapphire Rapids,Xeon w5-2565X,Intel Xeon w5-2565X Processor,18,18,0,36,3.20 GHz,4.80 GHz,4.60 GHz,36 MB,37.5 MB,240W,288W,Intel 7,FCLGA4677,1,5.0,64,DDR5,4,4800 MHz,2 TB,yes,,0,,,,,2024-Q3,1478,w5-2565X,https://ark.intel.com/content/www/us/en/ark/products/236883/intel-xeon-w5-2565x-processor-37-5m-cache-3-20-ghz.html,1,medium,"L2 est 2MB/core; price midpoint of $1473-1483; pcie lanes not confirmed for this exact SKU, applied family-typical 64 lanes"
Intel,Xeon W,workstation,Sapphire Rapids WS-2400/2500,Sapphire Rapids,Xeon w7-2475X,Intel Xeon w7-2475X Processor,20,20,0,40,2.60 GHz,4.80 GHz,4.60 GHz,40 MB,37.5 MB,225W,270W,Intel 7,FCLGA4677,1,5.0,64,DDR5,4,4800 MHz,2 TB,yes,,0,,,,,2023-Q1,1973,w7-2475X,https://ark.intel.com/content/www/us/en/ark/products/233418/intel-xeon-w72475x-processor-37-5m-cache-2-60-ghz.html,1,medium,L2 est 2MB/core; price midpoint of $1968-1978; pcie 5.0/64 lanes explicitly confirmed
Intel,Xeon W,workstation,Sapphire Rapids WS-2400/2500,Sapphire Rapids,Xeon w7-2495X,Intel Xeon w7-2495X Processor,24,24,0,48,2.50 GHz,4.80 GHz,4.60 GHz,48 MB,45 MB,225W,270W,Intel 7,FCLGA4677,1,5.0,64,DDR5,4,4800 MHz,2 TB,yes,,0,,,,,2023-Q1,2413,w7-2495X,https://ark.intel.com/content/www/us/en/ark/products/233416/intel-xeon-w7-2495x-processor-45m-cache-2-50-ghz.html,1,medium,L2 est 2MB/core; price midpoint of $2408-2418
Intel,Xeon W,workstation,Sapphire Rapids WS-2400/2500,Sapphire Rapids,Xeon w7-2575X,Intel Xeon w7-2575X Processor,22,22,0,44,3.00 GHz,4.80 GHz,4.60 GHz,44 MB,45 MB,250W,300W,Intel 7,FCLGA4677,1,5.0,64,DDR5,4,4800 MHz,2 TB,yes,,0,,,,,2024-Q3,1863,w7-2575X,https://ark.intel.com/content/www/us/en/ark/products/236879/intel-xeon-w7-2575x-processor-45m-cache-3-00-ghz.html,1,medium,L2 est 2MB/core; price midpoint of $1858-1868
Intel,Xeon W,workstation,Sapphire Rapids WS-2400/2500,Sapphire Rapids,Xeon w7-2595X,Intel Xeon w7-2595X Processor,26,26,0,52,2.80 GHz,4.80 GHz,4.60 GHz,52 MB,48.75 MB,250W,300W,Intel 7,FCLGA4677,1,5.0,64,DDR5,4,4800 MHz,2 TB,yes,,0,,,,,2024-Q3,2248,w7-2595X,https://ark.intel.com/content/www/us/en/ark/products/236878/intel-xeon-w7-2595x-processor-48-75m-cache-2-90-ghz.html,1,medium,"L2 est 2MB/core (Golden Cove P-core); price midpoint of $2243-2253; pcie lanes/CXL not confirmed for this exact SKU, applied family-typical 64 lanes"
Intel,Xeon W,workstation,Sapphire Rapids WS-3400/3500,Sapphire Rapids,Xeon w5-3425,Intel Xeon w5-3425 Processor,12,12,0,24,3.20 GHz,4.60 GHz,4.40 GHz,24 MB,30 MB,270W,324W,Intel 7,FCLGA4677,1,5.0,112,DDR5,8,4800 MHz,4 TB,yes,,0,,,,,2023-Q1,1308,w5-3425,https://ark.intel.com/content/www/us/en/ark/products/233482/intel-xeon-w5-3425-processor-30m-cache-3-20-ghz.html,1,high,"L2 confirmed 12x2048KB; pcie 4.0 noted by one source vs 5.0 family-wide standard, used 5.0 per family pattern (flagged)"
Intel,Xeon W,workstation,Sapphire Rapids WS-3400/3500,Sapphire Rapids,Xeon w5-3435X,Intel Xeon w5-3435X Processor,16,16,0,32,3.10 GHz,4.70 GHz,4.50 GHz,32 MB,45 MB,270W,324W,Intel 7,FCLGA4677,1,5.0,112,DDR5,8,4800 MHz,4 TB,yes,,0,,,,,2023-Q1,1753,w5-3435X,https://ark.intel.com/content/www/us/en/ark/products/233421/intel-xeon-w5-3435x-processor-45m-cache-3-10-ghz.html,1,high,L2 confirmed 16x2048KB; price midpoint of $1748-1758
Intel,Xeon W,workstation,Sapphire Rapids WS-3400/3500,Sapphire Rapids,Xeon w5-3525,Intel Xeon w5-3525 Processor,16,16,0,32,3.20 GHz,4.80 GHz,4.60 GHz,32 MB,45 MB,290W,348W,Intel 7,FCLGA4677,1,5.0,112,DDR5,8,4800 MHz,4 TB,yes,,0,,,,,2024-Q3,1468,w5-3525,https://ark.intel.com/content/www/us/en/ark/products/240484.html,1,high,L2 confirmed 16x2048KB
Intel,Xeon W,workstation,Sapphire Rapids WS-3400/3500,Sapphire Rapids,Xeon w5-3535X,Intel Xeon w5-3535X Processor,20,20,0,40,2.90 GHz,4.80 GHz,4.60 GHz,40 MB,52.5 MB,300W,360W,Intel 7,FCLGA4677,1,5.0,112,DDR5,8,4800 MHz,4 TB,yes,,0,,,,,2024-Q3,1863,w5-3535X,https://www.intel.com/content/www/us/en/products/sku/240483/intel-xeon-w53535x-processor-52-5m-cache-2-90-ghz/specifications.html,1,high,L2 est 2MB/core; price midpoint of $1858-1868; pcie 5.0/112 lanes explicitly confirmed
Intel,Xeon W,workstation,Sapphire Rapids WS-3400/3500,Sapphire Rapids,Xeon w7-3445,Intel Xeon w7-3445 Processor,20,20,0,40,2.60 GHz,4.80 GHz,4.60 GHz,40 MB,52.5 MB,270W,324W,Intel 7,FCLGA4677,1,5.0,112,DDR5,8,4800 MHz,4 TB,yes,,0,,,,,2023-Q1,2188,w7-3445,https://ark.intel.com/content/www/us/en/ark/products/233478/intel-xeon-w7-3445-processor-52-5m-cache-2-60-ghz.html,1,medium,L2 est 2MB/core; pcie lanes not confirmed for this exact SKU
Intel,Xeon W,workstation,Sapphire Rapids WS-3400/3500,Sapphire Rapids,Xeon w7-3455,Intel Xeon w7-3455 Processor,24,24,0,48,2.50 GHz,4.80 GHz,4.60 GHz,48 MB,67.5 MB,270W,324W,Intel 7,FCLGA4677,1,5.0,112,DDR5,8,4800 MHz,4 TB,yes,,0,,,,,2023-Q1,2738,w7-3455,https://ark.intel.com/content/www/us/en/ark/products/233479/intel-xeon-w73455-processor-67-5m-cache-2-50-ghz.html,1,medium,L2 est 2MB/core; pcie lanes not confirmed for this exact SKU
Intel,Xeon W,workstation,Sapphire Rapids WS-3400/3500,Sapphire Rapids,Xeon w7-3465X,Intel Xeon w7-3465X Processor,28,28,0,56,2.50 GHz,4.80 GHz,4.60 GHz,56 MB,75 MB,300W,360W,Intel 7,FCLGA4677,1,5.0,112,DDR5,8,4800 MHz,4 TB,yes,,0,,,,,2023-Q1,3183,w7-3465X,https://ark.intel.com/content/www/us/en/ark/products/233417/intel-xeon-w73465x-processor-75m-cache-2-50-ghz.html,1,medium,L2 est 2MB/core; price midpoint of $3178-3188
Intel,Xeon W,workstation,Sapphire Rapids WS-3400/3500,Sapphire Rapids,Xeon w7-3545,Intel Xeon w7-3545 Processor,24,24,0,48,2.70 GHz,4.80 GHz,4.60 GHz,48 MB,67.5 MB,310W,372W,Intel 7,FCLGA4677,1,5.0,112,DDR5,8,4800 MHz,4 TB,yes,,0,,,,,2024-Q3,2243,w7-3545,https://ark.intel.com/content/www/us/en/ark/products/240487/intel-xeon-w7-3545-processor-67-5m-cache-2-70-ghz.html,1,medium,L2 est 2MB/core; pcie lanes not confirmed for this exact SKU
Intel,Xeon W,workstation,Sapphire Rapids WS-3400/3500,Sapphire Rapids,Xeon w7-3555,Intel Xeon w7-3555 Processor,28,28,0,56,2.70 GHz,4.80 GHz,4.60 GHz,56 MB,75 MB,325W,390W,Intel 7,FCLGA4677,1,5.0,112,DDR5,8,4800 MHz,4 TB,yes,,0,,,,,2024-Q3,2573,w7-3555,https://www.intel.com/content/www/us/en/products/sku/240485/intel-xeon-w73555-processor-75m-cache-2-70-ghz/specifications.html,1,medium,L2 est 2MB/core; pcie lanes not confirmed for this exact SKU
Intel,Xeon W,workstation,Sapphire Rapids WS-3400/3500,Sapphire Rapids,Xeon w7-3565X,Intel Xeon w7-3565X Processor,32,32,0,64,2.50 GHz,4.80 GHz,4.60 GHz,64 MB,82.5 MB,335W,402W,Intel 7,FCLGA4677,1,5.0,112,DDR5,8,4800 MHz,4 TB,yes,,0,,,,,2024-Q3,2963,w7-3565X,https://www.intel.com/content/www/us/en/products/sku/240486/intel-xeon-w73565x-processor-82-5m-cache-2-50-ghz/specifications.html,1,medium,L2 est 2MB/core; price midpoint of $2958-2968
Intel,Xeon W,workstation,Sapphire Rapids WS-3400/3500,Sapphire Rapids,Xeon w9-3475X,Intel Xeon w9-3475X Processor,36,36,0,72,2.20 GHz,4.80 GHz,4.60 GHz,72 MB,82.5 MB,300W,360W,Intel 7,FCLGA4677,1,5.0,112,DDR5,8,4800 MHz,4 TB,yes,,0,,,,,2023-Q1,4118,w9-3475X,https://ark.intel.com/content/www/us/en/ark/products/233419/intel-xeon-w93475x-processor-82-5m-cache-2-20-ghz.html,1,medium,L2 est 2MB/core; price midpoint of $4113-4123; pcie lanes not confirmed for this exact SKU
Intel,Xeon W,workstation,Sapphire Rapids WS-3400/3500,Sapphire Rapids,Xeon w9-3495X,Intel Xeon w9-3495X Processor,56,56,0,112,1.90 GHz,4.80 GHz,,112 MB,105 MB,350W,420W,Intel 7,FCLGA4677,1,5.0,112,DDR5,8,4800 MHz,4 TB,yes,,0,,,,,2023-Q1,6478,w9-3495X,https://www.intel.com/content/www/us/en/products/sku/233483/intel-xeon-w93495x-processor-105m-cache-1-90-ghz/specifications.html,1,medium,L2 est 2MB/core; TB2.0 all-core value not found in search summary; pcie lanes not confirmed for this exact SKU
Intel,Xeon W,workstation,Sapphire Rapids WS-3400/3500,Sapphire Rapids,Xeon w9-3575X,Intel Xeon w9-3575X Processor,44,44,0,88,2.20 GHz,4.80 GHz,4.60 GHz,88 MB,97.5 MB,340W,408W,Intel 7,FCLGA4677,1,5.0,112,DDR5,8,4800 MHz,4 TB,yes,,0,,,,,2024-Q3,4173,w9-3575X,https://ark.intel.com/content/www/us/en/ark/products/240501.html,1,medium,L2 est 2MB/core; price midpoint of $4168-4178
Intel,Xeon W,workstation,Sapphire Rapids WS-3400/3500,Sapphire Rapids,Xeon w9-3595X,Intel Xeon w9-3595X Processor,60,60,0,120,2.00 GHz,4.80 GHz,4.60 GHz,120 MB,112.5 MB,385W,462W,Intel 7,FCLGA4677,1,5.0,112,DDR5,8,4800 MHz,4 TB,yes,,0,,,,,2024-Q3,6478,w9-3595X,https://ark.intel.com/content/www/us/en/ark/products/240482/intel-xeon-w9-3595x-processor-112-5m-cache-2-00-ghz.html,1,medium,"L2 est 2MB/core; pcie lanes not confirmed for this exact SKU, applied family-typical 112 lanes"
Intel,Xeon W,workstation,Skylake-W,Skylake,Xeon W-2123,Intel Xeon W-2123 Processor,4,4,0,8,3.60 GHz,3.90 GHz,,4 MB,8.25 MB,120W,,14 nm,FCLGA2066,1,3.0,48,DDR4,4,2666 MHz,512 GB,yes,no,0,,,,,2017-Q3,294,W-2123,https://www.intel.com/content/www/us/en/products/sku/125036/intel-xeon-w2123-processor-8-25m-cache-3-60-ghz/specifications.html,1,high,"L2 4x1MB per secondary source; discontinued, EOL 2023-12-31"
Intel,Xeon W,workstation,Skylake-W,Skylake,Xeon W-2125,Intel Xeon W-2125 Processor,4,4,0,8,4.00 GHz,4.50 GHz,,4 MB,8.25 MB,120W,,14 nm,FCLGA2066,1,3.0,48,DDR4,4,2666 MHz,512 GB,yes,no,0,,,,,2017-Q3,444,W-2125,https://ark.intel.com/products/126708/Intel-Xeon-W-2125-Processor-8-25M-Cache-4-00-GHz-,1,high,"L2 4x1MB per ARK; no Processor Graphics per ARK; discontinued, EOL 2023-12-31"
Intel,Xeon W,workstation,Skylake-W,Skylake,Xeon W-2133,Intel Xeon W-2133 Processor,6,6,0,12,3.60 GHz,3.90 GHz,,6 MB,8.25 MB,140W,,14 nm,FCLGA2066,1,3.0,48,DDR4,4,2666 MHz,512 GB,yes,no,0,,,,,2017-Q3,617,W-2133,https://www.intel.com/content/www/us/en/products/sku/125040/intel-xeon-w2133-processor-8-25m-cache-3-60-ghz/specifications.html,1,high,L2 6x1MB per secondary source; discontinued
Intel,Xeon W,workstation,Skylake-W,Skylake,Xeon W-2135,Intel Xeon W-2135 Processor,6,6,0,12,3.70 GHz,4.50 GHz,,6 MB,8.25 MB,140W,,14 nm,FCLGA2066,1,3.0,48,DDR4,4,2666 MHz,512 GB,yes,no,0,,,,,2017-Q3,835,W-2135,https://ark.intel.com/content/www/us/en/ark/products/126709/intel-xeon-w-2135-processor-8-25m-cache-3-70-ghz.html,1,medium,"L2 est 1MB/core; discontinued, EOL 2023-12-31"
Intel,Xeon W,workstation,Skylake-W,Skylake,Xeon W-2145,Intel Xeon W-2145 Processor,8,8,0,16,3.70 GHz,4.50 GHz,,8 MB,11 MB,140W,,14 nm,FCLGA2066,1,3.0,48,DDR4,4,2666 MHz,512 GB,yes,no,0,,,,,2017-Q3,1113,W-2145,https://www.intel.com/content/www/us/en/products/sku/126707/intel-xeon-w2145-processor-11m-cache-3-70-ghz/specifications.html,1,high,"L2 8x1MB per secondary source; discontinued, EOL 2023-12-31"
Intel,Xeon W,workstation,Skylake-W,Skylake,Xeon W-2155,Intel Xeon W-2155 Processor,10,10,0,20,3.30 GHz,4.50 GHz,,10 MB,13.75 MB,140W,,14 nm,FCLGA2066,1,3.0,48,DDR4,4,2666 MHz,512 GB,yes,no,0,,,,,2017-Q3,1440,W-2155,https://ark.intel.com/content/www/us/en/ark/products/125042/intel-xeon-w2155-processor-13-75m-cache-3-30-ghz.html,1,high,"L2 10x1MB per PassMark; discontinued, EOL 2023-12-31"
Intel,Xeon W,workstation,Skylake-W,Skylake,Xeon W-2175,Intel Xeon W-2175 Processor,14,14,0,28,2.50 GHz,4.30 GHz,,14 MB,19.25 MB,140W,,14 nm,FCLGA2066,1,3.0,48,DDR4,4,2666 MHz,512 GB,yes,no,0,,,,,2017-Q3,1947,W-2175,https://www.intel.com/content/www/us/en/products/sku/130046/intel-xeon-w2175-processor-19-25m-cache-2-50-ghz/specifications.html,1,medium,"L2 est 1MB/core; discontinued, EOL 2023-12-31"
Intel,Xeon W,workstation,Skylake-W,Skylake,Xeon W-2195,Intel Xeon W-2195 Processor,18,18,0,36,2.30 GHz,4.30 GHz,,18 MB,24.75 MB,140W,,14 nm,FCLGA2066,1,3.0,48,DDR4,4,2666 MHz,512 GB,yes,no,0,,,,,2017-Q3,2553,W-2195,https://www.intel.com/content/www/us/en/products/sku/126793/intel-xeon-w2195-processor-24-75m-cache-2-30-ghz/specifications.html,1,high,"L2 18x1MB per secondary source; discontinued, EOL 2023-12-31"
Intel,Xeon W,workstation,Skylake-W,Skylake,Xeon W-3175X,Intel Xeon W-3175X Processor,28,28,0,56,3.10 GHz,4.30 GHz,,28 MB,38.5 MB,255W,,14 nm,FCLGA3647,1,3.0,,DDR4,6,2666 MHz,512 GB,yes,no,0,,,,,2019-Q1,2999,W-3175X,https://ark.intel.com/content/www/us/en/ark/products/189452/intel-xeon-w-3175x-processor-38-5m-cache-3-10-ghz.html,1,medium,"ARK max turbo listed 3.80GHz but multiple secondary sources (WikiChip, ServeTheHome) cite 4.30GHz; used 4.30GHz per secondary corroboration; L2 est 1MB/core; pcie_lanes not confirmed this pass; discontinued, EOL 2023-12-31"
Intel,Arc A-Series,desktop,Alchemist,Xe-HPG,Arc A310,Intel Arc A310 Graphics,6,,,,,2.00 GHz,,,,75W,,TSMC N6,,,4.0,8,GDDR6,,15.5 Gbps,4 GB,no,no,,,,,,2022-Q3,,,https://www.intel.com/content/www/us/en/products/sku/227958/intel-arc-a310-graphics/specifications.html,1,high,"6 Xe-cores / 96 XVE / 96 XMX engines. Mem bandwidth 124 GB/s. GPU Peak TOPS(Int8) 52. LP variant: 40-75W TBP range, 1 GHz LP clock. Cross-checked vs TechPowerUp/Notebookcheck, consistent."
Intel,Arc A-Series,desktop,Alchemist,Xe-HPG,Arc A380,Intel Arc A380 Graphics,8,,,,,2.00 GHz,,,,75W,,TSMC N6,,,4.0,8,GDDR6,,15.5 Gbps,6 GB,no,no,,,,,,2022-Q2,139,,https://www.intel.com/content/www/us/en/products/sku/227959/intel-arc-a380-graphics/specifications.html,1,high,"8 Xe-cores / 128 XVE / 128 XMX engines. Mem bandwidth 186 GB/s (96-bit bus). GPU Peak TOPS(Int8) 66. Cross-checked vs TechSpot/Tom's Hardware, consistent."
Intel,Arc A-Series,desktop,Alchemist,Xe-HPG,Arc A580,Intel Arc A580 Graphics,24,,,,,1.70 GHz,,,,185W,,TSMC N6,,,4.0,8,GDDR6,,16 Gbps,8 GB,no,no,,,,,,2023-Q4,179,,https://www.intel.com/content/www/us/en/products/sku/227961/intel-arc-a580-graphics/specifications.html,1,high,"24 Xe-cores / 384 XVE / 384 XMX engines. Mem bandwidth 512 GB/s. GPU Peak TOPS(Int8) 197. Cross-checked vs TechSpot/Tom's Hardware, consistent."
Intel,Arc A-Series,desktop,Alchemist,Xe-HPG,Arc A750,Intel Arc A750 Graphics,28,,,,,2.05 GHz,,,,225W,,TSMC N6,,,4.0,8,GDDR6,,16 Gbps,8 GB,no,no,,,,,,2022-Q3,289,,https://www.intel.com/content/www/us/en/products/sku/227954/intel-arc-a750-graphics/specifications.html,1,high,"28 Xe-cores / 448 XVE / 448 XMX engines. Mem bandwidth 512 GB/s. GPU Peak TOPS(Int8) 229. Cross-checked vs TechPowerUp/Tom's Hardware, consistent."
Intel,Arc A-Series,desktop,Alchemist,Xe-HPG,Arc A770 16GB,Intel Arc A770 Graphics (16GB),32,,,,,2.10 GHz,,,,225W,,TSMC N6,,,4.0,8,GDDR6,,17.5 Gbps,16 GB,no,no,,,,,,2022-Q3,349,,https://www.intel.com/content/www/us/en/products/sku/229151/intel-arc-a770-graphics-16gb/specifications.html,1,high,"32 Xe-cores / 512 XVE / 512 XMX engines. Mem bandwidth 560 GB/s (256-bit bus). GPU Peak TOPS(Int8) 262. Cross-checked vs TechPowerUp, consistent."
Intel,Arc A-Series,desktop,Alchemist,Xe-HPG,Arc A770 8GB,Intel Arc A770 Graphics (8GB),32,,,,,2.10 GHz,,,,225W,,TSMC N6,,,4.0,8,GDDR6,,16 Gbps,8 GB,no,no,,,,,,2022-Q3,329,,https://www.intel.com/content/www/us/en/products/sku/227955/intel-arc-a770-graphics-8gb/specifications.html,1,high,"32 Xe-cores / 512 XVE / 512 XMX engines. Mem bandwidth 512 GB/s (256-bit bus). GPU Peak TOPS(Int8) 262. Cross-checked vs TechPowerUp, consistent."
Intel,Core (Alder Lake-N),desktop,Alder Lake-N,Alder Lake-N,Core i3-N300,Intel Core i3-N300 Processor,8,0,8,8,1.80 GHz,3.80 GHz,2.80 GHz,8 MB,6 MB,7W,,Intel 7,FCBGA1264,1,3,9,DDR4/DDR5/LPDDR5,1,4800,16,no,,,Intel UHD Graphics,32,1.25 GHz,,2023-Q1,,,https://www.intel.com/content/www/us/en/products/sku/231806/intel-core-i3n300-processor-6m-cache-up-to-3-80-ghz/specifications.html,1,high,Same die as N305 but lower 7W TDP tier; ARK Vertical Segment=Mobile but used in fanless desktop mini-PCs. Base/all-core clock cross-checked via cpu-monkey.
Intel,Core (Alder Lake-N),desktop,Alder Lake-N,Alder Lake-N,Core i3-N305,Intel Core i3-N305 Processor,8,0,8,8,1.80 GHz,3.80 GHz,3.20 GHz,8 MB,6 MB,15W,,Intel 7,FCBGA1264,1,3,9,DDR4/DDR5/LPDDR5,1,4800,16,no,,,Intel UHD Graphics,32,1.25 GHz,,2023-Q1,,,https://www.intel.com/content/www/us/en/products/sku/231805/intel-core-i3n305-processor-6m-cache-up-to-3-80-ghz/specifications.html,1,high,ARK Vertical Segment=Mobile but widely sold in desktop mini-PCs/NUCs; soldered BGA not a socket. Configurable TDP-down=9W per ARK. Base/all-core clock figures cross-checked via cpu-monkey (ARK itself does not publish a distinct base-frequency field for N-series parts -- only Max Turbo Frequency).
Intel,Intel Processor N-series,desktop,Alder Lake-N,Alder Lake-N,Processor N100,Intel Processor N100,4,0,4,4,1.80 GHz,3.40 GHz,3.20 GHz,4 MB,6 MB,6W,,Intel 7,FCBGA1264,1,3,9,DDR4/DDR5/LPDDR5,1,4800,16,no,,,Intel UHD Graphics,24,0.75 GHz,,2023-Q1,,,https://www.intel.com/content/www/us/en/products/sku/231803/intel-processor-n100-6m-cache-up-to-3-40-ghz/specifications.html,1,high,Branded 'Intel Processor' not Core i3. ARK Vertical Segment=Mobile but this is the most common Alder Lake-N SKU in desktop mini-PCs (e.g. many NUC-style boards / SBCs) -- included per manifest guidance to err toward inclusion. Base/all-core clock cross-checked via cpu-monkey.
Intel,Intel Processor N-series,desktop,Alder Lake-N,Alder Lake-N,Processor N200,Intel Processor N200,4,0,4,4,1.80 GHz,3.70 GHz,3.40 GHz,4 MB,6 MB,6W,,Intel 7,FCBGA1264,1,3,9,DDR4/DDR5/LPDDR5,1,4800,16,no,,,Intel UHD Graphics,32,0.75 GHz,,2023-Q1,,,https://www.intel.com/content/www/us/en/products/sku/231804/intel-processor-n200-6m-cache-up-to-3-70-ghz/specifications.html,1,high,"Branded 'Intel Processor' not Core i3. ARK Vertical Segment=Mobile; commonly used in desktop mini-PCs. Base/all-core clock cross-checked via cpu-monkey (base clock reported inconsistently as 1.0-1.8-3.2GHz across secondary trackers; 1.80GHz used per cpu-monkey structured table, all-core turbo 3.40GHz)."
Intel,Intel Processor N-series,desktop,Alder Lake-N,Alder Lake-N,Processor N95,Intel Processor N95,4,0,4,4,2.00 GHz,3.40 GHz,3.20 GHz,4 MB,6 MB,15W,,Intel 7,FCBGA1264,1,3,9,DDR4/DDR5/LPDDR5,1,4800,16,no,,,Intel UHD Graphics,16,1.20 GHz,,2023-Q1,,,https://ark.intel.com/content/www/us/en/ark/products/231800/intel-processor-n95-6m-cache-up-to-3-40-ghz.html,1,high,Branded 'Intel Processor' not Core i3. ARK Vertical Segment=Mobile; commonly used in budget desktop mini-PCs/NAS. Lowest iGPU EU count (16EU) of the family. Base/all-core clock cross-checked via cpu-monkey.
Intel,Intel Processor N-series,desktop,Alder Lake-N,Alder Lake-N,Processor N97,Intel Processor N97,4,0,4,4,2.00 GHz,3.60 GHz,3.40 GHz,4 MB,6 MB,12W,,Intel 7,FCBGA1264,1,3,9,DDR4/DDR5/LPDDR5,1,4800,16,no,,,Intel UHD Graphics,24,1.20 GHz,,2023-Q1,,,https://www.intel.com/content/www/us/en/products/sku/233090/intel-processor-n97-6m-cache-up-to-3-60-ghz/specifications.html,1,high,"Branded 'Intel Processor' not Core i3. ARK Vertical Segment=Mobile; higher 12W TDP tier of the 4-core Alder Lake-N part, used in some desktop mini-PCs/NAS boards. ARK lists Recommended Customer Price field but no value was populated at fetch time (dynamically rendered; left blank rather than invented). Base/all-core clock cross-checked via cpu-monkey."
Intel,Core (12th Gen),desktop,Alder Lake-S,Alder Lake,Core i3-12100,Intel Core i3-12100 Processor,4,4,0,8,3.30 GHz,4.30 GHz,,5 MB,12 MB,60W,89W,Intel 7,LGA1700,1,5.0 + 4.0,20,DDR5,2,DDR5-4800 (also supports DDR4-3200),128 GB,no,,,Intel UHD Graphics 730,24 EU,,,2022-Q1,,,https://ark.intel.com/content/www/us/en/ark/products/134584/intel-core-i312100-processor-12m-cache-up-to-4-30-ghz.html,1,medium,Added beyond manifest. ARK RCP not clearly captured in retrieved snippet (only retail ~$180 noted); flagged as gap for precise RCP.
Intel,Core (12th Gen),desktop,Alder Lake-S,Alder Lake,Core i3-12100F,Intel Core i3-12100F Processor,4,4,0,8,3.30 GHz,4.30 GHz,,5 MB,12 MB,58W,89W,Intel 7,LGA1700,1,5.0 + 4.0,20,DDR5,2,DDR5-4800 (also supports DDR4-3200),128 GB,no,,,,,,,2022-Q1,107,,https://ark.intel.com/content/www/us/en/ark/products/132223/intel-core-i3-12100f-processor-12m-cache-up-to-4-30-ghz.html,1,high,"Added beyond manifest. F-suffix, no iGPU, TDP 58W."
Intel,Core (12th Gen),desktop,Alder Lake-S,Alder Lake,Core i3-12100T,Intel Core i3-12100T Processor,4,4,0,8,2.20 GHz,4.10 GHz,,5 MB,12 MB,35W,69W,Intel 7,LGA1700,1,5.0 + 4.0,20,DDR5,2,DDR5-4800 (also supports DDR4-3200),128 GB,no,,,Intel UHD Graphics 730,24 EU,,,2022-Q1,134,,https://www.intel.com/content/www/us/en/products/sku/223097/intel-core-i312100t-processor-12m-cache-up-to-4-10-ghz/specifications.html,1,high,"Added beyond manifest. 35W low-power T variant, P-core-only."
Intel,Core (12th Gen),desktop,Alder Lake-S,Alder Lake,Core i3-12300,Intel Core i3-12300 Processor,4,4,0,8,3.50 GHz,4.40 GHz,,5 MB,12 MB,60W,89W,Intel 7,LGA1700,1,5.0 + 4.0,20,DDR5,2,DDR5-4800 (also supports DDR4-3200),128 GB,no,,,Intel UHD Graphics 730,24 EU,,,2022-Q1,157,,https://ark.intel.com/content/www/us/en/ark/products/223095/intel-core-i312300-processor-12m-cache-up-to-4-40-ghz.html,1,high,"Added beyond manifest. 4-core P-only (0 E-cores), no Hyper-Threading detail captured beyond ARK total threads=8 (HT enabled on all 4 P-cores)."
Intel,Core (12th Gen),desktop,Alder Lake-S,Alder Lake,Core i3-12300T,Intel Core i3-12300T Processor,4,4,0,8,2.30 GHz,4.20 GHz,,5 MB,12 MB,35W,69W,Intel 7,LGA1700,1,5.0 + 4.0,20,DDR5,2,DDR5-4800 (also supports DDR4-3200),128 GB,no,,,Intel UHD Graphics 730,24 EU,,,2022-Q1,157,,https://www.intel.com/content/www/us/en/products/sku/223096/intel-core-i312300t-processor-12m-cache-up-to-4-20-ghz/specifications.html,1,high,"Added beyond manifest. 35W low-power T variant, P-core-only."
Intel,Core (12th Gen),desktop,Alder Lake-S,Alder Lake,Core i5-12400,Intel Core i5-12400 Processor,6,6,0,12,2.50 GHz,4.40 GHz,,7.5 MB,18 MB,65W,117W,Intel 7,LGA1700,1,5.0 + 4.0,20,DDR5,2,DDR5-4800 (also supports DDR4-3200),128 GB,no,,,Intel UHD Graphics 730,24 EU,,,2022-Q1,211,,https://ark.intel.com/content/www/us/en/ark/products/134586/intel-core-i512400-processor-18m-cache-up-to-4-40-ghz.html,1,high,"Added beyond manifest. P-core-only (0 E-cores). UHD 730 (24EU), lower than UHD 770 on higher SKUs. NOTE: this SKU has no separate total-core field distinct from p_cores since e_cores=0; cores=p_cores here (unlike some Xeon parts)."
Intel,Core (12th Gen),desktop,Alder Lake-S,Alder Lake,Core i5-12400F,Intel Core i5-12400F Processor,6,6,0,12,2.50 GHz,4.40 GHz,,7.5 MB,18 MB,58W,89W,Intel 7,LGA1700,1,5.0 + 4.0,20,DDR5,2,DDR5-4800 (also supports DDR4-3200),128 GB,no,,,,,,,2022-Q1,184,,https://ark.intel.com/content/www/us/en/ark/products/134587/intel-core-i5-12400f-processor-18m-cache-up-to-4-40-ghz.html,1,high,"Manifest SKU. F-suffix, no iGPU. Note TDP is 58W (differs slightly from 65W non-F sibling)."
Intel,Core (12th Gen),desktop,Alder Lake-S,Alder Lake,Core i5-12400T,Intel Core i5-12400T Processor,6,6,0,12,1.80 GHz,4.20 GHz,,7.5 MB,18 MB,35W,74W,Intel 7,LGA1700,1,5.0 + 4.0,20,DDR5,2,DDR5-4800 (also supports DDR4-3200),128 GB,no,,,Intel UHD Graphics 730,24 EU,,,2022-Q1,211,,https://ark.intel.com/content/www/us/en/ark/products/223094/intel-core-i5-12400t-processor-18m-cache-up-to-4-20-ghz.html,1,high,"Added beyond manifest. P-core-only (0 E-cores), 35W."
Intel,Core (12th Gen),desktop,Alder Lake-S,Alder Lake,Core i5-12500,Intel Core i5-12500 Processor,6,6,0,12,3.00 GHz,4.60 GHz,,7.5 MB,18 MB,65W,117W,Intel 7,LGA1700,1,5.0 + 4.0,20,DDR5,2,DDR5-4800 (also supports DDR4-3200),128 GB,no,,,Intel UHD Graphics 770,32 EU,,,2022-Q1,222,,https://ark.intel.com/content/www/us/en/ark/products/96144/intel-core-i5-12500-processor-18m-cache-up-to-4-60-ghz.html,1,high,Added beyond manifest. P-core-only (0 E-cores).
Intel,Core (12th Gen),desktop,Alder Lake-S,Alder Lake,Core i5-12500T,Intel Core i5-12500T Processor,6,6,0,12,2.00 GHz,4.40 GHz,,7.5 MB,18 MB,35W,74W,Intel 7,LGA1700,1,5.0 + 4.0,20,DDR5,2,DDR5-4800 (also supports DDR4-3200),128 GB,no,,,Intel UHD Graphics 770,32 EU,,,2022-Q1,222,,https://ark.intel.com/content/www/us/en/ark/products/96140/intel-core-i5-12500t-processor-18m-cache-up-to-4-40-ghz.html,1,high,"Added beyond manifest. P-core-only (0 E-cores), 35W."
Intel,Core (12th Gen),desktop,Alder Lake-S,Alder Lake,Core i5-12600,Intel Core i5-12600 Processor,6,6,0,12,3.30 GHz,4.80 GHz,,7.5 MB,18 MB,65W,117W,Intel 7,LGA1700,1,5.0 + 4.0,20,DDR5,2,DDR5-4800 (also supports DDR4-3200),128 GB,no,,,Intel UHD Graphics 770,32 EU,,,2022-Q1,245,,https://ark.intel.com/content/www/us/en/ark/products/96149.html,1,high,"Added beyond manifest. P-core-only die (6P/0E), distinct from hybrid 12600K/KF. Verify e_cores=0 confirmed by ARK."
Intel,Core (12th Gen),desktop,Alder Lake-S,Alder Lake,Core i5-12600K,Intel Core i5-12600K Processor,10,6,4,16,3.70 GHz,4.90 GHz,,9.5 MB,20 MB,125W,150W,Intel 7,LGA1700,1,5.0 + 4.0,20,DDR5,2,DDR5-4800 (also supports DDR4-3200),128 GB,no,,,Intel UHD Graphics 770,32 EU,,,2021-Q4,318,,https://www.intel.com/content/www/us/en/products/sku/134589/intel-core-i512600k-processor-20m-cache-up-to-4-90-ghz/specifications.html,1,high,"Manifest SKU. Hybrid 6P+4E, UHD 770 (32EU)."
Intel,Core (12th Gen),desktop,Alder Lake-S,Alder Lake,Core i5-12600KF,Intel Core i5-12600KF Processor,10,6,4,16,3.70 GHz,4.90 GHz,,9.5 MB,20 MB,125W,150W,Intel 7,LGA1700,1,5.0 + 4.0,20,DDR5,2,DDR5-4800 (also supports DDR4-3200),128 GB,no,,,,,,,2021-Q4,290,BX8071512600KF,https://www.intel.com/content/www/us/en/products/sku/134590/intel-core-i512600kf-processor-20m-cache-up-to-4-90-ghz/specifications.html,1,high,"Added beyond manifest. F-suffix, no iGPU."
Intel,Core (12th Gen),desktop,Alder Lake-S,Alder Lake,Core i5-12600T,Intel Core i5-12600T Processor,6,6,0,12,2.10 GHz,4.60 GHz,,7.5 MB,18 MB,35W,74W,Intel 7,LGA1700,1,5.0 + 4.0,20,DDR5,2,DDR5-4800 (also supports DDR4-3200),128 GB,no,,,Intel UHD Graphics 770,32 EU,,,2022-Q1,245,,https://ark.intel.com/content/www/us/en/ark/products/96150/intel-core-i5-12600t-processor-18m-cache-up-to-4-60-ghz.html,1,medium,"Added beyond manifest. P-core-only (0 E-cores), 35W. One secondary source claimed 'PCIe 3.0' but this conflicts with the uniform Alder Lake-S PCIe 5.0+4.0 platform spec seen on all other SKUs - treated as an error in that source and NOT used; flagged as source conflict."
Intel,Core (12th Gen),desktop,Alder Lake-S,Alder Lake,Core i7-12700,Intel Core i7-12700 Processor,12,8,4,20,2.10 GHz,4.90 GHz,,12 MB,25 MB,65W,180W,Intel 7,LGA1700,1,5.0 + 4.0,20,DDR5,2,DDR5-4800 (also supports DDR4-3200),128 GB,no,,,Intel UHD Graphics 770,32 EU,,,2022-Q1,373,,https://ark.intel.com/content/www/us/en/ark/products/134591/intel-core-i7-12700-processor-25m-cache-up-to-4-90-ghz.html,1,medium,Added beyond manifest. Launch date 2022-Q1 inferred from sibling SKUs (F/T variants confirmed Q1'22 in search snippet); not explicitly restated for base i7-12700 in the snippet retrieved.
Intel,Core (12th Gen),desktop,Alder Lake-S,Alder Lake,Core i7-12700F,Intel Core i7-12700F Processor,12,8,4,20,2.10 GHz,4.90 GHz,,12 MB,25 MB,65W,180W,Intel 7,LGA1700,1,5.0 + 4.0,20,DDR5,2,DDR5-4800 (also supports DDR4-3200),128 GB,no,,,,,,,2022-Q1,345,,https://ark.intel.com/content/www/us/en/ark/products/134592/intel-core-i7-12700f-processor-25m-cache-up-to-4-90-ghz.html,1,high,"Added beyond manifest. F-suffix, no iGPU, 65W."
Intel,Core (12th Gen),desktop,Alder Lake-S,Alder Lake,Core i7-12700K,Intel Core i7-12700K Processor,12,8,4,20,3.60 GHz,5.00 GHz,,12 MB,25 MB,125W,190W,Intel 7,LGA1700,1,5.0 + 4.0,20,DDR5,2,DDR5-4800 (also supports DDR4-3200),128 GB,no,,,Intel UHD Graphics 770,32 EU,,,2021-Q4,450,BX8071512700K,https://ark.intel.com/content/www/us/en/ark/products/134594/intel-core-i7-12700k-processor-25m-cache-up-to-5-00-ghz.html,1,high,Manifest-adjacent (i7 flagship). Minor cross-source clock conflict on iGPU boost noted (1.4GHz vs 1.5GHz).
Intel,Core (12th Gen),desktop,Alder Lake-S,Alder Lake,Core i7-12700KF,Intel Core i7-12700KF Processor,12,8,4,20,3.60 GHz,5.00 GHz,,12 MB,25 MB,125W,190W,Intel 7,LGA1700,1,5.0 + 4.0,20,DDR5,2,DDR5-4800 (also supports DDR4-3200),128 GB,no,,,,,,,2021-Q4,422,,https://www.intel.com/content/www/us/en/products/sku/134595/intel-core-i712700kf-processor-25m-cache-up-to-5-00-ghz/specifications.html,1,high,"Added beyond manifest. F-suffix, no iGPU."
Intel,Core (12th Gen),desktop,Alder Lake-S,Alder Lake,Core i7-12700T,Intel Core i7-12700T Processor,12,8,4,20,1.40 GHz,4.70 GHz,,12 MB,25 MB,35W,99W,Intel 7,LGA1700,1,5.0 + 4.0,20,DDR5,2,DDR5-4800 (also supports DDR4-3200),128 GB,no,,,Intel UHD Graphics 770,32 EU,,,2022-Q1,373,,https://www.intel.com/content/www/us/en/products/sku/134596/intel-core-i712700t-processor-25m-cache-up-to-4-70-ghz/specifications.html,1,high,"Added beyond manifest. Low-power T-suffix, 35W."
Intel,Core (12th Gen),desktop,Alder Lake-S,Alder Lake,Core i9-12900,Intel Core i9-12900 Processor,16,8,8,24,2.40 GHz,5.10 GHz,,14 MB,30 MB,65W,202W,Intel 7,LGA1700,1,5.0 + 4.0,20,DDR5,2,DDR5-4800 (also supports DDR4-3200),128 GB,no,,,Intel UHD Graphics 770,32 EU,,,2022-Q1,538,,https://www.intel.com/content/www/us/en/products/sku/134597/intel-core-i912900-processor-30m-cache-up-to-5-10-ghz/specifications.html,1,high,"Added beyond manifest. Non-K, non-F 65W desktop SKU. pcie_gen/lanes assumed same as K variant (not separately re-verified for non-K); flagged in gaps."
Intel,Core (12th Gen),desktop,Alder Lake-S,Alder Lake,Core i9-12900F,Intel Core i9-12900F Processor,16,8,8,24,2.40 GHz,5.10 GHz,,14 MB,30 MB,65W,202W,Intel 7,LGA1700,1,5.0 + 4.0,20,DDR5,2,DDR5-4800 (also supports DDR4-3200),128 GB,no,,,,,,,2022-Q1,510,,https://www.intel.com/content/www/us/en/products/sku/134598/intel-core-i912900f-processor-30m-cache-up-to-5-10-ghz/specifications.html,1,high,"Added beyond manifest. F-suffix, no iGPU, 65W."
Intel,Core (12th Gen),desktop,Alder Lake-S,Alder Lake,Core i9-12900K,Intel Core i9-12900K Processor,16,8,8,24,3.20 GHz,5.20 GHz,,14 MB,30 MB,125W,241W,Intel 7,LGA1700,1,5.0 + 4.0,20,DDR5,2,DDR5-4800 (also supports DDR4-3200),128 GB,no,,,Intel UHD Graphics 770,32 EU,,,2021-Q4,648,BX8071512900K,https://ark.intel.com/content/www/us/en/ark/products/134599/intel-core-i9-12900k-processor-30m-cache-up-to-5-20-ghz.html,1,high,"Manifest SKU. Cross-checked vs TechPowerUp/Notebookcheck; all_core_boost not published on ARK, left blank."
Intel,Core (12th Gen),desktop,Alder Lake-S,Alder Lake,Core i9-12900KF,Intel Core i9-12900KF Processor,16,8,8,24,3.20 GHz,5.20 GHz,,14 MB,30 MB,125W,241W,Intel 7,LGA1700,1,5.0 + 4.0,20,DDR5,2,DDR5-4800 (also supports DDR4-3200),128 GB,no,,,,,,,2021-Q4,620,,https://www.intel.com/content/www/us/en/products/sku/134600/intel-core-i912900kf-processor-30m-cache-up-to-5-20-ghz/specifications.html,1,high,Manifest SKU. F-suffix: no iGPU (fused off).
Intel,Core (12th Gen),desktop,Alder Lake-S,Alder Lake,Core i9-12900KS,Intel Core i9-12900KS Processor,16,8,8,24,3.40 GHz,5.50 GHz,,14 MB,30 MB,150W,241W,Intel 7,LGA1700,1,5.0 + 4.0,20,DDR5,2,DDR5-4800 (also supports DDR4-3200),128 GB,no,,,Intel UHD Graphics 770,32 EU,,,2022-Q2,739,,https://www.intel.com/content/www/us/en/products/sku/225916/intel-core-i912900ks-processor-30m-cache-up-to-5-50-ghz/specifications.html,1,medium,Manifest SKU. Price conflict: HotHardware/Tom's Hardware report $739 RCP at launch (Apr 5 2022); one AI-search summary of ARK cited $813. Flagged as source conflict.
Intel,Core (12th Gen),desktop,Alder Lake-S,Alder Lake,Core i9-12900T,Intel Core i9-12900T Processor,16,8,8,24,1.40 GHz,4.90 GHz,,14 MB,30 MB,35W,106W,Intel 7,LGA1700,1,5.0 + 4.0,20,DDR5,2,DDR5-4800 (also supports DDR4-3200),128 GB,no,,,Intel UHD Graphics 770,32 EU,,,2022-Q1,538,,https://ark.intel.com/content/www/us/en/ark/products/134601/intel-core-i9-12900t-processor-30m-cache-up-to-4-90-ghz.html,1,high,"Added beyond manifest. Low-power T-suffix, 35W base power."
Intel,Core Ultra,desktop,Arrow Lake-S,Arrow Lake,Core Ultra 5 225,Intel Core Ultra 5 Processor 225,10,6,4,10,3.30 GHz,4.90 GHz,,22 MB,20 MB,65W,121W,TSMC N3B,LGA1851,1,5.0 and 4.0,24,DDR5,2,6400 MT/s,256 GB,no,,,Intel Graphics,2,,13,2025-Q1,183,,https://www.intel.com/content/www/us/en/products/sku/241070/intel-core-ultra-5-processor-225-20m-cache-up-to-4-90-ghz/specifications.html,1,high,"RCP range $183-$236, low end used. ECC=No per ARK (differs from 245-series=Yes) - confirms ECC is a per-SKU attribute, not family-wide."
Intel,Core Ultra,desktop,Arrow Lake-S,Arrow Lake,Core Ultra 5 225F,Intel Core Ultra 5 Processor 225F,10,6,4,10,3.30 GHz,4.90 GHz,,22 MB,20 MB,65W,121W,TSMC N3B,LGA1851,1,5.0 and 4.0,24,DDR5,2,6400 MT/s,256 GB,no,,,,,,13,2025-Q1,165,,https://www.intel.com/content/www/us/en/products/sku/241069/intel-core-ultra-5-processor-225f-20m-cache-up-to-4-90-ghz/specifications.html,1,high,"RCP range $165-$221, low end used. No iGPU (F-suffix). ECC=No per ARK."
Intel,Core Ultra,desktop,Arrow Lake-S,Arrow Lake,Core Ultra 5 225T,Intel Core Ultra 5 Processor 225T,10,6,4,10,2.50 GHz,4.90 GHz,,22 MB,20 MB,35W,114W,TSMC N3B,LGA1851,1,5.0 and 4.0,24,DDR5,2,6400 MT/s,256 GB,no,,,Intel Graphics,2,,13,2025-Q1,236,,https://www.intel.com/content/www/us/en/products/sku/241870/intel-core-ultra-5-processor-225t-20m-cache-up-to-4-90-ghz/specifications.html,1,high,RCP $236 flat. T-suffix low power. ECC=No per ARK.
Intel,Core Ultra,desktop,Arrow Lake-S,Arrow Lake,Core Ultra 5 235,Intel Core Ultra 5 Processor 235,14,6,8,14,3.40 GHz,5.00 GHz,,26 MB,24 MB,65W,121W,TSMC N3B,LGA1851,1,5.0 and 4.0,24,DDR5,2,6400 MT/s,256 GB,yes,,,Intel Graphics,3,,13,2025-Q1,247,,https://www.intel.com/content/www/us/en/products/sku/241674/intel-core-ultra-5-processor-235-24m-cache-up-to-5-00-ghz/specifications.html,1,high,"RCP range $247-$257, low end used."
Intel,Core Ultra,desktop,Arrow Lake-S,Arrow Lake,Core Ultra 5 235A,Intel Core Ultra 5 Processor 235A,14,6,8,14,3.40 GHz,5.00 GHz,,26 MB,24 MB,65W,121W,TSMC N3B,LGA1851,1,5.0 and 4.0,24,DDR5,2,6400 MT/s,256 GB,yes,,,Intel Graphics,3,,13,2025-Q3,269,,https://www.intel.com/content/www/us/en/products/sku/243758/intel-core-ultra-5-processor-235a-24m-cache-up-to-5-00-ghz/specifications.html,1,high,"CONFIRMED real, distinct ARK SKU (found via targeted WebSearch after not appearing in initial batch searches). Vertical Segment=Desktop. Same clocks/cache/TDP as 235 but distinct Processor Number, later launch (Q3'25), RCP $269 flat vs 235's $247-257 range."
Intel,Core Ultra,desktop,Arrow Lake-S,Arrow Lake,Core Ultra 5 235T,Intel Core Ultra 5 Processor 235T,14,6,8,14,2.20 GHz,5.00 GHz,,26 MB,24 MB,35W,114W,TSMC N3B,LGA1851,1,5.0 and 4.0,24,DDR5,2,6400 MT/s,256 GB,yes,,,Intel Graphics,3,,13,2025-Q1,247,,https://www.intel.com/content/www/us/en/products/sku/241872/intel-core-ultra-5-processor-235t-24m-cache-up-to-5-00-ghz/specifications.html,1,high,RCP $247 flat. T-suffix low power. Confirmed 35W/114W directly from ARK; a third-party source's conflicting 65W claim for 235T was incorrect/stale and rejected in favor of ARK.
Intel,Core Ultra,desktop,Arrow Lake-S,Arrow Lake,Core Ultra 5 235TA,Intel Core Ultra 5 Processor 235TA,14,6,8,14,2.20 GHz,5.00 GHz,,26 MB,24 MB,35W,114W,TSMC N3B,LGA1851,1,5.0 and 4.0,24,DDR5,2,6400 MT/s,256 GB,yes,,,Intel Graphics,3,,13,2025-Q3,269,,https://www.intel.com/content/www/us/en/products/sku/243757/intel-core-ultra-5-processor-235ta-24m-cache-up-to-5-00-ghz/specifications.html,1,high,"CONFIRMED real, distinct ARK SKU (added beyond original manifest ambiguity) - not embedded-only/fictional as the task speculated. Same clocks/cache/TDP as 235T but distinct Processor Number, later launch (Q3'25 vs Q1'25), different RCP ($269 vs $247)."
Intel,Core Ultra,desktop,Arrow Lake-S,Arrow Lake,Core Ultra 5 245,Intel Core Ultra 5 Processor 245,14,6,8,14,3.50 GHz,5.10 GHz,,26 MB,24 MB,65W,121W,TSMC N3B,LGA1851,1,5.0 and 4.0,24,DDR5,2,6400 MT/s,256 GB,yes,,,Intel Graphics,4,,13,2025-Q1,270,,https://www.intel.com/content/www/us/en/products/sku/241876/intel-core-ultra-5-processor-245-24m-cache-up-to-5-10-ghz/specifications.html,1,high,RCP $270 flat (no range). ARK lists Embedded Options Available=Yes for this non-suffix SKU (unusual) but Vertical Segment=Desktop confirmed so kept in desktop shard.
Intel,Core Ultra,desktop,Arrow Lake-S,Arrow Lake,Core Ultra 5 245K,Intel Core Ultra 5 Processor 245K,14,6,8,14,4.20 GHz,5.20 GHz,,26 MB,24 MB,125W,159W,TSMC N3B,LGA1851,1,5.0 and 4.0,24,DDR5,2,6400 MT/s,256 GB,yes,,,Intel Graphics,4,,13,2024-Q4,309,,https://www.intel.com/content/www/us/en/products/sku/241067/intel-core-ultra-5-processor-245k-24m-cache-up-to-5-20-ghz/specifications.html,1,high,"RCP range $309-$319, low end used."
Intel,Core Ultra,desktop,Arrow Lake-S,Arrow Lake,Core Ultra 5 245KF,Intel Core Ultra 5 Processor 245KF,14,6,8,14,4.20 GHz,5.20 GHz,,26 MB,24 MB,125W,159W,TSMC N3B,LGA1851,1,5.0 and 4.0,24,DDR5,2,6400 MT/s,256 GB,no,,,,,,13,2024-Q4,294,,https://www.intel.com/content/www/us/en/products/sku/241066/intel-core-ultra-5-processor-245kf-24m-cache-up-to-5-20-ghz/specifications.html,1,medium,"RCP range $294-$304, low end used. No iGPU (F-suffix). ECC value line was skipped by the single-line-span grep (label likely carries footnote markup); ECC=No inferred by consistent F-suffix pattern seen on 265KF/265F/225F/225T. Flagged medium confidence pending direct manual re-check of this exact field."
Intel,Core Ultra,desktop,Arrow Lake-S,Arrow Lake,Core Ultra 5 245T,Intel Core Ultra 5 Processor 245T,14,6,8,14,2.20 GHz,5.10 GHz,,26 MB,24 MB,35W,114W,TSMC N3B,LGA1851,1,5.0 and 4.0,24,DDR5,2,6400 MT/s,256 GB,yes,,,Intel Graphics,4,,13,2025-Q1,270,,https://www.intel.com/content/www/us/en/products/sku/241874/intel-core-ultra-5-processor-245t-24m-cache-up-to-5-10-ghz/specifications.html,1,high,RCP $270 flat. T-suffix low power SKU.
Intel,Core Ultra,desktop,Arrow Lake-S,Arrow Lake,Core Ultra 7 265,Intel Core Ultra 7 Processor 265,20,8,12,20,2.40 GHz,5.30 GHz,,36 MB,30 MB,65W,182W,TSMC N3B,LGA1851,1,5.0 and 4.0,24,DDR5,2,6400 MT/s,256 GB,yes,,,Intel Graphics,,,13,2025-Q1,384,,https://www.intel.com/content/www/us/en/products/sku/241068/intel-core-ultra-7-processor-265-30m-cache-up-to-5-30-ghz/specifications.html,1,high,"RCP range $384-$394, low end used."
Intel,Core Ultra,desktop,Arrow Lake-S,Arrow Lake,Core Ultra 7 265F,Intel Core Ultra 7 Processor 265F,20,8,12,20,2.40 GHz,5.30 GHz,,36 MB,30 MB,65W,182W,TSMC N3B,LGA1851,1,5.0 and 4.0,24,DDR5,2,6400 MT/s,256 GB,no,,,,,,13,2025-Q1,369,,https://www.intel.com/content/www/us/en/products/sku/241064/intel-core-ultra-7-processor-265f-30m-cache-up-to-5-30-ghz/specifications.html,1,high,"RCP range $369-$379, low end used. No iGPU (F-suffix). ECC=No per ARK."
Intel,Core Ultra,desktop,Arrow Lake-S,Arrow Lake,Core Ultra 7 265K,Intel Core Ultra 7 Processor 265K,20,8,12,20,3.90 GHz,5.50 GHz,,36 MB,30 MB,125W,250W,TSMC N3B,LGA1851,1,5.0 and 4.0,24,DDR5,2,6400 MT/s,256 GB,yes,,,Intel Graphics,,,13,2024-Q4,394,,https://www.intel.com/content/www/us/en/products/sku/241063/intel-core-ultra-7-processor-265k-30m-cache-up-to-5-50-ghz/specifications.html,1,high,"RCP range $394-$404, low end used."
Intel,Core Ultra,desktop,Arrow Lake-S,Arrow Lake,Core Ultra 7 265KF,Intel Core Ultra 7 Processor 265KF,20,8,12,20,3.90 GHz,5.50 GHz,,36 MB,30 MB,125W,250W,TSMC N3B,LGA1851,1,5.0 and 4.0,24,DDR5,2,6400 MT/s,256 GB,no,,,,,,13,2024-Q4,379,,https://www.intel.com/content/www/us/en/products/sku/241062/intel-core-ultra-7-processor-265kf-30m-cache-up-to-5-50-ghz/specifications.html,1,high,"RCP range $379-$389, low end used. No iGPU (F-suffix) - Graphics Output n/a, GPU Peak TOPS 0 on ARK. NPU still present at 13 TOPS despite no iGPU. ECC Memory Supported=No on this SKU per ARK (differs from non-F 265K=Yes)."
Intel,Core Ultra,desktop,Arrow Lake-S,Arrow Lake,Core Ultra 7 265T,Intel Core Ultra 7 Processor 265T,20,8,12,20,1.50 GHz,5.30 GHz,,36 MB,30 MB,35W,112W,TSMC N3B,LGA1851,1,5.0 and 4.0,24,DDR5,2,6400 MT/s,256 GB,yes,,,Intel Graphics,,,13,2025-Q1,384,,https://www.intel.com/content/www/us/en/products/sku/241065/intel-core-ultra-7-processor-265t-30m-cache-up-to-5-30-ghz/specifications.html,1,high,T-suffix low power SKU.
Intel,Core Ultra,desktop,Arrow Lake-S,Arrow Lake,Core Ultra 9 285,Intel Core Ultra 9 Processor 285,24,8,16,24,2.50 GHz,5.60 GHz,,40 MB,36 MB,65W,182W,TSMC N3B,LGA1851,1,5.0 and 4.0,24,DDR5,2,6400 MT/s,256 GB,yes,,,Intel Graphics,,,13,2025-Q1,549,,https://www.intel.com/content/www/us/en/products/sku/241061/intel-core-ultra-9-processor-285-36m-cache-up-to-5-60-ghz/specifications.html,1,high,"RCP range $549-$579, low end used. TVB freq 5.6GHz, TB3.0 5.5GHz (favored-core, not all-core)."
Intel,Core Ultra,desktop,Arrow Lake-S,Arrow Lake,Core Ultra 9 285K,Intel Core Ultra 9 Processor 285K,24,8,16,24,3.70 GHz,5.70 GHz,,40 MB,36 MB,125W,250W,TSMC N3B,LGA1851,1,5.0 and 4.0,24,DDR5,2,6400 MT/s,256 GB,yes,,,Intel Graphics,,,13,2024-Q4,589,,https://www.intel.com/content/www/us/en/products/sku/241060/intel-core-ultra-9-processor-285k-36m-cache-up-to-5-70-ghz/specifications.html,1,high,"RCP range $589-$599, low end used. Turbo Boost Max 3.0 favored-core freq 5.6GHz (not all-core). ECC=Yes per ARK (requires chipset support). igpu EU count not listed on ARK page (left blank)."
Intel,Core Ultra,desktop,Arrow Lake-S,Arrow Lake,Core Ultra 9 285T,Intel Core Ultra 9 Processor 285T,24,8,16,24,1.40 GHz,5.40 GHz,,40 MB,36 MB,35W,112W,TSMC N3B,LGA1851,1,5.0 and 4.0,24,DDR5,2,6400 MT/s,256 GB,yes,,,Intel Graphics,,,13,2025-Q1,549,,https://www.intel.com/content/www/us/en/products/sku/241059/intel-core-ultra-9-processor-285t-36m-cache-up-to-5-40-ghz/specifications.html,1,high,T-suffix low power SKU. Base freq very low (1.4GHz) by design for 35W TDP.
Intel,Core Ultra,desktop,Arrow Lake-S Refresh,Arrow Lake,Core Ultra 5 250K Plus,Intel Core Ultra 5 Processor 250K Plus,18,6,12,18,4.20 GHz,5.30 GHz,,30 MB,30 MB,125W,159W,TSMC N3B,LGA1851,1,5.0 and 4.0,24,DDR5,2,7200 MT/s,256 GB,yes,,,Intel Graphics,4,,13,2026-Q1,219,,https://www.intel.com/content/www/us/en/products/sku/245694/intel-core-ultra-5-processor-250k-plus-30m-cache-up-to-5-30-ghz/specifications.html,1,high,"RCP range $219-$229, low end used. Adds 4 E-cores vs 245K (14->18 total cores), raises P-core base 3.6->4.2GHz, DDR5-7200 support."
Intel,Core Ultra,desktop,Arrow Lake-S Refresh,Arrow Lake,Core Ultra 5 250KF Plus,Intel Core Ultra 5 Processor 250KF Plus,18,6,12,18,4.20 GHz,5.30 GHz,,30 MB,30 MB,125W,159W,TSMC N3B,LGA1851,1,5.0 and 4.0,24,DDR5,2,7200 MT/s,256 GB,no,,,,,,13,2026-Q1,204,,https://www.intel.com/content/www/us/en/products/sku/245689/intel-core-ultra-5-processor-250kf-plus-30m-cache-up-to-5-30-ghz/specifications.html,1,high,"RCP range $204-$214, low end used. No iGPU (F-suffix). ECC=No per ARK."
Intel,Core Ultra,desktop,Arrow Lake-S Refresh,Arrow Lake,Core Ultra 7 270K Plus,Intel Core Ultra 7 Processor 270K Plus,24,8,16,24,3.70 GHz,5.50 GHz,,40 MB,36 MB,125W,250W,TSMC N3B,LGA1851,1,5.0 and 4.0,24,DDR5,2,7200 MT/s,256 GB,yes,,,Intel Graphics,4,,13,2026-Q1,339,,https://www.intel.com/content/www/us/en/products/sku/245692/intel-core-ultra-7-processor-270k-plus-36m-cache-up-to-5-50-ghz/specifications.html,1,high,"RCP range $339-$349, low end used. Arrow Lake-S Refresh 'Plus' part: adds 4 E-cores vs 265K (20->24 total cores), raises Total L2/L3 cache (30->40MB L2, 30->36MB L3), raises max memory speed to DDR5-7200 (vs 6400 on originals). ARK Launch Date=Q1'26; third-party press cites public retail availability March 26 2026."
Intel,Arc B-Series,desktop,Battlemage,Xe2-HPG,Arc B570,Intel Arc B570 Graphics,18,,,,,2.50 GHz,,,18 MB,150W,,TSMC N5,,,4.0,8,GDDR6,,19 Gbps,10 GB,no,no,,,,,,2024-Q4,219,,https://www.intel.com/content/www/us/en/products/sku/241676/intel-arc-b570-graphics/specifications.html,1,high,18 Xe2-cores / 144 XVE / 144 XMX engines. Mem bandwidth 380 GB/s (160-bit bus). GPU Peak TOPS(Int8) 203. L2 18MB corroborated by TechPowerUp/gpus.axiomgaming (not explicit on ARK snippet but consistent across sources).
Intel,Arc B-Series,desktop,Battlemage,Xe2-HPG,Arc B580,Intel Arc B580 Graphics,20,,,,,2.67 GHz,,,18 MB,190W,,TSMC N5,,,4.0,8,GDDR6,,19 Gbps,12 GB,no,no,,,,,,2024-Q4,249,,https://www.intel.com/content/www/us/en/products/sku/241598/intel-arc-b580-graphics/specifications.html,1,high,"20 Xe2-cores / 160 XVE / 160 XMX engines. Mem bandwidth 456 GB/s (192-bit bus). GPU Peak TOPS(Int8) 233. BMG-G21 die, 19.6B transistors, 272mm2. L2 18MB per TechPowerUp architecture review. Real-world power draw measured lower than 190W TBP rating (~150-162W) per Puget Systems/TechPowerUp reviews - TBP is board spec ceiling, not typical draw."
Intel,Core (10th Gen),desktop,Comet Lake-S,Comet Lake,i3-10100,Intel Core i3-10100 Processor,4,4,0,8,3.60 GHz,4.30 GHz,,,6 MB,65W,,14 nm,LGA1200,1,3.0,16,DDR4,2,DDR4-2666,128 GB,no,,,Intel UHD Graphics 630,,1.10 GHz,,2020-Q2,134,,https://ark.intel.com/content/www/us/en/ark/products/199283/,1,high,TechPowerUp cross-check: matches ARK exactly.
Intel,Core (10th Gen),desktop,Comet Lake-S,Comet Lake,i3-10100F,Intel Core i3-10100F Processor,4,4,0,8,3.60 GHz,4.30 GHz,,,6 MB,65W,,14 nm,LGA1200,1,3.0,16,DDR4,2,DDR4-2666,128 GB,no,,,,,,,2020-Q4,107,,https://www.intel.com/content/www/us/en/products/sku/203473/,1,high,"No integrated graphics (F-suffix), confirmed by ARK/TechPowerUp/Tom's Hardware."
Intel,Core (10th Gen),desktop,Comet Lake-S,Comet Lake,i3-10100T,Intel Core i3-10100T Processor,4,4,0,8,3.00 GHz,3.80 GHz,,,6 MB,35W,,14 nm,LGA1200,1,3.0,16,DDR4,2,DDR4-2666,128 GB,no,,,Intel UHD Graphics 630,,,,2020-Q2,134,,https://ark.intel.com/content/www/us/en/ark/products/199284.html,1,medium,Configurable TDP-down 25W at 2.40GHz base per ARK.
Intel,Core (10th Gen),desktop,Comet Lake-S,Comet Lake,i3-10105,Intel Core i3-10105 Processor,4,4,0,8,3.70 GHz,4.40 GHz,,,6 MB,65W,,14 nm,LGA1200,1,3.0,16,DDR4,2,DDR4-2666,128 GB,no,,,Intel UHD Graphics 630,,1.15 GHz,,2021-Q1,134,,https://ark.intel.com/content/www/us/en/ark/products/201894.html,1,medium,Comet Lake-S Refresh part.
Intel,Core (10th Gen),desktop,Comet Lake-S,Comet Lake,i3-10105F,Intel Core i3-10105F Processor,4,4,0,8,3.70 GHz,4.40 GHz,,,6 MB,65W,,14 nm,LGA1200,1,3.0,16,DDR4,2,DDR4-2666,128 GB,no,,,,,,,2021-Q1,107,,https://www.intel.com/content/www/us/en/products/sku/203474/,1,high,No integrated graphics (F-suffix). Comet Lake-S Refresh part.
Intel,Core (10th Gen),desktop,Comet Lake-S,Comet Lake,i3-10105T,Intel Core i3-10105T Processor,4,4,0,8,3.00 GHz,3.90 GHz,,,6 MB,35W,,14 nm,LGA1200,1,3.0,16,DDR4,2,DDR4-2666,128 GB,no,,,Intel UHD Graphics 630,,,,2021-Q1,,,https://ark.intel.com/content/www/us/en/ark/products/201890/,1,medium,Comet Lake-S Refresh part. Configurable TDP-down 25W at 2.40GHz base.
Intel,Core (10th Gen),desktop,Comet Lake-S,Comet Lake,i3-10300,Intel Core i3-10300 Processor,4,4,0,8,3.70 GHz,4.40 GHz,,,8 MB,65W,,14 nm,LGA1200,1,3.0,16,DDR4,2,DDR4-2666,128 GB,no,,,Intel UHD Graphics 630,,,,2020-Q2,157,,https://ark.intel.com/content/www/us/en/ark/products/199281/,1,high,"TechPowerUp cross-check: matches ARK on cores/threads/clocks/TDP/L3, no disagreement."
Intel,Core (10th Gen),desktop,Comet Lake-S,Comet Lake,i3-10300T,Intel Core i3-10300T Processor,4,4,0,8,3.00 GHz,3.90 GHz,,,8 MB,35W,,14 nm,LGA1200,1,3.0,16,DDR4,2,DDR4-2666,128 GB,no,,,Intel UHD Graphics 630,,,,2020-Q2,157,,https://www.intel.com/content/www/us/en/products/sku/199282/,1,medium,Configurable TDP-down 25W at 2.50GHz base per ARK.
Intel,Core (10th Gen),desktop,Comet Lake-S,Comet Lake,i3-10305,Intel Core i3-10305 Processor,4,4,0,8,3.80 GHz,4.50 GHz,,,8 MB,65W,,14 nm,LGA1200,1,3.0,16,DDR4,2,DDR4-2666,128 GB,no,,,Intel UHD Graphics 630,,,,2021-Q1,,,https://ark.intel.com/content/www/us/en/ark/products/201893/,1,medium,Comet Lake-S Refresh part. PCIe 3.0/16 lanes confirmed via third-party listing derived from ARK data.
Intel,Core (10th Gen),desktop,Comet Lake-S,Comet Lake,i3-10305T,Intel Core i3-10305T Processor,4,4,0,8,3.00 GHz,4.00 GHz,,,8 MB,35W,,14 nm,LGA1200,1,3.0,16,DDR4,2,DDR4-2666,128 GB,no,,,Intel UHD Graphics 630,,1.10 GHz,,2021-Q1,,,https://ark.intel.com/content/www/us/en/ark/products/201898/,1,medium,Comet Lake-S Refresh part. Configurable TDP-down 25W at 2.50GHz base.
Intel,Core (10th Gen),desktop,Comet Lake-S,Comet Lake,i3-10320,Intel Core i3-10320 Processor,4,4,0,8,3.80 GHz,4.60 GHz,,,8 MB,65W,,14 nm,LGA1200,1,3.0,16,DDR4,2,DDR4-2666,128 GB,no,,,Intel UHD Graphics 630,,,,2020-Q2,169,,https://ark.intel.com/content/www/us/en/ark/products/199280/,1,medium,Launch price sourced from ARK product page.
Intel,Core (10th Gen),desktop,Comet Lake-S,Comet Lake,i3-10325,Intel Core i3-10325 Processor,4,4,0,8,3.90 GHz,4.70 GHz,,,8 MB,65W,,14 nm,LGA1200,1,3.0,16,DDR4,2,DDR4-2666,128 GB,no,,,Intel UHD Graphics 630,,,,2021-Q1,,,https://ark.intel.com/content/www/us/en/ark/products/201889/,1,medium,Comet Lake-S Refresh part (2021 launch). Launch price not found in sources retrieved; left blank.
Intel,Core (10th Gen),desktop,Comet Lake-S,Comet Lake,i5-10400,Intel Core i5-10400 Processor,6,6,0,12,2.90 GHz,4.30 GHz,,,12 MB,65W,,14 nm,LGA1200,1,3.0,16,DDR4,2,DDR4-2666,128 GB,no,,,Intel UHD Graphics 630,,,,2020-Q2,,,https://ark.intel.com/content/www/us/en/ark/products/199271/intel-core-i5-10400-processor-12m-cache-up-to-4-30-ghz.html,1,medium,"Launch price conflicting between sources ($200 search-summary vs $148 retail 'best price'); neither independently ARK-confirmed, left blank."
Intel,Core (10th Gen),desktop,Comet Lake-S,Comet Lake,i5-10400F,Intel Core i5-10400F Processor,6,6,0,12,2.90 GHz,4.30 GHz,,,12 MB,65W,,14 nm,LGA1200,1,3.0,16,DDR4,2,DDR4-2666,128 GB,no,,,,,,,2020-Q2,,,https://ark.intel.com/content/www/us/en/ark/products/199278/intel-core-i5-10400f-processor-12m-cache-up-to-4-30-ghz.html,1,medium,No integrated graphics (F-suffix). Launch price conflicting ($173 vs $155 reported); left blank.
Intel,Core (10th Gen),desktop,Comet Lake-S,Comet Lake,i5-10400T,Intel Core i5-10400T Processor,6,6,0,12,2.00 GHz,3.60 GHz,,,12 MB,35W,,14 nm,LGA1200,1,3.0,16,DDR4,2,DDR4-2666,128 GB,no,,,Intel UHD Graphics 630,,,,2020-Q2,,,https://ark.intel.com/content/www/us/en/ark/products/199276.html,1,medium,Configurable TDP-down 25W at 1.30GHz base. Part number CM8070104290806 cited only by cpu-world.com (not tier-1); left blank pending ARK confirmation.
Intel,Core (10th Gen),desktop,Comet Lake-S,Comet Lake,i5-10500,Intel Core i5-10500 Processor,6,6,0,12,3.10 GHz,4.50 GHz,,,12 MB,65W,,14 nm,LGA1200,1,3.0,16,DDR4,2,DDR4-2666,128 GB,no,,,Intel UHD Graphics 630,,,,2020-Q2,,,https://ark.intel.com/content/www/us/en/ark/products/199277/intel-core-i5-10500-processor-12m-cache-up-to-4-50-ghz.html,1,medium,"Launch price flagged unreliable: a search summary returned an identical $211 figure for both i5-10500 and i5-10500T (likely a summarization error, not real ARK data); left blank."
Intel,Core (10th Gen),desktop,Comet Lake-S,Comet Lake,i5-10500T,Intel Core i5-10500T Processor,6,6,0,12,2.30 GHz,3.80 GHz,,,12 MB,35W,,14 nm,LGA1200,1,3.0,16,DDR4,2,DDR4-2666,128 GB,no,,,Intel UHD Graphics 630,,,,2020-Q2,,,https://ark.intel.com/content/www/us/en/ark/products/199275/intel-core-i5-10500t-processor-12m-cache-up-to-3-80-ghz.html,1,medium,Configurable TDP-down 25W at 1.70GHz base. Launch price flagged unreliable (duplicate $211 figure shared with i5-10500); left blank.
Intel,Core (10th Gen),desktop,Comet Lake-S,Comet Lake,i5-10600,Intel Core i5-10600 Processor,6,6,0,12,3.30 GHz,4.80 GHz,,,12 MB,65W,,14 nm,LGA1200,1,3.0,16,DDR4,2,DDR4-2666,128 GB,no,,,Intel UHD Graphics 630,,,,2020-Q2,,,https://ark.intel.com/content/www/us/en/ark/products/199273/intel-core-i5-10600-processor-12m-cache-up-to-4-80-ghz.html,1,high,Directly fetched ARK page. Current ARK page template no longer shows a launch-price field for this SKU; left blank.
Intel,Core (10th Gen),desktop,Comet Lake-S,Comet Lake,i5-10600K,Intel Core i5-10600K Processor,6,6,0,12,4.10 GHz,4.80 GHz,,,12 MB,125W,,14 nm,LGA1200,1,3.0,16,DDR4,2,DDR4-2666,128 GB,no,,,Intel UHD Graphics 630,,1.20 GHz,,2020-Q2,,,https://ark.intel.com/content/www/us/en/ark/products/199311/intel-core-i5-10600k-processor-12m-cache-up-to-4-80-ghz.html,1,medium,Configurable TDP-down 95W at 3.80GHz base. Max Memory Bandwidth 41.6GB/s. Launch price ($262) and spec code (SRH6R) cited only by cpu-world.com (not tier-1); left blank pending ARK confirmation.
Intel,Core (10th Gen),desktop,Comet Lake-S,Comet Lake,i5-10600KF,Intel Core i5-10600KF Processor,6,6,0,12,4.10 GHz,4.80 GHz,,,12 MB,125W,,14 nm,LGA1200,1,3.0,16,DDR4,2,DDR4-2666,128 GB,no,,,,,,,2020-Q2,,,https://ark.intel.com/content/www/us/en/ark/products/199315.html,1,high,"No integrated graphics (KF). Configurable TDP-down 95W at 3.80GHz base. PCIe 3.0/16 lanes directly confirmed on this ARK page ('Up to 1x16, 2x8, 1x8+2x4')."
Intel,Core (10th Gen),desktop,Comet Lake-S,Comet Lake,i5-10600T,Intel Core i5-10600T Processor,6,6,0,12,2.40 GHz,4.00 GHz,,,12 MB,35W,,14 nm,LGA1200,1,3.0,16,DDR4,2,DDR4-2666,128 GB,no,,,Intel UHD Graphics 630,,,,2020-Q2,,,https://ark.intel.com/content/www/us/en/ark/products/199279/intel-core-i5-10600t-processor-12m-cache-up-to-4-00-ghz.html,1,high,Configurable TDP-down 25W at 1.90GHz base. One third-party aggregator listed max turbo 3.70GHz vs ARK's 4.00GHz; ARK value used as authoritative.
Intel,Core (10th Gen),desktop,Comet Lake-S,Comet Lake,i7-10700,Intel Core i7-10700 Processor,8,8,0,16,2.90 GHz,4.80 GHz,,,16 MB,65W,,14 nm,LGA1200,1,3.0,16,DDR4,2,DDR4-2933,128 GB,no,,,Intel UHD Graphics 630,,,,2020-Q2,,,https://ark.intel.com/content/www/us/en/ark/products/199316/intel-core-i7-10700-processor-16m-cache-up-to-4-80-ghz.html,1,medium,Launch RCP not captured from ARK in this research pass; left blank rather than use unconfirmed figure.
Intel,Core (10th Gen),desktop,Comet Lake-S,Comet Lake,i7-10700F,Intel Core i7-10700F Processor,8,8,0,16,2.90 GHz,4.80 GHz,,,16 MB,65W,,14 nm,LGA1200,1,3.0,16,DDR4,2,DDR4-2933,128 GB,no,,,,,,,2020-Q2,,,https://ark.intel.com/content/www/us/en/ark/products/199318/intel-core-i7-10700f-processor-16m-cache-up-to-4-80-ghz.html,1,medium,No integrated graphics (F-suffix). Launch RCP not captured from ARK in this research pass; left blank.
Intel,Core (10th Gen),desktop,Comet Lake-S,Comet Lake,i7-10700K,Intel Core i7-10700K Processor,8,8,0,16,3.80 GHz,5.10 GHz,,,16 MB,125W,,14 nm,LGA1200,1,3.0,16,DDR4,2,DDR4-2933,128 GB,no,,,Intel UHD Graphics 630,,,,2020-Q2,421,SRH72,https://ark.intel.com/content/www/us/en/ark/products/199335/intel-core-i7-10700k-processor-16m-cache-up-to-5-10-ghz.html,1,high,Configurable TDP-down 95W at 3.50GHz base per ARK.
Intel,Core (10th Gen),desktop,Comet Lake-S,Comet Lake,i7-10700KF,Intel Core i7-10700KF Processor,8,8,0,16,3.80 GHz,5.10 GHz,,,16 MB,125W,,14 nm,LGA1200,1,3.0,16,DDR4,2,DDR4-2933,128 GB,no,,,,,,,2020-Q2,384,,https://ark.intel.com/content/www/us/en/ark/products/199325/intel-core-i7-10700kf-processor-16m-cache-up-to-5-10-ghz.html,1,high,No integrated graphics (KF). Configurable TDP-down 95W at 3.50GHz base per ARK.
Intel,Core (10th Gen),desktop,Comet Lake-S,Comet Lake,i7-10700T,Intel Core i7-10700T Processor,8,8,0,16,2.00 GHz,4.50 GHz,,,16 MB,35W,,14 nm,LGA1200,1,3.0,16,DDR4,2,DDR4-2933,128 GB,no,,,Intel UHD Graphics 630,,,,2020-Q2,355,,https://ark.intel.com/content/www/us/en/ark/products/199314/intel-core-i7-10700t-processor-16m-cache-up-to-4-50-ghz.html,1,high,Configurable TDP-down 25W at 1.30GHz base per ARK.
Intel,Core (10th Gen),desktop,Comet Lake-S,Comet Lake,i9-10850K,Intel Core i9-10850K Processor,10,10,0,20,3.60 GHz,5.20 GHz,,,20 MB,125W,,14 nm,LGA1200,1,3.0,16,DDR4,2,DDR4-2933,128 GB,no,,,Intel UHD Graphics 630,,,,2020-Q3,498,,https://ark.intel.com/content/www/us/en/ark/products/205904/intel-core-i9-10850k-processor-20m-cache-up-to-5-20-ghz.html,1,high,Configurable TDP-down 95W at 3.30GHz base per ARK. Max Turbo 5.20GHz via TVB; TB Max3.0 5.10GHz; TB2.0 5.00GHz.
Intel,Core (10th Gen),desktop,Comet Lake-S,Comet Lake,i9-10900,Intel Core i9-10900 Processor,10,10,0,20,2.80 GHz,5.20 GHz,,,20 MB,65W,,14 nm,LGA1200,1,3.0,16,DDR4,2,DDR4-2933,128 GB,no,,,Intel UHD Graphics 630,,,,2020-Q2,,,https://ark.intel.com/content/www/us/en/ark/products/199328.html,1,medium,"Turbo Boost Max 3.0 5.10GHz. Max Turbo Power (PL2, ~224W per third-party review) is not an ARK-labeled field for this SKU; left blank. Launch price ($440 third-party) not ARK-confirmed; left blank."
Intel,Core (10th Gen),desktop,Comet Lake-S,Comet Lake,i9-10900F,Intel Core i9-10900F Processor,10,10,0,20,2.80 GHz,5.20 GHz,,,20 MB,65W,,14 nm,LGA1200,1,3.0,16,DDR4,2,DDR4-2933,128 GB,no,,,,,,,2020-Q2,464,,https://ark.intel.com/content/www/us/en/ark/products/199329.html,1,high,"No integrated graphics (F-suffix). Turbo Boost Max 3.0 5.10GHz, Turbo Boost 2.0 5.00GHz per ARK."
Intel,Core (10th Gen),desktop,Comet Lake-S,Comet Lake,i9-10900K,Intel Core i9-10900K Processor,10,10,0,20,3.70 GHz,5.30 GHz,,,20 MB,125W,,14 nm,LGA1200,1,3.0,16,DDR4,2,DDR4-2933,128 GB,no,,,Intel UHD Graphics 630,,1.20 GHz,,2020-Q2,537,,https://ark.intel.com/content/www/us/en/ark/products/199332/intel-core-i9-10900k-processor-20m-cache-up-to-5-30-ghz.html,1,high,Max Turbo 5.30GHz via Thermal Velocity Boost; Turbo Boost Max 3.0 5.20GHz; Turbo Boost 2.0 5.10GHz. All-core turbo and total L2 not published as ARK line items (per-core L2 256KB is the known die spec but not an ARK field). EU count not ARK-listed.
Intel,Core (10th Gen),desktop,Comet Lake-S,Comet Lake,i9-10900KF,Intel Core i9-10900KF Processor,10,10,0,20,3.70 GHz,5.30 GHz,,,20 MB,125W,,14 nm,LGA1200,1,3.0,16,DDR4,2,DDR4-2933,128 GB,no,,,,,,,2020-Q2,,SRH92,https://ark.intel.com/content/www/us/en/ark/products/199331/intel-core-i9-10900kf-processor-20m-cache-up-to-5-30-ghz.html,1,high,No integrated graphics (KF). Launch price not independently ARK-confirmed in this pass (third-party cites ~$472); left blank rather than use unconfirmed figure.
Intel,Core (10th Gen),desktop,Comet Lake-S,Comet Lake,i9-10900T,Intel Core i9-10900T Processor,10,10,0,20,1.90 GHz,4.60 GHz,,,20 MB,35W,,14 nm,LGA1200,1,3.0,16,DDR4,2,DDR4-2933,128 GB,no,,,Intel UHD Graphics 630,,,,2020-Q2,483,,https://ark.intel.com/content/www/us/en/ark/products/199324/intel-core-i9-10900t-processor-20m-cache-up-to-4-60-ghz.html,1,high,"Configurable TDP-down 25W at 1.20GHz base per ARK. Turbo Boost Max 3.0 4.60GHz, TB2.0 4.50GHz."
Intel,Core (13th Gen),desktop,Raptor Lake-S,Raptor Lake,Core i3-13100,Intel Core i3-13100 Processor,4,4,0,8,3.40 GHz,4.50 GHz,,5 MB,12 MB,60W,110W,Intel 7,LGA1700,1,5.0 and 4.0,20,DDR5,2,DDR5-4800,192,no,,,Intel UHD Graphics 730,24,1.50 GHz,,2023-Q1,134,,https://www.intel.com/content/www/us/en/products/sku/230575/intel-core-i313100-processor-12m-cache-up-to-4-50-ghz/specifications.html,1,high,"No E-cores. RCP reported $134-$144; used low end. Also supports DDR4-3200. Re-verified this session: base power 60W, turbo power 110W (resolves an earlier ambiguous 69W figure which actually belongs to i3-13100T). Part number/all_core_boost not published on ARK page for this SKU."
Intel,Core (13th Gen),desktop,Raptor Lake-S,Raptor Lake,Core i3-13100F,Intel Core i3-13100F Processor,4,4,0,8,3.40 GHz,4.50 GHz,,5 MB,12 MB,58W,110W,Intel 7,LGA1700,1,5.0 and 4.0,20,DDR5,2,DDR5-4800,192,no,,,,,,,2023-Q1,109,,https://www.intel.com/content/www/us/en/products/sku/230576/intel-core-i313100f-processor-12m-cache-up-to-4-50-ghz/specifications.html,1,high,"No iGPU (F suffix). No E-cores. RCP reported $109-$119; used low end. Also supports DDR4-3200. Corrected this session: max turbo frequency initially mis-recorded as 4.20GHz (transposed with i3-13100T); re-verified against ARK page headline as 4.50GHz. Base power 58W (1W lower than non-F i3-13100's 60W) confirmed via anchored read -- genuine minor spec difference, not an error. Part number/all_core_boost not published on ARK page for this SKU."
Intel,Core (13th Gen),desktop,Raptor Lake-S,Raptor Lake,Core i3-13100T,Intel Core i3-13100T Processor,4,4,0,8,2.50 GHz,4.20 GHz,,5 MB,12 MB,35W,69W,Intel 7,LGA1700,1,5.0 and 4.0,20,DDR5,2,DDR5-4800,192,no,,,Intel UHD Graphics 730,24,1.50 GHz,,2023-Q1,134,,https://www.intel.com/content/www/us/en/products/sku/230579/intel-core-i313100t-processor-12m-cache-up-to-4-20-ghz/specifications.html,1,high,No E-cores. Also supports DDR4-3200. Corrected this session: max turbo frequency initially mis-recorded as 4.50GHz (transposed with i3-13100F); re-verified against ARK page headline as 4.20GHz. Turbo power 69W confirmed via anchored read. Part number/all_core_boost not published on ARK page for this SKU.
Intel,Core (13th Gen),desktop,Raptor Lake-S,Raptor Lake,Core i5-13400,Intel Core i5-13400 Processor,10,6,4,16,2.50 GHz,4.60 GHz,,9.5 MB,20 MB,65W,148W,Intel 7,LGA1700,1,5.0 and 4.0,20,DDR5,2,DDR5-4800,192,no,,,Intel UHD Graphics 730,24,1.55 GHz,,2023-Q1,221,,https://www.intel.com/content/www/us/en/products/sku/230495/intel-core-i513400-processor-20m-cache-up-to-4-60-ghz/specifications.html,1,high,"E-core base 1.80GHz, E-core max turbo 3.30GHz. RCP reported $221-$231; used low end. Also supports DDR4-3200. Part number/all_core_boost not published on ARK page for this SKU."
Intel,Core (13th Gen),desktop,Raptor Lake-S,Raptor Lake,Core i5-13400F,Intel Core i5-13400F Processor,10,6,4,16,2.50 GHz,4.60 GHz,,9.5 MB,20 MB,65W,148W,Intel 7,LGA1700,1,5.0 and 4.0,20,DDR5,2,DDR5-4800,192,no,,,,,,,2023-Q1,196,,https://www.intel.com/content/www/us/en/products/sku/230501/intel-core-i513400f-processor-20m-cache-up-to-4-60-ghz/specifications.html,1,high,"No iGPU (F suffix). E-core base 1.80GHz, E-core max turbo 3.30GHz. RCP reported $196-$206; used low end. Also supports DDR4-3200. Corrected this session: an initial mis-extraction had wrongly recorded cache/power/clock values from an adjacent SKU block; re-verified against anchored ARK Processor-Number marker to match expected i5-13400 sibling pattern (20MB/9.5MB/65W/148W/4.60GHz)."
Intel,Core (13th Gen),desktop,Raptor Lake-S,Raptor Lake,Core i5-13400T,Intel Core i5-13400T Processor,10,6,4,16,1.30 GHz,4.60 GHz,,9.5 MB,20 MB,35W,82W,Intel 7,LGA1700,1,5.0 and 4.0,20,DDR5,2,DDR5-4800,192,no,,,Intel UHD Graphics 730,24,1.55 GHz,,2023-Q1,221,,https://www.intel.com/content/www/us/en/products/sku/230577/intel-core-i513400t-processor-20m-cache-up-to-4-60-ghz/specifications.html,1,high,"E-core base 1.00GHz, E-core max turbo 3.30GHz. T-suffix (thermal spec PCG2020D vs non-T's PCG2020C). Also supports DDR4-3200. Part number/all_core_boost not published on ARK page for this SKU."
Intel,Core (13th Gen),desktop,Raptor Lake-S,Raptor Lake,Core i5-13500,Intel Core i5-13500 Processor,14,6,8,20,2.50 GHz,4.80 GHz,,11.5 MB,24 MB,65W,154W,Intel 7,LGA1700,1,5.0,20,DDR5,2,DDR5-4800,128,no,,,Intel UHD Graphics 770,32,1.55 GHz,,2023-Q1,232,BX8071513500,https://ark.intel.com/content/www/us/en/ark/products/230580/intel-core-i5-13500-processor-24m-cache-up-to-4-80-ghz.html,1,high,RCP reported $232-$242; used lower figure. Also supports DDR4-3200. Tray part number not found. PCIe 5.0+4.0 config 1x16+4 or 2x8+4.
Intel,Core (13th Gen),desktop,Raptor Lake-S,Raptor Lake,Core i5-13500T,Intel Core i5-13500T Processor,14,6,8,20,1.60 GHz,4.60 GHz,,11.5 MB,24 MB,35W,92W,Intel 7,LGA1700,1,5.0,20,DDR5,2,DDR5-4800,128,no,,,Intel UHD Graphics 770,32,1.55 GHz,,2023-Q1,232,CM8071505092901,https://ark.intel.com/content/www/us/en/ark/products/230578/intel-core-i5-13500t-processor-24m-cache-up-to-4-60-ghz.html,1,high,"Only tray/OEM part number found (CM8071505092901); boxed part not found, likely OEM-only SKU. Also supports DDR4-3200. PCIe 5.0+4.0 config 1x16+4 or 2x8+4."
Intel,Core (13th Gen),desktop,Raptor Lake-S,Raptor Lake,Core i5-13600,Intel Core i5-13600 Processor,14,6,8,20,2.70 GHz,5.00 GHz,,11.5 MB,24 MB,65W,154W,Intel 7,LGA1700,1,5.0,20,DDR5,2,DDR5-4800,192,no,,,Intel UHD Graphics 770,32,,,2023-Q1,255,BX8071513600,https://ark.intel.com/content/www/us/en/ark/products/230574/intel-core-i513600-processor-24m-cache-up-to-5-00-ghz.html,1,medium,Also supports DDR4-3200. Tray part number not found. igpu_clock not confirmed for this exact SKU (left blank). PCIe 5.0+4.0 config 1x16+4 or 2x8+4.
Intel,Core (13th Gen),desktop,Raptor Lake-S,Raptor Lake,Core i5-13600K,Intel Core i5-13600K Processor,14,6,8,20,3.50 GHz,5.10 GHz,,20 MB,24 MB,125W,181W,Intel 7,LGA1700,1,5.0,20,DDR5,2,DDR5-5600,,no,,,Intel UHD Graphics 770,32,1.50 GHz,,2022-Q4,319,BX8071513600K / CM8071504821005,https://ark.intel.com/content/www/us/en/ark/products/230493/intel-core-i5-13600k-processor-24m-cache-up-to-5-10-ghz.html,1,high,Also supports DDR4-3200. Max memory capacity not confirmed for this exact SKU (left blank rather than assume vs conflicting sibling values of 128/192GB). PCIe 5.0+4.0 config 1x16+4 or 2x8+4.
Intel,Core (13th Gen),desktop,Raptor Lake-S,Raptor Lake,Core i5-13600KF,Intel Core i5-13600KF Processor,14,6,8,20,3.50 GHz,5.10 GHz,,20 MB,24 MB,125W,181W,Intel 7,LGA1700,1,5.0 and 4.0,20,DDR5,2,DDR5-5600,192,no,,,,,,,2022-Q4,294,,https://www.intel.com/content/www/us/en/products/sku/230494/intel-core-i513600kf-processor-24m-cache-up-to-5-10-ghz/specifications.html,1,high,"No iGPU (KF suffix). E-core base 2.60GHz, E-core max turbo 3.90GHz. RCP reported $294-$304; used low end. Also supports DDR4-3200. Part number field not exposed on fetched ARK page (only Processor Number = model name shown); all_core_boost not published by ARK for this SKU."
Intel,Core (13th Gen),desktop,Raptor Lake-S,Raptor Lake,Core i5-13600T,Intel Core i5-13600T Processor,14,6,8,20,1.80 GHz,4.80 GHz,,11.5 MB,24 MB,35W,92W,Intel 7,LGA1700,1,5.0,20,DDR5,2,DDR5-4800,192,no,,,Intel UHD Graphics 770,32,1.55 GHz,,2023-Q1,255,,https://ark.intel.com/content/www/us/en/ark/products/230573/intel-core-i513600t-processor-24m-cache-up-to-4-80-ghz.html,1,high,"Directly fetched full ARK page for this SKU (L2 11.5MB, base power 35W, PCIe 5.0/4.0 20 lanes 1x16+4/2x8+4, socket FCLGA1700, max mem 192GB, DDR5-4800/DDR4-3200, igpu max dynamic freq 1.55GHz, launch Q1'23 all confirmed directly). ARK page did not display a public price; $255 confirmed via secondary source. Part number not found."
Intel,Core (13th Gen),desktop,Raptor Lake-S,Raptor Lake,Core i7-13700,Intel Core i7-13700 Processor,16,8,8,24,2.10 GHz,5.20 GHz,5.20 GHz,24 MB,30 MB,65W,219W,Intel 7,LGA1700,1,5.0 and 4.0,20,DDR5,2,DDR5-5600,192,no,,,Intel UHD Graphics 770,32,1.60 GHz,,2023-Q1,384,BX8071513700,https://www.intel.com/content/www/us/en/products/sku/230490/intel-core-i713700-processor-30m-cache-up-to-5-20-ghz/specifications.html,1,high,"P-core max turbo 5.10GHz, E-core max turbo 4.10GHz. iGPU 32 EU, base 300MHz, max dynamic 1.60GHz. RCP reported $384-$394 depending on source. mem_max_capacity: conflicting values (128GB vs 192GB) seen in different passes for this SKU; used 192GB from more detailed pass, flagged."
Intel,Core (13th Gen),desktop,Raptor Lake-S,Raptor Lake,Core i7-13700F,Intel Core i7-13700F Processor,16,8,8,24,2.10 GHz,5.20 GHz,,24 MB,30 MB,65W,219W,Intel 7,LGA1700,1,5.0 and 4.0,20,DDR5,2,DDR5-5600,128,no,,,,,,,2023-Q1,359,BX8071513700F / CM8071504820806,https://ark.intel.com/content/www/us/en/ark/products/230491/intel-core-i7-13700f-processor-30m-cache-up-to-5-20-ghz.html,1,high,"No iGPU (F-suffix). RCP reported $359-$369; used lower/tray figure. Also supports DDR4-3200. PCIe 5.0+4.0, config 1x16+4 or 2x8+4."
Intel,Core (13th Gen),desktop,Raptor Lake-S,Raptor Lake,Core i7-13700K,Intel Core i7-13700K Processor,16,8,8,24,3.40 GHz,5.40 GHz,,24 MB,30 MB,125W,253W,Intel 7,LGA1700,1,5.0 and 4.0,20,DDR5,2,DDR5-5600,128,no,,,Intel UHD Graphics 770,32,1.60 GHz,,2022-Q4,409,BX8071513700K / CM8071504820705,https://ark.intel.com/content/www/us/en/ark/products/230500/intel-core-i713700k-processor-30m-cache-up-to-5-40-ghz.html,1,high,"Also supports DDR4-3200. PCIe 5.0+4.0 config 1x16+4 or 2x8+4. iGPU max dynamic clock (1.60GHz) confirmed via secondary source, not directly re-fetched from ARK for this exact SKU."
Intel,Core (13th Gen),desktop,Raptor Lake-S,Raptor Lake,Core i7-13700KF,Intel Core i7-13700KF Processor,16,8,8,24,3.40 GHz,5.40 GHz,,24 MB,30 MB,125W,253W,Intel 7,LGA1700,1,5.0 and 4.0,20,DDR5,2,DDR5-5600,128,no,,,,,,,2022-Q4,384,BX8071513700KF,https://ark.intel.com/content/www/us/en/ark/products/230489/intel-core-i7-13700kf-processor-30m-cache-up-to-5-40-ghz.html,1,high,No iGPU (KF-suffix). Tray part number not found. Also supports DDR4-3200. PCIe 5.0+4.0 config 1x16+4 or 2x8+4.
Intel,Core (13th Gen),desktop,Raptor Lake-S,Raptor Lake,Core i7-13700T,Intel Core i7-13700T Processor,16,8,8,24,1.40 GHz,4.90 GHz,4.90 GHz,24 MB,30 MB,35W,106W,Intel 7,LGA1700,1,5.0,20,DDR5,2,DDR5-5600,128,no,,,Intel UHD Graphics 770,32,1.60 GHz,,2023-Q1,384,BX8071513700T,https://ark.intel.com/content/www/us/en/ark/products/230492/intel-core-i7-13700t-processor-30m-cache-up-to-4-90-ghz.html,1,medium,"P-core max turbo 4.80GHz, E-core max turbo 3.60GHz. Also supports DDR4-3200. One tier-2 source claimed ECC RAM support -- treated as non-authoritative; ecc=no per convention."
Intel,Core (13th Gen),desktop,Raptor Lake-S,Raptor Lake,Core i9-13900,Intel Core i9-13900 Processor,24,8,16,32,2.00 GHz,5.60 GHz,5.50 GHz,32 MB,36 MB,65W,219W,Intel 7,LGA1700,1,5.0,20,DDR5,2,DDR5-5600,128,no,,,Intel UHD Graphics 770,32,,,2023-Q1,549,BX8071513900,https://ark.intel.com/content/www/us/en/ark/products/230499/intel-core-i9-13900-processor-36m-cache-up-to-5-60-ghz.html,1,medium,"RCP reported $549-$579 across sources; used $549. Also supports DDR4-3200. igpu_clock not confirmed for this exact SKU. mem_max_capacity=128GB per ARK; sibling F/K/KF/KS variants show 192GB -- possible ARK per-SKU memory qualification difference, flagged as unresolved conflict."
Intel,Core (13th Gen),desktop,Raptor Lake-S,Raptor Lake,Core i9-13900F,Intel Core i9-13900F Processor,24,8,16,32,2.00 GHz,5.60 GHz,5.50 GHz,32 MB,36 MB,65W,219W,Intel 7,LGA1700,1,5.0,20,DDR5,2,DDR5-5600,192,no,,,,,,,2023-Q1,524,BX8071513900F,https://ark.intel.com/content/www/us/en/ark/products/230502/intel-core-i9-13900f-processor-36m-cache-up-to-5-60-ghz.html,1,medium,"No integrated graphics (F suffix). RCP reported $524-$554; used low end. Launch date inferred from sibling non-K wave, not independently confirmed for this exact SKU. Also supports DDR4-3200."
Intel,Core (13th Gen),desktop,Raptor Lake-S,Raptor Lake,Core i9-13900K,Intel Core i9-13900K Processor,24,8,16,32,3.00 GHz,5.80 GHz,5.70 GHz,32 MB,36 MB,125W,253W,Intel 7,LGA1700,1,5.0 and 4.0,20,DDR5,2,DDR5-5600,192,no,,,Intel UHD Graphics 770,32,1.65 GHz,,2022-Q4,589,BX8071513900K,https://www.intel.com/content/www/us/en/products/sku/230496/intel-core-i913900k-processor-36m-cache-up-to-5-80-ghz/specifications.html,1,high,"Directly fetched ARK page. P-core max turbo 5.40GHz, E-core max turbo 4.30GHz. PCIe config up to 1x16+4 or 2x8+4. iGPU base clock 300MHz. ARK's 'ECC Memory Supported' field literally shows Yes (client-part UDIMM addressing quirk, not an officially validated ECC platform); ecc set to no per task convention. Also supports DDR4-3200. Cross-checked vs TechPowerUp: cores/TDP/boost match (24C/32T, 125W/253W, 5.8GHz)."
Intel,Core (13th Gen),desktop,Raptor Lake-S,Raptor Lake,Core i9-13900KF,Intel Core i9-13900KF Processor,24,8,16,32,3.00 GHz,5.80 GHz,5.70 GHz,32 MB,36 MB,125W,253W,Intel 7,LGA1700,1,5.0 and 4.0,20,DDR5,2,DDR5-5600,192,no,,,,,,,2022-Q4,574,BX8071513900KF,https://www.intel.com/content/www/us/en/products/sku/230497/intel-core-i913900kf-processor-36m-cache-up-to-5-80-ghz/specifications.html,1,high,"No integrated graphics (KF suffix). Boxed RCP $574 (SRMBJ); tray RCP $564 (CM8071505094012). PCIe/lane values inherited from same platform as 13900K, not independently re-fetched. Also supports DDR4-3200. P-core max turbo 5.40GHz, E-core max turbo 4.30GHz."
Intel,Core (13th Gen),desktop,Raptor Lake-S,Raptor Lake,Core i9-13900KS,Intel Core i9-13900KS Processor,24,8,16,32,3.20 GHz,6.00 GHz,5.80 GHz,32 MB,36 MB,150W,253W,Intel 7,LGA1700,1,5.0,20,DDR5,2,DDR5-5600,192,no,,,Intel UHD Graphics 770,32,,,2023-Q1,689,BX8071513900KS,https://ark.intel.com/content/www/us/en/ark/products/232167.html,1,medium,"P-core max turbo 5.40GHz, E-core max turbo 4.30GHz. TechPowerUp notes an unofficial 320W 'Extreme Power Delivery Profile' enabled by default on many boards (real-world), vs ARK's official Maximum Turbo Power of 253W -- flagged disagreement (board-vendor behavior, not ARK error). igpu_clock and exact EU count not individually re-confirmed for this SKU (32 EU assumed per family pattern, left value but flag). RCP also reported as $699/$700 by some retailers."
Intel,Core (13th Gen),desktop,Raptor Lake-S,Raptor Lake,Core i9-13900T,Intel Core i9-13900T Processor,24,8,16,32,1.10 GHz,5.30 GHz,,32 MB,36 MB,35W,106W,Intel 7,LGA1700,1,5.0,20,DDR5,2,DDR5-5600,,no,,,Intel UHD Graphics 770,,,,2023-Q1,549,,https://ark.intel.com/content/www/us/en/ark/products/230498/intel-core-i913900t-processor-36m-cache-up-to-5-30-ghz.html,1,medium,"P-core max turbo 5.10GHz; E-core max turbo 3.90GHz; E-core base 0.80GHz. Also supports DDR4-3200. igpu EU count/clock, mem_max_capacity, and part number not independently re-verified this session; left blank rather than assume vs conflicting family values."
Intel,Core (14th Gen),desktop,Raptor Lake-S Refresh,Raptor Lake Refresh,i3-14100,Intel Core i3-14100 Processor,4,4,0,8,3.50 GHz,4.70 GHz,,5 MB,12 MB,60W,110W,Intel 7,LGA1700,1,5.0,20,DDR5,2,DDR5-4800,192 GB,no,,,Intel UHD Graphics 730,24 EU,,,2024-Q1,134,,https://www.intel.com/content/www/us/en/products/sku/236774/intel-core-i3-processor-14100-12m-cache-up-to-4-70-ghz/specifications.html,1,high,4 physical P-cores enabled (die has 6 Golden Cove cores cut down); no E-cores.
Intel,Core (14th Gen),desktop,Raptor Lake-S Refresh,Raptor Lake Refresh,i3-14100F,Intel Core i3-14100F Processor,4,4,0,8,3.50 GHz,4.70 GHz,,5 MB,12 MB,58W,110W,Intel 7,LGA1700,1,5.0,20,DDR5,2,DDR5-4800,192 GB,no,,,,,,,2024-Q1,109,,https://www.intel.com/content/www/us/en/products/sku/236786/intel-core-i3-processor-14100f-12m-cache-up-to-4-70-ghz/specifications.html,1,high,F-suffix: no iGPU.
Intel,Core (14th Gen),desktop,Raptor Lake-S Refresh,Raptor Lake Refresh,i3-14100T,Intel Core i3-14100T Processor,4,4,0,8,2.70 GHz,4.40 GHz,,5 MB,12 MB,35W,69W,Intel 7,LGA1700,1,5.0,20,DDR5,2,DDR5-4800,192 GB,no,,,Intel UHD Graphics 730,24 EU,,,2024-Q1,134,,https://www.intel.com/content/www/us/en/products/sku/236775/intel-core-i3-processor-14100t-12m-cache-up-to-4-40-ghz/specifications.html,1,high,
Intel,Core (14th Gen),desktop,Raptor Lake-S Refresh,Raptor Lake Refresh,i5-14400,Intel Core i5-14400 Processor,10,6,4,16,2.50 GHz,4.70 GHz,,9.5 MB,20 MB,65W,148W,Intel 7,LGA1700,1,5.0,20,DDR5,2,DDR5-4800,192 GB,no,,,Intel UHD Graphics 730,24 EU,,,2024-Q1,221,,https://www.intel.com/content/www/us/en/products/sku/236788/intel-core-i5-processor-14400-20m-cache-up-to-4-70-ghz/specifications.html,1,high,
Intel,Core (14th Gen),desktop,Raptor Lake-S Refresh,Raptor Lake Refresh,i5-14400F,Intel Core i5-14400F Processor,10,6,4,16,2.50 GHz,4.70 GHz,,9.5 MB,20 MB,65W,148W,Intel 7,LGA1700,1,5.0,20,DDR5,2,DDR5-4800,192 GB,no,,,,,,,2024-Q1,196,,https://www.intel.com/content/www/us/en/products/sku/236777/intel-core-i5-processor-14400f-20m-cache-up-to-4-70-ghz/specifications.html,1,high,F-suffix: no iGPU (UHD 730/24EU disabled).
Intel,Core (14th Gen),desktop,Raptor Lake-S Refresh,Raptor Lake Refresh,i5-14400T,Intel Core i5-14400T Processor,10,6,4,16,1.50 GHz,4.50 GHz,,9.5 MB,20 MB,35W,82W,Intel 7,LGA1700,1,5.0,20,DDR5,2,DDR5-4800,192 GB,no,,,Intel UHD Graphics 730,24 EU,,,2024-Q1,221,,https://www.intel.com/content/www/us/en/products/sku/236790/intel-core-i5-processor-14400t-20m-cache-up-to-4-50-ghz/specifications.html,1,high,
Intel,Core (14th Gen),desktop,Raptor Lake-S Refresh,Raptor Lake Refresh,i5-14500,Intel Core i5-14500 Processor,14,6,8,20,2.60 GHz,5.00 GHz,,11.5 MB,24 MB,65W,154W,Intel 7,LGA1700,1,5.0,20,DDR5,2,DDR5-4800,192 GB,no,,,Intel UHD Graphics 770,32 EU,,,2024-Q1,232,BX8071514500,https://www.intel.com/content/www/us/en/products/sku/236784/intel-core-i5-processor-14500-24m-cache-up-to-5-00-ghz/specifications.html,1,high,Total L2 Cache is 11.5MB (lower than 14600's 20MB) per ARK despite same 6P+8E/24MB-L3 config - confirmed directly on ARK product page.
Intel,Core (14th Gen),desktop,Raptor Lake-S Refresh,Raptor Lake Refresh,i5-14500T,Intel Core i5-14500T Processor,14,6,8,20,1.70 GHz,4.80 GHz,,11.5 MB,24 MB,35W,92W,Intel 7,LGA1700,1,5.0,20,DDR5,2,DDR5-4800,192 GB,no,,,Intel UHD Graphics 770,32 EU,,,2024-Q1,232,,https://www.intel.com/content/www/us/en/products/sku/236780/intel-core-i5-processor-14500t-24m-cache-up-to-4-80-ghz/specifications.html,1,high,
Intel,Core (14th Gen),desktop,Raptor Lake-S Refresh,Raptor Lake Refresh,i5-14600,Intel Core i5-14600 Processor,14,6,8,20,2.70 GHz,5.20 GHz,,20 MB,24 MB,65W,154W,Intel 7,LGA1700,1,5.0,20,DDR5,2,DDR5-5600,192 GB,no,,,Intel UHD Graphics 770,32 EU,,,2024-Q1,,,https://www.intel.com/content/www/us/en/products/sku/236845/intel-core-i5-processor-14600-24m-cache-up-to-5-20-ghz/specifications.html,1,medium,"Cache/L2 inferred from identical 24M-cache die shared with 14600K/KF/T; launch price not found in tier-1 excerpt - left blank, see gaps."
Intel,Core (14th Gen),desktop,Raptor Lake-S Refresh,Raptor Lake Refresh,i5-14600K,Intel Core i5-14600K Processor,14,6,8,20,3.50 GHz,5.30 GHz,,20 MB,24 MB,125W,181W,Intel 7,LGA1700,1,5.0,20,DDR5,2,DDR5-5600,192 GB,no,,,Intel UHD Graphics 770,32 EU,,,2023-Q4,319,BX8071514600K,https://www.intel.com/content/www/us/en/products/sku/236799/intel-core-i5-processor-14600k-24m-cache-up-to-5-30-ghz/specifications.html,1,high,
Intel,Core (14th Gen),desktop,Raptor Lake-S Refresh,Raptor Lake Refresh,i5-14600KF,Intel Core i5-14600KF Processor,14,6,8,20,3.50 GHz,5.30 GHz,,20 MB,24 MB,125W,181W,Intel 7,LGA1700,1,5.0,20,DDR5,2,DDR5-5600,192 GB,no,,,,,,,2023-Q4,294,,https://www.intel.com/content/www/us/en/products/sku/236778/intel-core-i5-processor-14600kf-24m-cache-up-to-5-30-ghz/specifications.html,1,high,F-suffix: no iGPU.
Intel,Core (14th Gen),desktop,Raptor Lake-S Refresh,Raptor Lake Refresh,i5-14600T,Intel Core i5-14600T Processor,14,6,8,20,1.80 GHz,5.10 GHz,,20 MB,24 MB,35W,92W,Intel 7,LGA1700,1,5.0,20,DDR5,2,DDR5-5600,192 GB,no,,,Intel UHD Graphics 770,32 EU,,,2024-Q1,255,,https://www.intel.com/content/www/us/en/products/sku/236782/intel-core-i5-processor-14600t-24m-cache-up-to-5-10-ghz/specifications.html,1,high,
Intel,Core (14th Gen),desktop,Raptor Lake-S Refresh,Raptor Lake Refresh,i7-14700,Intel Core i7-14700 Processor,20,8,12,28,2.10 GHz,5.40 GHz,,28 MB,33 MB,65W,219W,Intel 7,LGA1700,1,5.0,20,DDR5,2,DDR5-5600,192 GB,no,,,Intel UHD Graphics 770,32 EU,,,2024-Q1,,,https://www.intel.com/content/www/us/en/products/sku/236781/intel-core-i7-processor-14700-33m-cache-up-to-5-40-ghz/specifications.html,1,medium,"Core/cache config cross-checked vs sibling 14700F (identical 33M cache, 28MB L2); launch price not found in tier-1 excerpt - left blank, see gaps."
Intel,Core (14th Gen),desktop,Raptor Lake-S Refresh,Raptor Lake Refresh,i7-14700F,Intel Core i7-14700F Processor,20,8,12,28,2.10 GHz,5.40 GHz,,28 MB,33 MB,65W,219W,Intel 7,LGA1700,1,5.0,20,DDR5,2,DDR5-5600,192 GB,no,,,,,,,2024-Q1,359,,https://www.intel.com/content/www/us/en/products/sku/236854/intel-core-i7-processor-14700f-33m-cache-up-to-5-40-ghz/specifications.html,1,high,F-suffix: no iGPU.
Intel,Core (14th Gen),desktop,Raptor Lake-S Refresh,Raptor Lake Refresh,i7-14700K,Intel Core i7-14700K Processor,20,8,12,28,3.40 GHz,5.60 GHz,,28 MB,33 MB,125W,253W,Intel 7,LGA1700,1,5.0,20,DDR5,2,DDR5-5600,192 GB,no,,,Intel UHD Graphics 770,32 EU,,,2023-Q4,409,BX8071514700K,https://www.intel.com/content/www/us/en/products/sku/236783/intel-core-i7-processor-14700k-33m-cache-up-to-5-60-ghz/specifications.html,1,high,
Intel,Core (14th Gen),desktop,Raptor Lake-S Refresh,Raptor Lake Refresh,i7-14700KF,Intel Core i7-14700KF Processor,20,8,12,28,3.40 GHz,5.60 GHz,,28 MB,33 MB,125W,253W,Intel 7,LGA1700,1,5.0,20,DDR5,2,DDR5-5600,192 GB,no,,,,,,,2023-Q4,384,,https://www.intel.com/content/www/us/en/products/sku/236789/intel-core-i7-processor-14700kf-33m-cache-up-to-5-60-ghz/specifications.html,1,high,F-suffix: no iGPU.
Intel,Core (14th Gen),desktop,Raptor Lake-S Refresh,Raptor Lake Refresh,i7-14700T,Intel Core i7-14700T Processor,20,8,12,28,1.30 GHz,5.20 GHz,,28 MB,33 MB,35W,106W,Intel 7,LGA1700,1,5.0,20,DDR5,2,DDR5-5600,192 GB,no,,,Intel UHD Graphics 770,32 EU,,,2024-Q1,384,,https://www.intel.com/content/www/us/en/products/sku/236794/intel-core-i7-processor-14700t-33m-cache-up-to-5-20-ghz/specifications.html,1,high,
Intel,Core (14th Gen),desktop,Raptor Lake-S Refresh,Raptor Lake Refresh,i9-14900,Intel Core i9-14900 Processor,24,8,16,32,2.00 GHz,5.80 GHz,,32 MB,36 MB,65W,219W,Intel 7,LGA1700,1,5.0,20,DDR5,2,DDR5-5600,192 GB,no,,,Intel UHD Graphics 770,32 EU,,,2024-Q1,,,https://www.intel.com/content/www/us/en/products/sku/236793/intel-core-i9-processor-14900-36m-cache-up-to-5-80-ghz/specifications.html,1,medium,"L2/mem_speed inferred from identical die/family (14900F/14900T confirmed 32MB L2, DDR5-5600); launch price not found in tier-1 excerpt - left blank, see gaps."
Intel,Core (14th Gen),desktop,Raptor Lake-S Refresh,Raptor Lake Refresh,i9-14900F,Intel Core i9-14900F Processor,24,8,16,32,2.00 GHz,5.80 GHz,,32 MB,36 MB,65W,219W,Intel 7,LGA1700,1,5.0,20,DDR5,2,DDR5-5600,192 GB,no,,,,,,,2024-Q1,524,,https://www.intel.com/content/www/us/en/products/sku/236853/intel-core-i9-processor-14900f-36m-cache-up-to-5-80-ghz/specifications.html,1,high,F-suffix: no iGPU.
Intel,Core (14th Gen),desktop,Raptor Lake-S Refresh,Raptor Lake Refresh,i9-14900K,Intel Core i9-14900K Processor,24,8,16,32,3.20 GHz,6.00 GHz,,32 MB,36 MB,125W,253W,Intel 7,LGA1700,1,5.0,20,DDR5,2,DDR5-5600,192 GB,no,,,Intel UHD Graphics 770,32 EU,,,2023-Q4,589,BX8071514900K,https://www.intel.com/content/www/us/en/products/sku/236773/intel-core-i9-processor-14900k-36m-cache-up-to-6-00-ghz/specifications.html,1,high,PCIe 4.0 secondary supported; DDR4-3200 also supported.
Intel,Core (14th Gen),desktop,Raptor Lake-S Refresh,Raptor Lake Refresh,i9-14900KF,Intel Core i9-14900KF Processor,24,8,16,32,3.20 GHz,6.00 GHz,,32 MB,36 MB,125W,253W,Intel 7,LGA1700,1,5.0,20,DDR5,2,DDR5-5600,192 GB,no,,,,,,,2023-Q4,564,BX8071514900KF,https://www.intel.com/content/www/us/en/products/sku/236787/intel-core-i9-processor-14900kf-36m-cache-up-to-6-00-ghz/specifications.html,1,high,F-suffix: no iGPU. PCIe 4.0 secondary; DDR4-3200 also supported.
Intel,Core (14th Gen),desktop,Raptor Lake-S Refresh,Raptor Lake Refresh,i9-14900KS,Intel Core i9-14900KS Processor,24,8,16,32,3.20 GHz,6.20 GHz,,32 MB,36 MB,150W,253W,Intel 7,LGA1700,1,5.0,20,DDR5,2,DDR5-5600,192 GB,no,,,Intel UHD Graphics 770,32 EU,,,2024-Q1,689,BX8071514900KS,https://www.intel.com/content/www/us/en/products/sku/237504/intel-core-i9-processor-14900ks-36m-cache-up-to-6-20-ghz/specifications.html,1,medium,"L2/mem_speed inferred from identical 8P+16E die shared with 14900K/KF (not independently displayed in search excerpt); TDP/boost independently confirmed 150W/253W, 6.2GHz."
Intel,Core (14th Gen),desktop,Raptor Lake-S Refresh,Raptor Lake Refresh,i9-14900T,Intel Core i9-14900T Processor,24,8,16,32,1.10 GHz,5.50 GHz,,32 MB,36 MB,35W,106W,Intel 7,LGA1700,1,5.0,20,DDR5,2,DDR5-5600,192 GB,no,,,Intel UHD Graphics 770,32 EU,,,2024-Q1,549,,https://www.intel.com/content/www/us/en/products/sku/236791/intel-core-i9-processor-14900t-36m-cache-up-to-5-50-ghz/specifications.html,1,high,
Intel,Core (11th Gen),desktop,Rocket Lake-S,Rocket Lake,Core i5-11400,Intel Core i5-11400 Processor,6,6,0,12,2.60 GHz,4.40 GHz,,3 MB,12 MB,65W,,14nm,LGA1200,1,4.0,20,DDR4,2,DDR4-3200,128 GB,no,,,Intel UHD Graphics 730,24,,,2021-Q1,200,,https://ark.intel.com/content/www/us/en/ark/products/212270.html,1,medium,Recommended Customer Price reported as $200 by search snippet; some retail/third-party sources cite ~$182. Flagged for cross-check - used ARK-reported figure but confidence downgraded to medium pending direct page confirmation.
Intel,Core (11th Gen),desktop,Rocket Lake-S,Rocket Lake,Core i5-11400F,Intel Core i5-11400F Processor,6,6,0,12,2.60 GHz,4.40 GHz,,3 MB,12 MB,65W,,14nm,LGA1200,1,4.0,20,DDR4,2,DDR4-3200,128 GB,no,,,,,,,2021-Q1,173,,https://www.intel.com/content/www/us/en/products/sku/212271/intel-core-i511400f-processor-12m-cache-up-to-4-40-ghz/specifications.html,1,high,F-suffix: no iGPU. ARK price range reported as $173-$183; used low end.
Intel,Core (11th Gen),desktop,Rocket Lake-S,Rocket Lake,Core i5-11400T,Intel Core i5-11400T Processor,6,6,0,12,1.30 GHz,3.70 GHz,,3 MB,12 MB,35W,,14nm,LGA1200,1,4.0,20,DDR4,2,DDR4-3200,128 GB,no,,,Intel UHD Graphics 730,24,,,2021-Q1,,,https://ark.intel.com/content/www/us/en/ark/products/212273/intel-core-i5-11400t-processor-12m-cache-up-to-3-70-ghz.html,1,medium,"Launch price search result matched i5-11400 non-T exactly - suspected duplication artifact, left blank pending direct ARK confirmation."
Intel,Core (11th Gen),desktop,Rocket Lake-S,Rocket Lake,Core i5-11500,Intel Core i5-11500 Processor,6,6,0,12,2.70 GHz,4.60 GHz,,3 MB,12 MB,65W,,14nm,LGA1200,1,4.0,20,DDR4,2,DDR4-3200,128 GB,no,,,Intel UHD Graphics 750,32,,,2021-Q1,211,,https://www.intel.com/content/www/us/en/products/sku/212277/intel-core-i511500-processor-12m-cache-up-to-4-60-ghz/specifications.html,1,high,
Intel,Core (11th Gen),desktop,Rocket Lake-S,Rocket Lake,Core i5-11500T,Intel Core i5-11500T Processor,6,6,0,12,1.50 GHz,3.90 GHz,,3 MB,12 MB,35W,,14nm,LGA1200,1,4.0,20,DDR4,2,DDR4-3200,128 GB,no,,,Intel UHD Graphics 750,32,,,2021-Q1,,,https://ark.intel.com/content/www/us/en/ark/products/212272/intel-core-i5-11500t-processor-12m-cache-up-to-3-90-ghz.html,1,medium,"Launch price search result matched i5-11500 non-T exactly ($211) - suspected duplication artifact, left blank pending direct ARK confirmation."
Intel,Core (11th Gen),desktop,Rocket Lake-S,Rocket Lake,Core i5-11600,Intel Core i5-11600 Processor,6,6,0,12,2.80 GHz,4.80 GHz,,3 MB,12 MB,65W,,14nm,LGA1200,1,4.0,20,DDR4,2,DDR4-3200,128 GB,no,,,Intel UHD Graphics 750,32,,,2021-Q1,234,,https://www.intel.com/content/www/us/en/products/sku/212274/intel-core-i511600-processor-12m-cache-up-to-4-80-ghz/specifications.html,1,high,ARK lists Graphics Base Frequency 350MHz; max dynamic freq for this specific non-K SKU not separately confirmed.
Intel,Core (11th Gen),desktop,Rocket Lake-S,Rocket Lake,Core i5-11600K,Intel Core i5-11600K Processor,6,6,0,12,3.90 GHz,4.90 GHz,,3 MB,12 MB,125W,,14nm,LGA1200,1,4.0,20,DDR4,2,DDR4-3200,128 GB,no,,,Intel UHD Graphics 750,32,,,2021-Q1,288,,https://ark.intel.com/content/www/us/en/ark/products/212275/intel-core-i5-11600k-processor-12m-cache-up-to-4-90-ghz.html,1,high,"i5 tier has no TB Max3.0, only TB2.0 boost."
Intel,Core (11th Gen),desktop,Rocket Lake-S,Rocket Lake,Core i5-11600KF,Intel Core i5-11600KF Processor,6,6,0,12,3.90 GHz,4.90 GHz,,3 MB,12 MB,125W,,14nm,LGA1200,1,4.0,20,DDR4,2,DDR4-3200,128 GB,no,,,,,,,2021-Q1,261,,https://www.intel.com/content/www/us/en/products/sku/212276/intel-core-i511600kf-processor-12m-cache-up-to-4-90-ghz/specifications.html,1,high,F-suffix: no iGPU.
Intel,Core (11th Gen),desktop,Rocket Lake-S,Rocket Lake,Core i5-11600T,Intel Core i5-11600T Processor,6,6,0,12,1.70 GHz,4.10 GHz,,3 MB,12 MB,35W,,14nm,LGA1200,1,4.0,20,DDR4,2,DDR4-3200,128 GB,no,,,Intel UHD Graphics 750,32,,,2021-Q1,,,https://ark.intel.com/content/www/us/en/ark/products/212278/intel-core-i5-11600t-processor-12m-cache-up-to-4-10-ghz.html,1,medium,"Launch price search result matched i5-11600 non-T exactly ($234) - suspected duplication artifact, left blank pending direct ARK confirmation."
Intel,Core (11th Gen),desktop,Rocket Lake-S,Rocket Lake,Core i7-11700,Intel Core i7-11700 Processor,8,8,0,16,2.50 GHz,4.90 GHz,,4 MB,16 MB,65W,,14nm,LGA1200,1,4.0,20,DDR4,2,DDR4-3200,128 GB,no,,,Intel UHD Graphics 750,32,,,2021-Q1,355,,https://ark.intel.com/content/www/us/en/ark/products/212279/intel-core-i7-11700-processor-16m-cache-up-to-4-90-ghz.html,1,high,Max Turbo 4.90GHz=TB Max3.0; TB2.0=4.80GHz.
Intel,Core (11th Gen),desktop,Rocket Lake-S,Rocket Lake,Core i7-11700F,Intel Core i7-11700F Processor,8,8,0,16,2.50 GHz,4.90 GHz,,4 MB,16 MB,65W,,14nm,LGA1200,1,4.0,20,DDR4,2,DDR4-3200,128 GB,no,,,,,,,2021-Q1,328,,https://ark.intel.com/content/www/us/en/ark/products/212280/intel-core-i7-11700f-processor-16m-cache-up-to-4-90-ghz.html,1,high,F-suffix: no iGPU.
Intel,Core (11th Gen),desktop,Rocket Lake-S,Rocket Lake,Core i7-11700K,Intel Core i7-11700K Processor,8,8,0,16,3.60 GHz,5.00 GHz,,4 MB,16 MB,125W,,14nm,LGA1200,1,4.0,20,DDR4,2,DDR4-3200,128 GB,no,,,Intel UHD Graphics 750,32,,,2021-Q1,439,,https://ark.intel.com/content/www/us/en/ark/products/212047/intel-core-i7-11700k-processor-16m-cache-up-to-5-00-ghz.html,1,high,Max Turbo 5.00GHz = TB Max3.0; TB2.0=4.90GHz. No TVB on i7 (TVB is i9-only).
Intel,Core (11th Gen),desktop,Rocket Lake-S,Rocket Lake,Core i7-11700KF,Intel Core i7-11700KF Processor,8,8,0,16,3.60 GHz,5.00 GHz,,4 MB,16 MB,125W,,14nm,LGA1200,1,4.0,20,DDR4,2,DDR4-3200,128 GB,no,,,,,,,2021-Q1,411,,https://www.intel.com/content/www/us/en/products/sku/212048/intel-core-i711700kf-processor-16m-cache-up-to-5-00-ghz/specifications.html,1,high,F-suffix: no iGPU.
Intel,Core (11th Gen),desktop,Rocket Lake-S,Rocket Lake,Core i7-11700T,Intel Core i7-11700T Processor,8,8,0,16,1.40 GHz,4.60 GHz,,4 MB,16 MB,35W,,14nm,LGA1200,1,4.0,20,DDR4,2,DDR4-3200,128 GB,no,,,Intel UHD Graphics 750,32,,,2021-Q1,,,https://www.intel.com/content/www/us/en/products/sku/212251/intel-core-i711700t-processor-16m-cache-up-to-4-60-ghz/specifications.html,1,medium,"Launch price search result matched i7-11700 non-T exactly ($355) - suspected duplication artifact, left blank pending direct ARK confirmation."
Intel,Core (11th Gen),desktop,Rocket Lake-S,Rocket Lake,Core i9-11900,Intel Core i9-11900 Processor,8,8,0,16,2.50 GHz,5.20 GHz,,4 MB,16 MB,65W,,14nm,LGA1200,1,4.0,20,DDR4,2,DDR4-3200,128 GB,no,,,Intel UHD Graphics 750,32,,,2021-Q1,483,,https://ark.intel.com/content/www/us/en/ark/products/212252/intel-core-i9-11900-processor-16m-cache-up-to-5-20-ghz.html,1,high,Max Turbo 5.20GHz is TVB; TB Max3.0=5.10GHz; TB2.0=5.00GHz.
Intel,Core (11th Gen),desktop,Rocket Lake-S,Rocket Lake,Core i9-11900F,Intel Core i9-11900F Processor,8,8,0,16,2.50 GHz,5.20 GHz,,4 MB,16 MB,65W,,14nm,LGA1200,1,4.0,20,DDR4,2,DDR4-3200,128 GB,no,,,,,,,2021-Q1,464,,https://ark.intel.com/content/www/us/en/ark/products/212254.html,1,high,F-suffix: no iGPU.
Intel,Core (11th Gen),desktop,Rocket Lake-S,Rocket Lake,Core i9-11900K,Intel Core i9-11900K Processor,8,8,0,16,3.50 GHz,5.30 GHz,,4 MB,16 MB,125W,,14nm,LGA1200,1,4.0,20,DDR4,2,DDR4-3200,128 GB,no,,,Intel UHD Graphics 750,32,,,2021-Q1,593,,https://ark.intel.com/content/www/us/en/ark/products/212325/intel-core-i911900k-processor-16m-cache-up-to-5-30-ghz.html,1,high,"Max Turbo Freq 5.30GHz is Intel Thermal Velocity Boost; TB Max 3.0=5.20GHz; TB2.0=5.10GHz. All-core boost not published on ARK, left blank."
Intel,Core (11th Gen),desktop,Rocket Lake-S,Rocket Lake,Core i9-11900KF,Intel Core i9-11900KF Processor,8,8,0,16,3.50 GHz,5.30 GHz,,4 MB,16 MB,125W,,14nm,LGA1200,1,4.0,20,DDR4,2,DDR4-3200,128 GB,no,,,,,,,2021-Q1,564,,https://ark.intel.com/content/www/us/en/ark/products/212321/intel-core-i9-11900kf-processor-16m-cache-up-to-5-30-ghz.html,1,high,F-suffix: no iGPU. Price range on ARK/retail listed $564-$574; used low end.
Intel,Core (11th Gen),desktop,Rocket Lake-S,Rocket Lake,Core i9-11900T,Intel Core i9-11900T Processor,8,8,0,16,1.50 GHz,4.90 GHz,,4 MB,16 MB,35W,,14nm,LGA1200,1,4.0,16,DDR4,2,DDR4-3200,128 GB,no,,,Intel UHD Graphics 750,32,,,2021-Q1,,,https://www.intel.com/content/www/us/en/products/sku/212256/intel-core-i911900t-processor-16m-cache-up-to-4-90-ghz/specifications.html,1,medium,"PCIe lanes reported as 16 (vs 20 on higher-TDP siblings) by one source - unverified, flagged in gaps. Launch price search result matched i9-11900 non-T exactly ($483) - suspected duplication artifact, left blank pending direct ARK confirmation."
Intel,Core 3,desktop,Twin Lake,Twin Lake,Core 3 N350,Intel Core 3 N350 Processor,8,0,8,8,,3.90 GHz,,,6 MB,7W,,Intel 7,FCBGA1264,1,,,DDR4/DDR5/LPDDR5,1,4800,16,no,,,Intel Graphics,32,1.35 GHz,,2025-Q1,,,https://www.intel.com/content/www/us/en/products/sku/241638/intel-core-3-processor-n350-6m-cache-up-to-3-90-ghz/specifications.html,1,medium,"Successor to i3-N305/N300, E-core only (Gracemont). ARK Vertical Segment=Mobile. Base clock and all-core turbo NOT included -- secondary trackers (allcpus/passmark) give wildly inconsistent/implausible values (0.1GHz, 3GHz, etc.) for this new SKU and ARK does not publish a base-frequency field, so left blank rather than invent. L2 cache also left blank: one secondary source (notebookcheck-derived) claims 2x2MB=4MB total which conflicts with the 8MB L2 seen on the architecturally similar i3-N305/N300 -- unresolved conflict, not populated. PCIe lane count left blank: not directly confirmed for this SKU (very likely 9 lanes PCIe3.0 like siblings, but not verified from a source specific to N350)."
Intel,Core 3,desktop,Twin Lake,Twin Lake,Core 3 N355,Intel Core 3 N355 Processor,8,0,8,8,,3.90 GHz,,,6 MB,15W,,Intel 7,FCBGA1264,1,,,DDR4/DDR5/LPDDR5,1,4800,16,no,,,Intel Graphics,32,1.35 GHz,,2025-Q1,,,https://www.intel.com/content/www/us/en/products/sku/241639/intel-core-3-processor-n355-6m-cache-up-to-3-90-ghz/specifications.html,1,medium,"Successor to i3-N305, E-core only (Gracemont), higher 15W TDP tier vs N350's 7W (minimum assured power 9W per ARK). ARK Vertical Segment=Mobile. Base clock and all-core turbo NOT included -- same reasoning as N350 (ARK has no base-frequency field, secondary trackers conflict/implausible). L2 cache left blank for same reason as N350 (conflicting secondary data vs 8MB on i3-N305/N300). PCIe lane count left blank: not directly confirmed for this SKU."
Intel,Arc A-Series,mobile,Alchemist,Xe-HPG,Arc A350M,Intel Arc A350M Graphics,6,,,,,1.15 GHz,,,,25W,35W,TSMC N6,,,4.0,8,GDDR6,,14 Gbps,4 GB,no,no,,,,,,2022-Q1,,,https://www.intel.com/content/www/us/en/products/sku/228338/intel-arc-a350m-graphics/specifications.html,1,high,"6 Xe-cores / 96 XVE / 96 XMX engines. TGP range 25-35W (base=25W used as tdp, high=35W as tdp_config_up). Mem bandwidth 112 GB/s. GPU Peak TOPS(Int8) 44. ACM-G11 die. Cross-checked vs Notebookcheck/CPU-Compare."
Intel,Arc A-Series,mobile,Alchemist,Xe-HPG,Arc A370M,Intel Arc A370M Graphics,8,,,,,1.55 GHz,,,,35W,50W,TSMC N6,,,4.0,8,GDDR6,,14 Gbps,4 GB,no,no,,,,,,2022-Q1,,,https://www.intel.com/content/www/us/en/products/sku/228342/intel-arc-a370m-graphics/specifications.html,1,high,8 Xe-cores / 128 XVE / 128 XMX engines. TGP range 35-50W. Mem bandwidth 112 GB/s. GPU Peak TOPS(Int8) 56. ACM-G11 die. Cross-checked vs Notebookcheck/HotHardware.
Intel,Arc A-Series,mobile,Alchemist,Xe-HPG,Arc A550M,Intel Arc A550M Graphics,16,,,,,0.90 GHz,,,,60W,80W,TSMC N6,,,4.0,8,GDDR6,,14 Gbps,8 GB,no,no,,,,,,2022-Q2,,,https://www.intel.com/content/www/us/en/products/sku/228343/intel-arc-a550m-graphics/specifications.html,1,high,16 Xe-cores / 256 XVE / 256 XMX engines. TGP range 60-80W. Mem bandwidth 224 GB/s. GPU Peak TOPS(Int8) 111. Cross-checked vs Notebookcheck/CPU-Compare.
Intel,Arc A-Series,mobile,Alchemist,Xe-HPG,Arc A730M,Intel Arc A730M Graphics,24,,,,,1.10 GHz,,,,80W,120W,TSMC N6,,,4.0,8,GDDR6,,14 Gbps,12 GB,no,no,,,,,,2022-Q2,,,https://www.intel.com/content/www/us/en/products/sku/228340/intel-arc-a730m-graphics/specifications.html,1,high,24 Xe-cores / 384 XVE / 384 XMX engines. TGP range 80-120W. Mem bandwidth 336 GB/s. GPU Peak TOPS(Int8) 167. ACM-G10 die (24 of 32 Xe-cores enabled). Cross-checked vs Notebookcheck/Tom's Hardware.
Intel,Arc A-Series,mobile,Alchemist,Xe-HPG,Arc A770M,Intel Arc A770M Graphics,32,,,,,1.65 GHz,,,,120W,150W,TSMC N6,,,4.0,8,GDDR6,,16 Gbps,16 GB,no,no,,,,,,2022-Q2,,,https://www.intel.com/content/www/us/en/products/sku/228341/intel-arc-a770m-graphics/specifications.html,1,high,32 Xe-cores / 512 XVE / 512 XMX engines. TGP range 120-150W. Mem bandwidth 512 GB/s. GPU Peak TOPS(Int8) 223. ACM-G10 full die. Cross-checked vs Notebookcheck/fpsbench.
Intel,Arc Pro,mobile,Alchemist,Xe-HPG,Arc Pro A30M,Intel Arc Pro A30M Graphics,8,,,,,1.55 GHz,,,,35W,50W,TSMC N6,,,4.0,8,GDDR6,,14 Gbps,4 GB,no,no,,,,,,2022-Q3,,,https://www.intel.com/content/www/us/en/products/sku/216962/intel-arc-pro-a30m-graphics/specifications.html,1,high,8 Xe-cores / 128 XVE / 128 XMX engines. TGP range 35-50W. Mem bandwidth 112 GB/s. GPU Peak TOPS(Int8) 56. ACM-G11 die.
Intel,Core Ultra,mobile,Arrow Lake-H,Lion Cove/Skymont,Core Ultra 5 225H,Intel Core Ultra 5 Processor 225H,14,4,10,14,1.70 GHz,4.90 GHz,,,18 MB,28W,115W,3nm (TSMC N3),FCBGA2049,1,5.0,,DDR5/LPDDR5X,2,DDR5-6400,96 GB,no,,,Intel Arc 130T,7,2.20 GHz,13,2025-Q1,,,https://www.intel.com/content/www/us/en/products/sku/241749/intel-core-ultra-5-processor-225h-18m-cache-up-to-4-90-ghz/specifications.html,1,high,8 regular E + 2 LP-E = 10 E-cores; 4P+10E=14 total no HT; entry-level Arrow Lake-H SKU; L2 left blank
Intel,Core Ultra,mobile,Arrow Lake-H,Lion Cove/Skymont,Core Ultra 5 235H,Intel Core Ultra 5 Processor 235H,14,4,10,14,2.40 GHz,5.00 GHz,,,18 MB,28W,115W,3nm (TSMC N3),FCBGA2049,1,5.0,,DDR5/LPDDR5X,2,DDR5-6400,96 GB,no,,,Intel Arc 130T,7,2.25 GHz,13,2025-Q1,,,https://www.intel.com/content/www/us/en/products/sku/241748/intel-core-ultra-5-processor-235h-18m-cache-up-to-5-00-ghz/specifications.html,1,medium,"8 regular E + 2 LP-E = 10 E-cores; 4P+10E=14 total no HT; iGPU model/clock inferred from family pattern matching 225H, medium confidence; L2 left blank"
Intel,Core Ultra,mobile,Arrow Lake-H,Lion Cove/Skymont,Core Ultra 7 255H,Intel Core Ultra 7 Processor 255H,16,6,10,16,2.00 GHz,5.10 GHz,,,24 MB,28W,115W,3nm (TSMC N3),FCBGA2049,1,5.0,,DDR5/LPDDR5X,2,DDR5-6400,96 GB,no,,,Intel Arc 140T,8,2.25 GHz,13,2025-Q1,,,https://www.intel.com/content/www/us/en/products/sku/241751/intel-core-ultra-7-processor-255h-24m-cache-up-to-5-10-ghz/specifications.html,1,high,"8 regular E + 2 LP-E = 10 E-cores; 6P+10E=16 total no HT; L2 left blank, conflicting sources"
Intel,Core Ultra,mobile,Arrow Lake-H,Lion Cove/Skymont,Core Ultra 7 265H,Intel Core Ultra 7 Processor 265H,16,6,10,16,2.20 GHz,5.30 GHz,,,24 MB,28W,115W,3nm (TSMC N3),FCBGA2049,1,5.0,,DDR5/LPDDR5X,2,DDR5-6400,96 GB,no,,,Intel Arc 140T,8,2.35 GHz,13,2025-Q1,,,https://www.intel.com/content/www/us/en/products/sku/241750/intel-core-ultra-7-processor-265h-24m-cache-up-to-5-30-ghz/specifications.html,1,medium,"8 regular E + 2 LP-E = 10 E-cores; 6P+10E=16 total no HT; iGPU clock inferred as same config as 285H (secondary source says 'same iGPU configuration'), confidence medium; L2 left blank, conflicting sources"
Intel,Core Ultra,mobile,Arrow Lake-H,Lion Cove/Skymont,Core Ultra 9 285H,Intel Core Ultra 9 Processor 285H,16,6,10,16,2.90 GHz,5.40 GHz,,,24 MB,45W,115W,3nm (TSMC N3),FCBGA2049,1,5.0,,DDR5/LPDDR5X,2,DDR5-6400,96 GB,no,,,Intel Arc 140T,8,2.35 GHz,13,2025-Q1,,,https://www.intel.com/content/www/us/en/products/sku/241747/intel-core-ultra-9-processor-285h-24m-cache-up-to-5-40-ghz/specifications.html,1,high,"16 E-cores = 6E + 2 LP-E? actually 8 regular E + 2 LP-E = 10 E-cores; 6P+10E=16 total, no HT. L2 cache figure conflicted across sources (some say 6MB, some 2MB per cluster) so left blank pending tier-1 confirmation"
Intel,Core Ultra,mobile,Arrow Lake-HX,Lion Cove/Skymont,Core Ultra 5 235HX,Intel Core Ultra 5 Processor 235HX,14,6,8,14,2.90 GHz,5.10 GHz,,24 MB,24 MB,55W,160W,3nm (Intel 3),FCBGA2114,1,5.0,,DDR5,2,DDR5-6400,192 GB,no,,,Arc Graphics,3,1.90 GHz,13,2025-Q1,,,https://www.intel.com/content/www/us/en/products/sku/242296/intel-core-ultra-5-processor-235hx-24m-cache-up-to-5-10-ghz/specifications.html,1,high,6P+8E=14 cores no HT
Intel,Core Ultra,mobile,Arrow Lake-HX,Lion Cove/Skymont,Core Ultra 5 245HX,Intel Core Ultra 5 Processor 245HX,14,6,8,14,3.10 GHz,5.10 GHz,,24 MB,24 MB,55W,160W,3nm (Intel 3),FCBGA2114,1,5.0,,DDR5,2,DDR5-6400,192 GB,no,,,Arc Graphics,3,1.90 GHz,13,2025-Q1,,,https://www.intel.com/content/www/us/en/products/sku/242295/intel-core-ultra-5-processor-245hx-24m-cache-up-to-5-10-ghz/specifications.html,1,high,6P+8E=14 cores no HT
Intel,Core Ultra,mobile,Arrow Lake-HX,Lion Cove/Skymont,Core Ultra 7 251HX,Intel Core Ultra 7 Processor 251HX,18,6,12,18,2.90 GHz,5.10 GHz,,30 MB,30 MB,45W,150W,3nm (Intel 3),FCBGA2114,1,5.0,,DDR5,2,DDR5-6400,192 GB,no,,,Arc Graphics,3,1.90 GHz,13,2025-Q3,,,https://www.intel.com/content/www/us/en/products/sku/245959/intel-core-ultra-7-processor-251hx-30m-cache-up-to-5-10-ghz/specifications.html,1,medium,later-added mainstream SKU cut-down 3-core Xe GPU per HotHardware; launch quarter approximate
Intel,Core Ultra,mobile,Arrow Lake-HX,Lion Cove/Skymont,Core Ultra 7 255HX,Intel Core Ultra 7 Processor 255HX,20,8,12,20,2.40 GHz,5.20 GHz,,36 MB,30 MB,55W,160W,3nm (Intel 3),FCBGA2114,1,5.0,,DDR5,2,DDR5-6400,192 GB,no,,,Arc Graphics,4,1.90 GHz,13,2025-Q1,,,https://www.intel.com/content/www/us/en/products/sku/242292/intel-core-ultra-7-processor-255hx-30m-cache-up-to-5-20-ghz/specifications.html,1,high,8P+12E=20 cores no HT
Intel,Core Ultra,mobile,Arrow Lake-HX,Lion Cove/Skymont,Core Ultra 7 265HX,Intel Core Ultra 7 Processor 265HX,20,8,12,20,2.60 GHz,5.30 GHz,,36 MB,30 MB,55W,160W,3nm (Intel 3),FCBGA2114,1,5.0,,DDR5,2,DDR5-6400,192 GB,no,,,Arc Graphics,4,1.90 GHz,13,2025-Q1,,,https://www.intel.com/content/www/us/en/products/sku/242294/intel-core-ultra-7-processor-265hx-30m-cache-up-to-5-30-ghz/specifications.html,1,high,8P+12E=20 cores no HT
Intel,Core Ultra,mobile,Arrow Lake-HX,Lion Cove/Skymont,Core Ultra 9 275HX,Intel Core Ultra 9 Processor 275HX,24,8,16,24,2.10 GHz,5.40 GHz,,40 MB,36 MB,55W,160W,3nm (Intel 3),FCBGA2114,1,5.0,,DDR5,2,DDR5-6400,192 GB,no,,,Arc Graphics,4,1.90 GHz,13,2025-Q1,,,https://www.intel.com/content/www/us/en/products/sku/242293/intel-core-ultra-9-processor-275hx-36m-cache-up-to-5-40-ghz/specifications.html,1,high,8P+16E=24 cores no HT
Intel,Core Ultra,mobile,Arrow Lake-HX,Lion Cove/Skymont,Core Ultra 9 285HX,Intel Core Ultra 9 Processor 285HX,24,8,16,24,2.80 GHz,5.50 GHz,,40 MB,36 MB,55W,160W,3nm (Intel 3),FCBGA2114,1,5.0,,DDR5,2,DDR5-6400,192 GB,no,,,Arc Graphics,4,1.90 GHz,13,2025-Q1,,,https://www.intel.com/content/www/us/en/products/sku/242297/intel-core-ultra-9-processor-285hx-36m-cache-up-to-5-50-ghz/specifications.html,1,high,"8P+16E=24 cores, no HyperThreading; flagship Arrow Lake-HX, same die as desktop 285K"
Intel,Core Ultra,mobile,Arrow Lake-HX Refresh,Lion Cove/Skymont,Core Ultra 7 270HX Plus,Intel Core Ultra 7 Processor 270HX Plus,20,8,12,20,2.40 GHz,5.30 GHz,,36 MB,30 MB,55W,160W,3nm (Intel 3),FCBGA2114,1,5.0,,DDR5,2,DDR5-6400,256 GB,no,,,Arc Graphics,4,1.90 GHz,13,2026-Q1,,,https://www.intel.com/content/www/us/en/products/sku/245961/intel-core-ultra-7-processor-270hx-plus-30m-cache-up-to-5-30-ghz/specifications.html,1,high,"8P+12E=20 cores no HT; refresh of 265HX, launched March 2026, E-core boost 4.7GHz vs 4.6GHz on 265HX"
Intel,Core Ultra,mobile,Arrow Lake-HX Refresh,Lion Cove/Skymont,Core Ultra 9 290HX Plus,Intel Core Ultra 9 Processor 290HX Plus,24,8,16,24,2.70 GHz,5.50 GHz,,40 MB,36 MB,55W,160W,3nm (Intel 3),FCBGA2114,1,5.0,,DDR5,2,DDR5-6400,256 GB,no,,,Arc Graphics,4,2.00 GHz,13,2026-Q1,,,https://www.intel.com/content/www/us/en/products/sku/245960/intel-core-ultra-9-processor-290hx-plus-36m-cache-up-to-5-50-ghz/specifications.html,1,high,8P+16E=24 cores no HT; released 2026-01-17 refresh with higher die-to-die frequency
Intel,Core Ultra,mobile,Arrow Lake-U,Redwood Cove+/Crestmont,Core Ultra 5 225U,Intel Core Ultra 5 Processor 225U,12,2,10,14,1.50 GHz,4.80 GHz,,,12 MB,15W,57W,3nm (Intel 3),FCBGA2049,1,4.0,,DDR5/LPDDR5X,2,DDR5-6400,96 GB,no,,,Intel Graphics (Xe-LPG),4,2.00 GHz,12,2025-Q1,,,https://www.intel.com/content/www/us/en/products/sku/241861/intel-core-ultra-5-processor-225u-12m-cache-up-to-4-80-ghz/specifications.html,1,high,"10 E-cores = 8 E + 2 LP-E; 2P+10E=12 cores, 14 threads; entry-level Arrow Lake-U; L2 left blank"
Intel,Core Ultra,mobile,Arrow Lake-U,Redwood Cove+/Crestmont,Core Ultra 5 235U,Intel Core Ultra 5 Processor 235U,12,2,10,14,2.00 GHz,4.90 GHz,,,12 MB,15W,57W,3nm (Intel 3),FCBGA2049,1,4.0,,DDR5/LPDDR5X,2,DDR5-6400,96 GB,no,,,Intel Graphics (Xe-LPG),4,2.10 GHz,12,2025-Q1,,,https://www.intel.com/content/www/us/en/products/sku/241862/intel-core-ultra-5-processor-235u-12m-cache-up-to-4-90-ghz/specifications.html,1,high,"10 E-cores = 8 E + 2 LP-E; 2P+10E=12 cores, 14 threads; L2 left blank"
Intel,Core Ultra,mobile,Arrow Lake-U,Redwood Cove+/Crestmont,Core Ultra 7 255U,Intel Core Ultra 7 Processor 255U,12,2,10,14,2.00 GHz,5.20 GHz,,,12 MB,15W,57W,3nm (Intel 3),FCBGA2049,1,4.0,,DDR5/LPDDR5X,2,DDR5-6400,96 GB,no,,,Intel Graphics (Xe-LPG),4,2.10 GHz,12,2025-Q1,,,https://www.intel.com/content/www/us/en/products/sku/241860/intel-core-ultra-7-processor-255u-12m-cache-up-to-5-20-ghz/specifications.html,1,high,"10 E-cores = 8 E + 2 LP-E; 2P+10E=12 cores, 14 threads; L2 left blank"
Intel,Core Ultra,mobile,Arrow Lake-U,Redwood Cove+/Crestmont,Core Ultra 7 265U,Intel Core Ultra 7 Processor 265U,12,2,10,14,2.10 GHz,5.30 GHz,,,12 MB,15W,57W,3nm (Intel 3),FCBGA2049,1,4.0,,DDR5/LPDDR5X,2,DDR5-6400,96 GB,no,,,Intel Graphics (Xe-LPG),4,2.10 GHz,12,2025-Q1,,,https://www.intel.com/content/www/us/en/products/sku/241859/intel-core-ultra-7-processor-265u-12m-cache-up-to-5-30-ghz/specifications.html,1,high,"10 E-cores = 8 E + 2 LP-E; 2P+10E=12 cores, 14 threads (P-cores have HyperThreading unlike H/HX Lion Cove cores); L2 left blank pending confirmation"
Intel,Core (10th Gen),mobile,Ice Lake-U,Sunny Cove,Core i3-1005G1,Intel Core i3-1005G1 Processor,2,,,4,1.20 GHz,3.40 GHz,,,4 MB,15W,25W,10nm,FCBGA1526,1,3.0,,DDR4/LPDDR4/LPDDR4X,2,DDR4-3200,64 GB,no,,,Intel UHD Graphics (Ice Lake Gen11),32,0.90 GHz,,2019-Q3,,,https://www.intel.com/content/www/us/en/products/sku/196588/intel-core-i31005g1-processor-4m-cache-up-to-3-40-ghz/specifications.html,1,high,"Non-hybrid Sunny Cove design (pre-hybrid era); p_cores/e_cores left blank per spec, cores=2/threads=4 via HT; cTDP-down 13W also reported (900MHz base) but base row uses standard 15W TDP with 25W cTDP-up"
Intel,Core Ultra,mobile,Lunar Lake,Lion Cove/Skymont,Core Ultra 5 226V,Intel Core Ultra 5 Processor 226V,8,4,4,8,2.10 GHz,4.50 GHz,,,8 MB,17W,37W,3nm (TSMC N3B),FCBGA2833,1,4.0,,LPDDR5X,2,LPDDR5X-8533,16 GB,no,,,Intel Arc 130V,7,1.85 GHz,40,2024-Q3,,,https://www.intel.com/en/products/sku/240954,1,medium,"4 P + 4 LP-E = 8 cores, 8 threads, no HT; 16GB variant of 228V"
Intel,Core Ultra,mobile,Lunar Lake,Lion Cove/Skymont,Core Ultra 5 228V,Intel Core Ultra 5 Processor 228V,8,4,4,8,2.10 GHz,4.50 GHz,,,8 MB,17W,37W,3nm (TSMC N3B),FCBGA2833,1,4.0,,LPDDR5X,2,LPDDR5X-8533,32 GB,no,,,Intel Arc 130V,7,1.85 GHz,40,2024-Q3,,,https://www.intel.com/content/www/us/en/products/sku/240955/intel-core-ultra-5-processor-228v-8m-cache-up-to-4-50-ghz/specifications.html,1,high,"4 P + 4 LP-E = 8 cores, 8 threads, no HT; NPU 40 TOPS"
Intel,Core Ultra,mobile,Lunar Lake,Lion Cove/Skymont,Core Ultra 5 236V,Intel Core Ultra 5 Processor 236V,8,4,4,8,2.10 GHz,4.70 GHz,,,8 MB,17W,37W,3nm (TSMC N3B),FCBGA2833,1,4.0,,LPDDR5X,2,LPDDR5X-8533,16 GB,no,,,Intel Arc 130V,7,1.85 GHz,40,2024-Q3,,,https://www.intel.com/en/products/sku/240952,1,medium,"4 P + 4 LP-E = 8 cores, 8 threads, no HT; 16GB variant of 238V"
Intel,Core Ultra,mobile,Lunar Lake,Lion Cove/Skymont,Core Ultra 5 238V,Intel Core Ultra 5 Processor 238V,8,4,4,8,2.10 GHz,4.70 GHz,,,8 MB,17W,37W,3nm (TSMC N3B),FCBGA2833,1,4.0,,LPDDR5X,2,LPDDR5X-8533,32 GB,no,,,Intel Arc 130V,7,1.85 GHz,40,2024-Q3,,,https://www.intel.com/content/www/us/en/products/sku/240951/intel-core-ultra-5-processor-238v-8m-cache-up-to-4-70-ghz/specifications.html,1,high,"4 P + 4 LP-E = 8 cores, 8 threads, no HT; Arc 130V (7 Xe2-cores) cut-down iGPU tier, NPU 40 TOPS (lower than 48 TOPS on 140V-equipped SKUs)"
Intel,Core Ultra,mobile,Lunar Lake,Lion Cove/Skymont,Core Ultra 7 256V,Intel Core Ultra 7 Processor 256V,8,4,4,8,2.20 GHz,4.80 GHz,,,12 MB,17W,37W,3nm (TSMC N3B),FCBGA2833,1,4.0,,LPDDR5X,2,LPDDR5X-8533,16 GB,no,,,Intel Arc 140V,8,1.95 GHz,47,2024-Q3,,,https://www.intel.com/en/products/sku/240956,1,medium,"4 P + 4 LP-E = 8 cores, 8 threads, no HT; 16GB variant of 258V"
Intel,Core Ultra,mobile,Lunar Lake,Lion Cove/Skymont,Core Ultra 7 258V,Intel Core Ultra 7 Processor 258V,8,4,4,8,2.20 GHz,4.80 GHz,,,12 MB,17W,37W,3nm (TSMC N3B),FCBGA2833,1,4.0,,LPDDR5X,2,LPDDR5X-8533,32 GB,no,,,Intel Arc 140V,8,1.95 GHz,47,2024-Q3,,,https://www.intel.com/content/www/us/en/products/sku/240957/intel-core-ultra-7-processor-258v-12m-cache-up-to-4-80-ghz/specifications.html,1,medium,"4 P + 4 LP-E = 8 cores, 8 threads, no HT; NPU reported as 47 TOPS by multiple secondary sources vs 48 on 268V, logged as SKU-level variance"
Intel,Core Ultra,mobile,Lunar Lake,Lion Cove/Skymont,Core Ultra 7 266V,Intel Core Ultra 7 Processor 266V,8,4,4,8,2.20 GHz,5.00 GHz,,,12 MB,17W,37W,3nm (TSMC N3B),FCBGA2833,1,4.0,,LPDDR5X,2,LPDDR5X-8533,16 GB,no,,,Intel Arc 140V,8,2.00 GHz,48,2024-Q3,,,https://www.intel.com/en/products/sku/240959,1,medium,"4 P + 4 LP-E = 8 cores, 8 threads, no HT; 16GB on-package variant, otherwise identical to 268V; direct ARK deep-link not independently confirmed in search, cross-checked via pchardware/notebookcheck pairing"
Intel,Core Ultra,mobile,Lunar Lake,Lion Cove/Skymont,Core Ultra 7 268V,Intel Core Ultra 7 Processor 268V,8,4,4,8,2.20 GHz,5.00 GHz,,,12 MB,17W,37W,3nm (TSMC N3B),FCBGA2833,1,4.0,,LPDDR5X,2,LPDDR5X-8533,32 GB,no,,,Intel Arc 140V,8,2.00 GHz,48,2024-Q3,,,https://www.intel.com/content/www/us/en/products/sku/240958/intel-core-ultra-7-processor-268v-12m-cache-up-to-5-00-ghz/specifications.html,1,high,"4 P + 4 LP-E = 8 cores, 8 threads, no HT; 32GB on-package memory variant of 266V"
Intel,Core Ultra,mobile,Lunar Lake,Lion Cove/Skymont,Core Ultra 9 288V,Intel Core Ultra 9 Processor 288V,8,4,4,8,3.30 GHz,5.10 GHz,,,12 MB,30W,37W,3nm (TSMC N3B),FCBGA2833,1,4.0,,LPDDR5X,2,LPDDR5X-8533,32 GB,no,,,Intel Arc 140V,8,2.05 GHz,48,2024-Q3,,,https://www.intel.com/content/www/us/en/products/sku/240961/intel-core-ultra-9-processor-288v-12m-cache-up-to-5-10-ghz/specifications.html,1,high,"4 P + 4 LP-E = 8 cores, 8 threads, no HyperThreading; on-package memory only, no field-upgrade; only Ultra 9 SKU in family"
Intel,Core Ultra (Series 1),mobile,Meteor Lake-H,Redwood Cove/Crestmont,Core Ultra 5 125H,Intel Core Ultra 5 Processor 125H,14,4,10,18,1.20 GHz,4.50 GHz,,,18 MB,28W,64W,Intel 4,FCBGA1744,1,4.0,,DDR5/LPDDR5/LPDDR5X,2,LPDDR5X-7467,96 GB,no,,,Intel Arc Graphics,7,2.20 GHz,11,2023-12-14,,,https://www.intel.com/content/www/us/en/products/sku/236848/intel-core-ultra-5-processor-125h-18m-cache-up-to-4-50-ghz/specifications.html,1,medium,"4P+8E+2LP-E: 10 E-cores total = 8 E + 2 LP-E folded into e_cores=10; 18 threads; L2 cache size not confirmed independently (blank, gap logged); base clock estimated by family pattern"
Intel,Core Ultra (Series 1),mobile,Meteor Lake-H,Redwood Cove/Crestmont,Core Ultra 5 135H,Intel Core Ultra 5 Processor 135H,14,4,10,18,1.40 GHz,4.60 GHz,,,18 MB,28W,64W,Intel 4,FCBGA1744,1,4.0,,DDR5/LPDDR5/LPDDR5X,2,LPDDR5X-7467,96 GB,no,,,Intel Arc Graphics,7,2.20 GHz,11,2023-12-14,,,https://www.intel.com/content/www/us/en/products/sku/236851/intel-core-ultra-5-processor-135h-18m-cache-up-to-4-60-ghz/specifications.html,1,medium,"4P+8E+2LP-E: 10 E-cores total = 8 E + 2 LP-E folded into e_cores=10; 18 threads; L2 cache size not confirmed independently (blank, gap logged); boost clock corrected to 4.60GHz per ARK title, one secondary source said 4.5GHz"
Intel,Core Ultra (Series 1),mobile,Meteor Lake-H,Redwood Cove/Crestmont,Core Ultra 7 155H,Intel Core Ultra 7 Processor 155H,16,6,10,22,1.40 GHz,4.80 GHz,,18 MB,24 MB,28W,64W,Intel 4,FCBGA1744,1,4.0,,DDR5/LPDDR5/LPDDR5X,2,LPDDR5X-7467,96 GB,no,,,Intel Arc Graphics,8,2.30 GHz,11,2023-12-14,,,https://www.intel.com/content/www/us/en/products/sku/236847/intel-core-ultra-7-processor-155h-24m-cache-up-to-4-80-ghz/specifications.html,1,high,"6P+8E+2LP-E: 10 E-cores total = 8 E + 2 LP-E folded into e_cores=10; 22 threads; TDP 20-65W range reported by one secondary source vs 28-115W by another, used 28W base/64W cTDP-up as most consistent tier figure, logged as judgment call"
Intel,Core Ultra (Series 1),mobile,Meteor Lake-H,Redwood Cove/Crestmont,Core Ultra 7 165H,Intel Core Ultra 7 Processor 165H,16,6,10,22,1.40 GHz,5.00 GHz,,18 MB,24 MB,28W,64W,Intel 4,FCBGA1744,1,4.0,,DDR5/LPDDR5/LPDDR5X,2,LPDDR5X-7467,96 GB,no,,,Intel Arc Graphics,8,2.30 GHz,11,2023-12-14,,,https://www.intel.com/content/www/us/en/products/sku/236850/intel-core-ultra-7-processor-165h-24m-cache-up-to-5-00-ghz/specifications.html,1,high,6P+8E+2LP-E: 10 E-cores total = 8 E + 2 LP-E folded into e_cores=10; 22 threads; PL1/cTDP-up figures per Intel 28W base/64W turbo class for this tier
Intel,Core Ultra (Series 1),mobile,Meteor Lake-H,Redwood Cove/Crestmont,Core Ultra 9 185H,Intel Core Ultra 9 Processor 185H,16,6,10,22,2.30 GHz,5.10 GHz,,18 MB,24 MB,45W,115W,Intel 4,FCBGA1744,1,5.0,,DDR5/LPDDR5/LPDDR5X,2,LPDDR5X-7467,96 GB,no,,,Intel Arc Graphics,8,2.35 GHz,11,2023-12-14,,,https://www.intel.com/content/www/us/en/products/sku/236849/intel-core-ultra-9-processor-185h-24m-cache-up-to-5-10-ghz/specifications.html,1,high,"6P+8E+2LP-E: 10 E-cores total = 8 E + 2 LP-E, folded into e_cores=10 per hybrid rule; 22 threads = HT on 6 P-cores (12) + 10 non-HT E-cores; base clock reported at Processor Base Power 45W tier"
Intel,Core Ultra (Series 1),mobile,Meteor Lake-U,Redwood Cove/Crestmont,Core Ultra 5 125U,Intel Core Ultra 5 Processor 125U,12,2,10,14,1.30 GHz,4.30 GHz,,,12 MB,15W,57W,Intel 4,FCBGA2049,1,4.0,,DDR5/LPDDR5/LPDDR5X,2,LPDDR5X-7467,96 GB,no,,,Intel Arc Graphics,4,1.85 GHz,11,2023-12-14,,,https://www.intel.com/content/www/us/en/products/sku/237330/intel-core-ultra-5-processor-125u-12m-cache-up-to-4-30-ghz/specifications.html,1,high,"2P+8E+2LP-E: 10 E-cores total = 8 E + 2 LP-E folded into e_cores=10; 14 threads; base clock estimated by family pattern, not independently ARK-confirmed"
Intel,Core Ultra (Series 1),mobile,Meteor Lake-U,Redwood Cove/Crestmont,Core Ultra 5 134U,Intel Core Ultra 5 Processor 134U,12,2,10,14,1.30 GHz,4.40 GHz,,,12 MB,9W,30W,Intel 4,FCBGA2049,1,4.0,,LPDDR5/LPDDR5X,2,LPDDR5X-6400,64 GB,no,,,Intel Arc Graphics,4,1.75 GHz,11,2024-Q1,,,https://www.intel.com/content/www/us/en/products/sku/237898/intel-core-ultra-5-processor-134u-12m-cache-up-to-4-40-ghz/specifications.html,1,medium,"Ultra-low-power variant: 9W base/30W turbo TDP; no DDR5 support, LPDDR5(X) only up to 6400 MT/s; 2P+8E+2LP-E=10 E-cores folded into e_cores; base clock estimated by family pattern"
Intel,Core Ultra (Series 1),mobile,Meteor Lake-U,Redwood Cove/Crestmont,Core Ultra 5 135U,Intel Core Ultra 5 Processor 135U,12,2,10,14,1.60 GHz,4.40 GHz,,,12 MB,15W,57W,Intel 4,FCBGA2049,1,4.0,,DDR5/LPDDR5/LPDDR5X,2,LPDDR5X-7467,96 GB,no,,,Intel Arc Graphics,4,1.85 GHz,11,2023-12-14,,,https://www.intel.com/content/www/us/en/products/sku/237328/intel-core-ultra-5-processor-135u-12m-cache-up-to-4-40-ghz/specifications.html,1,medium,2P+8E+2LP-E: 10 E-cores total = 8 E + 2 LP-E folded into e_cores=10; 14 threads; igpu_clock estimated by family pattern
Intel,Core Ultra (Series 1),mobile,Meteor Lake-U,Redwood Cove/Crestmont,Core Ultra 7 155U,Intel Core Ultra 7 Processor 155U,12,2,10,14,1.70 GHz,4.80 GHz,,,12 MB,15W,57W,Intel 4,FCBGA2049,1,4.0,,DDR5/LPDDR5/LPDDR5X,2,LPDDR5X-7467,96 GB,no,,,Intel Arc Graphics,4,1.95 GHz,11,2023-12-14,,,https://www.intel.com/content/www/us/en/products/sku/237327/intel-core-ultra-7-processor-155u-12m-cache-up-to-4-80-ghz/specifications.html,1,high,"2P+8E+2LP-E: 10 E-cores total = 8 E + 2 LP-E folded into e_cores=10; 14 threads; TDP reported as 12-15W base range across sources, used 15W as ARK Processor Base Power"
Intel,Core Ultra (Series 1),mobile,Meteor Lake-U,Redwood Cove/Crestmont,Core Ultra 7 164U,Intel Core Ultra 7 Processor 164U,12,2,10,14,1.40 GHz,4.90 GHz,,,12 MB,9W,30W,Intel 4,FCBGA2049,1,4.0,,LPDDR5/LPDDR5X,2,LPDDR5X-6400,64 GB,no,,,Intel Arc Graphics,4,1.80 GHz,11,2024-Q1,,,https://www.intel.com/content/www/us/en/products/sku/237899/intel-core-ultra-7-processor-164u-12m-cache-up-to-4-90-ghz/specifications.html,1,medium,"Ultra-low-power variant: 9W base/30W turbo TDP (vs 15W/57W for 165U); no DDR5 support, LPDDR5(X) only up to 6400 MT/s; 2P+8E+2LP-E=10 E-cores folded into e_cores; base clock estimated by family pattern"
Intel,Core Ultra (Series 1),mobile,Meteor Lake-U,Redwood Cove/Crestmont,Core Ultra 7 165U,Intel Core Ultra 7 Processor 165U,12,2,10,14,1.70 GHz,4.90 GHz,,,12 MB,15W,57W,Intel 4,FCBGA2049,1,4.0,,DDR5/LPDDR5/LPDDR5X,2,LPDDR5X-7467,96 GB,no,,,Intel Arc Graphics,4,1.95 GHz,11,2023-12-14,,,https://www.intel.com/content/www/us/en/products/sku/237329/intel-core-ultra-7-processor-165u-12m-cache-up-to-4-90-ghz/specifications.html,1,high,"2P+8E+2LP-E: 10 E-cores total = 8 E + 2 LP-E folded into e_cores=10; 14 threads = HT on 2 P-cores (4) + 10 non-HT E-cores; L2 cache not confirmed, blank"
Intel,Core Ultra,mobile,Panther Lake,Cougar Cove/Darkmont,Core Ultra 5 322,Intel Core Ultra 5 Processor 322,6,2,4,6,2.50 GHz,4.40 GHz,,10 MB,12 MB,12W,25W,18A (Intel 18A),FCBGA2540,1,5.0,,LPDDR5X/DDR5,2,LPDDR5X-7467,96 GB,no,,,Intel Graphics (Xe3),2,,,2026-Q1,,,https://www.notebookcheck.net/Intel-Core-Ultra-5-322-Processor-Benchmarks-and-Specs.1196964.0.html,3,medium,"2P + 4 LP-E = 6 cores, 6 threads, no HT; entry Panther Lake SKU, TDP range reported inconsistently (12-25W vs flat 25W) across sources, used lower-tier 12W/25W per Comparigon; tier-1 ARK not directly returned in search"
Intel,Core Ultra,mobile,Panther Lake,Cougar Cove/Darkmont,Core Ultra 5 325,Intel Core Ultra 5 Processor 325,8,4,4,8,2.10 GHz,4.50 GHz,,,12 MB,25W,55W,18A (Intel 18A),FCBGA2540,1,4.0,,LPDDR5X/DDR5,2,LPDDR5X-7467,96 GB,no,,,Intel Graphics (Xe3),4,2.50 GHz,47,2026-Q1,,,https://cputronic.com/cpu/intel-core-ultra-5-325,3,medium,"4P + 4 LP-E = 8 cores, 8 threads, no HT; NPU reported 47 TOPS (lower than 365/335's 50), tier-1 ARK not directly returned in search"
Intel,Core Ultra,mobile,Panther Lake,Cougar Cove/Darkmont,Core Ultra 5 332,Intel Core Ultra 5 Processor 332,6,2,4,6,2.50 GHz,4.40 GHz,,10 MB,12 MB,25W,55W,18A (Intel 18A),FCBGA2540,1,5.0,,LPDDR5X/DDR5,2,LPDDR5X-7467,96 GB,no,,,Intel Graphics (Xe3),2,,,2026-Q1,,,https://www.cpu-monkey.com/en/compare_cpu-intel_core_ultra_5_322-vs-intel_core_ultra_5_332,3,medium,"2P + 4 LP-E = 6 cores, 6 threads, no HT; smallest Xe3 GPU tile (2 Xe3-cores); tier-1 ARK not directly returned in search, relied on cpu-monkey/AllCpus/technical.city corroboration"
Intel,Core Ultra,mobile,Panther Lake,Cougar Cove/Darkmont,Core Ultra 5 335,Intel Core Ultra 5 Processor 335,8,4,4,8,2.20 GHz,4.60 GHz,,,12 MB,25W,55W,18A (Intel 18A),FCBGA2540,1,4.0,,LPDDR5X/DDR5,2,LPDDR5X-7467,96 GB,no,,,Intel Graphics (Xe3),4,2.50 GHz,50,2026-Q1,,,https://www.notebookcheck.net/Intel-Core-Ultra-5-335-Processor-Benchmarks-and-Specs.1196771.0.html,3,medium,"4P + 4 LP-E = 8 cores, 8 threads, no HT; tier-1 ARK page not directly returned in search, used tier-3 corroborating sources (notebookcheck, cpu-monkey, wccftech Geekbench leak)"
Intel,Core Ultra,mobile,Panther Lake,Cougar Cove/Darkmont,Core Ultra 7 355,Intel Core Ultra 7 Processor 355,8,4,4,8,2.30 GHz,4.70 GHz,,,12 MB,25W,55W,18A (Intel 18A),FCBGA2540,1,4.0,,LPDDR5X/DDR5,2,LPDDR5X-7467,96 GB,no,,,Intel Graphics (Xe3),4,2.50 GHz,49,2026-Q1,,,https://www.intel.com/content/www/us/en/products/sku/245722/intel-core-ultra-7-processor-355-12m-cache-up-to-4-70-ghz/specifications.html,1,high,"4P + 4 LP-E = 8 cores, 8 threads, no HT; NPU reported 49 TOPS vs 50 on 365, logged as SKU variance"
Intel,Core Ultra,mobile,Panther Lake,Cougar Cove/Darkmont,Core Ultra 7 365,Intel Core Ultra 7 Processor 365,8,4,4,8,2.40 GHz,4.80 GHz,,,12 MB,25W,55W,18A (Intel 18A),FCBGA2540,1,4.0,,LPDDR5X/DDR5,2,LPDDR5X-7467,96 GB,no,,,Intel Graphics (Xe3),4,2.50 GHz,50,2026-Q1,,,https://www.intel.com/content/www/us/en/products/sku/245713/intel-core-ultra-7-processor-365-12m-cache-up-to-4-80-ghz/specifications.html,1,high,"4P + 4 LP-E = 8 cores, 8 threads, no HT; small 4-Xe3-core GPU tile (not Arc-branded); replaces Lunar Lake in thin-and-light segment"
Intel,Core Ultra,mobile,Panther Lake High Power,Cougar Cove/Darkmont,Core Ultra 5 336H,Intel Core Ultra 5 Processor 336H,12,4,8,12,1.90 GHz,4.60 GHz,,16 MB,18 MB,25W,65W,3nm-class (Intel 18A per Intel product page),FCBGA2540,1,5.0,,LPDDR5X/DDR5,2,LPDDR5X-8533,96 GB,no,,,Intel Xe3 Graphics,4,2.30 GHz,,2026-Q1,,,https://www.intel.com/content/www/us/en/products/sku/245533/intel-core-ultra-5-processor-336h-18m-cache-up-to-4-60-ghz/specifications.html,1,high,8 E-cores = 4 regular E + 4 LP-E; 4P+8E=12 total no HT; entry Panther Lake H-tier SKU with small 4-Xe3-core GPU; NPU TOPS not found in search results for this specific SKU (assume 50 like siblings but left blank per no-invent rule)
Intel,Core Ultra,mobile,Panther Lake High Power,Cougar Cove/Darkmont,Core Ultra 5 338H,Intel Core Ultra 5 Processor 338H,12,4,8,12,1.70 GHz,4.70 GHz,,,18 MB,25W,80W,18A (Intel 18A),FCBGA2540,1,5.0,,LPDDR5X/DDR5,2,LPDDR5X-9600,96 GB,no,,,Intel Arc B370,10,2.40 GHz,50,2026-Q1,,,https://www.notebookcheck.net/Intel-Core-Ultra-5-338H-Processor-Benchmarks-and-Specs.1196619.0.html,3,medium,"8 E-cores = 4 regular E + 4 LP-E; 4P+8E=12 total no HT; cut-down 10 Xe3-core Arc B370 GPU tile, no X branding despite premium GPU tile; TDP reported as steady 35W in one engineering-sample test vs 25W/80W ARK-style range, logged conflict, trusted ARK-style figure"
Intel,Core Ultra,mobile,Panther Lake High Power,Cougar Cove/Darkmont,Core Ultra 7 356H,Intel Core Ultra 7 Processor 356H,16,4,12,16,2.20 GHz,4.70 GHz,,,18 MB,25W,80W,18A (Intel 18A),FCBGA2540,1,5.0,,LPDDR5X/DDR5,2,LPDDR5X-8533,96 GB,no,,,Intel Graphics (Xe3),4,2.45 GHz,50,2026-Q1,,,https://www.intel.com/content/www/us/en/products/sku/245722/intel-core-ultra-7-processor-355-12m-cache-up-to-4-70-ghz/specifications.html,3,medium,"12 E-cores = 8 regular E + 4 LP-E; 4P+12E=16 total no HT; small 4-Xe3-core GPU tile; tier-1 ARK deep-link not directly located in search for 356H specifically, corroborated via cputronic/allcpus/technical.city"
Intel,Core Ultra,mobile,Panther Lake High Power,Cougar Cove/Darkmont,Core Ultra 7 366H,Intel Core Ultra 7 Processor 366H,16,4,12,16,2.00 GHz,4.80 GHz,,,18 MB,25W,80W,18A (Intel 18A),FCBGA2049,1,5.0,,LPDDR5X/DDR5,2,LPDDR5X-8533,96 GB,no,,,Intel Graphics (Xe3),4,,50,2026-Q1,,,https://www.notebookcheck.net/Intel-Core-Ultra-7-366H-Processor-Benchmarks-and-Specs.1196569.0.html,3,medium,"12 E-cores = 8 regular E + 4 LP-E; 4P+12E=16 total no HT; small 4-Xe3-core GPU tile; one source (unclear) claimed Arc B390 branding but majority describe 4-core Xe3, treated as non-Arc per majority; socket listed as FCBGA2049 by notebookcheck vs FCBGA2540 elsewhere, logged conflict"
Intel,Core Ultra,mobile,Panther Lake High Power,Cougar Cove/Darkmont,Core Ultra 9 386H,Intel Core Ultra 9 Processor 386H,16,4,12,16,2.10 GHz,4.90 GHz,,,18 MB,25W,80W,18A (Intel 18A),FCBGA2540,1,5.0,,LPDDR5X/DDR5,2,LPDDR5X-8533,96 GB,no,,,Intel Graphics (Xe3),4,,50,2026-Q1,,,https://www.intel.com/content/www/us/en/products/sku/245529/intel-core-ultra-9-processor-386h-18m-cache-up-to-4-90-ghz/specifications.html,1,high,"12 E-cores = 8 regular E + 4 LP-E; 4P+12E=16 total no HT; small 4-Xe3-core GPU tile (not Arc-branded), aimed at discrete-GPU laptops; 20 PCIe lanes vs 12 on X-series; igpu_clock not found in tier-1/tier-3 sources searched"
Intel,Core Ultra,mobile,Panther Lake High Power,Cougar Cove/Darkmont,Core Ultra X7 358H,Intel Core Ultra X7 Processor 358H,16,4,12,16,1.90 GHz,4.80 GHz,,,18 MB,25W,80W,18A (Intel 18A) + TSMC N3E GPU tile,FCBGA2540,1,5.0,,LPDDR5X,2,LPDDR5X-9600,96 GB,no,,,Intel Arc B390,12,2.50 GHz,50,2026-Q1,,,https://www.intel.com/content/www/us/en/products/sku/245527/intel-core-ultra-x7-processor-358h-18m-cache-up-to-4-80-ghz/specifications.html,1,high,12 E-cores = 8 regular E + 4 LP-E; 4P+12E=16 total no HT; second-fastest full 12 Xe3-core Arc B390 SKU
Intel,Core Ultra,mobile,Panther Lake High Power,Cougar Cove/Darkmont,Core Ultra X7 368H,Intel Core Ultra X7 Processor 368H,16,4,12,16,2.00 GHz,5.00 GHz,,,18 MB,25W,80W,18A (Intel 18A) + TSMC N3E GPU tile,FCBGA2540,1,5.0,,LPDDR5X,2,LPDDR5X-9600,96 GB,no,,,Intel Arc B390,12,2.50 GHz,50,2026-Q1,,,https://www.notebookcheck.net/Intel-Core-Ultra-X7-368H-Processor-Benchmarks-and-Specs.html,3,medium,"12 E-cores = 8 regular E + 4 LP-E; 4P+12E=16 total no HT; full 12 Xe3-core Arc B390; tier-1 ARK page not directly returned in search results, cross-checked technical.city/nanoreview/cpu-monkey/allcpus"
Intel,Core Ultra,mobile,Panther Lake High Power,Cougar Cove/Darkmont,Core Ultra X9 378H,Intel Core Ultra X9 Processor 378H,16,4,12,16,2.00 GHz,5.00 GHz,,,18 MB,25W,80W,18A (Intel 18A) + TSMC N3E GPU tile,FCBGA2540,1,5.0,,LPDDR5X,2,LPDDR5X-9600,96 GB,no,,,Intel Arc B390,12,2.50 GHz,50,2026-Q2,,,https://www.intel.com/content/www/us/en/products/sku/246128/intel-core-ultra-x9-processor-378h-18m-cache-up-to-5-00-ghz/specifications.html,1,high,"12 E-cores = 8 regular E + 4 LP-E; 4P+12E=16 total no HT; consumer-only counterpart of X7 368H (identical specs, no vPro/embedded support), launched April 2026 without formal announcement per ultrabookreview"
Intel,Core Ultra,mobile,Panther Lake High Power,Cougar Cove/Darkmont,Core Ultra X9 388H,Intel Core Ultra X9 Processor 388H,16,4,12,16,2.10 GHz,5.10 GHz,,,18 MB,25W,80W,18A (Intel 18A) + TSMC N3E GPU tile,FCBGA2540,1,5.0,,LPDDR5X,2,LPDDR5X-9600,96 GB,no,,,Intel Arc B390,12,2.50 GHz,50,2026-Q1,,,https://www.intel.com/content/www/us/en/products/sku/245526/intel-core-ultra-x9-processor-388h-18m-cache-up-to-5-10-ghz/specifications.html,1,high,12 E-cores = 8 regular E + 4 LP-E; 4P+12E=16 total no HT; flagship SKU with full 12 Xe3-core Arc B390 GPU tile
Intel,Core (Series 2),mobile,Raptor Lake-U Refresh,Raptor Cove/Gracemont,Core 5 220U,Intel Core 5 Processor 220U,10,2,8,12,1.40 GHz,5.00 GHz,,10 MB,12 MB,15W,,Intel 7,FCBGA1744,1,4.0,,DDR4/DDR5,2,DDR5-5200,64 GB,no,,,Intel UHD Graphics (Xe),80,,,2025-Q1,,,https://www.intel.com/content/www/us/en/products/sku/238776/intel-core-5-processor-220u-12m-cache-up-to-5-00-ghz/specifications.html,1,high,"2P+8E=10 cores; P-cores no HT, E-cores no HT = 12 threads; iGPU listed as UHD Graphics Xe G4 80 EU by secondary source, ARK naming not independently re-verified this session"
Intel,Core (Series 2),mobile,Raptor Lake-U Refresh,Raptor Cove/Gracemont,Core 7 250U,Intel Core 7 Processor 250U,10,2,8,12,1.40 GHz,5.40 GHz,,10 MB,12 MB,15W,,Intel 7,FCBGA1744,1,4.0,,DDR4/DDR5,2,DDR5-5200,64 GB,no,,,Intel UHD Graphics (Xe),80,,,2025-Q1,,,https://www.intel.com/content/www/us/en/products/sku/238771/intel-core-7-processor-250u-12m-cache-up-to-5-40-ghz/specifications.html,1,medium,"2P+8E=10 cores/12 threads assumed identical config to sibling 220U; base clock estimated by family pattern, not independently re-confirmed this session"
Intel,Xeon D,embedded,Ice Lake-D,Ice Lake,Xeon D-1702,Intel Xeon D-1702 Processor,2,2,0,4,1.60 GHz,1.70 GHz,,2.5 MB,5 MB,25W,,10 nm,FCBGA2227,1,4.0,16,DDR4,4,DDR4-2400,256 GB,no,no,0,,,,,2022-Q1,139,D-1702,https://ark.intel.com/content/www/us/en/ark/products/226115/intel-xeon-d1702-processor-5m-cache-up-to-1-70-ghz.html,1,high,ARK explicitly states no ECC support for this lowest-tier SKU; L2 est 1.25MB/core
Intel,Xeon D,embedded,Ice Lake-D,Ice Lake,Xeon D-1712TR,Intel Xeon D-1712TR Processor,4,4,0,8,2.00 GHz,3.10 GHz,,5 MB,10 MB,40W,,10 nm,FCBGA2227,1,4.0,,DDR4,4,DDR4-2400,384 GB,yes,no,0,,,,,2022-Q1,295,D-1712TR,https://ark.intel.com/content/www/us/en/ark/products/226108/intel-xeon-d-1712tr-processor-10m-cache-up-to-3-10-ghz.html,1,high,L2 est 1.25MB/core; mem speed tier3 medium
Intel,Xeon D,embedded,Ice Lake-D,Ice Lake,Xeon D-1713NT,Intel Xeon D-1713NT Processor,4,4,0,8,2.20 GHz,3.50 GHz,,5 MB,10 MB,45W,,10 nm,FCBGA2227,1,4.0,,DDR4,4,,256 GB,yes,no,0,,,,,2022-Q1,352,D-1713NT,https://ark.intel.com/content/www/us/en/ark/products/226102/intel-xeon-d1713nt-processor-10m-cache-up-to-3-50-ghz.html,1,high,L2 est 1.25MB/core
Intel,Xeon D,embedded,Ice Lake-D,Ice Lake,Xeon D-1713NTE,Intel Xeon D-1713NTE Processor,4,4,0,8,2.20 GHz,3.30 GHz,,5 MB,10 MB,45W,,10 nm,FCBGA2227,1,4.0,,DDR4,4,,256 GB,yes,no,0,,,,,2022-Q1,365,D-1713NTE,https://ark.intel.com/content/www/us/en/ark/products/226104/intel-xeon-d1713nte-processor-10m-cache-up-to-3-30-ghz.html,1,high,L2 est 1.25MB/core
Intel,Xeon D,embedded,Ice Lake-D,Ice Lake,Xeon D-1714,Intel Xeon D-1714 Processor,4,4,0,8,2.30 GHz,3.40 GHz,,5 MB,10 MB,38W,,10 nm,FCBGA2227,1,4.0,16,DDR4,4,DDR4-2667,256 GB,no,no,0,,,,,2022-Q1,267,D-1714,https://ark.intel.com/content/www/us/en/ark/products/226109/intel-xeon-d1714-processor-10m-cache-up-to-3-40-ghz.html,1,medium,"Silicon Voyage (tier3) reports no ECC support on this SKU, unusual vs rest of family (most D-17xx support ECC); flagged, medium confidence on ecc field"
Intel,Xeon D,embedded,Ice Lake-D,Ice Lake,Xeon D-1715TER,Intel Xeon D-1715TER Processor,4,4,0,8,2.40 GHz,3.50 GHz,,5 MB,10 MB,50W,,10 nm,FCBGA2227,1,4.0,,DDR4,4,,384 GB,yes,no,0,,,,,2022-Q1,352,D-1715TER,https://ark.intel.com/content/www/us/en/ark/products/226105/intel-xeon-d-1715ter-processor-10m-cache-up-to-3-50-ghz.html,1,high,L2 est 1.25MB/core
Intel,Xeon D,embedded,Ice Lake-D,Ice Lake,Xeon D-1718T,Intel Xeon D-1718T Processor,4,4,0,8,2.60 GHz,3.50 GHz,,5 MB,10 MB,46W,,10 nm,FCBGA2227,1,4.0,,DDR4,4,,256 GB,yes,no,0,,,,,2022-Q1,338,D-1718T,https://ark.intel.com/content/www/us/en/ark/products/226107/intel-xeon-d-1718t-processor-10m-cache-up-to-3-50-ghz.html,1,high,L2 est 1.25MB/core
Intel,Xeon D,embedded,Ice Lake-D,Ice Lake,Xeon D-1722NE,Intel Xeon D-1722NE Processor,6,6,0,12,1.70 GHz,2.70 GHz,,7.5 MB,10 MB,36W,,10 nm,FCBGA2227,1,4.0,,DDR4,4,DDR4-2400,256 GB,yes,no,0,,,,,2022-Q1,,D-1722NE,https://ark.intel.com/content/www/us/en/ark/products/226113/intel-xeon-d-1722ne-processor-10m-cache-up-to-2-70-ghz.html,1,high,Launch price not published in ARK summary; L2 est 1.25MB/core
Intel,Xeon D,embedded,Ice Lake-D,Ice Lake,Xeon D-1726,Intel Xeon D-1726 Processor,6,6,0,12,2.90 GHz,3.50 GHz,,7.5 MB,10 MB,70W,,10 nm,FCBGA2227,1,4.0,,DDR4,4,DDR4-2933,384 GB,yes,no,0,,,,,2022-Q1,549,D-1726,https://ark.intel.com/content/www/us/en/ark/products/226112/intel-xeon-d-1726-processor-10m-cache-up-to-3-50-ghz.html,1,high,L2 est 1.25MB/core; mem speed tier3 medium
Intel,Xeon D,embedded,Ice Lake-D,Ice Lake,Xeon D-1731NTE,Intel Xeon D-1731NTE Processor,8,8,0,16,1.70 GHz,2.80 GHz,,10 MB,15 MB,45W,,10 nm,FCBGA2227,1,4.0,,DDR4,4,,256 GB,yes,no,0,,,,,2022-Q1,779,D-1731NTE,https://www.intel.com/content/www/us/en/products/sku/229915/intel-xeon-d1731nte-processor-15m-cache-up-to-2-80-ghz/specifications.html,1,high,L2 est 1.25MB/core
Intel,Xeon D,embedded,Ice Lake-D,Ice Lake,Xeon D-1732TE,Intel Xeon D-1732TE Processor,8,8,0,16,1.90 GHz,3.00 GHz,,10 MB,15 MB,52W,,10 nm,FCBGA2227,1,4.0,,DDR4,4,,384 GB,yes,no,0,,,,,2022-Q1,818,D-1732TE,https://www.intel.com/content/www/us/en/products/sku/226106/intel-xeon-d1732te-processor-15m-cache-up-to-3-00-ghz/specifications.html,1,high,launch price sources conflict ($818 ARK RCP vs $730 per secondary sell price note) - used ARK RCP
Intel,Xeon D,embedded,Ice Lake-D,Ice Lake,Xeon D-1733NT,Intel Xeon D-1733NT Processor,8,8,0,16,2.00 GHz,3.10 GHz,,10 MB,15 MB,53W,,10 nm,FCBGA2227,1,4.0,,DDR4,4,DDR4-2400,256 GB,yes,no,0,,,,,2022-Q1,887,D-1733NT,https://ark.intel.com/content/www/us/en/ark/products/226099/intel-xeon-d-1733nt-processor-15m-cache-up-to-3-10-ghz.html,1,high,L2 est 1.25MB/core
Intel,Xeon D,embedded,Ice Lake-D,Ice Lake,Xeon D-1734NT,Intel Xeon D-1734NT Processor,8,8,0,16,2.00 GHz,3.10 GHz,,10 MB,15 MB,50W,,10 nm,FCBGA2227,1,4.0,16,DDR4,2,DDR4-2667,256 GB,no,no,0,,,,,2022-Q1,846,D-1734NT,https://ark.intel.com/content/www/us/en/ark/products/226114/intel-xeon-d-1734nt-processor-15m-cache-up-to-3-10-ghz.html,1,medium,"Secondary source (siliconvoyage) reports only 2 memory channels and no ECC on this SKU, unusual vs rest of D-17xx family (4ch/ECC yes) - flagged as anomaly, medium confidence on mem_channels/ecc/pcie_lanes fields"
Intel,Xeon D,embedded,Ice Lake-D,Ice Lake,Xeon D-1735TR,Intel Xeon D-1735TR Processor,8,8,0,16,2.20 GHz,3.40 GHz,,10 MB,15 MB,59W,,10 nm,FCBGA2227,1,4.0,,DDR4,4,DDR4-2933,384 GB,yes,no,0,,,,,2022-Q1,730,D-1735TR,https://ark.intel.com/content/www/us/en/ark/products/226103/intel-xeon-d1735tr-processor-15m-cache-up-to-3-40-ghz.html,1,high,mem speed DDR4-2933 tier3 medium for that field
Intel,Xeon D,embedded,Ice Lake-D,Ice Lake,Xeon D-1736,Intel Xeon D-1736 Processor,8,8,0,16,2.30 GHz,3.40 GHz,,10 MB,15 MB,55W,,10 nm,FCBGA2227,1,4.0,,DDR4,4,,256 GB,yes,no,0,,,,,2022-Q1,747,D-1736,https://ark.intel.com/content/www/us/en/ark/products/226111/intel-xeon-d1736-processor-15m-cache-up-to-3-40-ghz.html,1,high,L2 est 1.25MB/core
Intel,Xeon D,embedded,Ice Lake-D,Ice Lake,Xeon D-1736NT,Intel Xeon D-1736NT Processor,8,8,0,16,2.70 GHz,3.50 GHz,,10 MB,15 MB,67W,,10 nm,FCBGA2227,1,4.0,,DDR4,4,DDR4-2667,256 GB,yes,no,0,,,,,2022-Q1,1128,D-1736NT,https://ark.intel.com/content/www/us/en/ark/products/226098/intel-xeon-d-1736nt-processor-15m-cache-up-to-3-50-ghz.html,1,high,"mem speed DDR4-2667 per Supermicro board spec, tier3 medium for that field"
Intel,Xeon D,embedded,Ice Lake-D,Ice Lake,Xeon D-1739,Intel Xeon D-1739 Processor,8,8,0,16,3.00 GHz,3.50 GHz,,10 MB,15 MB,83W,,10 nm,FCBGA2227,1,4.0,,DDR4,4,DDR4-2933,384 GB,yes,no,0,,,,,2022-Q1,915,D-1739,https://ark.intel.com/content/www/us/en/ark/products/226110/intel-xeon-d-1739-processor-15m-cache-up-to-3-50-ghz.html,1,high,mem speed DDR4-2933 tier3 medium for that field
Intel,Xeon D,embedded,Ice Lake-D,Ice Lake,Xeon D-1746TER,Intel Xeon D-1746TER Processor,10,10,0,20,2.00 GHz,3.10 GHz,,12.5 MB,15 MB,67W,,10 nm,FCBGA2227,1,4.0,,DDR4,4,,256 GB,yes,no,0,,,,,2022-Q1,1197,D-1746TER,https://ark.intel.com/content/www/us/en/ark/products/226100/intel-xeon-d1746ter-processor-15m-cache-up-to-3-10-ghz.html,1,high,L2 est 1.25MB/core per Ice Lake-D; p_cores=cores (no E-cores in Ice Lake-D)
Intel,Xeon D,embedded,Ice Lake-D,Ice Lake,Xeon D-1747NTE,Intel Xeon D-1747NTE Processor,10,10,0,20,2.50 GHz,3.50 GHz,,12.5 MB,15 MB,80W,,10 nm,FCBGA2227,1,4.0,,DDR4,4,,384 GB,yes,no,0,,,,,2022-Q1,1478,D-1747NTE,https://ark.intel.com/content/www/us/en/ark/products/226116/intel-xeon-d-1747nte-processor-15m-cache-up-to-3-50-ghz.html,1,high,"L2 10x1280KB confirmed by cpu-monkey; max mem 384GB per ARK, differs from other D-17xx (256GB) - noted"
Intel,Xeon D,embedded,Ice Lake-D,Ice Lake,Xeon D-1748TE,Intel Xeon D-1748TE Processor,10,10,0,20,2.30 GHz,3.40 GHz,,12.5 MB,15 MB,65W,,10 nm,FCBGA2227,1,4.0,,DDR4,4,DDR4-2400,256 GB,yes,no,0,,,,,2022-Q1,1197,D-1748TE,https://ark.intel.com/content/www/us/en/ark/products/226119/intel-xeon-d1748te-processor-15m-cache-up-to-3-40-ghz.html,1,high,"mem speed DDR4-2400 per cpu-world tier3, medium confidence for that field only"
Intel,Xeon D,embedded,Ice Lake-D,Ice Lake,Xeon D-1749NT,Intel Xeon D-1749NT Processor,10,10,0,20,3.00 GHz,3.50 GHz,,12.5 MB,15 MB,90W,,10 nm,FCBGA2227,1,4.0,,DDR4,4,,256 GB,yes,no,0,,,,,2022-Q1,1409,D-1749NT,https://ark.intel.com/content/www/us/en/ark/products/226101/intel-xeon-d1749nt-processor-15m-cache-up-to-3-50-ghz.html,1,high,L2 est 1.25MB/core
Intel,Xeon D,embedded,Ice Lake-D,Ice Lake,Xeon D-1813NT,Intel Xeon D-1813NT Processor,4,4,0,8,2.20 GHz,2.40 GHz,,5 MB,10 MB,42W,,10 nm,FCBGA2227,1,4.0,,DDR4,4,,256 GB,yes,no,0,,,,,2023-Q4,314,D-1813NT,https://ark.intel.com/content/www/us/en/ark/products/235740/intel-xeon-d-1813nt-processor-10m-cache-up-to-2-40-ghz.html,1,high,L2 est 1.25MB/core
Intel,Xeon D,embedded,Ice Lake-D,Ice Lake,Xeon D-1823NT,Intel Xeon D-1823NT Processor,6,6,0,12,2.80 GHz,3.50 GHz,,7.5 MB,10 MB,55W,,10 nm,FCBGA2227,1,4.0,,DDR4,2,DDR4-2400,256 GB,yes,no,0,,,,,2023-Q4,488,D-1823NT,https://ark.intel.com/content/www/us/en/ark/products/235734/intel-xeon-d-1823nt-processor-10m-cache-up-to-3-50-ghz.html,1,high,ARK explicitly lists 2 memory channels for this SKU (vs 4 on most D-17xx); L2 est 1.25MB/core
Intel,Xeon D,embedded,Ice Lake-D,Ice Lake,Xeon D-1834,Intel Xeon D-1834 Processor,8,8,0,16,1.80 GHz,2.90 GHz,,10 MB,15 MB,42W,,10 nm,FCBGA2227,1,4.0,,DDR4,4,,256 GB,yes,no,0,,,,,2023-Q4,333,D-1834,https://ark.intel.com/content/www/us/en/ark/products/235735/intel-xeon-d-1834-processor-15m-cache-up-to-2-90-ghz.html,1,high,L2 est 1.25MB/core
Intel,Xeon D,embedded,Ice Lake-D,Ice Lake,Xeon D-1844NT,Intel Xeon D-1844NT Processor,10,10,0,20,2.00 GHz,3.10 GHz,,12.5 MB,15 MB,55W,,10 nm,FCBGA2227,1,4.0,,DDR4,4,,256 GB,yes,no,0,,,,,2023-Q4,844,D-1844NT,https://www.intel.com/content/www/us/en/products/sku/235744/intel-xeon-d1844nt-processor-15m-cache-up-to-3-10-ghz/specifications.html,1,high,L2 est 1.25MB/core
Intel,Xeon D,embedded,Ice Lake-D,Ice Lake,Xeon D-1846,Intel Xeon D-1846 Processor,10,10,0,20,2.00 GHz,3.10 GHz,,12.5 MB,15 MB,55W,,10 nm,FCBGA2227,1,4.0,,DDR4,4,,256 GB,yes,no,0,,,,,2023-Q4,667,D-1846,https://www.intel.com/content/www/us/en/products/sku/235738/intel-xeon-d1846-processor-15m-cache-up-to-3-10-ghz/specifications.html,1,high,L2 est 1.25MB/core
Intel,Xeon D,embedded,Ice Lake-D,Ice Lake,Xeon D-1848TER,Intel Xeon D-1848TER Processor,10,10,0,20,2.00 GHz,3.10 GHz,,12.5 MB,15 MB,57W,,10 nm,FCBGA2227,1,4.0,,DDR4,4,,256 GB,yes,no,0,,,,,2023-Q4,1005,D-1848TER,https://ark.intel.com/content/www/us/en/ark/products/235742/intel-xeon-d-1848ter-processor-15m-cache-up-to-3-10-ghz.html,1,high,L2 12.5MB confirmed by retailer listing
Intel,Xeon D,embedded,Ice Lake-D,Ice Lake,Xeon D-2712T,Intel Xeon D-2712T Processor,4,4,0,8,1.90 GHz,3.00 GHz,,5 MB,15 MB,65W,,10 nm,FCBGA2579,1,4.0,,DDR4,4,,1 TB,yes,no,0,,,,,2022-Q1,391,D-2712T,https://ark.intel.com/content/www/us/en/ark/products/226233/intel-xeon-d-2712t-processor-15m-cache-up-to-3-00-ghz.html,1,high,L2 est 1.25MB/core; no iGPU
Intel,Xeon D,embedded,Ice Lake-D,Ice Lake,Xeon D-2733NT,Intel Xeon D-2733NT Processor,8,8,0,16,2.10 GHz,3.20 GHz,,10 MB,15 MB,80W,,10 nm,FCBGA2579,1,4.0,,DDR4,4,,1 TB,yes,no,0,,,,,2022-Q1,914,D-2733NT,https://ark.intel.com/content/www/us/en/ark/products/226234/intel-xeon-d-2733nt-processor-15m-cache-up-to-3-20-ghz.html,1,high,L2 est 1.25MB/core
Intel,Xeon D,embedded,Ice Lake-D,Ice Lake,Xeon D-2738,Intel Xeon D-2738 Processor,8,8,0,16,2.50 GHz,3.50 GHz,,10 MB,15 MB,88W,,10 nm,FCBGA2579,1,4.0,,DDR4,4,,1 TB,yes,no,0,,,,,2022-Q1,784,D-2738,https://ark.intel.com/content/www/us/en/ark/products/226235/intel-xeon-d-2738-processor-15m-cache-up-to-3-50-ghz.html,1,high,L2 est 1.25MB/core
Intel,Xeon D,embedded,Ice Lake-D,Ice Lake,Xeon D-2739NT,Intel Xeon D-2739NT Processor,8,8,0,16,2.50 GHz,3.50 GHz,,10 MB,15 MB,97W,,10 nm,FCBGA2579,1,4.0,,DDR4,4,2933 MHz,1 TB,yes,no,0,,,,,2022-Q1,949,D-2739NT,https://www.intel.com/content/www/us/en/products/sku/229364/intel-xeon-d2739nt-processor-15m-cache-up-to-3-50-ghz/specifications.html,1,high,L2 est 1.25MB/core
Intel,Xeon D,embedded,Ice Lake-D,Ice Lake,Xeon D-2745NX,Intel Xeon D-2745NX Processor,10,10,0,20,2.40 GHz,3.50 GHz,,12.5 MB,17.5 MB,96W,,10 nm,FCBGA2579,1,4.0,,DDR4,4,,1 TB,yes,no,0,,,,,2022-Q3,1213,D-2745NX,https://ark.intel.com/content/www/us/en/ark/products/226236/intel-xeon-d2745nx-processor-17-5m-cache-up-to-3-50-ghz.html,1,high,L2 est 1.25MB/core
Intel,Xeon D,embedded,Ice Lake-D,Ice Lake,Xeon D-2752NTE,Intel Xeon D-2752NTE Processor,12,12,0,24,1.90 GHz,3.00 GHz,,15 MB,20 MB,84W,,10 nm,FCBGA2579,1,4.0,,DDR4,4,,1 TB,yes,no,0,,,,,2022-Q1,1306,D-2752NTE,https://ark.intel.com/content/www/us/en/ark/products/226247/intel-xeon-d2752nte-processor-20m-cache-up-to-3-00-ghz.html,1,high,L2 est 1.25MB/core
Intel,Xeon D,embedded,Ice Lake-D,Ice Lake,Xeon D-2752TER,Intel Xeon D-2752TER Processor,12,12,0,24,1.80 GHz,2.80 GHz,,15 MB,20 MB,77W,,10 nm,FCBGA2579,1,4.0,,DDR4,4,,1 TB,yes,no,0,,,,,2022-Q1,1188,D-2752TER,https://ark.intel.com/content/www/us/en/ark/products/226248/intel-xeon-d-2752ter-processor-20m-cache-up-to-2-80-ghz.html,1,high,L2 est 1.25MB/core
Intel,Xeon D,embedded,Ice Lake-D,Ice Lake,Xeon D-2753NT,Intel Xeon D-2753NT Processor,12,12,0,24,2.00 GHz,3.10 GHz,,15 MB,20 MB,87W,,10 nm,FCBGA2579,1,4.0,,DDR4,4,DDR4-2667,1 TB,yes,no,0,,,,,2022-Q1,1229,D-2753NT,https://ark.intel.com/content/www/us/en/ark/products/226237/intel-xeon-d-2753nt-processor-20m-cache-up-to-3-10-ghz.html,1,high,L2 est 1.25MB/core
Intel,Xeon D,embedded,Ice Lake-D,Ice Lake,Xeon D-2757NX,Intel Xeon D-2757NX Processor,12,12,0,24,2.50 GHz,3.50 GHz,,15 MB,20 MB,107W,,10 nm,FCBGA2579,1,4.0,,DDR4,4,,1 TB,yes,no,0,,,,,2022-Q3,1575,D-2757NX,https://ark.intel.com/content/www/us/en/ark/products/226238/intel-xeon-d2757nx-processor-20m-cache-up-to-3-50-ghz.html,1,high,L2 est 1.25MB/core
Intel,Xeon D,embedded,Ice Lake-D,Ice Lake,Xeon D-2766NT,Intel Xeon D-2766NT Processor,14,14,0,28,2.00 GHz,3.10 GHz,,17.5 MB,20 MB,97W,,10 nm,FCBGA2579,1,4.0,,DDR4,4,DDR4-2667,1 TB,yes,no,0,,,,,2022-Q1,,D-2766NT,https://ark.intel.com/content/www/us/en/ark/products/226241/intel-xeon-d2766nt-processor-20m-cache-up-to-3-10-ghz.html,1,high,L2 est 1.25MB/core; launch price not found in ARK summary
Intel,Xeon D,embedded,Ice Lake-D,Ice Lake,Xeon D-2775TE,Intel Xeon D-2775TE Processor,16,16,0,32,2.00 GHz,3.10 GHz,,20 MB,25 MB,100W,,10 nm,FCBGA2579,1,4.0,,DDR4,4,,1 TB,yes,no,0,,,,,2022-Q1,1961,D-2775TE,https://ark.intel.com/content/www/us/en/ark/products/226250/intel-xeon-d-2775te-processor-25m-cache-up-to-3-10-ghz.html,1,high,L2 est 1.25MB/core
Intel,Xeon D,embedded,Ice Lake-D,Ice Lake,Xeon D-2776NT,Intel Xeon D-2776NT Processor,16,16,0,32,2.10 GHz,3.20 GHz,,20 MB,25 MB,117W,,10 nm,FCBGA2579,1,4.0,,DDR4,4,DDR4-2933,1 TB,yes,no,0,,,,,2022-Q1,1961,D-2776NT,https://ark.intel.com/content/www/us/en/ark/products/226239/intel-xeon-d-2776nt-processor-25m-cache-up-to-3-20-ghz.html,1,high,L2 est 1.25MB/core
Intel,Xeon D,embedded,Ice Lake-D,Ice Lake,Xeon D-2777NX,Intel Xeon D-2777NX Processor,16,16,0,32,2.20 GHz,3.30 GHz,,20 MB,25 MB,116W,,10 nm,FCBGA2579,1,4.0,,DDR4,4,DDR4-2667,1 TB,yes,no,0,,,,,2022-Q3,2101,D-2777NX,https://ark.intel.com/content/www/us/en/ark/products/226240/intel-xeon-d-2777nx-processor-25m-cache-up-to-3-30-ghz.html,1,high,L2 est 1.25MB/core
Intel,Xeon D,embedded,Ice Lake-D,Ice Lake,Xeon D-2779,Intel Xeon D-2779 Processor,16,16,0,32,2.50 GHz,3.40 GHz,,20 MB,25 MB,126W,,10 nm,FCBGA2579,1,4.0,32,DDR4,4,DDR4-3200,1 TB,no,no,0,,,,,2022-Q1,,D-2779,https://ark.intel.com/content/www/us/en/ark/products/226242/intel-xeon-d2779-processor-25m-cache-up-to-3-40-ghz.html,1,medium,"Silicon Voyage reports ECC=No, unusual vs family (most D-27xx ECC yes) - flagged, medium confidence on ecc field; launch price not found"
Intel,Xeon D,embedded,Ice Lake-D,Ice Lake,Xeon D-2786NTE,Intel Xeon D-2786NTE Processor,18,18,0,36,2.10 GHz,3.10 GHz,,22.5 MB,27.5 MB,118W,,10 nm,FCBGA2579,1,4.0,,DDR4,4,DDR4-2933,1 TB,yes,no,0,,,,,2022-Q1,2353,D-2786NTE,https://ark.intel.com/content/www/us/en/ark/products/226252/intel-xeon-d2786nte-processor-27-5m-cache-up-to-3-10-ghz.html,1,high,L2 est 1.25MB/core; mem speed tier3 medium
Intel,Xeon D,embedded,Ice Lake-D,Ice Lake,Xeon D-2795NT,Intel Xeon D-2795NT Processor,20,20,0,40,2.00 GHz,3.10 GHz,,25 MB,30 MB,110W,,10 nm,FCBGA2579,1,4.0,,DDR4,4,,1 TB,yes,no,0,,,,,2022-Q1,2495,D-2795NT,https://ark.intel.com/content/www/us/en/ark/products/226243/intel-xeon-d-2795nt-processor-30m-cache-up-to-3-10-ghz.html,1,high,L2 est 1.25MB/core
Intel,Xeon D,embedded,Ice Lake-D,Ice Lake,Xeon D-2796NT,Intel Xeon D-2796NT Processor,20,20,0,40,2.00 GHz,3.10 GHz,,25 MB,30 MB,120W,,10 nm,FCBGA2579,1,4.0,32,DDR4,4,DDR4-2933,1 TB,no,no,0,,,,,2022-Q1,2379,D-2796NT,https://ark.intel.com/content/www/us/en/ark/products/226249/intel-xeon-d2796nt-processor-30m-cache-up-to-3-10-ghz.html,1,medium,"cpu-world/askgeek report ECC=No for this specific SKU, unusual vs rest of D-27xx family (ECC yes); flagged as anomaly, medium confidence on ecc field"
Intel,Xeon D,embedded,Ice Lake-D,Ice Lake,Xeon D-2796TE,Intel Xeon D-2796TE Processor,20,20,0,40,2.00 GHz,3.10 GHz,,25 MB,30 MB,118W,,10 nm,FCBGA2579,1,4.0,,DDR4,4,,1 TB,yes,no,0,,,,,2022-Q1,2353,D-2796TE,https://ark.intel.com/content/www/us/en/ark/products/226251/intel-xeon-d-2796te-processor-30m-cache-up-to-3-10-ghz.html,1,high,L2 confirmed 20x1280KB=25MB per cpu-monkey
Intel,Xeon D,embedded,Ice Lake-D,Ice Lake,Xeon D-2798NT,Intel Xeon D-2798NT Processor,20,20,0,40,2.10 GHz,3.10 GHz,,25 MB,30 MB,125W,,10 nm,FCBGA2579,1,4.0,,DDR4,4,,1 TB,yes,no,0,,,,,2022-Q1,2418,D-2798NT,https://ark.intel.com/content/www/us/en/ark/products/226246/intel-xeon-d-2798nt-processor-30m-cache-up-to-3-10-ghz.html,1,high,L2 est 1.25MB/core
Intel,Xeon D,embedded,Ice Lake-D,Ice Lake,Xeon D-2798NX,Intel Xeon D-2798NX Processor,20,20,0,40,2.10 GHz,3.10 GHz,,25 MB,30 MB,126W,,10 nm,FCBGA2579,1,4.0,,DDR4,4,,1 TB,yes,no,0,,,,,2022-Q3,2720,D-2798NX,https://ark.intel.com/content/www/us/en/ark/products/226245/intel-xeon-d-2798nx-processor-30m-cache-up-to-3-10-ghz.html,1,high,L2 est 1.25MB/core
Intel,Xeon D,embedded,Ice Lake-D,Ice Lake,Xeon D-2799,Intel Xeon D-2799 Processor,20,20,0,40,2.40 GHz,3.40 GHz,,25 MB,30 MB,129W,,10 nm,FCBGA2579,1,4.0,,DDR4,4,DDR4-3200,1 TB,yes,no,0,,,,,2022-Q1,2209,D-2799,https://ark.intel.com/content/www/us/en/ark/products/226244/intel-xeon-d-2799-processor-30m-cache-up-to-3-40-ghz.html,1,high,L2 est 1.25MB/core
Intel,Xeon D,embedded,Ice Lake-D,Ice Lake,Xeon D-2832NT,Intel Xeon D-2832NT Processor,8,8,0,16,2.10 GHz,3.20 GHz,,10 MB,15 MB,70W,,10 nm,FCBGA2579,1,4.0,,DDR4,4,2667 MHz,1 TB,yes,no,0,,,,,2023-Q4,654,D-2832NT,https://ark.intel.com/content/www/us/en/ark/products/235746/intel-xeon-d-2832nt-processor-15m-cache-up-to-3-20-ghz.html,1,high,L2 est 1.25MB/core; DL Boost yes
Intel,Xeon D,embedded,Ice Lake-D,Ice Lake,Xeon D-2843NT,Intel Xeon D-2843NT Processor,10,10,0,20,2.00 GHz,3.20 GHz,,12.5 MB,15 MB,80W,,10 nm,FCBGA2579,1,4.0,,DDR4,4,DDR4-2667,1 TB,yes,no,0,,,,,2023-Q4,925,D-2843NT,https://www.intel.com/content/www/us/en/products/sku/235752/intel-xeon-d2843nt-processor-15m-cache-up-to-3-20-ghz/specifications.html,1,high,L2 est 1.25MB/core
Intel,Xeon D,embedded,Ice Lake-D,Ice Lake,Xeon D-2876NT,Intel Xeon D-2876NT Processor,16,16,0,32,2.00 GHz,3.10 GHz,,20 MB,20 MB,100W,,10 nm,FCBGA2579,1,4.0,,DDR4,4,DDR4-2933,1 TB,yes,no,0,,,,,2023-Q4,1283,D-2876NT,https://www.intel.com/content/www/us/en/products/sku/235755/intel-xeon-d2876nt-processor-20m-cache-up-to-3-10-ghz/specifications.html,1,high,L2 est 1.25MB/core; note L3 is 20MB (smaller than D-2776NT's 25MB despite same core count) per ARK cache field
Intel,Xeon D,embedded,Ice Lake-D,Ice Lake,Xeon D-2896NT,Intel Xeon D-2896NT Processor,20,20,0,40,2.00 GHz,3.20 GHz,,25 MB,30 MB,117W,,10 nm,FCBGA2579,1,4.0,,DDR4,4,DDR4-2933,1 TB,yes,no,0,,,,,2023-Q4,1961,D-2896NT,https://ark.intel.com/content/www/us/en/ark/products/235748/intel-xeon-d-2896nt-processor-30m-cache-up-to-3-20-ghz.html,1,high,L2 est 1.25MB/core
Intel,Xeon D,embedded,Ice Lake-D,Ice Lake,Xeon D-2896TER,Intel Xeon D-2896TER Processor,20,20,0,40,2.00 GHz,3.20 GHz,,25 MB,30 MB,110W,,10 nm,FCBGA2579,1,4.0,,DDR4,4,,1 TB,yes,no,0,,,,,2023-Q4,2353,D-2896TER,https://ark.intel.com/content/www/us/en/ark/products/235754/intel-xeon-d-2896ter-processor-30m-cache-up-to-3-20-ghz.html,1,high,L2 est 1.25MB/core
Intel,Xeon D,embedded,Ice Lake-D,Ice Lake,Xeon D-2899NT,Intel Xeon D-2899NT Processor,22,22,0,44,2.20 GHz,3.10 GHz,,27.5 MB,30 MB,135W,,10 nm,FCBGA2579,1,4.0,,DDR4,4,DDR4-3200,1 TB,yes,no,0,,,,,2023-Q4,2395,D-2899NT,https://www.intel.com/content/www/us/en/products/sku/235750/intel-xeon-d2899nt-processor-30m-cache-up-to-3-10-ghz/specifications.html,1,high,L2 est 1.25MB/core
Intel,Core Ultra (Series 1 PS),embedded,Meteor Lake-H,Redwood Cove/Crestmont,Core Ultra 5 125HL,Intel Core Ultra 5 Processor 125HL,14,4,10,18,1.20 GHz,4.50 GHz,,,18 MB,28W,64W,Intel 4,LGA1851,1,4.0,,DDR5,2,DDR5-5600,96 GB,no,,,Intel Graphics,7,2.20 GHz,11,2024-Q2,,,https://ark.intel.com/content/www/us/en/ark/products/239782/intel-core-ultra-5-processor-125hl-18m-cache-up-to-4-50-ghz.html,1,medium,"Meteor Lake PS: socketed LGA1851 embedded/edge variant of 125H, same 4P+8E+2LP-E silicon; L2 cache blank, gap logged"
Intel,Core Ultra (Series 1 PS),embedded,Meteor Lake-H,Redwood Cove/Crestmont,Core Ultra 5 135HL,Intel Core Ultra 5 Processor 135HL,14,4,10,18,1.40 GHz,4.60 GHz,,,18 MB,28W,64W,Intel 4,LGA1851,1,4.0,,DDR5,2,DDR5-5600,96 GB,no,,,Intel Graphics,7,2.20 GHz,11,2024-Q2,,,https://ark.intel.com/content/www/us/en/ark/products/239785/intel-core-ultra-5-processor-135hl-18m-cache-up-to-4-60-ghz.html,1,medium,"Meteor Lake PS: socketed LGA1851 embedded/edge variant of 135H, same 4P+8E+2LP-E silicon; L2 cache blank, gap logged"
Intel,Core Ultra (Series 1 PS),embedded,Meteor Lake-H,Redwood Cove/Crestmont,Core Ultra 7 155HL,Intel Core Ultra 7 Processor 155HL,16,6,10,22,1.40 GHz,4.80 GHz,,18 MB,24 MB,28W,64W,Intel 4,LGA1851,1,4.0,,DDR5,2,DDR5-5600,96 GB,no,,,Intel Graphics,8,2.25 GHz,11,2024-Q2,,,https://ark.intel.com/content/www/us/en/ark/products/239786/intel-core-ultra-7-processor-155hl-24m-cache-up-to-4-80-ghz.html,1,medium,"Meteor Lake PS: socketed LGA1851 embedded/edge variant of 155H, same 6P+8E+2LP-E silicon; igpu_clock estimated by family pattern"
Intel,Core Ultra (Series 1 PS),embedded,Meteor Lake-H,Redwood Cove/Crestmont,Core Ultra 7 165HL,Intel Core Ultra 7 Processor 165HL,16,6,10,22,1.40 GHz,5.00 GHz,,18 MB,24 MB,45W,65W,Intel 4,LGA1851,1,4.0,,DDR5,2,DDR5-5600,96 GB,no,,,Intel Graphics,8,2.30 GHz,11,2024-Q2,,,https://ark.intel.com/content/www/us/en/ark/products/239788/intel-core-ultra-7-processor-165hl-24m-cache-up-to-5-00-ghz.html,1,high,"Meteor Lake PS: socketed LGA1851 embedded/edge variant of 165H, same 6P+8E+2LP-E silicon; iGPU branded 'Intel Graphics' (not Arc) on PS SKUs though same Xe microarchitecture; segment=embedded per explicit socketed edge-platform designation"
Intel,Core Ultra (Series 1 PS),embedded,Meteor Lake-U,Redwood Cove/Crestmont,Core Ultra 3 105UL,Intel Core Ultra 3 Processor 105UL,8,4,4,12,1.40 GHz,4.20 GHz,,,10 MB,15W,55W,Intel 4,LGA1851,1,4.0,,DDR5/LPDDR5,2,DDR5-5600,64 GB,no,,,Intel Graphics,4,1.70 GHz,11,2024-Q2,,,https://www.intel.com/content/www/us/en/products/sku/239781/intel-core-ultra-3-processor-105ul-10m-cache-up-to-4-20-ghz/specifications.html,1,medium,"Bottom-tier Meteor Lake PS: 10MB L3 (vs 12MB on 125UL+) indicates cut-down die config; estimated 4P+4E=8 cores/12 threads (HT on P-cores only, E-cores no HT) since exact P/E split not independently ARK-confirmed this session; base clock, TDP, and igpu_clock also estimated by family pattern, logged as gap"
Intel,Core Ultra (Series 1 PS),embedded,Meteor Lake-U,Redwood Cove/Crestmont,Core Ultra 5 125UL,Intel Core Ultra 5 Processor 125UL,12,2,10,14,1.30 GHz,4.30 GHz,,,12 MB,15W,57W,Intel 4,LGA1851,1,4.0,,DDR5/LPDDR5,2,DDR5-5600,96 GB,no,,,Intel Graphics,4,1.85 GHz,11,2024-Q2,,,https://ark.intel.com/content/www/us/en/ark/products/239783/intel-core-ultra-5-processor-125ul-12m-cache-up-to-4-30-ghz.html,1,medium,"Meteor Lake PS: socketed LGA1851 embedded/edge variant of 125U, same 2P+8E+2LP-E silicon"
Intel,Core Ultra (Series 1 PS),embedded,Meteor Lake-U,Redwood Cove/Crestmont,Core Ultra 5 135UL,Intel Core Ultra 5 Processor 135UL,12,2,10,14,1.60 GHz,4.40 GHz,,,12 MB,15W,57W,Intel 4,LGA1851,1,4.0,,DDR5/LPDDR5,2,DDR5-5600,96 GB,no,,,Intel Graphics,4,1.85 GHz,11,2024-Q2,,,https://ark.intel.com/content/www/us/en/ark/products/239784/intel-core-ultra-5-processor-135ul-12m-cache-up-to-4-40-ghz.html,1,medium,"Meteor Lake PS: socketed LGA1851 embedded/edge variant of 135U, same 2P+8E+2LP-E silicon"
Intel,Core Ultra (Series 1 PS),embedded,Meteor Lake-U,Redwood Cove/Crestmont,Core Ultra 7 155UL,Intel Core Ultra 7 Processor 155UL,12,2,10,14,1.70 GHz,4.80 GHz,,,12 MB,15W,57W,Intel 4,LGA1851,1,4.0,,DDR5/LPDDR5,2,DDR5-5600,96 GB,no,,,Intel Graphics,4,1.95 GHz,11,2024-Q2,,,https://ark.intel.com/content/www/us/en/ark/products/239787/intel-core-ultra-7-processor-155ul-12m-cache-up-to-4-80-ghz.html,1,medium,"Meteor Lake PS: socketed LGA1851 embedded/edge variant of 155U, same 2P+8E+2LP-E silicon"
Intel,Core Ultra (Series 1 PS),embedded,Meteor Lake-U,Redwood Cove/Crestmont,Core Ultra 7 165UL,Intel Core Ultra 7 Processor 165UL,12,2,10,14,1.70 GHz,4.90 GHz,,,12 MB,15W,57W,Intel 4,LGA1851,1,4.0,,DDR5/LPDDR5,2,DDR5-5600,96 GB,no,,,Intel Graphics,4,1.95 GHz,11,2024-Q2,,,https://ark.intel.com/content/www/us/en/ark/products/239789/intel-core-ultra-7-processor-165ul-12m-cache-up-to-4-90-ghz.html,1,medium,"Meteor Lake PS: socketed LGA1851 embedded/edge variant of 165U, same 2P+8E+2LP-E silicon; iGPU branded 'Intel Graphics' not Arc on PS SKUs"
Intel,Core (13th Gen),embedded,Raptor Lake-E,Raptor Cove/Gracemont,Core i3-13100E,Intel Core i3-13100E Processor,4,4,0,8,3.30 GHz,4.40 GHz,,5 MB,12 MB,65W,65W,Intel 7,FCLGA1700,1,5.0,,DDR4/DDR5,2,DDR5-4800,128 GB,yes,,,Intel UHD Graphics 730,24,,,2023-Q1,,,https://www.intel.com/content/www/us/en/products/sku/232163/intel-core-i313100e-processor-12m-cache-up-to-4-40-ghz/specifications.html,1,high,"i3 has no E-cores by design; 4P+0E=4 cores, HT = 8 threads; p_cores/e_cores filled since same hybrid-capable die family, though this SKU is all-P"
Intel,Core (13th Gen),embedded,Raptor Lake-E,Raptor Cove/Gracemont,Core i3-13100TE,Intel Core i3-13100TE Processor,4,4,0,8,2.40 GHz,4.10 GHz,,5 MB,12 MB,35W,35W,Intel 7,FCLGA1700,1,5.0,,DDR4/DDR5,2,DDR5-4800,128 GB,yes,,,Intel UHD Graphics 730,24,,,2023-Q1,,,https://ark.intel.com/content/www/us/en/ark/products/232105/intel-core-i3-13100te-processor-12m-cache-up-to-4-10-ghz.html,1,high,"4P+0E=4 cores, HT = 8 threads; low-power TE variant"
Intel,Core (13th Gen),embedded,Raptor Lake-E,Raptor Cove/Gracemont,Core i5-13400E,Intel Core i5-13400E Processor,10,6,4,16,2.60 GHz,4.60 GHz,,9.5 MB,20 MB,65W,65W,Intel 7,FCLGA1700,1,5.0,,DDR4/DDR5,2,DDR5-4800,128 GB,yes,,,Intel UHD Graphics 730,24,,,2023-Q1,,,https://www.intel.com/content/www/us/en/products/sku/232148/intel-core-i513400e-processor-20m-cache-up-to-4-60-ghz/specifications.html,1,medium,"6P+4E=10 cores, HT on P-cores = 16 threads; base clock and TDP not independently corroborated by a second source, confidence medium"
Intel,Core (13th Gen),embedded,Raptor Lake-E,Raptor Cove/Gracemont,Core i5-13500E,Intel Core i5-13500E Processor,14,6,8,20,2.40 GHz,4.60 GHz,,11.5 MB,24 MB,65W,65W,Intel 7,FCLGA1700,1,5.0,,DDR4/DDR5,2,DDR5-5600,128 GB,yes,,,Intel UHD Graphics 770,32,,,2023-Q1,,,https://www.intel.com/content/www/us/en/products/sku/232134/intel-core-i513500e-processor-24m-cache-up-to-4-60-ghz/specifications.html,1,high,"6P+8E=14 cores, HT on P-cores = 20 threads"
Intel,Core (13th Gen),embedded,Raptor Lake-E,Raptor Cove/Gracemont,Core i5-13500TE,Intel Core i5-13500TE Processor,14,6,8,20,1.40 GHz,4.50 GHz,,11.5 MB,24 MB,35W,35W,Intel 7,FCLGA1700,1,5.0,,DDR4/DDR5,2,DDR5-5600,128 GB,yes,,,Intel UHD Graphics 770,32,,,2023-Q1,,,https://arkpwa-stg.intel.com/content/www/us/en/ark/products/232108/intel-core-i513500te-processor-24m-cache-up-to-4-50-ghz.html,2,medium,"6P+8E=14 cores, 20 threads; base clock estimated from TE-family pattern, source is staging ARK mirror not primary ark.intel.com"
Intel,Core (13th Gen),embedded,Raptor Lake-E,Raptor Cove/Gracemont,Core i7-13700E,Intel Core i7-13700E Processor,16,8,8,24,1.90 GHz,5.10 GHz,,24 MB,30 MB,65W,65W,Intel 7,FCLGA1700,1,5.0,,DDR4/DDR5,2,DDR5-5600,128 GB,yes,,,Intel UHD Graphics 770,32,,,2023-Q1,,,https://www.intel.com/content/www/us/en/products/sku/232168/intel-core-i713700e-processor-30m-cache-up-to-5-10-ghz/specifications.html,1,high,"8P+8E=16 cores, HT on P-cores = 24 threads"
Intel,Core (13th Gen),embedded,Raptor Lake-E,Raptor Cove/Gracemont,Core i7-13700TE,Intel Core i7-13700TE Processor,16,8,8,24,1.10 GHz,4.80 GHz,,24 MB,30 MB,35W,35W,Intel 7,FCLGA1700,1,5.0,,DDR4/DDR5,2,DDR5-5600,128 GB,yes,,,Intel UHD Graphics 770,32,,,2023-Q1,,,https://www.intel.com/content/www/us/en/products/sku/232131/intel-core-i713700te-processor-30m-cache-up-to-4-80-ghz/specifications.html,1,medium,"8P+8E=16 cores, 24 threads; base clock estimated from TE-family pattern, not independently confirmed"
Intel,Core (13th Gen),embedded,Raptor Lake-E,Raptor Cove/Gracemont,Core i9-13900E,Intel Core i9-13900E Processor,24,8,16,32,1.80 GHz,5.20 GHz,,32 MB,36 MB,65W,65W,Intel 7,FCLGA1700,1,5.0,,DDR4/DDR5,2,DDR5-5600,128 GB,yes,,,Intel UHD Graphics 770,32,1.65 GHz,,2023-Q1,,,https://www.intel.com/content/www/us/en/products/sku/232099/intel-core-i913900e-processor-36m-cache-up-to-5-20-ghz/specifications.html,1,high,"8P+16E=24 cores, HT on P-cores only = 32 threads; desktop Raptor Lake-S die validated for embedded/IoT extended availability, LGA1700 socket, not a mobile BGA part"
Intel,Core (13th Gen),embedded,Raptor Lake-E,Raptor Cove/Gracemont,Core i9-13900TE,Intel Core i9-13900TE Processor,24,8,16,32,1.00 GHz,5.00 GHz,,32 MB,36 MB,35W,35W,Intel 7,FCLGA1700,1,5.0,,DDR4/DDR5,2,DDR5-5600,128 GB,yes,,,Intel UHD Graphics 770,32,,,2023-Q1,,,https://www.intel.com/content/www/us/en/products/sku/232162/intel-core-i913900te-processor-36m-cache-up-to-5-00-ghz/specifications.html,1,high,"8P+16E=24 cores, 32 threads; low-power TE variant, 35W TDP"
Intel,Core (14th Gen),embedded,Raptor Lake-E Refresh,Raptor Cove,Core i5-14401E,Intel Core i5-14401E Processor,6,,,12,2.50 GHz,4.70 GHz,,9.5 MB,24 MB,65W,65W,Intel 7,FCLGA1700,1,5.0,,DDR4/DDR5,2,DDR5-5600,128 GB,yes,,,Intel UHD Graphics 730,24,,,2024-Q3,,,https://ark.intel.com/content/www/us/en/ark/products/238780/intel-core-i514401e-processor-24m-cache-up-to-4-70-ghz.html,1,medium,"E-cores disabled, P-core-only = 6 cores/12 threads; L3 cache estimated to match i5-14501E/TE tier, TDP not independently re-confirmed this batch"
Intel,Core (14th Gen),embedded,Raptor Lake-E Refresh,Raptor Cove,Core i5-14401TE,Intel Core i5-14401TE Processor,6,,,12,2.00 GHz,4.50 GHz,,9.5 MB,24 MB,45W,45W,Intel 7,FCLGA1700,1,5.0,,DDR4/DDR5,2,DDR5-5600,128 GB,yes,,,Intel UHD Graphics 730,24,,,2024-Q3,,,https://ark.intel.com/content/www/us/en/ark/products/238779/intel-core-i514401te-processor-24m-cache-up-to-4-50-ghz.html,1,medium,"E-cores disabled, P-core-only = 6 cores/12 threads; TDP estimated from TE-family pattern (45W), not independently re-confirmed this batch"
Intel,Core (14th Gen),embedded,Raptor Lake-E Refresh,Raptor Cove,Core i5-14501E,Intel Core i5-14501E Processor,6,,,12,3.30 GHz,5.20 GHz,,9.5 MB,24 MB,65W,65W,Intel 7,FCLGA1700,1,5.0,,DDR4/DDR5,2,DDR5-5600,128 GB,yes,,,Intel UHD Graphics 730,24,,,2024-Q3,,,https://www.intel.com/content/www/us/en/products/sku/239180/intel-core-i514501e-processor-24m-cache-up-to-5-20-ghz/specifications.html,1,high,"E-cores disabled, P-core-only = 6 cores/12 threads; note UHD Graphics 730 (24 EU) here vs UHD770 (32 EU) on i7/i9 tier"
Intel,Core (14th Gen),embedded,Raptor Lake-E Refresh,Raptor Cove,Core i5-14501TE,Intel Core i5-14501TE Processor,6,,,12,2.20 GHz,5.10 GHz,,9.5 MB,24 MB,45W,45W,Intel 7,FCLGA1700,1,5.0,,DDR4/DDR5,2,DDR5-5600,128 GB,yes,,,Intel UHD Graphics 730,24,,,2024-Q3,,,https://www.intel.com/content/www/us/en/products/sku/239179/intel-core-i514501te-processor-24m-cache-up-to-5-10-ghz/specifications.html,1,high,"E-cores disabled, P-core-only = 6 cores/12 threads"
Intel,Core (14th Gen),embedded,Raptor Lake-E Refresh,Raptor Cove,Core i7-14701E,Intel Core i7-14701E Processor,8,,,16,2.60 GHz,5.40 GHz,,16 MB,33 MB,65W,65W,Intel 7,FCLGA1700,1,5.0,,DDR4/DDR5,2,DDR5-5600,128 GB,yes,,,Intel UHD Graphics 770,32,,,2024-Q3,,,https://ark.intel.com/content/www/us/en/ark/products/238775/intel-core-i714701e-processor-33m-cache-up-to-5-40-ghz.html,1,high,"E-cores disabled, P-core-only = 8 cores/16 threads"
Intel,Core (14th Gen),embedded,Raptor Lake-E Refresh,Raptor Cove,Core i7-14701TE,Intel Core i7-14701TE Processor,8,,,16,2.10 GHz,5.20 GHz,,16 MB,33 MB,45W,45W,Intel 7,FCLGA1700,1,5.0,,DDR4/DDR5,2,DDR5-5600,128 GB,yes,,,Intel UHD Graphics 770,32,,,2024-Q3,,,https://www.intel.com/content/www/us/en/products/sku/238774/intel-core-i714701te-processor-33m-cache-up-to-5-20-ghz/specifications.html,1,high,"E-cores disabled, P-core-only = 8 cores/16 threads"
Intel,Core (14th Gen),embedded,Raptor Lake-E Refresh,Raptor Cove,Core i9-14901E,Intel Core i9-14901E Processor,8,,,16,2.80 GHz,5.60 GHz,,16 MB,36 MB,65W,65W,Intel 7,FCLGA1700,1,5.0,,DDR4/DDR5,2,DDR5-5600,128 GB,yes,,,Intel UHD Graphics 770,32,,,2024-Q3,,,https://www.intel.com/content/www/us/en/products/sku/236927/intel-core-i914901e-processor-36m-cache-up-to-5-60-ghz/specifications.html,1,high,"14th Gen Raptor Lake-E Refresh: E-cores are DISABLED on this SKU despite coming from the same hybrid die as 13th Gen; treated as non-hybrid per spec, p_cores/e_cores left blank, cores=8 (all P-core), HT enabled = 16 threads"
Intel,Core (14th Gen),embedded,Raptor Lake-E Refresh,Raptor Cove,Core i9-14901TE,Intel Core i9-14901TE Processor,8,,,16,2.30 GHz,5.50 GHz,,16 MB,36 MB,45W,45W,Intel 7,FCLGA1700,1,5.0,,DDR4/DDR5,2,DDR5-5600,128 GB,yes,,,Intel UHD Graphics 770,32,,,2024-Q3,,,https://www.intel.com/content/www/us/en/products/sku/236928/intel-core-i914901te-processor-36m-cache-up-to-5-50-ghz/specifications.html,1,medium,"E-cores disabled, P-core-only = 8 cores/16 threads; TDP/base clock estimated from TE-family pattern relative to i9-14901E, not independently re-verified this batch"
Intel,Xeon D,embedded,Skylake-D,Skylake,Xeon D-2123IT,Intel Xeon D-2123IT Processor,4,4,0,8,2.20 GHz,3.00 GHz,,4 MB,8 MB,60W,,14 nm,FCBGA2518,1,3.0,20,DDR4,4,DDR4-2400,512 GB,yes,no,0,,,,,2018-Q1,273,D-2123IT,https://ark.intel.com/content/www/us/en/ark/products/136429/intel-xeon-d-2123it-processor-8-25m-cache-2-20-ghz.html,1,high,Non-default larger 8MB L3 for 4-core part per WikiChip; L2 estimated 1MB/core; PCIe lanes WikiChip tier3
Intel,Xeon D,embedded,Skylake-D,Skylake,Xeon D-2141I,Intel Xeon D-2141I Processor,8,8,0,16,2.20 GHz,3.00 GHz,,8 MB,11 MB,65W,,14 nm,FCBGA2518,1,3.0,20,DDR4,4,DDR4-2133,512 GB,yes,no,0,,,,,2018-Q1,712,D-2141I,https://www.intel.com/content/www/us/en/products/sku/136430/intel-xeon-d2141i-processor-11m-cache-2-20-ghz/specifications.html,1,high,L2 estimated 1MB/core; PCIe lanes WikiChip tier3
Intel,Xeon D,embedded,Skylake-D,Skylake,Xeon D-2142IT,Intel Xeon D-2142IT Processor,8,8,0,16,1.90 GHz,3.00 GHz,,8 MB,11 MB,65W,,14 nm,FCBGA2518,1,3.0,20,DDR4,4,DDR4-2133,512 GB,yes,no,0,,,,,2018-Q1,561,D-2142IT,https://ark.intel.com/content/www/us/en/ark/products/136432/intel-xeon-d2142it-processor-11m-cache-1-90-ghz.html,1,high,L2 estimated 1MB/core; PCIe lanes WikiChip tier3
Intel,Xeon D,embedded,Skylake-D,Skylake,Xeon D-2143IT,Intel Xeon D-2143IT Processor,8,8,0,16,2.20 GHz,3.00 GHz,,8 MB,11 MB,65W,,14 nm,FCBGA2518,1,3.0,20,DDR4,4,DDR4-2133,512 GB,yes,no,0,,,,,2018-Q1,726,D-2143IT,https://www.intel.com/content/www/us/en/products/sku/136431/intel-xeon-d2143it-processor-11m-cache-2-20-ghz/specifications.html,1,high,L2 estimated 1MB/core; PCIe lanes WikiChip tier3
Intel,Xeon D,embedded,Skylake-D,Skylake,Xeon D-2145NT,Intel Xeon D-2145NT Processor,8,8,0,16,1.90 GHz,3.00 GHz,,8 MB,11 MB,65W,,14 nm,FCBGA2518,1,3.0,20,DDR4,4,DDR4-2133,512 GB,yes,no,0,,,,,2018-Q1,575,D-2145NT,https://ark.intel.com/products/136433/Intel-Xeon-D-2145NT-Processor-11M-Cache-1-90-GHz-,1,high,L2 estimated 1MB/core; PCIe lanes WikiChip tier3
Intel,Xeon D,embedded,Skylake-D,Skylake,Xeon D-2146NT,Intel Xeon D-2146NT Processor,8,8,0,16,2.30 GHz,3.00 GHz,,8 MB,11 MB,80W,,14 nm,FCBGA2518,1,3.0,20,DDR4,4,DDR4-2133,512 GB,yes,no,0,,,,,2018-Q1,822,D-2146NT,https://ark.intel.com/content/www/us/en/ark/products/136434/intel-xeon-d2146nt-processor-11m-cache-2-30-ghz.html,1,high,L2 4x1MB confirmed by cpu-monkey secondary; PCIe lanes WikiChip tier3
Intel,Xeon D,embedded,Skylake-D,Skylake,Xeon D-2161I,Intel Xeon D-2161I Processor,12,12,0,24,2.20 GHz,3.00 GHz,,12 MB,16.5 MB,90W,,14 nm,FCBGA2518,1,3.0,32,DDR4,4,DDR4-2133,512 GB,yes,no,0,,,,,2018-Q1,1235,D-2161I,https://ark.intel.com/content/www/us/en/ark/products/136435/intel-xeon-d-2161i-processor-16-5m-cache-2-20-ghz.html,1,high,ARK explicitly lists 32 PCIe lanes for this SKU vs WikiChip's 20-lane figure used for other D-21xx parts; trusted ARK (tier1)
Intel,Xeon D,embedded,Skylake-D,Skylake,Xeon D-2163IT,Intel Xeon D-2163IT Processor,12,12,0,24,2.10 GHz,3.00 GHz,,12 MB,16.5 MB,75W,,14 nm,FCBGA2518,1,3.0,20,DDR4,4,DDR4-2133,512 GB,yes,no,0,,,,,2018-Q1,1193,D-2163IT,https://ark.intel.com/content/www/us/en/ark/products/136437/intel-xeon-d-2163it-processor-16-5m-cache-2-10-ghz.html,1,high,L2 estimated 1MB/core; PCIe lanes WikiChip tier3
Intel,Xeon D,embedded,Skylake-D,Skylake,Xeon D-2166NT,Intel Xeon D-2166NT Processor,12,12,0,24,2.00 GHz,3.00 GHz,,12 MB,16.5 MB,85W,,14 nm,FCBGA2518,1,3.0,20,DDR4,4,DDR4-2133,512 GB,yes,no,0,,,,,2018-Q1,1288,D-2166NT,https://ark.intel.com/content/www/us/en/ark/products/136439/intel-xeon-d-2166nt-processor-16-5m-cache-2-00-ghz.html,1,high,L2 estimated 1MB/core; PCIe lanes WikiChip tier3
Intel,Xeon D,embedded,Skylake-D,Skylake,Xeon D-2173IT,Intel Xeon D-2173IT Processor,14,14,0,28,1.70 GHz,3.00 GHz,,14 MB,19 MB,70W,,14 nm,FCBGA2518,1,3.0,20,DDR4,4,DDR4-2133,512 GB,yes,no,0,,,,,2018-Q1,1576,D-2173IT,https://ark.intel.com/content/www/us/en/ark/products/136438/intel-xeon-d2173it-processor-19-25m-cache-1-70-ghz.html,1,high,L2 estimated 1MB/core; PCIe lanes WikiChip tier3
Intel,Xeon D,embedded,Skylake-D,Skylake,Xeon D-2177NT,Intel Xeon D-2177NT Processor,14,14,0,28,1.90 GHz,3.00 GHz,,14 MB,19 MB,105W,,14 nm,FCBGA2518,1,3.0,20,DDR4,4,DDR4-2667,512 GB,yes,no,0,,,,,2018-Q1,1850,D-2177NT,https://ark.intel.com/content/www/us/en/ark/products/136436/intel-xeon-d-2177nt-processor-19-25m-cache-1-90-ghz.html,1,high,L2 estimated 1MB/core; PCIe lanes WikiChip tier3
Intel,Xeon D,embedded,Skylake-D,Skylake,Xeon D-2183IT,Intel Xeon D-2183IT Processor,16,16,0,32,2.20 GHz,3.00 GHz,,16 MB,22 MB,100W,,14 nm,FCBGA2518,1,3.0,20,DDR4,4,DDR4-2400,512 GB,yes,no,0,,,,,2018-Q1,2262,D-2183IT,https://ark.intel.com/content/www/us/en/ark/products/136441/intel-xeon-d-2183it-processor-22m-cache-2-20-ghz.html,1,high,L2 estimated 1MB/core; PCIe lanes WikiChip tier3
Intel,Xeon D,embedded,Skylake-D,Skylake,Xeon D-2187NT,Intel Xeon D-2187NT Processor,16,16,0,32,2.00 GHz,3.00 GHz,,16 MB,22 MB,110W,,14 nm,FCBGA2518,1,3.0,20,DDR4,4,DDR4-2667,512 GB,yes,no,0,,,,,2018-Q1,2550,D-2187NT,https://ark.intel.com/content/www/us/en/ark/products/136440/intel-xeon-d2187nt-processor-22m-cache-2-00-ghz.html,1,high,"L2 estimated 1MB/core (16 cores); PCIe lanes from WikiChip Skylake-D family spec (20), tier3 medium for that field only"
