vendor,kind,gpu_family_id,family,series,segment,codename,arch,model,model_full,cores,p_cores,e_cores,threads,base_clock,boost_clock,all_core_boost,l2_cache,l3_cache,tdp,tdp_config_up,process,socket,socket_count,pcie_gen,pcie_lanes,mem_type,mem_channels,mem_speed,mem_max_capacity,ecc,cxl,upi_links,igpu_model,igpu_cores,igpu_clock,npu_tops,launch_date,launch_price_usd,part_number,source_url,source_tier,confidence,notes
Intel,cpu,,Xeon,2nd Gen Intel Xeon Scalable Processors,datacenter,Cascade Lake-SP,,Xeon Bronze 3204,Intel Xeon Bronze 3204 Processor,6,,,6,1.90 GHz,1.90 GHz,,,8.25 MB,85W,,14 nm,FCLGA3647,2,3.0,48,DDR4-2133,6,2133 MHz,1 TB,yes,,2,,,,,2019-Q2,239,,https://ark.intel.com/,1,high,Discontinued
Intel,cpu,,Xeon,2nd Gen Intel Xeon Scalable Processors,datacenter,Cascade Lake Refresh,,Xeon Bronze 3206R,Intel Xeon Bronze 3206R Processor,8,,,8,1.90 GHz,1.90 GHz,,,11 MB,85W,,14 nm,FCLGA3647,2,3.0,48,DDR4-2133,6,2133 MHz,1 TB,yes,,2,,,,,2020-Q1,343,,https://ark.intel.com/,1,high,Discontinued
Intel,cpu,,Xeon,2nd Gen Intel Xeon Scalable Processors,datacenter,Cascade Lake-SP,,Xeon Gold 5215,Intel Xeon Gold 5215 Processor,10,,,20,2.50 GHz,3.40 GHz,,,13.75 MB,85W,,14 nm,FCLGA3647,4,3.0,48,DDR4-2667,6,2667 MHz,1 TB,yes,,2,,,,,2019-Q2,1424,,https://ark.intel.com/,1,high,
Intel,cpu,,Xeon,2nd Gen Intel Xeon Scalable Processors,datacenter,Cascade Lake-SP,,Xeon Gold 5215L,Intel Xeon Gold 5215L Processor,10,,,20,2.50 GHz,3.40 GHz,,,13.75 MB,85W,,14 nm,FCLGA3647,4,3.0,48,DDR4-2667,6,2667 MHz,4.5 TB,yes,,2,,,,,2019-Q2,420,,https://ark.intel.com/,1,high,Discontinued
Intel,cpu,,Xeon,2nd Gen Intel Xeon Scalable Processors,datacenter,Cascade Lake-SP,,Xeon Gold 5217,Intel Xeon Gold 5217 Processor,8,,,16,3.00 GHz,3.70 GHz,,,11 MB,115W,,14 nm,FCLGA3647,4,3.0,48,DDR4-2667,6,2667 MHz,1 TB,yes,,2,,,,,2019-Q2,1744,,https://ark.intel.com/,1,high,Discontinued
Intel,cpu,,Xeon,2nd Gen Intel Xeon Scalable Processors,datacenter,Cascade Lake-SP,,Xeon Gold 5218,Intel Xeon Gold 5218 Processor,16,,,32,2.30 GHz,3.90 GHz,,,22 MB,125W,,14 nm,FCLGA3647,4,3.0,48,DDR4-2667,6,2667 MHz,1 TB,yes,,2,,,,,2019-Q2,1483,,https://ark.intel.com/,1,high,Discontinued
Intel,cpu,,Xeon,2nd Gen Intel Xeon Scalable Processors,datacenter,Cascade Lake-SP,,Xeon Gold 5218B,Intel Xeon Gold 5218B Processor,16,,,32,2.30 GHz,3.90 GHz,,,22 MB,125W,,14 nm,FCLGA3647,4,3.0,48,DDR4-2667,6,2667 MHz,1 TB,yes,,2,,,,,2019-Q2,4173,,https://ark.intel.com/,1,high,Discontinued
Intel,cpu,,Xeon,2nd Gen Intel Xeon Scalable Processors,datacenter,Cascade Lake-SP,,Xeon Gold 5218N,Intel Xeon Gold 5218N Processor,16,,,32,2.30 GHz,3.70 GHz,,,22 MB,110W,,14 nm,FCLGA3647,4,3.0,48,DDR4-2667,6,2667 MHz,1 TB,yes,,2,,,,,2019-Q2,1420,,https://ark.intel.com/,1,high,
Intel,cpu,,Xeon,2nd Gen Intel Xeon Scalable Processors,datacenter,Cascade Lake Refresh,,Xeon Gold 5218R,Intel Xeon Gold 5218R Processor,20,,,40,2.10 GHz,4.00 GHz,,,27.5 MB,125W,,14 nm,FCLGA3647,2,3.0,48,DDR4-2667,6,2667 MHz,1 TB,yes,,2,,,,,2020-Q1,1483,,https://ark.intel.com/,1,high,Discontinued
Intel,cpu,,Xeon,2nd Gen Intel Xeon Scalable Processors,datacenter,Cascade Lake-SP,,Xeon Gold 5218T,Intel Xeon Gold 5218T Processor,16,,,32,2.10 GHz,3.80 GHz,,,22 MB,105W,,14 nm,FCLGA3647,4,3.0,48,DDR4-2667,6,2667 MHz,1 TB,yes,,2,,,,,2019-Q2,1572,,https://ark.intel.com/,1,high,
Intel,cpu,,Xeon,2nd Gen Intel Xeon Scalable Processors,datacenter,Cascade Lake-SP,,Xeon Gold 5220,Intel Xeon Gold 5220 Processor,18,,,36,2.20 GHz,3.90 GHz,,,24.75 MB,125W,,14 nm,FCLGA3647,4,3.0,48,DDR4-2667,6,2667 MHz,1 TB,yes,,2,,,,,2019-Q2,1780,,https://ark.intel.com/,1,high,Discontinued
Intel,cpu,,Xeon,2nd Gen Intel Xeon Scalable Processors,datacenter,Cascade Lake Refresh,,Xeon Gold 5220R,Intel Xeon Gold 5220R Processor,24,,,48,2.20 GHz,4.00 GHz,,,35.75 MB,150W,,14 nm,FCLGA3647,2,3.0,48,DDR4-2667,6,2667 MHz,1 TB,yes,,2,,,,,2020-Q1,1780,,https://ark.intel.com/,1,high,Discontinued
Intel,cpu,,Xeon,2nd Gen Intel Xeon Scalable Processors,datacenter,Cascade Lake-SP,,Xeon Gold 5220S,Intel Xeon Gold 5220S Processor,18,,,36,2.70 GHz,3.90 GHz,,,24.75 MB,125W,,14 nm,FCLGA3647,4,3.0,48,DDR4-2667,6,2667 MHz,1 TB,yes,,2,,,,,2019-Q2,2333,,https://ark.intel.com/,1,high,Discontinued
Intel,cpu,,Xeon,2nd Gen Intel Xeon Scalable Processors,datacenter,Cascade Lake-SP,,Xeon Gold 5220T,Intel Xeon Gold 5220T Processor,18,,,36,1.90 GHz,3.90 GHz,,,24.75 MB,105W,,14 nm,FCLGA3647,4,3.0,48,DDR4-2667,6,2667 MHz,1 TB,yes,,2,,,,,2019-Q2,1977,,https://ark.intel.com/,1,high,
Intel,cpu,,Xeon,2nd Gen Intel Xeon Scalable Processors,datacenter,Cascade Lake-SP,,Xeon Gold 5222,Intel Xeon Gold 5222 Processor,4,,,8,3.80 GHz,3.90 GHz,,,16.5 MB,105W,,14 nm,FCLGA3647,4,3.0,48,DDR4-2933,6,2933 MHz,1 TB,yes,,2,,,,,2019-Q2,1424,,https://ark.intel.com/,1,high,Discontinued
Intel,cpu,,Xeon,2nd Gen Intel Xeon Scalable Processors,datacenter,Cascade Lake Refresh,,Xeon Gold 6208U,Intel Xeon Gold 6208U Processor,16,,,32,2.90 GHz,3.90 GHz,,,22 MB,150W,,14 nm,FCLGA3647,1,3.0,48,DDR4-2933,6,2933 MHz,1 TB,yes,,0,,,,,2020-Q1,1164,,https://ark.intel.com/,1,high,
Intel,cpu,,Xeon,2nd Gen Intel Xeon Scalable Processors,datacenter,Cascade Lake-SP,,Xeon Gold 6209U,Intel Xeon Gold 6209U Processor,20,,,40,2.10 GHz,3.90 GHz,,,27.5 MB,125W,,14 nm,FCLGA3647,1,3.0,48,DDR4-2933,6,2933 MHz,1 TB,yes,,0,,,,,2019-Q2,2502,,https://ark.intel.com/,1,high,Discontinued
Intel,cpu,,Xeon,2nd Gen Intel Xeon Scalable Processors,datacenter,Cascade Lake-SP,,Xeon Gold 6210U,Intel Xeon Gold 6210U Processor,20,,,40,2.50 GHz,3.90 GHz,,,27.5 MB,150W,,14 nm,FCLGA3647,1,3.0,48,DDR4-2933,6,2933 MHz,1 TB,yes,,0,,,,,2019-Q2,1290,,https://ark.intel.com/,1,high,Discontinued
Intel,cpu,,Xeon,2nd Gen Intel Xeon Scalable Processors,datacenter,Cascade Lake-SP,,Xeon Gold 6212U,Intel Xeon Gold 6212U Processor,24,,,48,2.40 GHz,3.90 GHz,,,35.75 MB,165W,,14 nm,FCLGA3647,1,3.0,48,DDR4-2933,6,2933 MHz,1 TB,yes,,0,,,,,2019-Q2,3753,,https://ark.intel.com/,1,high,Discontinued
Intel,cpu,,Xeon,2nd Gen Intel Xeon Scalable Processors,datacenter,Cascade Lake-SP,,Xeon Gold 6222V,Intel Xeon Gold 6222V Processor,20,,,40,1.80 GHz,3.60 GHz,,,27.5 MB,115W,,14 nm,FCLGA3647,4,3.0,48,DDR4-2400,6,2400 MHz,1 TB,yes,,3,,,,,2019-Q2,7325,,https://ark.intel.com/,1,high,Discontinued
Intel,cpu,,Xeon,2nd Gen Intel Xeon Scalable Processors,datacenter,Cascade Lake-SP,,Xeon Gold 6226,Intel Xeon Gold 6226 Processor,12,,,24,2.70 GHz,3.70 GHz,,,19.25 MB,125W,,14 nm,FCLGA3647,4,3.0,48,DDR4-2933,6,2933 MHz,1 TB,yes,,3,,,,,2019-Q2,2070,,https://ark.intel.com/,1,high,
Intel,cpu,,Xeon,2nd Gen Intel Xeon Scalable Processors,datacenter,Cascade Lake Refresh,,Xeon Gold 6226R,Intel Xeon Gold 6226R Processor,16,,,32,2.90 GHz,3.90 GHz,,,22 MB,150W,,14 nm,FCLGA3647,2,3.0,48,DDR4-2933,6,2933 MHz,1 TB,yes,,2,,,,,2020-Q1,1517,,https://ark.intel.com/,1,high,
Intel,cpu,,Xeon,2nd Gen Intel Xeon Scalable Processors,datacenter,Cascade Lake-SP,,Xeon Gold 6230,Intel Xeon Gold 6230 Processor,20,,,40,2.10 GHz,3.90 GHz,,,27.5 MB,125W,,14 nm,FCLGA3647,4,3.0,48,DDR4-2933,6,2933 MHz,1 TB,yes,,3,,,,,2019-Q2,2230,,https://ark.intel.com/,1,high,
Intel,cpu,,Xeon,2nd Gen Intel Xeon Scalable Processors,datacenter,Cascade Lake-SP,,Xeon Gold 6230N,Intel Xeon Gold 6230N Processor,20,,,40,2.30 GHz,3.50 GHz,,,27.5 MB,125W,,14 nm,FCLGA3647,4,3.0,48,DDR4-2933,6,2933 MHz,1 TB,yes,,3,,,,,2019-Q2,1709,,https://ark.intel.com/,1,high,
Intel,cpu,,Xeon,2nd Gen Intel Xeon Scalable Processors,datacenter,Cascade Lake Refresh,,Xeon Gold 6230R,Intel Xeon Gold 6230R Processor,26,,,52,2.10 GHz,4.00 GHz,,,35.75 MB,150W,,14 nm,FCLGA3647,2,3.0,48,DDR4-2933,6,2933 MHz,1 TB,yes,,2,,,,,2020-Q1,2230,,https://ark.intel.com/,1,high,
Intel,cpu,,Xeon,2nd Gen Intel Xeon Scalable Processors,datacenter,Cascade Lake-SP,,Xeon Gold 6230T,Intel Xeon Gold 6230T Processor,20,,,40,2.10 GHz,3.90 GHz,,,27.5 MB,125W,,14 nm,FCLGA3647,4,3.0,48,DDR4-2933,6,2933 MHz,1 TB,yes,,3,,,,,2019-Q2,2340,,https://ark.intel.com/,1,high,
Intel,cpu,,Xeon,2nd Gen Intel Xeon Scalable Processors,datacenter,Cascade Lake-SP,,Xeon Gold 6234,Intel Xeon Gold 6234 Processor,8,,,16,3.30 GHz,4.00 GHz,,,24.75 MB,130W,,14 nm,FCLGA3647,4,3.0,48,DDR4-2933,6,2933 MHz,1 TB,yes,,3,,,,,2019-Q2,2613,,https://ark.intel.com/,1,high,Discontinued
Intel,cpu,,Xeon,2nd Gen Intel Xeon Scalable Processors,datacenter,Cascade Lake-SP,,Xeon Gold 6238,Intel Xeon Gold 6238 Processor,22,,,44,2.10 GHz,3.70 GHz,,,30.25 MB,140W,,14 nm,FCLGA3647,4,3.0,48,DDR4-2933,6,2933 MHz,1 TB,yes,,3,,,,,2019-Q2,2990,,https://ark.intel.com/,1,high,Discontinued
Intel,cpu,,Xeon,2nd Gen Intel Xeon Scalable Processors,datacenter,Cascade Lake-SP,,Xeon Gold 6238L,Intel Xeon Gold 6238L Processor,22,,,44,2.10 GHz,3.70 GHz,,,30.25 MB,140W,,14 nm,FCLGA3647,4,3.0,48,DDR4-2933,6,2933 MHz,4.5 TB,yes,,3,,,,,2019-Q2,10746,,https://ark.intel.com/,1,high,Discontinued
Intel,cpu,,Xeon,2nd Gen Intel Xeon Scalable Processors,datacenter,Cascade Lake Refresh,,Xeon Gold 6238R,Intel Xeon Gold 6238R Processor,28,,,56,2.20 GHz,4.00 GHz,,,38.5 MB,165W,,14 nm,FCLGA3647,2,3.0,48,DDR4-2933,6,2933 MHz,1 TB,yes,,2,,,,,2020-Q1,2990,,https://ark.intel.com/,1,high,Discontinued
Intel,cpu,,Xeon,2nd Gen Intel Xeon Scalable Processors,datacenter,Cascade Lake-SP,,Xeon Gold 6238T,Intel Xeon Gold 6238T Processor,22,,,44,1.90 GHz,3.70 GHz,,,30.25 MB,125W,,14 nm,FCLGA3647,4,3.0,48,DDR4-2933,6,2933 MHz,1 TB,yes,,3,,,,,2019-Q2,3139,,https://ark.intel.com/,1,high,
Intel,cpu,,Xeon,2nd Gen Intel Xeon Scalable Processors,datacenter,Cascade Lake-SP,,Xeon Gold 6240,Intel Xeon Gold 6240 Processor,18,,,36,2.60 GHz,3.90 GHz,,,24.75 MB,150W,,14 nm,FCLGA3647,4,3.0,48,DDR4-2933,6,2933 MHz,1 TB,yes,,3,,,,,2019-Q2,2877,,https://ark.intel.com/,1,high,Discontinued
Intel,cpu,,Xeon,2nd Gen Intel Xeon Scalable Processors,datacenter,Cascade Lake-SP,,Xeon Gold 6240L,Intel Xeon Gold 6240L Processor,18,,,36,2.60 GHz,3.90 GHz,,,24.75 MB,150W,,14 nm,FCLGA3647,4,3.0,48,DDR4-2933,6,2933 MHz,4.5 TB,yes,,3,,,,,2019-Q2,6236,,https://ark.intel.com/,1,high,Discontinued
Intel,cpu,,Xeon,2nd Gen Intel Xeon Scalable Processors,datacenter,Cascade Lake Refresh,,Xeon Gold 6240R,Intel Xeon Gold 6240R Processor,24,,,48,2.40 GHz,4.00 GHz,,,35.75 MB,165W,,14 nm,FCLGA3647,2,3.0,48,DDR4-2933,6,2933 MHz,1 TB,yes,,2,,,,,2020-Q1,2589,,https://ark.intel.com/,1,high,Discontinued
Intel,cpu,,Xeon,2nd Gen Intel Xeon Scalable Processors,datacenter,Cascade Lake-SP,,Xeon Gold 6240Y,Intel Xeon Gold 6240Y Processor,18,,,36,2.60 GHz,3.90 GHz,,,24.75 MB,150W,,14 nm,FCLGA3647,4,3.0,48,DDR4-2933,6,2933 MHz,1 TB,yes,,3,,,,,2019-Q2,4173,,https://ark.intel.com/,1,high,Discontinued
Intel,cpu,,Xeon,2nd Gen Intel Xeon Scalable Processors,datacenter,Cascade Lake-SP,,Xeon Gold 6242,Intel Xeon Gold 6242 Processor,16,,,32,2.80 GHz,3.90 GHz,,,22 MB,150W,,14 nm,FCLGA3647,4,3.0,48,DDR4-2933,6,2933 MHz,1 TB,yes,,3,,,,,2019-Q2,2977,,https://ark.intel.com/,1,high,Discontinued
Intel,cpu,,Xeon,2nd Gen Intel Xeon Scalable Processors,datacenter,Cascade Lake Refresh,,Xeon Gold 6242R,Intel Xeon Gold 6242R Processor,20,,,40,3.10 GHz,4.10 GHz,,,35.75 MB,205W,,14 nm,FCLGA3647,2,3.0,48,DDR4-2933,6,2933 MHz,1 TB,yes,,2,,,,,2020-Q1,2977,,https://ark.intel.com/,1,high,Discontinued
Intel,cpu,,Xeon,2nd Gen Intel Xeon Scalable Processors,datacenter,Cascade Lake-SP,,Xeon Gold 6244,Intel Xeon Gold 6244 Processor,8,,,16,3.60 GHz,4.40 GHz,,,24.75 MB,150W,,14 nm,FCLGA3647,4,3.0,48,DDR4-2933,6,2933 MHz,1 TB,yes,,3,,,,,2019-Q2,3412,,https://ark.intel.com/,1,high,Discontinued
Intel,cpu,,Xeon,2nd Gen Intel Xeon Scalable Processors,datacenter,Cascade Lake-SP,,Xeon Gold 6246,Intel Xeon Gold 6246 Processor,12,,,24,3.30 GHz,4.20 GHz,,,24.75 MB,165W,,14 nm,FCLGA3647,4,3.0,48,DDR4-2933,6,2933 MHz,1 TB,yes,,3,,,,,2019-Q2,3867,,https://ark.intel.com/,1,high,Discontinued
Intel,cpu,,Xeon,2nd Gen Intel Xeon Scalable Processors,datacenter,Cascade Lake Refresh,,Xeon Gold 6246R,Intel Xeon Gold 6246R Processor,16,,,32,3.40 GHz,4.10 GHz,,,35.75 MB,205W,,14 nm,FCLGA3647,2,3.0,48,DDR4-2933,6,2933 MHz,1 TB,yes,,2,,,,,2020-Q1,2690,,https://ark.intel.com/,1,high,Discontinued
Intel,cpu,,Xeon,2nd Gen Intel Xeon Scalable Processors,datacenter,Cascade Lake-SP,,Xeon Gold 6248,Intel Xeon Gold 6248 Processor,20,,,40,2.50 GHz,3.90 GHz,,,27.5 MB,150W,,14 nm,FCLGA3647,4,3.0,48,DDR4-2933,6,2933 MHz,1 TB,yes,,3,,,,,2019-Q2,3616,,https://ark.intel.com/,1,high,Discontinued
Intel,cpu,,Xeon,2nd Gen Intel Xeon Scalable Processors,datacenter,Cascade Lake Refresh,,Xeon Gold 6248R,Intel Xeon Gold 6248R Processor,24,,,48,3.00 GHz,4.00 GHz,,,35.75 MB,205W,,14 nm,FCLGA3647,2,3.0,48,DDR4-2933,6,2933 MHz,1 TB,yes,,2,,,,,2020-Q1,2652,,https://ark.intel.com/,1,high,Discontinued
Intel,cpu,,Xeon,2nd Gen Intel Xeon Scalable Processors,datacenter,Cascade Lake Refresh,,Xeon Gold 6250,Intel Xeon Gold 6250 Processor,8,,,16,3.90 GHz,4.50 GHz,,,35.75 MB,185W,,14 nm,FCLGA3647,4,3.0,48,DDR4-2933,6,2933 MHz,1 TB,yes,,3,,,,,2020-Q1,676,,https://ark.intel.com/,1,high,Discontinued
Intel,cpu,,Xeon,2nd Gen Intel Xeon Scalable Processors,datacenter,Cascade Lake Refresh,,Xeon Gold 6250L,Intel Xeon Gold 6250L Processor,8,,,16,3.90 GHz,4.50 GHz,,,35.75 MB,185W,,14 nm,FCLGA3647,4,3.0,48,DDR4-2933,6,2933 MHz,4.5 TB,yes,,3,,,,,2020-Q1,2930,,https://ark.intel.com/,1,high,Discontinued
Intel,cpu,,Xeon,2nd Gen Intel Xeon Scalable Processors,datacenter,Cascade Lake-SP,,Xeon Gold 6252,Intel Xeon Gold 6252 Processor,24,,,48,2.10 GHz,3.70 GHz,,,35.75 MB,150W,,14 nm,FCLGA3647,4,3.0,48,DDR4-2933,6,2933 MHz,1 TB,yes,,3,,,,,2019-Q2,4271,,https://ark.intel.com/,1,high,Discontinued
Intel,cpu,,Xeon,2nd Gen Intel Xeon Scalable Processors,datacenter,Cascade Lake-SP,,Xeon Gold 6252N,Intel Xeon Gold 6252N Processor,24,,,48,2.30 GHz,3.60 GHz,,,35.75 MB,150W,,14 nm,FCLGA3647,4,3.0,48,DDR4-2933,6,2933 MHz,1 TB,yes,,3,,,,,2019-Q2,2104,,https://ark.intel.com/,1,high,
Intel,cpu,,Xeon,2nd Gen Intel Xeon Scalable Processors,datacenter,Cascade Lake-SP,,Xeon Gold 6254,Intel Xeon Gold 6254 Processor,18,,,36,3.10 GHz,4.00 GHz,,,24.75 MB,200W,,14 nm,FCLGA3647,4,3.0,48,DDR4-2933,6,2933 MHz,1 TB,yes,,3,,,,,2019-Q2,4476,,https://ark.intel.com/,1,high,Discontinued
Intel,cpu,,Xeon,2nd Gen Intel Xeon Scalable Processors,datacenter,Cascade Lake Refresh,,Xeon Gold 6256,Intel Xeon Gold 6256 Processor,12,,,24,3.60 GHz,4.50 GHz,,,33 MB,205W,,14 nm,FCLGA3647,4,3.0,48,DDR4-2933,6,2933 MHz,1 TB,yes,,3,,,,,2020-Q1,918,,https://ark.intel.com/,1,high,Discontinued
Intel,cpu,,Xeon,2nd Gen Intel Xeon Scalable Processors,datacenter,Cascade Lake Refresh,,Xeon Gold 6258R,Intel Xeon Gold 6258R Processor,28,,,56,2.70 GHz,4.00 GHz,,,38.5 MB,205W,,14 nm,FCLGA3647,2,3.0,48,DDR4-2933,6,2933 MHz,1 TB,yes,,2,,,,,2020-Q1,1624,,https://ark.intel.com/,1,high,Discontinued
Intel,cpu,,Xeon,2nd Gen Intel Xeon Scalable Processors,datacenter,Cascade Lake-SP,,Xeon Gold 6262V,Intel Xeon Gold 6262V Processor,24,,,48,1.90 GHz,3.60 GHz,,,33 MB,135W,,14 nm,FCLGA3647,4,3.0,48,DDR4-2400,6,2400 MHz,1 TB,yes,,3,,,,,2019-Q2,14226,,https://ark.intel.com/,1,high,Discontinued
Intel,cpu,,Xeon,2nd Gen Intel Xeon Scalable Processors,datacenter,Cascade Lake-SP,,Xeon Platinum 8253,Intel Xeon Platinum 8253 Processor,16,,,32,2.20 GHz,3.00 GHz,,,22 MB,125W,,14 nm,FCLGA3647,8,3.0,48,DDR4-2933,6,2933 MHz,1 TB,yes,,3,,,,,2019-Q2,4057,,https://ark.intel.com/,1,high,Discontinued
Intel,cpu,,Xeon,2nd Gen Intel Xeon Scalable Processors,datacenter,Cascade Lake-SP,,Xeon Platinum 8256,Intel Xeon Platinum 8256 Processor,4,,,8,3.80 GHz,3.90 GHz,,,16.5 MB,105W,,14 nm,FCLGA3647,8,3.0,48,DDR4-2933,6,2933 MHz,1 TB,yes,,3,,,,,2019-Q2,8030,,https://ark.intel.com/,1,high,Discontinued
Intel,cpu,,Xeon,2nd Gen Intel Xeon Scalable Processors,datacenter,Cascade Lake-SP,,Xeon Platinum 8260,Intel Xeon Platinum 8260 Processor,24,,,48,2.40 GHz,3.90 GHz,,,35.75 MB,165W,,14 nm,FCLGA3647,8,3.0,48,DDR4-2933,6,2933 MHz,1 TB,yes,,3,,,,,2019-Q2,5383,,https://ark.intel.com/,1,high,
Intel,cpu,,Xeon,2nd Gen Intel Xeon Scalable Processors,datacenter,Cascade Lake-SP,,Xeon Platinum 8260L,Intel Xeon Platinum 8260L Processor,24,,,48,2.40 GHz,3.90 GHz,,,35.75 MB,165W,,14 nm,FCLGA3647,8,3.0,48,DDR4-2933,6,2933 MHz,4.5 TB,yes,,3,,,,,2019-Q2,8615,,https://ark.intel.com/,1,high,Discontinued
Intel,cpu,,Xeon,2nd Gen Intel Xeon Scalable Processors,datacenter,Cascade Lake-SP,,Xeon Platinum 8260Y,Intel Xeon Platinum 8260Y Processor,24,,,48,2.40 GHz,3.90 GHz,,,35.75 MB,165W,,14 nm,FCLGA3647,8,3.0,48,DDR4-2933,6,2933 MHz,1 TB,yes,,3,,,,,2019-Q2,4981,,https://ark.intel.com/,1,high,Discontinued
Intel,cpu,,Xeon,2nd Gen Intel Xeon Scalable Processors,datacenter,Cascade Lake-SP,,Xeon Platinum 8268,Intel Xeon Platinum 8268 Processor,24,,,48,2.90 GHz,3.90 GHz,,,35.75 MB,205W,,14 nm,FCLGA3647,8,3.0,48,DDR4-2933,6,2933 MHz,1 TB,yes,,3,,,,,2019-Q2,10780,,https://ark.intel.com/,1,high,Discontinued
Intel,cpu,,Xeon,2nd Gen Intel Xeon Scalable Processors,datacenter,Cascade Lake-SP,,Xeon Platinum 8270,Intel Xeon Platinum 8270 Processor,26,,,52,2.70 GHz,4.00 GHz,,,35.75 MB,205W,,14 nm,FCLGA3647,8,3.0,48,DDR4-2933,6,2933 MHz,1 TB,yes,,3,,,,,2019-Q2,13955,,https://ark.intel.com/,1,high,Discontinued
Intel,cpu,,Xeon,2nd Gen Intel Xeon Scalable Processors,datacenter,Cascade Lake-SP,,Xeon Platinum 8276,Intel Xeon Platinum 8276 Processor,28,,,56,2.20 GHz,4.00 GHz,,,38.5 MB,165W,,14 nm,FCLGA3647,8,3.0,48,DDR4-2933,6,2933 MHz,1 TB,yes,,3,,,,,2019-Q2,9981,,https://ark.intel.com/,1,high,Discontinued
Intel,cpu,,Xeon,2nd Gen Intel Xeon Scalable Processors,datacenter,Cascade Lake-SP,,Xeon Platinum 8276L,Intel Xeon Platinum 8276L Processor,28,,,56,2.20 GHz,4.00 GHz,,,38.5 MB,165W,,14 nm,FCLGA3647,8,3.0,48,DDR4-2933,6,2933 MHz,4.5 TB,yes,,3,,,,,2019-Q2,13422,,https://ark.intel.com/,1,high,Discontinued
Intel,cpu,,Xeon,2nd Gen Intel Xeon Scalable Processors,datacenter,Cascade Lake-SP,,Xeon Platinum 8280,Intel Xeon Platinum 8280 Processor,28,,,56,2.70 GHz,4.00 GHz,,,38.5 MB,205W,,14 nm,FCLGA3647,8,3.0,48,DDR4-2933,6,2933 MHz,1 TB,yes,,3,,,,,2019-Q2,3693,,https://ark.intel.com/,1,high,Discontinued
Intel,cpu,,Xeon,2nd Gen Intel Xeon Scalable Processors,datacenter,Cascade Lake-SP,,Xeon Platinum 8280L,Intel Xeon Platinum 8280L Processor,28,,,56,2.70 GHz,4.00 GHz,,,38.5 MB,205W,,14 nm,FCLGA3647,8,3.0,48,DDR4-2933,6,2933 MHz,4.5 TB,yes,,3,,,,,2019-Q2,14898,,https://ark.intel.com/,1,high,Discontinued
Intel,cpu,,Xeon,2nd Gen Intel Xeon Scalable Processors,datacenter,Cascade Lake-AP,,Xeon Platinum 9221,Intel Xeon Platinum 9221 Processor,32,,,64,2.30 GHz,3.70 GHz,3.70 GHz,,71.5 MB,250W,,14 nm,,,,,DDR4-2933,12,2933 MHz,,,,4,,,,,2019-Q3,5930,,https://ark.intel.com/,1,high,Discontinued
Intel,cpu,,Xeon,2nd Gen Intel Xeon Scalable Processors,datacenter,Cascade Lake-AP,,Xeon Platinum 9222,Intel Xeon Platinum 9222 Processor,32,,,64,2.30 GHz,3.70 GHz,3.70 GHz,,71.5 MB,250W,,14 nm,,,,,DDR4-2933,12,2933 MHz,,,,4,,,,,2019-Q3,3223,,https://ark.intel.com/,1,high,Discontinued
Intel,cpu,,Xeon,2nd Gen Intel Xeon Scalable Processors,datacenter,Cascade Lake-AP,,Xeon Platinum 9242,Intel Xeon Platinum 9242 Processor,48,,,96,2.30 GHz,3.80 GHz,3.80 GHz,,71.5 MB,350W,,14 nm,,,,,DDR4-2933,12,2933 MHz,,,,4,,,,,2019-Q2,3753,,https://ark.intel.com/,1,high,Discontinued
Intel,cpu,,Xeon,2nd Gen Intel Xeon Scalable Processors,datacenter,Cascade Lake-AP,,Xeon Platinum 9282,Intel Xeon Platinum 9282 Processor,56,,,112,2.60 GHz,3.80 GHz,3.80 GHz,,77 MB,400W,,14 nm,,,,,DDR4-2933,12,2933 MHz,,,,4,,,,,2019-Q2,1554,,https://ark.intel.com/,1,high,Discontinued
Intel,cpu,,Xeon,2nd Gen Intel Xeon Scalable Processors,datacenter,Cascade Lake-SP,,Xeon Silver 4208,Intel Xeon Silver 4208 Processor,8,,,16,2.10 GHz,3.20 GHz,,,11 MB,85W,,14 nm,FCLGA3647,2,3.0,48,DDR4-2400,6,2400 MHz,1 TB,yes,,2,,,,,2019-Q2,468,,https://ark.intel.com/,1,high,Discontinued
Intel,cpu,,Xeon,2nd Gen Intel Xeon Scalable Processors,datacenter,Cascade Lake-SP,,Xeon Silver 4209T,Intel Xeon Silver 4209T Processor,8,,,16,2.20 GHz,3.20 GHz,,,11 MB,70W,,14 nm,FCLGA3647,2,3.0,48,DDR4-2400,6,2400 MHz,1 TB,yes,,2,,,,,2019-Q2,563,,https://ark.intel.com/,1,high,
Intel,cpu,,Xeon,2nd Gen Intel Xeon Scalable Processors,datacenter,Cascade Lake-SP,,Xeon Silver 4210,Intel Xeon Silver 4210 Processor,10,,,20,2.20 GHz,3.20 GHz,,,13.75 MB,85W,,14 nm,FCLGA3647,2,3.0,48,DDR4-2400,6,2400 MHz,1 TB,yes,,2,,,,,2019-Q2,563,,https://ark.intel.com/,1,high,
Intel,cpu,,Xeon,2nd Gen Intel Xeon Scalable Processors,datacenter,Cascade Lake Refresh,,Xeon Silver 4210R,Intel Xeon Silver 4210R Processor,10,,,20,2.40 GHz,3.20 GHz,,,13.75 MB,100W,,14 nm,FCLGA3647,2,3.0,48,DDR4-2400,6,2400 MHz,1 TB,yes,,2,,,,,2020-Q1,563,,https://ark.intel.com/,1,high,
Intel,cpu,,Xeon,2nd Gen Intel Xeon Scalable Processors,datacenter,Cascade Lake Refresh,,Xeon Silver 4210T,Intel Xeon Silver 4210T Processor,10,,,20,2.30 GHz,3.20 GHz,,,13.75 MB,95W,,14 nm,FCLGA3647,2,3.0,48,DDR4-2400,6,2400 MHz,1 TB,yes,,2,,,,,2020-Q1,624,,https://ark.intel.com/,1,high,
Intel,cpu,,Xeon,2nd Gen Intel Xeon Scalable Processors,datacenter,Cascade Lake-SP,,Xeon Silver 4214,Intel Xeon Silver 4214 Processor,12,,,24,2.20 GHz,3.20 GHz,,,16.5 MB,85W,,14 nm,FCLGA3647,2,3.0,48,DDR4-2400,6,2400 MHz,1 TB,yes,,2,,,,,2019-Q2,780,,https://ark.intel.com/,1,high,
Intel,cpu,,Xeon,2nd Gen Intel Xeon Scalable Processors,datacenter,Cascade Lake Refresh,,Xeon Silver 4214R,Intel Xeon Silver 4214R Processor,12,,,24,2.40 GHz,3.50 GHz,,,16.5 MB,100W,,14 nm,FCLGA3647,2,3.0,48,DDR4-2400,6,2400 MHz,1 TB,yes,,2,,,,,2020-Q1,780,,https://ark.intel.com/,1,high,
Intel,cpu,,Xeon,2nd Gen Intel Xeon Scalable Processors,datacenter,Cascade Lake-SP,,Xeon Silver 4214Y,Intel Xeon Silver 4214Y Processor,12,,,24,2.20 GHz,3.20 GHz,,,16.5 MB,85W,,14 nm,FCLGA3647,2,3.0,48,DDR4-2400,6,2400 MHz,1 TB,yes,,2,,,,,2019-Q2,4952,,https://ark.intel.com/,1,high,Discontinued
Intel,cpu,,Xeon,2nd Gen Intel Xeon Scalable Processors,datacenter,Cascade Lake-SP,,Xeon Silver 4215,Intel Xeon Silver 4215 Processor,8,,,16,2.50 GHz,3.50 GHz,,,11 MB,85W,,14 nm,FCLGA3647,2,3.0,48,DDR4-2400,6,2400 MHz,1 TB,yes,,2,,,,,2019-Q2,630,,https://ark.intel.com/,1,high,
Intel,cpu,,Xeon,2nd Gen Intel Xeon Scalable Processors,datacenter,Cascade Lake Refresh,,Xeon Silver 4215R,Intel Xeon Silver 4215R Processor,8,,,16,3.20 GHz,4.00 GHz,,,11 MB,130W,,14 nm,FCLGA3647,2,3.0,48,DDR4-2400,6,2400 MHz,1 TB,yes,,2,,,,,2020-Q1,893,,https://ark.intel.com/,1,high,
Intel,cpu,,Xeon,2nd Gen Intel Xeon Scalable Processors,datacenter,Cascade Lake-SP,,Xeon Silver 4216,Intel Xeon Silver 4216 Processor,16,,,32,2.10 GHz,3.20 GHz,,,22 MB,100W,,14 nm,FCLGA3647,2,3.0,48,DDR4-2400,6,2400 MHz,1 TB,yes,,2,,,,,2019-Q2,1011,,https://ark.intel.com/,1,high,
Intel,cpu,,Xeon,3rd Gen Intel Xeon Scalable Processors,datacenter,Ice Lake-SP,,Xeon Gold 5315Y,Intel Xeon Gold 5315Y Processor,8,,,16,3.20 GHz,3.60 GHz,,,12 MB,140W,,10 nm,FCLGA4189,2,4.0,64,DDR4-2933,8,2933 MHz,6 TB,yes,,3,,,,,2021-Q2,1025,,https://ark.intel.com/,1,high,
Intel,cpu,,Xeon,3rd Gen Intel Xeon Scalable Processors,datacenter,Ice Lake-SP,,Xeon Gold 5317,Intel Xeon Gold 5317 Processor,12,,,24,3.00 GHz,3.60 GHz,,,18 MB,150W,,10 nm,FCLGA4189,2,4.0,64,DDR4-2933,8,2933 MHz,6 TB,yes,,3,,,,,2021-Q2,1088,,https://ark.intel.com/,1,high,
Intel,cpu,,Xeon,3rd Gen Intel Xeon Scalable Processors,datacenter,Cooper Lake,,Xeon Gold 5318H,Intel Xeon Gold 5318H Processor,18,,,36,2.50 GHz,3.80 GHz,,,24.75 MB,150W,,14 nm,FCLGA4189,4,3.0,48,DDR4 RDIMM,6,2667 MHz,1.12 TB,yes,,6,,,,,2020-Q2,1273,,https://ark.intel.com/,1,high,
Intel,cpu,,Xeon,3rd Gen Intel Xeon Scalable Processors,datacenter,Ice Lake-SP,,Xeon Gold 5318N,Intel Xeon Gold 5318N Processor,24,,,48,2.10 GHz,3.40 GHz,,,36 MB,150W,,10 nm,FCLGA4189,2,4.0,64,DDR4-2667,8,2667 MHz,6 TB,yes,,3,,,,,2021-Q2,1602,,https://ark.intel.com/,1,high,
Intel,cpu,,Xeon,3rd Gen Intel Xeon Scalable Processors,datacenter,Ice Lake-SP,,Xeon Gold 5318S,Intel Xeon Gold 5318S Processor,24,,,48,2.10 GHz,3.40 GHz,,,36 MB,165W,,10 nm,FCLGA4189,2,4.0,64,DDR4-2933,8,2933 MHz,6 TB,yes,,3,,,,,2021-Q2,1945,,https://ark.intel.com/,1,high,
Intel,cpu,,Xeon,3rd Gen Intel Xeon Scalable Processors,datacenter,Ice Lake-SP,,Xeon Gold 5318Y,Intel Xeon Gold 5318Y Processor,24,,,48,2.10 GHz,3.40 GHz,,,36 MB,165W,,10 nm,FCLGA4189,2,4.0,64,DDR4-2933,8,2933 MHz,6 TB,yes,,3,,,,,2021-Q2,1483,,https://ark.intel.com/,1,high,
Intel,cpu,,Xeon,3rd Gen Intel Xeon Scalable Processors,datacenter,Ice Lake-SP,,Xeon Gold 5320,Intel Xeon Gold 5320 Processor,26,,,52,2.20 GHz,3.40 GHz,,,39 MB,185W,,10 nm,FCLGA4189,2,4.0,64,DDR4-2933,8,2933 MHz,6 TB,yes,,3,,,,,2021-Q2,1780,,https://ark.intel.com/,1,high,
Intel,cpu,,Xeon,3rd Gen Intel Xeon Scalable Processors,datacenter,Cooper Lake,,Xeon Gold 5320H,Intel Xeon Gold 5320H Processor,20,,,40,2.40 GHz,4.20 GHz,,,27.5 MB,150W,,14 nm,FCLGA4189,4,3.0,48,DDR4 RDIMM,6,2667 MHz,1.12 TB,yes,,6,,,,,2020-Q2,1555,,https://ark.intel.com/,1,high,
Intel,cpu,,Xeon,3rd Gen Intel Xeon Scalable Processors,datacenter,Ice Lake-SP,,Xeon Gold 5320T,Intel Xeon Gold 5320T Processor,20,,,40,2.30 GHz,3.50 GHz,,,30 MB,150W,,10 nm,FCLGA4189,2,4.0,64,DDR4-2933,8,2933 MHz,6 TB,yes,,3,,,,,2021-Q2,1977,,https://ark.intel.com/,1,high,
Intel,cpu,,Xeon,3rd Gen Intel Xeon Scalable Processors,datacenter,Ice Lake-SP,,Xeon Gold 6312U,Intel Xeon Gold 6312U Processor,24,,,48,2.40 GHz,3.60 GHz,,,36 MB,185W,,10 nm,FCLGA4189,1,4.0,64,DDR4-3200,8,3200 MHz,6 TB,yes,,,,,,,2021-Q2,1692,,https://ark.intel.com/,1,high,
Intel,cpu,,Xeon,3rd Gen Intel Xeon Scalable Processors,datacenter,Ice Lake-SP,,Xeon Gold 6314U,Intel Xeon Gold 6314U Processor,32,,,64,2.30 GHz,3.40 GHz,,,48 MB,205W,,10 nm,FCLGA4189,1,4.0,64,DDR4-3200,8,3200 MHz,6 TB,yes,,,,,,,2021-Q2,2977,,https://ark.intel.com/,1,high,
Intel,cpu,,Xeon,3rd Gen Intel Xeon Scalable Processors,datacenter,Ice Lake-SP,,Xeon Gold 6326,Intel Xeon Gold 6326 Processor,16,,,32,2.90 GHz,3.50 GHz,,,24 MB,185W,,10 nm,FCLGA4189,2,4.0,64,DDR4-3200,8,3200 MHz,6 TB,yes,,3,,,,,2021-Q2,1517,,https://ark.intel.com/,1,high,
Intel,cpu,,Xeon,3rd Gen Intel Xeon Scalable Processors,datacenter,Cooper Lake,,Xeon Gold 6328H,Intel Xeon Gold 6328H Processor,16,,,32,2.80 GHz,4.30 GHz,,,22 MB,165W,,14 nm,FCLGA4189,4,3.0,48,DDR4 RDIMM,6,2933 MHz,1.12 TB,yes,,6,,,,,2020-Q2,1776,,https://ark.intel.com/,1,high,
Intel,cpu,,Xeon,3rd Gen Intel Xeon Scalable Processors,datacenter,Cooper Lake,,Xeon Gold 6328HL,Intel Xeon Gold 6328HL Processor,16,,,32,2.80 GHz,4.30 GHz,,,22 MB,165W,,14 nm,FCLGA4189,4,3.0,48,DDR4 RDIMM,6,2933 MHz,4.5 TB,yes,,6,,,,,2020-Q2,4779,,https://ark.intel.com/,1,high,
Intel,cpu,,Xeon,3rd Gen Intel Xeon Scalable Processors,datacenter,Ice Lake-SP,,Xeon Gold 6330,Intel Xeon Gold 6330 Processor,28,,,56,2.00 GHz,3.10 GHz,,,42 MB,205W,,10 nm,FCLGA4189,2,4.0,64,DDR4-2933,8,2933 MHz,6 TB,yes,,3,,,,,2021-Q2,2128,,https://ark.intel.com/,1,high,
Intel,cpu,,Xeon,3rd Gen Intel Xeon Scalable Processors,datacenter,Cooper Lake,,Xeon Gold 6330H,Intel Xeon Gold 6330H Processor,24,,,48,2.00 GHz,3.70 GHz,,,33 MB,150W,,14 nm,FCLGA4189,4,3.0,48,DDR4 RDIMM,6,2933 MHz,1.12 TB,yes,,6,,,,,2020-Q3,1894,,https://ark.intel.com/,1,high,
Intel,cpu,,Xeon,3rd Gen Intel Xeon Scalable Processors,datacenter,Ice Lake-SP,,Xeon Gold 6330N,Intel Xeon Gold 6330N Processor,28,,,56,2.20 GHz,3.40 GHz,,,42 MB,165W,,10 nm,FCLGA4189,2,4.0,64,DDR4-2667,8,2667 MHz,6 TB,yes,,3,,,,,2021-Q2,2389,,https://ark.intel.com/,1,high,
Intel,cpu,,Xeon,3rd Gen Intel Xeon Scalable Processors,datacenter,Ice Lake-SP,,Xeon Gold 6334,Intel Xeon Gold 6334 Processor,8,,,16,3.60 GHz,3.70 GHz,,,18 MB,165W,,10 nm,FCLGA4189,2,4.0,64,DDR4-3200,8,3200 MHz,6 TB,yes,,3,,,,,2021-Q2,2607,,https://ark.intel.com/,1,high,
Intel,cpu,,Xeon,3rd Gen Intel Xeon Scalable Processors,datacenter,Ice Lake-SP,,Xeon Gold 6336Y,Intel Xeon Gold 6336Y Processor,24,,,48,2.40 GHz,3.60 GHz,,,36 MB,185W,,10 nm,FCLGA4189,2,4.0,64,DDR4-3200,8,3200 MHz,6 TB,yes,,3,,,,,2021-Q2,2325,,https://ark.intel.com/,1,high,
Intel,cpu,,Xeon,3rd Gen Intel Xeon Scalable Processors,datacenter,Ice Lake-SP,,Xeon Gold 6338,Intel Xeon Gold 6338 Processor,32,,,64,2.00 GHz,3.20 GHz,,,48 MB,205W,,10 nm,FCLGA4189,2,4.0,64,DDR4-3200,8,3200 MHz,6 TB,yes,,3,,,,,2021-Q2,2990,,https://ark.intel.com/,1,high,
Intel,cpu,,Xeon,3rd Gen Intel Xeon Scalable Processors,datacenter,Ice Lake-SP,,Xeon Gold 6338N,Intel Xeon Gold 6338N Processor,32,,,64,2.20 GHz,3.50 GHz,,,48 MB,185W,,10 nm,FCLGA4189,2,4.0,64,DDR4-2667,8,2667 MHz,6 TB,yes,,3,,,,,2021-Q2,3200,,https://ark.intel.com/,1,high,
Intel,cpu,,Xeon,3rd Gen Intel Xeon Scalable Processors,datacenter,Ice Lake-SP,,Xeon Gold 6338T,Intel Xeon Gold 6338T Processor,24,,,48,2.10 GHz,3.40 GHz,,,36 MB,165W,,10 nm,FCLGA4189,2,4.0,64,DDR4-3200,8,3200 MHz,6 TB,yes,,3,,,,,2021-Q2,3139,,https://ark.intel.com/,1,high,
Intel,cpu,,Xeon,3rd Gen Intel Xeon Scalable Processors,datacenter,Ice Lake-SP,,Xeon Gold 6342,Intel Xeon Gold 6342 Processor,24,,,48,2.80 GHz,3.50 GHz,,,36 MB,230W,,10 nm,FCLGA4189,2,4.0,64,DDR4-3200,8,3200 MHz,6 TB,yes,,3,,,,,2021-Q2,2977,,https://ark.intel.com/,1,high,
Intel,cpu,,Xeon,3rd Gen Intel Xeon Scalable Processors,datacenter,Ice Lake-SP,,Xeon Gold 6346,Intel Xeon Gold 6346 Processor,16,,,32,3.10 GHz,3.60 GHz,,,36 MB,205W,,10 nm,FCLGA4189,2,4.0,64,DDR4-3200,8,3200 MHz,6 TB,yes,,3,,,,,2021-Q2,2708,,https://ark.intel.com/,1,high,
Intel,cpu,,Xeon,3rd Gen Intel Xeon Scalable Processors,datacenter,Ice Lake-SP,,Xeon Gold 6348,Intel Xeon Gold 6348 Processor,28,,,56,2.60 GHz,3.50 GHz,,,42 MB,235W,,10 nm,FCLGA4189,2,4.0,64,DDR4-3200,8,3200 MHz,6 TB,yes,,3,,,,,2021-Q2,3583,,https://ark.intel.com/,1,high,
Intel,cpu,,Xeon,3rd Gen Intel Xeon Scalable Processors,datacenter,Cooper Lake,,Xeon Gold 6348H,Intel Xeon Gold 6348H Processor,24,,,48,2.30 GHz,4.20 GHz,,,33 MB,165W,,14 nm,FCLGA4189,4,3.0,48,DDR4 RDIMM,6,2933 MHz,1.12 TB,yes,,6,,,,,2020-Q2,2700,,https://ark.intel.com/,1,high,
Intel,cpu,,Xeon,3rd Gen Intel Xeon Scalable Processors,datacenter,Ice Lake-SP,,Xeon Gold 6354,Intel Xeon Gold 6354 Processor,18,,,36,3.00 GHz,3.60 GHz,,,39 MB,205W,,10 nm,FCLGA4189,2,4.0,64,DDR4-3200,8,3200 MHz,6 TB,yes,,3,,,,,2021-Q2,2878,,https://ark.intel.com/,1,high,
Intel,cpu,,Xeon,3rd Gen Intel Xeon Scalable Processors,datacenter,Ice Lake-SP,,Xeon Platinum 8351N,Intel Xeon Platinum 8351N Processor,36,,,72,2.40 GHz,3.50 GHz,,,54 MB,225W,,10 nm,FCLGA4189,1,4.0,64,DDR4-2933,8,2933 MHz,6 TB,yes,,,,,,,2021-Q2,3466,,https://ark.intel.com/,1,high,
Intel,cpu,,Xeon,3rd Gen Intel Xeon Scalable Processors,datacenter,Ice Lake-SP,,Xeon Platinum 8352M,Intel Xeon Platinum 8352M Processor,32,,,64,2.30 GHz,3.50 GHz,,,48 MB,185W,,10 nm,FCLGA4189,2,4.0,64,DDR4-3200,8,3200 MHz,6 TB,yes,,3,,,,,2021-Q2,4471,,https://ark.intel.com/,1,high,
Intel,cpu,,Xeon,3rd Gen Intel Xeon Scalable Processors,datacenter,Ice Lake-SP,,Xeon Platinum 8352S,Intel Xeon Platinum 8352S Processor,32,,,64,2.20 GHz,3.40 GHz,,,48 MB,205W,,10 nm,FCLGA4189,2,4.0,64,DDR4-3200,8,3200 MHz,6 TB,yes,,3,,,,,2021-Q2,4632,,https://ark.intel.com/,1,high,
Intel,cpu,,Xeon,3rd Gen Intel Xeon Scalable Processors,datacenter,Ice Lake-SP,,Xeon Platinum 8352V,Intel Xeon Platinum 8352V Processor,36,,,72,2.10 GHz,3.50 GHz,,,54 MB,195W,,10 nm,FCLGA4189,2,4.0,64,DDR4-2933,8,2933 MHz,6 TB,yes,,3,,,,,2021-Q2,3993,,https://ark.intel.com/,1,high,ARK: total 36 != P0+E0 | ARK export left P/E core fields blank
Intel,cpu,,Xeon,3rd Gen Intel Xeon Scalable Processors,datacenter,Ice Lake-SP,,Xeon Platinum 8352Y,Intel Xeon Platinum 8352Y Processor,32,,,64,2.20 GHz,3.40 GHz,,,48 MB,205W,,10 nm,FCLGA4189,2,4.0,64,DDR4-3200,8,3200 MHz,6 TB,yes,,3,,,,,2021-Q2,3995,,https://ark.intel.com/,1,high,Discontinued
Intel,cpu,,Xeon,3rd Gen Intel Xeon Scalable Processors,datacenter,Cooper Lake,,Xeon Platinum 8353H,Intel Xeon Platinum 8353H Processor,18,,,36,2.50 GHz,3.80 GHz,,,24.75 MB,150W,,14 nm,FCLGA4189,8,3.0,48,DDR4 RDIMM,6,3200 MHz,1.12 TB,yes,,6,,,,,2020-Q2,3003,,https://ark.intel.com/,1,high,
Intel,cpu,,Xeon,3rd Gen Intel Xeon Scalable Processors,datacenter,Cooper Lake,,Xeon Platinum 8354H,Intel Xeon Platinum 8354H Processor,18,,,36,3.10 GHz,4.30 GHz,,,24.75 MB,205W,,14 nm,FCLGA4189,8,3.0,48,DDR4 RDIMM,6,3200 MHz,1.12 TB,yes,,6,,,,,2020-Q2,3500,,https://ark.intel.com/,1,high,
Intel,cpu,,Xeon,3rd Gen Intel Xeon Scalable Processors,datacenter,Cooper Lake,,Xeon Platinum 8356H,Intel Xeon Platinum 8356H Processor,8,,,16,3.90 GHz,4.40 GHz,,,35.75 MB,190W,,14 nm,FCLGA4189,8,3.0,48,DDR4 RDIMM,6,2933 MHz,1.12 TB,yes,,6,,,,,2020-Q3,3400,,https://ark.intel.com/,1,high,
Intel,cpu,,Xeon,3rd Gen Intel Xeon Scalable Processors,datacenter,Ice Lake-SP,,Xeon Platinum 8358,Intel Xeon Platinum 8358 Processor,32,,,64,2.60 GHz,3.40 GHz,,,48 MB,250W,,10 nm,FCLGA4189,2,4.0,64,DDR4-3200,8,3200 MHz,6 TB,yes,,3,,,,,2021-Q2,4607,,https://ark.intel.com/,1,high,Discontinued
Intel,cpu,,Xeon,3rd Gen Intel Xeon Scalable Processors,datacenter,Ice Lake-SP,,Xeon Platinum 8358P,Intel Xeon Platinum 8358P Processor,32,,,64,2.60 GHz,3.40 GHz,,,48 MB,240W,,10 nm,FCLGA4189,2,4.0,64,DDR4-3200,8,3200 MHz,6 TB,yes,,3,,,,,2021-Q2,4523,,https://ark.intel.com/,1,high,
Intel,cpu,,Xeon,3rd Gen Intel Xeon Scalable Processors,datacenter,Cooper Lake,,Xeon Platinum 8360H,Intel Xeon Platinum 8360H Processor,24,,,48,3.00 GHz,4.20 GHz,,,33 MB,225W,,14 nm,FCLGA4189,8,3.0,48,DDR4 RDIMM,6,3200 MHz,1.12 TB,yes,,6,,,,,2020-Q3,4200,,https://ark.intel.com/,1,high,
Intel,cpu,,Xeon,3rd Gen Intel Xeon Scalable Processors,datacenter,Cooper Lake,,Xeon Platinum 8360HL,Intel Xeon Platinum 8360HL Processor,24,,,48,3.00 GHz,4.20 GHz,,,33 MB,225W,,14 nm,FCLGA4189,8,3.0,48,DDR4 RDIMM,6,3200 MHz,4.5 TB,yes,,6,,,,,2020-Q3,7203,,https://ark.intel.com/,1,high,
Intel,cpu,,Xeon,3rd Gen Intel Xeon Scalable Processors,datacenter,Ice Lake-SP,,Xeon Platinum 8360Y,Intel Xeon Platinum 8360Y Processor,36,,,72,2.40 GHz,3.50 GHz,,,54 MB,250W,,10 nm,FCLGA4189,2,4.0,64,DDR4-3200,8,3200 MHz,6 TB,yes,,3,,,,,2021-Q2,5383,,https://ark.intel.com/,1,high,
Intel,cpu,,Xeon,3rd Gen Intel Xeon Scalable Processors,datacenter,Ice Lake-SP,,Xeon Platinum 8362,Intel Xeon Platinum 8362 Processor,32,,,64,2.80 GHz,3.60 GHz,,,48 MB,265W,,10 nm,FCLGA4189,2,4.0,64,DDR4-3200,8,3200 MHz,6 TB,yes,,3,,,,,2021-Q2,6236,,https://ark.intel.com/,1,high,
Intel,cpu,,Xeon,3rd Gen Intel Xeon Scalable Processors,datacenter,Ice Lake-SP,,Xeon Platinum 8368,Intel Xeon Platinum 8368 Processor,38,,,76,2.40 GHz,3.40 GHz,,,57 MB,270W,,10 nm,FCLGA4189,2,4.0,64,DDR4-3200,8,3200 MHz,6 TB,yes,,3,,,,,2021-Q2,7214,,https://ark.intel.com/,1,high,
Intel,cpu,,Xeon,3rd Gen Intel Xeon Scalable Processors,datacenter,Ice Lake-SP,,Xeon Platinum 8368Q,Intel Xeon Platinum 8368Q Processor,38,,,76,2.60 GHz,3.70 GHz,,,57 MB,270W,,10 nm,FCLGA4189,2,4.0,64,DDR4-3200,8,3200 MHz,6 TB,yes,,3,,,,,2021-Q2,7719,,https://ark.intel.com/,1,high,
Intel,cpu,,Xeon,3rd Gen Intel Xeon Scalable Processors,datacenter,Cooper Lake,,Xeon Platinum 8376H,Intel Xeon Platinum 8376H Processor,28,,,56,2.60 GHz,4.30 GHz,,,38.5 MB,205W,,14 nm,FCLGA4189,8,3.0,48,DDR4 RDIMM,6,3200 MHz,1.12 TB,yes,,6,,,,,2020-Q2,8719,,https://ark.intel.com/,1,high,
Intel,cpu,,Xeon,3rd Gen Intel Xeon Scalable Processors,datacenter,Cooper Lake,,Xeon Platinum 8376HL,Intel Xeon Platinum 8376HL Processor,28,,,56,2.60 GHz,4.30 GHz,,,38.5 MB,205W,,14 nm,FCLGA4189,8,3.0,48,DDR4 RDIMM,6,3200 MHz,4.5 TB,yes,,6,,,,,2020-Q2,11722,,https://ark.intel.com/,1,high,
Intel,cpu,,Xeon,3rd Gen Intel Xeon Scalable Processors,datacenter,Ice Lake-SP,,Xeon Platinum 8380,Intel Xeon Platinum 8380 Processor,40,,,80,2.30 GHz,3.40 GHz,,,60 MB,270W,,10 nm,FCLGA4189,2,4.0,64,DDR4-3200,8,3200 MHz,6 TB,yes,,3,,,,,2021-Q2,9359,,https://ark.intel.com/,1,high,
Intel,cpu,,Xeon,3rd Gen Intel Xeon Scalable Processors,datacenter,Cooper Lake,,Xeon Platinum 8380H,Intel Xeon Platinum 8380H Processor,28,,,56,2.90 GHz,4.30 GHz,,,38.5 MB,250W,,14 nm,FCLGA4189,8,3.0,48,DDR4 RDIMM,6,3200 MHz,1.12 TB,yes,,6,,,,,2020-Q2,10009,,https://ark.intel.com/,1,high,
Intel,cpu,,Xeon,3rd Gen Intel Xeon Scalable Processors,datacenter,Cooper Lake,,Xeon Platinum 8380HL,Intel Xeon Platinum 8380HL Processor,28,,,56,2.90 GHz,4.30 GHz,,,38.5 MB,250W,,14 nm,FCLGA4189,8,3.0,48,DDR4 RDIMM,6,3200 MHz,4.5 TB,yes,,6,,,,,2020-Q2,13012,,https://ark.intel.com/,1,high,
Intel,cpu,,Xeon,3rd Gen Intel Xeon Scalable Processors,datacenter,Ice Lake-SP,,Xeon Silver 4309Y,Intel Xeon Silver 4309Y Processor,8,,,16,2.80 GHz,3.60 GHz,,,12 MB,105W,,10 nm,FCLGA4189,2,4.0,64,DDR4-2667,8,2667 MHz,6 TB,yes,,2,,,,,2021-Q2,563,,https://ark.intel.com/,1,high,
Intel,cpu,,Xeon,3rd Gen Intel Xeon Scalable Processors,datacenter,Ice Lake-SP,,Xeon Silver 4310,Intel Xeon Silver 4310 Processor,12,,,24,2.10 GHz,3.30 GHz,,,18 MB,120W,,10 nm,FCLGA4189,2,4.0,64,DDR4-2667,8,2667 MHz,6 TB,yes,,2,,,,,2021-Q2,563,,https://ark.intel.com/,1,high,
Intel,cpu,,Xeon,3rd Gen Intel Xeon Scalable Processors,datacenter,Ice Lake-SP,,Xeon Silver 4310T,Intel Xeon Silver 4310T Processor,10,,,20,2.30 GHz,3.40 GHz,,,15 MB,105W,,10 nm,FCLGA4189,2,4.0,64,DDR4-2667,8,2667 MHz,6 TB,yes,,2,,,,,2021-Q2,624,,https://ark.intel.com/,1,high,
Intel,cpu,,Xeon,3rd Gen Intel Xeon Scalable Processors,datacenter,Ice Lake-SP,,Xeon Silver 4314,Intel Xeon Silver 4314 Processor,16,,,32,2.40 GHz,3.40 GHz,,,24 MB,135W,,10 nm,FCLGA4189,2,4.0,64,DDR4-2667,8,2667 MHz,6 TB,yes,,2,,,,,2021-Q2,780,,https://ark.intel.com/,1,high,
Intel,cpu,,Xeon,3rd Gen Intel Xeon Scalable Processors,datacenter,Ice Lake-SP,,Xeon Silver 4316,Intel Xeon Silver 4316 Processor,20,,,40,2.30 GHz,3.40 GHz,,,30 MB,150W,,10 nm,FCLGA4189,2,4.0,64,DDR4-2667,8,2667 MHz,6 TB,yes,,2,,,,,2021-Q2,1126,,https://ark.intel.com/,1,high,
Intel,cpu,,Xeon,4th Gen Intel Xeon Scalable Processors,datacenter,Sapphire Rapids SP,,Xeon Gold 6414U,Intel Xeon Gold 6414U Processor,32,,,64,2.00 GHz,3.40 GHz,,,60 MB,250W,,Intel 7,FCLGA4677,1,5.0,80,Up to DDR5 4800 MT/s 1DPC Up to DDR5 4400 MT/s 2DPC,8,,4 TB,yes,,0,,,,,2023-Q1,2572,,https://ark.intel.com/,1,high,
Intel,cpu,,Xeon,4th Gen Intel Xeon Scalable Processors,datacenter,Sapphire Rapids SP,,Xeon Gold 6430,Intel Xeon Gold 6430 Processor,32,,,64,2.10 GHz,3.40 GHz,,,60 MB,270W,,Intel 7,FCLGA4677,2,5.0,80,Up to DDR5 4400 MT/s 1DPC and 2DPC,8,,4 TB,yes,,3,,,,,2023-Q1,2383,,https://ark.intel.com/,1,high,
Intel,cpu,,Xeon,4th Gen Intel Xeon Scalable Processors,datacenter,Sapphire Rapids SP,,Xeon Gold 6454S,Intel Xeon Gold 6454S Processor,32,,,64,2.20 GHz,3.40 GHz,,,60 MB,270W,,Intel 7,FCLGA4677,2,5.0,80,Up to DDR5 4800 MT/s 1DPC Up to DDR5 4400 MT/s 2DPC,8,,4 TB,yes,,4,,,,,2023-Q1,3157,,https://ark.intel.com/,1,high,
Intel,cpu,,Xeon,4th Gen Intel Xeon Scalable Processors,datacenter,Sapphire Rapids SP,,Xeon Platinum 8444H,Intel Xeon Platinum 8444H Processor,16,,,32,2.90 GHz,4.00 GHz,,,45 MB,270W,,Intel 7,FCLGA4677,8,5.0,80,Up to DDR5 4800 MT/s 1DPC Up to DDR5 4400 MT/s 2DPC,8,,4 TB,yes,,4,,,,,2023-Q1,4742,,https://ark.intel.com/,1,high,
Intel,cpu,,Xeon,4th Gen Intel Xeon Scalable Processors,datacenter,Sapphire Rapids SP,,Xeon Platinum 8450H,Intel Xeon Platinum 8450H Processor,28,,,56,2.00 GHz,3.50 GHz,,,75 MB,250W,,Intel 7,FCLGA4677,8,5.0,80,Up to DDR5 4800 MT/s 1DPC Up to DDR5 4400 MT/s 2DPC,8,,4 TB,yes,,4,,,,,2023-Q1,5273,,https://ark.intel.com/,1,high,
Intel,cpu,,Xeon,4th Gen Intel Xeon Scalable Processors,datacenter,Sapphire Rapids SP,,Xeon Platinum 8454H,Intel Xeon Platinum 8454H Processor,32,,,64,2.10 GHz,3.40 GHz,,,82.5 MB,270W,,Intel 7,FCLGA4677,8,5.0,80,Up to DDR5 4800 MT/s 1DPC Up to DDR5 4400 MT/s 2DPC,8,,4 TB,yes,,4,,,,,2023-Q1,7325,,https://ark.intel.com/,1,high,
Intel,cpu,,Xeon,4th Gen Intel Xeon Scalable Processors,datacenter,Sapphire Rapids SP,,Xeon Platinum 8458P,Intel Xeon Platinum 8458P Processor,44,,,88,2.70 GHz,3.80 GHz,,,82.5 MB,350W,,Intel 7,FCLGA4677,2,5.0,80,Up to DDR5 4800 MT/s 1DPC Up to DDR5 4400 MT/s 2DPC,8,,4 TB,yes,,3,,,,,2023-Q1,6759,,https://ark.intel.com/,1,high,
Intel,cpu,,Xeon,4th Gen Intel Xeon Scalable Processors,datacenter,Sapphire Rapids SP,,Xeon Platinum 8460H,Intel Xeon Platinum 8460H Processor,40,,,80,2.20 GHz,3.80 GHz,,,105 MB,330W,,Intel 7,FCLGA4677,8,5.0,80,Up to DDR5 4800 MT/s 1DPC Up to DDR5 4400 MT/s 2DPC,8,,4 TB,yes,,4,,,,,2023-Q1,11995,,https://ark.intel.com/,1,high,
Intel,cpu,,Xeon,4th Gen Intel Xeon Scalable Processors,datacenter,Sapphire Rapids SP,,Xeon Platinum 8460Y+,Intel Xeon Platinum 8460Y+ Processor,40,,,80,2.00 GHz,3.70 GHz,,,105 MB,300W,,Intel 7,FCLGA4677,2,5.0,80,Up to DDR5 4800 MT/s 1DPC Up to DDR5 4400 MT/s 2DPC,8,,4 TB,yes,,4,,,,,2023-Q1,5558,,https://ark.intel.com/,1,high,
Intel,cpu,,Xeon,4th Gen Intel Xeon Scalable Processors,datacenter,Sapphire Rapids SP,,Xeon Platinum 8461V,Intel Xeon Platinum 8461V Processor,48,,,96,2.20 GHz,3.70 GHz,,,97.5 MB,300W,,Intel 7,FCLGA4677,1,5.0,80,Up to DDR5 4800 MT/s 1DPC Up to DDR5 4400 MT/s 2DPC,8,,4 TB,yes,,0,,,,,2023-Q1,4491,,https://ark.intel.com/,1,high,
Intel,cpu,,Xeon,4th Gen Intel Xeon Scalable Processors,datacenter,Sapphire Rapids SP,,Xeon Platinum 8468,Intel Xeon Platinum 8468 Processor,48,,,96,2.10 GHz,3.80 GHz,,,105 MB,350W,,Intel 7,FCLGA4677,2,5.0,80,Up to DDR5 4800 MT/s 1DPC Up to DDR5 4400 MT/s 2DPC,8,,4 TB,yes,,4,,,,,2023-Q1,7214,,https://ark.intel.com/,1,high,
Intel,cpu,,Xeon,4th Gen Intel Xeon Scalable Processors,datacenter,Sapphire Rapids SP,,Xeon Platinum 8468H,Intel Xeon Platinum 8468H Processor,48,,,96,2.10 GHz,3.80 GHz,,,105 MB,330W,,Intel 7,FCLGA4677,8,5.0,80,Up to DDR5 4800 MT/s 1DPC Up to DDR5 4400 MT/s 2DPC,8,,4 TB,yes,,4,,,,,2023-Q1,15594,,https://ark.intel.com/,1,high,
Intel,cpu,,Xeon,4th Gen Intel Xeon Scalable Processors,datacenter,Sapphire Rapids SP,,Xeon Platinum 8468V,Intel Xeon Platinum 8468V Processor,48,,,96,2.40 GHz,3.80 GHz,,,97.5 MB,330W,,Intel 7,FCLGA4677,2,5.0,80,Up to DDR5 4800 MT/s 1DPC Up to DDR5 4400 MT/s 2DPC,8,,4 TB,yes,,3,,,,,2023-Q1,7121,,https://ark.intel.com/,1,high,
Intel,cpu,,Xeon,4th Gen Intel Xeon Scalable Processors,datacenter,Sapphire Rapids SP,,Xeon Platinum 8470,Intel Xeon Platinum 8470 Processor,52,,,104,2.00 GHz,3.80 GHz,,,105 MB,350W,,Intel 7,FCLGA4677,2,5.0,80,Up to DDR5 4800 MT/s 1DPC Up to DDR5 4400 MT/s 2DPC,8,,4 TB,yes,,4,,,,,2023-Q1,10482,,https://ark.intel.com/,1,high,
Intel,cpu,,Xeon,4th Gen Intel Xeon Scalable Processors,datacenter,Sapphire Rapids SP,,Xeon Platinum 8470N,Intel Xeon Platinum 8470N Processor,52,,,104,1.70 GHz,3.60 GHz,,,97.5 MB,300W,,Intel 7,FCLGA4677,2,5.0,80,Up to DDR5 4800 MT/s 1DPC Up to DDR5 4400 MT/s 2DPC,8,,4 TB,yes,,3,,,,,2023-Q1,10662,,https://ark.intel.com/,1,high,
Intel,cpu,,Xeon,4th Gen Intel Xeon Scalable Processors,datacenter,Sapphire Rapids SP,,Xeon Platinum 8470Q,Intel Xeon Platinum 8470Q Processor,52,,,104,2.10 GHz,3.80 GHz,,,105 MB,350W,,Intel 7,FCLGA4677,2,5.0,80,Up to DDR5 4800 MT/s 1DPC Up to DDR5 4400 MT/s 2DPC,8,,4 TB,yes,,4,,,,,2023-Q1,9410,,https://ark.intel.com/,1,high,
Intel,cpu,,Xeon,4th Gen Intel Xeon Scalable Processors,datacenter,Sapphire Rapids SP,,Xeon Platinum 8471N,Intel Xeon Platinum 8471N Processor,52,,,104,1.80 GHz,3.60 GHz,,,97.5 MB,300W,,Intel 7,FCLGA4677,1,5.0,80,Up to DDR5 4800 MT/s 1DPC Up to DDR5 4400 MT/s 2DPC,8,,4 TB,yes,,0,,,,,2023-Q1,5792,,https://ark.intel.com/,1,high,
Intel,cpu,,Xeon,4th Gen Intel Xeon Scalable Processors,datacenter,Sapphire Rapids SP,,Xeon Platinum 8480+,Intel Xeon Platinum 8480+ Processor,56,,,112,2.00 GHz,3.80 GHz,,,105 MB,350W,,Intel 7,FCLGA4677,2,5.0,80,Up to DDR5 4800 MT/s 1DPC Up to DDR5 4400 MT/s 2DPC,8,,4 TB,yes,,4,,,,,2023-Q1,11995,,https://ark.intel.com/,1,high,
Intel,cpu,,Xeon,4th Gen Intel Xeon Scalable Processors,datacenter,Sapphire Rapids SP,,Xeon Platinum 8490H,Intel Xeon Platinum 8490H Processor,60,,,120,1.90 GHz,3.50 GHz,,,112.5 MB,350W,,Intel 7,FCLGA4677,8,5.0,80,Up to DDR5 4800 MT/s 1DPC Up to DDR5 4400 MT/s 2DPC,8,,4 TB,yes,,4,,,,,2023-Q1,19040,,https://ark.intel.com/,1,high,
Intel,cpu,,Atom,Intel Atom Processor C Series,datacenter,Avoton,Silvermont,Atom C2350,Intel Atom Processor C2350,2,,,2,1.70 GHz,2.00 GHz,2.00 GHz,,1 MB,6W,,22 nm,FCBGA1283,,2,4,DDR3/DDR3L 1333,1,,16 GB,yes,,,,,,,2013-Q3,43,,https://ark.intel.com/,1,high,Discontinued
Intel,cpu,,Atom,Intel Atom Processor C Series,datacenter,Avoton,Silvermont,Atom C2530,Intel Atom Processor C2530,4,,,4,1.70 GHz,2.40 GHz,2.40 GHz,,2 MB,9W,,22 nm,FCBGA1283,,2,8,DDR3/DDR3L 1333,2,,32 GB,yes,,,,,,,2013-Q3,70,,https://ark.intel.com/,1,high,Discontinued
Intel,cpu,,Atom,Intel Atom Processor C Series,datacenter,Avoton,Silvermont,Atom C2550,Intel Atom Processor C2550,4,,,4,2.40 GHz,2.60 GHz,2.60 GHz,,2 MB,14W,,22 nm,FCBGA1283,,2,16,DDR3/DDR3L 1600,2,,64 GB,yes,,,,,,,2013-Q3,86,,https://ark.intel.com/,1,high,Discontinued
Intel,cpu,,Atom,Intel Atom Processor C Series,datacenter,Avoton,Silvermont,Atom C2730,Intel Atom Processor C2730,8,,,8,1.70 GHz,2.40 GHz,2.40 GHz,,4 MB,12W,,22 nm,FCBGA1283,,2,8,DDR3/DDR3L 1600,2,,32 GB,yes,,,,,,,2013-Q3,150,,https://ark.intel.com/,1,high,Discontinued
Intel,cpu,,Atom,Intel Atom Processor C Series,datacenter,Avoton,Silvermont,Atom C2750,Intel Atom Processor C2750,8,,,8,2.40 GHz,2.60 GHz,2.60 GHz,,4 MB,20W,,22 nm,FCBGA1283,,2,16,DDR3/DDR3L 1600,2,,64 GB,yes,,,,,,,2013-Q3,171,,https://ark.intel.com/,1,high,Discontinued
Intel,cpu,,Atom,Intel Atom Processor C Series,datacenter,Atom Embedded,,Atom C3308,Intel Atom Processor C3308,2,,,2,1.60 GHz,2.10 GHz,2.10 GHz,,4 MB,9W,,14 nm,FCBGA1310,,3,6,DDR4: 1866,1,,128 GB,yes,,,,,,,2017-Q3,47,,https://ark.intel.com/,1,high,
Intel,cpu,,Atom,Intel Atom Processor C Series,datacenter,Denverton,Goldmont,Atom C3336,Intel Atom Processor C3336,2,,,2,1.50 GHz,,,,4 MB,11W,,14 nm,FCBGA1310,,3,10,DDR4: 1866,1,,128 GB,yes,,,,,,,2018-Q3,41,,https://ark.intel.com/,1,high,
Intel,cpu,,Atom,Intel Atom Processor C Series,datacenter,Atom Embedded,,Atom C3338,Intel Atom Processor C3338,2,,,2,1.50 GHz,2.20 GHz,2.20 GHz,,4 MB,8W,,14 nm,FCBGA1310,,3,10,DDR4: 1866,1,,128 GB,yes,,,,,,,2017-Q1,41,,https://ark.intel.com/,1,high,
Intel,cpu,,Atom,Intel Atom Processor C Series,datacenter,Denverton,Goldmont,Atom C3338R,Intel Atom Processor C3338R,2,,,2,1.80 GHz,2.20 GHz,2.20 GHz,,4 MB,10W,,14 nm,FCBGA1310,,3,10,DDR4-1866,1,,128 GB,yes,,,,,,,2020-Q2,42,,https://ark.intel.com/,1,high,
Intel,cpu,,Atom,Intel Atom Processor C Series,datacenter,Denverton,Goldmont,Atom C3436L,Intel Atom Processor C3436L,4,,,4,1.30 GHz,,,,8 MB,10W,,14 nm,FCBGA1310,,3,10,DDR4-1866,1,,256 GB,yes,,,,,,,2020-Q2,73,,https://ark.intel.com/,1,high,
Intel,cpu,,Atom,Intel Atom Processor C Series,datacenter,Atom Embedded,,Atom C3508,Intel Atom Processor C3508,4,,,4,1.60 GHz,1.60 GHz,,,8 MB,11W,,14 nm,FCBGA1310,,3,8,DDR4: 1866,2,,256 GB,yes,,,,,,,2017-Q3,98,,https://ark.intel.com/,1,high,
Intel,cpu,,Atom,Intel Atom Processor C Series,datacenter,Atom Embedded,,Atom C3538,Intel Atom Processor C3538,4,,,4,2.10 GHz,2.10 GHz,,,8 MB,15W,,14 nm,FCBGA1310,,3,12,DDR4: 2133,2,,256 GB,yes,,,,,,,2017-Q3,86,,https://ark.intel.com/,1,high,
Intel,cpu,,Atom,Intel Atom Processor C Series,datacenter,Atom Embedded,,Atom C3558,Intel Atom Processor C3558,4,,,4,2.20 GHz,2.20 GHz,,,8 MB,16W,,14 nm,FCBGA1310,,3,12,DDR4: 2133,2,,256 GB,yes,,,,,,,2017-Q3,98,,https://ark.intel.com/,1,high,
Intel,cpu,,Atom,Intel Atom Processor C Series,datacenter,Denverton,Goldmont,Atom C3558R,Intel Atom Processor C3558R,4,,,4,2.40 GHz,,,,8 MB,17W,,14 nm,FCBGA1310,,3,20,DDR4-2400,2,,256 GB,yes,,,,,,,2020-Q2,110,,https://ark.intel.com/,1,high,
Intel,cpu,,Atom,Intel Atom Processor C Series,datacenter,Atom Embedded,,Atom C3708,Intel Atom Processor C3708,8,,,8,1.70 GHz,1.70 GHz,,,16 MB,17W,,14 nm,FCBGA1310,,3,16,DDR4: 2133,2,,256 GB,yes,,,,,,,2017-Q3,251,,https://ark.intel.com/,1,high,
Intel,cpu,,Atom,Intel Atom Processor C Series,datacenter,Atom Embedded,,Atom C3750,Intel Atom Processor C3750,8,,,8,2.20 GHz,2.40 GHz,2.40 GHz,,16 MB,21W,,14 nm,FCBGA1310,,3,12,DDR4: 2400,2,,256 GB,yes,,,,,,,2017-Q3,205,,https://ark.intel.com/,1,high,
Intel,cpu,,Atom,Intel Atom Processor C Series,datacenter,Atom Embedded,,Atom C3758,Intel Atom Processor C3758,8,,,8,2.20 GHz,2.20 GHz,,,16 MB,25W,,14 nm,FCBGA1310,,3,16,DDR4: 2400,2,,256 GB,yes,,,,,,,2017-Q3,232,,https://ark.intel.com/,1,high,
Intel,cpu,,Atom,Intel Atom Processor C Series,datacenter,Denverton,Goldmont,Atom C3758R,Intel Atom Processor C3758R,8,,,8,2.40 GHz,,,,16 MB,26W,,14 nm,FCBGA1310,,3,20,DDR4-2400,2,,256 GB,yes,,,,,,,2020-Q2,251,,https://ark.intel.com/,1,high,
Intel,cpu,,Atom,Intel Atom Processor C Series,datacenter,Denverton,Goldmont,Atom C3808,Intel Atom Processor C3808,12,,,12,2.00 GHz,2.00 GHz,,,12 MB,25W,,14 nm,FCBGA1310,,3,16,DDR4: 2133,2,,256 GB,yes,,,,,,,2017-Q3,442,,https://ark.intel.com/,1,high,
Intel,cpu,,Atom,Intel Atom Processor C Series,datacenter,Atom Embedded,,Atom C3830,Intel Atom Processor C3830,12,,,12,1.90 GHz,2.30 GHz,2.30 GHz,,12 MB,21W,,14 nm,FCBGA1310,,3,12,DDR4: 2133,2,,256 GB,yes,,,,,,,2017-Q3,,,https://ark.intel.com/,1,high,
Intel,cpu,,Atom,Intel Atom Processor C Series,datacenter,Atom Embedded,,Atom C3850,Intel Atom Processor C3850,12,,,12,2.10 GHz,2.40 GHz,2.40 GHz,,12 MB,25W,,14 nm,FCBGA1310,,3,16,DDR4: 2400,2,,256 GB,yes,,,,,,,2017-Q3,388,,https://ark.intel.com/,1,high,
Intel,cpu,,Atom,Intel Atom Processor C Series,datacenter,Atom Embedded,,Atom C3858,Intel Atom Processor C3858,12,,,12,2.00 GHz,2.00 GHz,,,12 MB,25W,,14 nm,FCBGA1310,,3,16,DDR4: 2400,2,,256 GB,yes,,,,,,,2017-Q3,398,,https://ark.intel.com/,1,high,
Intel,cpu,,Atom,Intel Atom Processor C Series,datacenter,Atom Embedded,,Atom C3950,Intel Atom Processor C3950,16,,,16,1.70 GHz,2.20 GHz,2.20 GHz,,16 MB,24W,,14 nm,FCBGA1310,,3,16,DDR4: 2400,2,,256 GB,yes,,,,,,,2017-Q3,467,,https://ark.intel.com/,1,high,
Intel,cpu,,Atom,Intel Atom Processor C Series,datacenter,Denverton,Goldmont,Atom C3955,Intel Atom Processor C3955,16,,,16,2.10 GHz,2.40 GHz,2.40 GHz,,16 MB,32W,,14 nm,FCBGA1310,,3,16,DDR4: 2400,2,,256 GB,yes,,,,,,,2017-Q3,520,,https://ark.intel.com/,1,high,
Intel,cpu,,Atom,Intel Atom Processor C Series,datacenter,Atom Embedded,,Atom C3958,Intel Atom Processor C3958,16,,,16,2.00 GHz,2.00 GHz,,,16 MB,31W,,14 nm,FCBGA1310,,3,16,DDR4: 2400,2,,256 GB,yes,,,,,,,2017-Q3,538,,https://ark.intel.com/,1,high,
Intel,cpu,,Atom,Intel Atom Processor C Series,datacenter,Parker Ridge,Tremont,Atom C5115,Intel Atom Processor C5115,4,,4,4,2.80 GHz,,,,9 MB,43W,,10 nm,FCBGA2106,1,3.0,32,DDR4,2,2933 MHz,256 GB,yes,,,,,,,2022-Q2,239,,https://ark.intel.com/,1,high,
Intel,cpu,,Atom,Intel Atom Processor C Series,datacenter,Parker Ridge,Tremont,Atom C5125,Intel Atom Processor C5125,8,,8,8,2.80 GHz,,,,9 MB,50W,,10 nm,FCBGA2106,1,3.0,32,DDR4,2,2933 MHz,256 GB,yes,,,,,,,2022-Q2,335,,https://ark.intel.com/,1,high,
Intel,cpu,,Atom,Intel Atom Processor C Series,datacenter,Parker Ridge,Tremont,Atom C5310,Intel Atom Processor C5310,4,,4,4,1.60 GHz,,,,9 MB,32W,,10 nm,FCBGA2106,1,3.0,12,DDR4,2,2400 MHz,256 GB,yes,,,,,,,2022-Q2,239,,https://ark.intel.com/,1,high,
Intel,cpu,,Atom,Intel Atom Processor C Series,datacenter,Parker Ridge,Tremont,Atom C5315,Intel Atom Processor C5315,4,,4,4,2.40 GHz,,,,9 MB,38W,,10 nm,FCBGA2106,1,3.0,12,DDR4,2,2400 MHz,256 GB,yes,,,,,,,2022-Q2,239,,https://ark.intel.com/,1,high,
Intel,cpu,,Atom,Intel Atom Processor C Series,datacenter,Parker Ridge,Tremont,Atom C5320,Intel Atom Processor C5320,8,,8,8,2.40 GHz,,,,9 MB,41W,,10 nm,FCBGA2106,1,3.0,16,DDR4,2,2933 MHz,256 GB,yes,,,,,,,2022-Q2,358,,https://ark.intel.com/,1,high,
Intel,cpu,,Atom,Intel Atom Processor C Series,datacenter,Parker Ridge,Tremont,Atom C5325,Intel Atom Processor C5325,8,,8,8,2.40 GHz,,,,9 MB,41W,,10 nm,FCBGA2106,1,3.0,16,DDR4,2,2933 MHz,256 GB,yes,,,,,,,2022-Q2,335,,https://ark.intel.com/,1,high,
Intel,cpu,,Atom,Intel Atom Processor C Series,datacenter,Parker Ridge,Tremont,Atom C5335C1,Intel Atom Processor C5335C1,12,,12,12,2.40 GHz,,,,13.5 MB,50W,,10 nm,FCBGA2106,1,3.0,16,DDR4,2,2933 MHz,,,,,,,,,2022-Q2,418,,https://ark.intel.com/,1,high,
Intel,cpu,,Atom,Intel Atom Processor P Series,datacenter,Snow Ridge,Tremont,Atom P5322,Intel Atom Processor P5322,8,,8,8,2.20 GHz,,,,9 MB,55W,,10 nm,FCBGA2106,1,3.0,32,DDR4,2,2400 MHz,256 GB,yes,,,,,,,2022-Q2,394,,https://ark.intel.com/,1,high,
Intel,cpu,,Atom,Intel Atom Processor P Series,datacenter,Snow Ridge,Tremont,Atom P5332,Intel Atom Processor P5332,12,,12,12,2.20 GHz,,,,13.5 MB,61W,,10 nm,FCBGA2106,1,3.0,32,DDR4,2,2400 MHz,256 GB,yes,,,,,,,2022-Q2,502,,https://ark.intel.com/,1,high,
Intel,cpu,,Atom,Intel Atom Processor P Series,datacenter,Snow Ridge,Tremont,Atom P5342,Intel Atom Processor P5342,16,,16,16,2.20 GHz,,,,18 MB,71W,,10 nm,FCBGA2106,1,3.0,32,DDR4,2,2667 MHz,256 GB,yes,,,,,,,2022-Q2,708,,https://ark.intel.com/,1,high,
Intel,cpu,,Atom,Intel Atom Processor P Series,datacenter,Snow Ridge,Tremont,Atom P5352,Intel Atom Processor P5352,20,,20,20,2.20 GHz,,,,22.5 MB,78W,,10 nm,FCBGA2106,1,3.0,32,DDR4,2,2933 MHz,256 GB,yes,,,,,,,2022-Q2,732,,https://ark.intel.com/,1,high,
Intel,cpu,,Atom,Intel Atom Processor P Series,datacenter,Snow Ridge,Tremont,Atom P5362,Intel Atom Processor P5362,24,,24,24,2.20 GHz,,,,27 MB,83W,,10 nm,FCBGA2106,1,3.0,32,DDR4,2,2933 MHz,256 GB,yes,,,,,,,2022-Q2,793,,https://ark.intel.com/,1,high,
Intel,cpu,,Atom,Intel Atom Processor P Series,datacenter,Snow Ridge,Tremont,Atom P5721,Intel Atom Processor P5721,8,,8,8,2.20 GHz,,,,9 MB,48W,,10 nm,FCBGA2106,1,3.0,32,DDR4,2,2933 MHz,256 GB,yes,,,,,,,2022-Q2,439,,https://ark.intel.com/,1,high,
Intel,cpu,,Atom,Intel Atom Processor P Series,datacenter,Snow Ridge,Tremont,Atom P5731,Intel Atom Processor P5731,12,,12,12,2.20 GHz,,,,13.5 MB,54W,,10 nm,FCBGA2106,1,3.0,32,DDR4,2,2933 MHz,256 GB,yes,,,,,,,2022-Q2,628,,https://ark.intel.com/,1,high,
Intel,cpu,,Atom,Intel Atom Processor P Series,datacenter,Snow Ridge,Tremont,Atom P5742,Intel Atom Processor P5742,16,,16,16,2.20 GHz,,,,18 MB,67W,,10 nm,FCBGA2106,1,3.0,32,DDR4,2,2933 MHz,256 GB,yes,,,,,,,2022-Q2,842,,https://ark.intel.com/,1,high,
Intel,cpu,,Atom,Intel Atom Processor P Series,datacenter,Snow Ridge,Tremont,Atom P5752,Intel Atom Processor P5752,20,,20,20,2.20 GHz,,,,22.5 MB,74W,,10 nm,FCBGA2106,1,3.0,32,DDR4,2,2933 MHz,256 GB,yes,,,,,,,2022-Q2,855,,https://ark.intel.com/,1,high,
Intel,cpu,,Atom,Intel Atom Processor P Series,datacenter,Snow Ridge,Tremont,Atom P5921B,Intel Atom Processor P5921B,8,,,8,2.20 GHz,,,,9 MB,,,10 nm,,1,3.0,32,DDR4,1,2933 MHz,64 GB,yes,,,,,,,2020-Q1,,,https://ark.intel.com/,1,high,Discontinued
Intel,cpu,,Atom,Intel Atom Processor P Series,datacenter,Snow Ridge,Tremont,Atom P5931B,Intel Atom Processor P5931B,12,,,12,2.20 GHz,,,,13.5 MB,,,10 nm,,1,3.0,32,DDR4,2,2933 MHz,128 GB,yes,,,,,,,2020-Q1,,,https://ark.intel.com/,1,high,Discontinued
Intel,cpu,,Atom,Intel Atom Processor P Series,datacenter,Snow Ridge,Tremont,Atom P5942B,Intel Atom Processor P5942B,16,,,16,2.20 GHz,,,,18 MB,,,10 nm,,1,3.0,32,DDR4,2,2933 MHz,128 GB,yes,,,,,,,2020-Q1,,,https://ark.intel.com/,1,high,Discontinued
Intel,cpu,,Atom,Intel Atom Processor P Series,datacenter,Snow Ridge,Tremont,Atom P5962B,Intel Atom Processor P5962B,24,,,24,2.20 GHz,,,,27 MB,,,10 nm,,1,3.0,32,DDR4,2,2933 MHz,128 GB,yes,,,,,,,2020-Q1,,,https://ark.intel.com/,1,high,Discontinued
Intel,cpu,,Atom,Intel Atom Processor P Series,datacenter,Grand Ridge,Crestmont,Atom P6922-3,Intel Atom P6922-3 Processor,8,,8,8,2.20 GHz,,,8 MB,8 MB,50W,,Intel 4,FCBGA2147,1,4,29,DDR5,2,5600 MHz,128 GB,yes,,,,,,,2026-Q1,,,https://ark.intel.com/,1,high,
Intel,cpu,,Atom,Intel Atom Processor P Series,datacenter,Grand Ridge,Crestmont,Atom P6942-3,Intel Atom P6942-3 Processor,16,,16,16,2.20 GHz,,,16 MB,16 MB,66W,,Intel 4,FCBGA2147,1,4,29,DDR5,2,5600 MHz,128 GB,yes,,,,,,,2026-Q1,,,https://ark.intel.com/,1,high,
Intel,cpu,,Atom,Intel Atom Processor P Series,datacenter,Grand Ridge,Crestmont,Atom P6942-5,Intel Atom P6942-5 Processor,16,,16,16,2.60 GHz,,,16 MB,16 MB,70W,,Intel 4,FCBGA2147,1,4,29,DDR5,2,5600 MHz,128 GB,yes,,,,,,,2026-Q1,,,https://ark.intel.com/,1,high,
Intel,cpu,,Atom,Intel Atom Processor P Series,datacenter,Grand Ridge,Crestmont,Atom P6952-3,Intel Atom P6952-3 Processor,20,,20,20,2.20 GHz,,,20 MB,20 MB,74W,,Intel 4,FCBGA2147,1,4,29,DDR5,2,5600 MHz,128 GB,yes,,,,,,,2026-Q1,,,https://ark.intel.com/,1,high,
Intel,cpu,,Atom,Intel Atom Processor P Series,datacenter,Grand Ridge,Crestmont,Atom P6962-3,Intel Atom P6962-3 Processor,24,,24,24,2.20 GHz,,,24 MB,24 MB,82W,,Intel 4,FCBGA2147,1,4,29,DDR5,2,5600 MHz,128 GB,yes,,,,,,,2026-Q1,,,https://ark.intel.com/,1,high,
Intel,cpu,,Atom,Intel Atom Processor P Series,datacenter,Grand Ridge,Crestmont,Atom P6962-5,Intel Atom P6962-5 Processor,24,,24,24,2.60 GHz,,,24 MB,24 MB,86W,,Intel 4,FCBGA2147,1,4,29,DDR5,2,5600 MHz,128 GB,yes,,,,,,,2026-Q1,,,https://ark.intel.com/,1,high,
Intel,cpu,,Xeon,Intel Xeon CPU Max Series,datacenter,Sapphire Rapids HBM,Golden Cove,Xeon CPU Max 9460,Intel Xeon CPU Max 9460 Processor,40,,,80,2.20 GHz,3.50 GHz,,,97.5 MB,350W,,Intel 7,FCLGA4677,2,5.0,80,Up to DDR5 4800 MT/s 1DPC Up to DDR5 4400 MT/s 2DPC,8,,4 TB,yes,,,,,,,2023-Q1,8750,,https://ark.intel.com/,1,high,
Intel,cpu,,Xeon,Intel Xeon CPU Max Series,datacenter,Sapphire Rapids HBM,Golden Cove,Xeon CPU Max 9462,Intel Xeon CPU Max 9462 Processor,32,,,64,2.70 GHz,3.50 GHz,,,75 MB,350W,,Intel 7,FCLGA4677,2,5.0,80,Up to DDR5 4800 MT/s 1DPC Up to DDR5 4400 MT/s 2DPC,8,,4 TB,yes,,,,,,,2023-Q1,7995,,https://ark.intel.com/,1,high,
Intel,cpu,,Xeon,Intel Xeon CPU Max Series,datacenter,Sapphire Rapids HBM,Golden Cove,Xeon CPU Max 9468,Intel Xeon CPU Max 9468 Processor,48,,,96,2.10 GHz,3.50 GHz,,,105 MB,350W,,Intel 7,FCLGA4677,2,5.0,80,Up to DDR5 4800 MT/s 1DPC Up to DDR5 4400 MT/s 2DPC,8,,4 TB,yes,,,,,,,2023-Q1,9900,,https://ark.intel.com/,1,high,
Intel,cpu,,Xeon,Intel Xeon CPU Max Series,datacenter,Sapphire Rapids HBM,Golden Cove,Xeon CPU Max 9470,Intel Xeon CPU Max 9470 Processor,52,,,104,2.00 GHz,3.50 GHz,,,105 MB,350W,,Intel 7,FCLGA4677,2,5.0,80,Up to DDR5 4800 MT/s 1DPC Up to DDR5 4400 MT/s 2DPC,8,,4 TB,yes,,,,,,,2023-Q1,11590,,https://ark.intel.com/,1,high,
Intel,cpu,,Xeon,Intel Xeon CPU Max Series,datacenter,Sapphire Rapids HBM,Golden Cove,Xeon CPU Max 9480,Intel Xeon CPU Max 9480 Processor,56,,,112,1.90 GHz,3.50 GHz,,,112.5 MB,350W,,Intel 7,FCLGA4677,2,5.0,80,Up to DDR5 4800 MT/s 1DPC Up to DDR5 4400 MT/s 2DPC,8,,4 TB,yes,,,,,,,2023-Q1,12980,,https://ark.intel.com/,1,high,
Intel,cpu,,Xeon,Intel Xeon D Processor,datacenter,Broadwell-DE,Broadwell,Xeon D-1513N,Intel Xeon Processor D-1513N,4,,,8,1.60 GHz,2.20 GHz,2.20 GHz,,6 MB,35W,,14 nm,FCBGA1667,1,2.0,32,DDR4 | DDR3,2,,128 GB,yes,,,,,,,2017-Q3,245,,https://ark.intel.com/,1,high,
Intel,cpu,,Xeon,Intel Xeon D Processor,datacenter,Broadwell-DE,Broadwell,Xeon D-1523N,Intel Xeon Processor D-1523N,4,,,8,2.00 GHz,2.60 GHz,2.60 GHz,,6 MB,45W,,14 nm,FCBGA1667,1,2.0,32,DDR4 | DDR3,2,,128 GB,yes,,,,,,,2017-Q3,328,,https://ark.intel.com/,1,high,
Intel,cpu,,Xeon,Intel Xeon D Processor,datacenter,Broadwell-DE,Broadwell,Xeon D-1524N,Intel Xeon Processor D-1524N,4,,,8,2.00 GHz,2.60 GHz,,,6 MB,45W,,,FCBGA1667,,,,,,,,,,,,,,,2018-Q4,342,,https://ark.intel.com/,1,high,
Intel,cpu,,Xeon,Intel Xeon D Processor,datacenter,Broadwell-DE,Broadwell,Xeon D-1533N,Intel Xeon Processor D-1533N,6,,,12,2.10 GHz,2.70 GHz,2.70 GHz,,9 MB,45W,,14 nm,FCBGA1667,1,2.0,32,DDR4 | DDR3,2,,128 GB,yes,,,,,,,2017-Q3,603,,https://ark.intel.com/,1,high,
Intel,cpu,,Xeon,Intel Xeon D Processor,datacenter,Broadwell-DE,Broadwell,Xeon D-1543N,Intel Xeon Processor D-1543N,8,,,16,1.90 GHz,2.50 GHz,2.50 GHz,,12 MB,45W,,14 nm,FCBGA1667,1,2.0,32,DDR4 | DDR3,2,,128 GB,yes,,,,,,,2017-Q3,836,,https://ark.intel.com/,1,high,
Intel,cpu,,Xeon,Intel Xeon D Processor,datacenter,Broadwell-DE,Broadwell,Xeon D-1553N,Intel Xeon Processor D-1553N,8,,,16,2.30 GHz,2.70 GHz,2.70 GHz,,12 MB,65W,,14 nm,FCBGA1667,1,2.0,32,DDR4 | DDR3,2,,128 GB,yes,,,,,,,2017-Q3,1096,,https://ark.intel.com/,1,high,
Intel,cpu,,Xeon,Intel Xeon D Processor,datacenter,Broadwell-DE (D-1600 refresh),Broadwell,Xeon D-1602,Intel Xeon D-1602 Processor,2,,,4,2.50 GHz,3.20 GHz,3.20 GHz,,3 MB,27W,,14 nm,FCBGA1667,1,2.0,32,DDR4 | DDR3,2,2133 MHz,128 GB,yes,,,,,,,2019-Q2,136,,https://ark.intel.com/,1,high,
Intel,cpu,,Xeon,Intel Xeon D Processor,datacenter,Broadwell-DE (D-1600 refresh),Broadwell,Xeon D-1622,Intel Xeon D-1622 Processor,4,,,8,2.60 GHz,3.20 GHz,3.20 GHz,,6 MB,40W,,14 nm,FCBGA1667,1,2.0,32,DDR4 | DDR3,2,2133 MHz,128 GB,yes,,,,,,,2019-Q2,218,,https://ark.intel.com/,1,high,
Intel,cpu,,Xeon,Intel Xeon D Processor,datacenter,Broadwell-DE (D-1600 refresh),Broadwell,Xeon D-1623N,Intel Xeon D-1623N Processor,4,,,8,2.40 GHz,3.20 GHz,3.20 GHz,,6 MB,35W,,14 nm,FCBGA1667,1,2.0,32,DDR4 | DDR3,2,1866 MHz,128 GB,yes,,,,,,,2019-Q2,328,,https://ark.intel.com/,1,high,
Intel,cpu,,Xeon,Intel Xeon D Processor,datacenter,Broadwell-DE (D-1600 refresh),Broadwell,Xeon D-1627,Intel Xeon D-1627 Processor,4,,,8,2.90 GHz,3.20 GHz,3.20 GHz,,6 MB,45W,,14 nm,FCBGA1667,1,2.0,32,DDR4 | DDR3,2,2133 MHz,128 GB,yes,,,,,,,2019-Q2,259,,https://ark.intel.com/,1,high,
Intel,cpu,,Xeon,Intel Xeon D Processor,datacenter,Broadwell-DE (D-1600 refresh),Broadwell,Xeon D-1633N,Intel Xeon D-1633N Processor,6,,,12,2.50 GHz,3.20 GHz,3.20 GHz,,9 MB,45W,,14 nm,FCBGA1667,1,2.0,32,DDR4 | DDR3,2,2133 MHz,128 GB,yes,,,,,,,2019-Q2,603,,https://ark.intel.com/,1,high,
Intel,cpu,,Xeon,Intel Xeon D Processor,datacenter,Broadwell-DE (D-1600 refresh),Broadwell,Xeon D-1637,Intel Xeon D-1637 Processor,6,,,12,2.90 GHz,3.20 GHz,3.20 GHz,,9 MB,55W,,14 nm,FCBGA1667,1,2.0,32,DDR4 | DDR3,2,2400 MHz,128 GB,yes,,,,,,,2019-Q2,520,,https://ark.intel.com/,1,high,
Intel,cpu,,Xeon,Intel Xeon D Processor,datacenter,Broadwell-DE (D-1600 refresh),Broadwell,Xeon D-1649N,Intel Xeon D-1649N Processor,8,,,16,2.30 GHz,3.00 GHz,3.00 GHz,,12 MB,45W,,14 nm,FCBGA1667,1,2.0,32,DDR4 | DDR3,2,2133 MHz,128 GB,yes,,,,,,,2019-Q2,904,,https://ark.intel.com/,1,high,
Intel,cpu,,Xeon,Intel Xeon D Processor,datacenter,Broadwell-DE (D-1600 refresh),Broadwell,Xeon D-1653N,Intel Xeon D-1653N Processor,8,,,16,2.80 GHz,3.20 GHz,3.20 GHz,,12 MB,65W,,14 nm,FCBGA1667,1,2.0,32,DDR4 | DDR3,2,2400 MHz,128 GB,yes,,,,,,,2019-Q2,959,,https://ark.intel.com/,1,high,
Intel,cpu,,Xeon,Intel Xeon D Processor,datacenter,Ice Lake-D (D-17xx),,Xeon D-1702,Intel Xeon D-1702 Processor,2,2,,4,1.60 GHz,1.70 GHz,,,5 MB,25W,,10 nm,FCBGA2227,1,4.0,16,DDR4,,2400 MHz,256 GB,yes,,,,,,,2022-Q1,139,,https://ark.intel.com/,1,high,
Intel,cpu,,Xeon,Intel Xeon D Processor,datacenter,Ice Lake-D (D-17xx),,Xeon D-1712TR,Intel Xeon D-1712TR Processor,4,4,,8,2.00 GHz,3.10 GHz,,,10 MB,40W,,10 nm,FCBGA2227,1,4.0,16,DDR4,,2400 MHz,384 GB,yes,,,,,,,2022-Q1,295,,https://ark.intel.com/,1,high,
Intel,cpu,,Xeon,Intel Xeon D Processor,datacenter,Ice Lake-D (D-17xx),,Xeon D-1713NT,Intel Xeon D-1713NT Processor,4,4,,8,2.20 GHz,3.50 GHz,,,10 MB,45W,,10 nm,FCBGA2227,1,4.0,16,DDR4,2,2400 MHz,256 GB,yes,,,,,,,2022-Q1,352,,https://ark.intel.com/,1,high,
Intel,cpu,,Xeon,Intel Xeon D Processor,datacenter,Ice Lake-D (D-17xx),,Xeon D-1713NTE,Intel Xeon D-1713NTE Processor,4,4,,8,2.20 GHz,3.30 GHz,,,10 MB,45W,,10 nm,FCBGA2227,1,4.0,16,DDR4,2,2400 MHz,256 GB,yes,,,,,,,2022-Q1,365,,https://ark.intel.com/,1,high,
Intel,cpu,,Xeon,Intel Xeon D Processor,datacenter,Ice Lake-D (D-17xx),,Xeon D-1714,Intel Xeon D-1714 Processor,4,4,,8,2.30 GHz,3.40 GHz,,,10 MB,38W,,10 nm,FCBGA2227,1,4.0,16,DDR4,,2667 MHz,256 GB,yes,,,,,,,2022-Q1,267,,https://ark.intel.com/,1,high,
Intel,cpu,,Xeon,Intel Xeon D Processor,datacenter,Ice Lake-D (D-17xx),,Xeon D-1715TER,Intel Xeon D-1715TER Processor,4,4,,8,2.40 GHz,3.50 GHz,,,10 MB,50W,,10 nm,FCBGA2227,1,4.0,16,DDR4,,2667 MHz,384 GB,yes,,,,,,,2022-Q1,352,,https://ark.intel.com/,1,high,
Intel,cpu,,Xeon,Intel Xeon D Processor,datacenter,Ice Lake-D (D-17xx),,Xeon D-1718T,Intel Xeon D-1718T Processor,4,4,,8,2.60 GHz,3.50 GHz,,,10 MB,46W,,10 nm,FCBGA2227,1,4.0,16,DDR4,,2933 MHz,256 GB,yes,,,,,,,2022-Q1,338,,https://ark.intel.com/,1,high,
Intel,cpu,,Xeon,Intel Xeon D Processor,datacenter,Ice Lake-D (D-17xx),,Xeon D-1722NE,Intel Xeon D-1722NE Processor,6,6,,12,1.70 GHz,2.70 GHz,,,10 MB,36W,,10 nm,FCBGA2227,1,4.0,16,DDR4,2,2400 MHz,256 GB,yes,,,,,,,2022-Q1,,,https://ark.intel.com/,1,high,
Intel,cpu,,Xeon,Intel Xeon D Processor,datacenter,Ice Lake-D (D-17xx),,Xeon D-1726,Intel Xeon D-1726 Processor,6,6,,12,2.90 GHz,3.50 GHz,,,10 MB,70W,,10 nm,FCBGA2227,1,4.0,16,DDR4,3,2933 MHz,384 GB,yes,,,,,,,2022-Q1,549,,https://ark.intel.com/,1,high,
Intel,cpu,,Xeon,Intel Xeon D Processor,datacenter,Ice Lake-D (D-17xx),,Xeon D-1731NTE,Intel Xeon D-1731NTE Processor,8,8,,16,1.70 GHz,2.80 GHz,,,15 MB,45W,,10 nm,FCBGA2227,1,4.0,16,DDR4,2,2400 MHz,256 GB,yes,,,,,,,2022-Q1,872,,https://ark.intel.com/,1,high,
Intel,cpu,,Xeon,Intel Xeon D Processor,datacenter,Ice Lake-D (D-17xx),,Xeon D-1732TE,Intel Xeon D-1732TE Processor,8,8,,16,1.90 GHz,3.00 GHz,,,15 MB,52W,,10 nm,FCBGA2227,1,4.0,16,DDR4,,2667 MHz,384 GB,yes,,,,,,,2022-Q1,818,,https://ark.intel.com/,1,high,
Intel,cpu,,Xeon,Intel Xeon D Processor,datacenter,Ice Lake-D (D-17xx),,Xeon D-1733NT,Intel Xeon D-1733NT Processor,8,8,,16,2.00 GHz,3.10 GHz,,,15 MB,53W,,10 nm,FCBGA2227,1,4.0,16,DDR4,2,2400 MHz,256 GB,yes,,,,,,,2022-Q1,887,,https://ark.intel.com/,1,high,
Intel,cpu,,Xeon,Intel Xeon D Processor,datacenter,Ice Lake-D (D-17xx),,Xeon D-1734NT,Intel Xeon D-1734NT Processor,8,8,,16,2.00 GHz,3.10 GHz,,,15 MB,50W,,10 nm,FCBGA2227,1,4.0,16,DDR4,2,2667 MHz,256 GB,yes,,,,,,,2022-Q1,846,,https://ark.intel.com/,1,high,
Intel,cpu,,Xeon,Intel Xeon D Processor,datacenter,Ice Lake-D (D-17xx),,Xeon D-1735TR,Intel Xeon D-1735TR Processor,8,8,,16,2.20 GHz,3.40 GHz,,,15 MB,59W,,10 nm,FCBGA2227,1,4.0,16,DDR4,,2933 MHz,384 GB,yes,,,,,,,2022-Q1,818,,https://ark.intel.com/,1,high,
Intel,cpu,,Xeon,Intel Xeon D Processor,datacenter,Ice Lake-D (D-17xx),,Xeon D-1736,Intel Xeon D-1736 Processor,8,8,,16,2.30 GHz,3.40 GHz,,,15 MB,55W,,10 nm,FCBGA2227,1,4.0,16,DDR4,,2933 MHz,256 GB,yes,,,,,,,2022-Q1,747,,https://ark.intel.com/,1,high,
Intel,cpu,,Xeon,Intel Xeon D Processor,datacenter,Ice Lake-D (D-17xx),,Xeon D-1736NT,Intel Xeon D-1736NT Processor,8,8,,16,2.70 GHz,3.50 GHz,,,15 MB,67W,,10 nm,FCBGA2227,1,4.0,16,DDR4,2,2667 MHz,256 GB,yes,,,,,,,2022-Q1,1128,,https://ark.intel.com/,1,high,
Intel,cpu,,Xeon,Intel Xeon D Processor,datacenter,Ice Lake-D (D-17xx),,Xeon D-1739,Intel Xeon D-1739 Processor,8,8,,16,3.00 GHz,3.50 GHz,,,15 MB,83W,,10 nm,FCBGA2227,1,4.0,16,DDR4,,2933 MHz,384 GB,yes,,,,,,,2022-Q1,915,,https://ark.intel.com/,1,high,
Intel,cpu,,Xeon,Intel Xeon D Processor,datacenter,Ice Lake-D (D-17xx),,Xeon D-1746TER,Intel Xeon D-1746TER Processor,10,10,,20,2.00 GHz,3.10 GHz,,,15 MB,67W,,10 nm,FCBGA2227,1,4.0,16,DDR4,3,2667 MHz,384 GB,yes,,,,,,,2022-Q1,1197,,https://ark.intel.com/,1,high,
Intel,cpu,,Xeon,Intel Xeon D Processor,datacenter,Ice Lake-D (D-17xx),,Xeon D-1747NTE,Intel Xeon D-1747NTE Processor,10,10,,20,2.50 GHz,3.50 GHz,,,15 MB,80W,,10 nm,FCBGA2227,1,4.0,16,DDR4,3,2933 MHz,384 GB,yes,,,,,,,2022-Q1,1478,,https://ark.intel.com/,1,high,
Intel,cpu,,Xeon,Intel Xeon D Processor,datacenter,Ice Lake-D (D-17xx),,Xeon D-1748TE,Intel Xeon D-1748TE Processor,10,10,,20,2.30 GHz,3.40 GHz,,,15 MB,65W,,10 nm,FCBGA2227,1,4.0,16,DDR4,2,2400 MHz,256 GB,yes,,,,,,,2022-Q1,1197,,https://ark.intel.com/,1,high,
Intel,cpu,,Xeon,Intel Xeon D Processor,datacenter,Ice Lake-D (D-17xx),,Xeon D-1749NT,Intel Xeon D-1749NT Processor,10,10,,20,3.00 GHz,3.50 GHz,,,15 MB,90W,,10 nm,FCBGA2227,1,4.0,16,DDR4,2,2667 MHz,256 GB,yes,,,,,,,2022-Q1,1409,,https://ark.intel.com/,1,high,
Intel,cpu,,Xeon,Intel Xeon D Processor,datacenter,Ice Lake-D (D-17xx),,Xeon D-1813NT,Intel Xeon D-1813NT Processor,4,4,,8,2.20 GHz,2.40 GHz,,,,42W,,,FCBGA2227,1,4.0,16,DDR4,2,2400 MHz,256 GB,yes,,,,,,,2023-Q4,352,,https://ark.intel.com/,1,high,
Intel,cpu,,Xeon,Intel Xeon D Processor,datacenter,Ice Lake-D (D-17xx),,Xeon D-1823NT,Intel Xeon D-1823NT Processor,6,6,,12,2.80 GHz,3.50 GHz,,,,55W,,,FCBGA2227,1,4.0,16,DDR4,2,2400 MHz,256 GB,yes,,,,,,,2023-Q4,488,,https://ark.intel.com/,1,high,
Intel,cpu,,Xeon,Intel Xeon D Processor,datacenter,Ice Lake-D (D-17xx),,Xeon D-1834,Intel Xeon D-1834 Processor,8,8,,16,1.80 GHz,2.90 GHz,,,,42W,,,FCBGA2227,1,4.0,16,DDR4,2,2667 MHz,256 GB,yes,,,,,,,2023-Q4,333,,https://ark.intel.com/,1,high,
Intel,cpu,,Xeon,Intel Xeon D Processor,datacenter,Ice Lake-D (D-17xx),,Xeon D-1844NT,Intel Xeon D-1844NT Processor,10,10,,20,2.00 GHz,3.10 GHz,,,,55W,,,FCBGA2227,1,4.0,16,DDR4,2,2667 MHz,256 GB,yes,,,,,,,2023-Q4,844,,https://ark.intel.com/,1,high,
Intel,cpu,,Xeon,Intel Xeon D Processor,datacenter,Ice Lake-D (D-17xx),,Xeon D-1846,Intel Xeon D-1846 Processor,10,10,,20,2.00 GHz,3.10 GHz,,,,55W,,,FCBGA2227,1,4.0,16,DDR4,2,2933 MHz,256 GB,yes,,,,,,,2023-Q4,747,,https://ark.intel.com/,1,high,
Intel,cpu,,Xeon,Intel Xeon D Processor,datacenter,Ice Lake-D (D-17xx),,Xeon D-1848TER,Intel Xeon D-1848TER Processor,10,10,,20,2.00 GHz,3.10 GHz,,,,57W,,,FCBGA2227,1,4.0,16,DDR4,2,2667 MHz,256 GB,yes,,,,,,,2023-Q4,1126,,https://ark.intel.com/,1,high,
Intel,cpu,,Xeon,Intel Xeon D Processor,datacenter,Skylake-D (D-21xx),,Xeon D-2123IT,Intel Xeon D-2123IT Processor,4,,,8,2.20 GHz,3.00 GHz,,,8 MB,60W,,14 nm,FCBGA2518,1,3.0,32,DDR4,4,2400 MHz,512 GB,yes,,,,,,,2018-Q1,273,,https://ark.intel.com/,1,high,
Intel,cpu,,Xeon,Intel Xeon D Processor,datacenter,Skylake-D (D-21xx),,Xeon D-2141I,Intel Xeon D-2141I Processor,8,,,16,2.20 GHz,3.00 GHz,,,11 MB,65W,,14 nm,FCBGA2518,1,3.0,32,DDR4,4,2133 MHz,512 GB,yes,,,,,,,2018-Q1,712,,https://ark.intel.com/,1,high,
Intel,cpu,,Xeon,Intel Xeon D Processor,datacenter,Skylake-D (D-21xx),,Xeon D-2142IT,Intel Xeon D-2142IT Processor,8,,,16,1.90 GHz,3.00 GHz,,,11 MB,65W,,14 nm,FCBGA2518,1,3.0,32,DDR4,4,2133 MHz,512 GB,yes,,,,,,,2018-Q1,561,,https://ark.intel.com/,1,high,
Intel,cpu,,Xeon,Intel Xeon D Processor,datacenter,Skylake-D (D-21xx),,Xeon D-2143IT,Intel Xeon D-2143IT Processor,8,,,16,2.20 GHz,3.00 GHz,,,11 MB,65W,,14 nm,FCBGA2518,1,3.0,32,DDR4,4,2133 MHz,512 GB,yes,,,,,,,2018-Q1,726,,https://ark.intel.com/,1,high,
Intel,cpu,,Xeon,Intel Xeon D Processor,datacenter,Skylake-D (D-21xx),,Xeon D-2145NT,Intel Xeon D-2145NT Processor,8,,,16,1.90 GHz,3.00 GHz,,,11 MB,65W,,14 nm,FCBGA2518,1,3.0,32,DDR4,4,2133 MHz,512 GB,yes,,,,,,,2018-Q1,644,,https://ark.intel.com/,1,high,
Intel,cpu,,Xeon,Intel Xeon D Processor,datacenter,Skylake-D (D-21xx),,Xeon D-2146NT,Intel Xeon D-2146NT Processor,8,,,16,2.30 GHz,3.00 GHz,,,11 MB,80W,,14 nm,FCBGA2518,1,3.0,32,DDR4,4,2133 MHz,512 GB,yes,,,,,,,2018-Q1,822,,https://ark.intel.com/,1,high,
Intel,cpu,,Xeon,Intel Xeon D Processor,datacenter,Skylake-D (D-21xx),,Xeon D-2161I,Intel Xeon D-2161I Processor,12,,,24,2.20 GHz,3.00 GHz,,,16.5 MB,90W,,14 nm,FCBGA2518,1,3.0,32,DDR4,4,2133 MHz,512 GB,yes,,,,,,,2018-Q1,1235,,https://ark.intel.com/,1,high,
Intel,cpu,,Xeon,Intel Xeon D Processor,datacenter,Skylake-D (D-21xx),,Xeon D-2163IT,Intel Xeon D-2163IT Processor,12,,,24,2.10 GHz,3.00 GHz,,,17 MB,75W,,14 nm,FCBGA2518,1,3.0,32,DDR4,4,2133 MHz,512 GB,yes,,,,,,,2018-Q1,1193,,https://ark.intel.com/,1,high,
Intel,cpu,,Xeon,Intel Xeon D Processor,datacenter,Skylake-D (D-21xx),,Xeon D-2166NT,Intel Xeon D-2166NT Processor,12,,,24,2.00 GHz,3.00 GHz,,,17 MB,85W,,14 nm,FCBGA2518,1,3.0,32,DDR4,4,2133 MHz,512 GB,yes,,,,,,,2018-Q1,1288,,https://ark.intel.com/,1,high,
Intel,cpu,,Xeon,Intel Xeon D Processor,datacenter,Skylake-D (D-21xx),,Xeon D-2173IT,Intel Xeon D-2173IT Processor,14,,,28,1.70 GHz,3.00 GHz,,,19 MB,70W,,14 nm,FCBGA2518,1,3.0,32,DDR4,4,2133 MHz,512 GB,yes,,,,,,,2018-Q1,1576,,https://ark.intel.com/,1,high,
Intel,cpu,,Xeon,Intel Xeon D Processor,datacenter,Skylake-D (D-21xx),,Xeon D-2177NT,Intel Xeon D-2177NT Processor,14,,,28,1.90 GHz,3.00 GHz,,,19 MB,105W,,14 nm,FCBGA2518,1,3.0,32,DDR4,4,2667 MHz,512 GB,yes,,,,,,,2018-Q1,1850,,https://ark.intel.com/,1,high,
Intel,cpu,,Xeon,Intel Xeon D Processor,datacenter,Skylake-D (D-21xx),,Xeon D-2183IT,Intel Xeon D-2183IT Processor,16,,,32,2.20 GHz,3.00 GHz,,,22 MB,100W,,14 nm,FCBGA2518,1,3.0,32,DDR4,4,2400 MHz,512 GB,yes,,,,,,,2018-Q1,2262,,https://ark.intel.com/,1,high,
Intel,cpu,,Xeon,Intel Xeon D Processor,datacenter,Skylake-D (D-21xx),,Xeon D-2187NT,Intel Xeon D-2187NT Processor,16,,,32,2.00 GHz,3.00 GHz,,,22 MB,110W,,14 nm,FCBGA2518,1,3.0,32,DDR4,4,2667 MHz,512 GB,yes,,,,,,,2018-Q1,2550,,https://ark.intel.com/,1,high,
Intel,cpu,,Xeon,Intel Xeon D Processor,datacenter,Ice Lake-D (D-27xx),,Xeon D-2712T,Intel Xeon D-2712T Processor,4,4,,8,1.90 GHz,3.00 GHz,,,15 MB,65W,,10 nm,FCBGA2579,1,4.0,32,DDR4,4,2667 MHz,1 TB,yes,,,,,,,2022-Q1,391,,https://ark.intel.com/,1,high,
Intel,cpu,,Xeon,Intel Xeon D Processor,datacenter,Ice Lake-D (D-27xx),,Xeon D-2733NT,Intel Xeon D-2733NT Processor,8,8,,16,2.10 GHz,3.20 GHz,,,15 MB,80W,,10 nm,FCBGA2579,1,4.0,32,DDR4,4,2667 MHz,1 TB,yes,,,,,,,2022-Q1,914,,https://ark.intel.com/,1,high,
Intel,cpu,,Xeon,Intel Xeon D Processor,datacenter,Ice Lake-D (D-27xx),,Xeon D-2738,Intel Xeon D-2738 Processor,8,8,,16,2.50 GHz,3.50 GHz,,,15 MB,88W,,10 nm,FCBGA2579,1,4.0,32,DDR4,4,2933 MHz,1 TB,yes,,,,,,,2022-Q1,784,,https://ark.intel.com/,1,high,
Intel,cpu,,Xeon,Intel Xeon D Processor,datacenter,Ice Lake-D (D-27xx),,Xeon D-2745NX,Intel Xeon D-2745NX Processor,10,10,,20,2.40 GHz,3.50 GHz,,,17.5 MB,96W,,10 nm,FCBGA2579,1,4.0,32,DDR4,4,2667 MHz,1 TB,yes,,,,,,,2022-Q3,1359,,https://ark.intel.com/,1,high,
Intel,cpu,,Xeon,Intel Xeon D Processor,datacenter,Ice Lake-D (D-27xx),,Xeon D-2752NTE,Intel Xeon D-2752NTE Processor,12,12,,24,1.90 GHz,3.00 GHz,,,20 MB,84W,,10 nm,FCBGA2579,1,4.0,32,DDR4,4,2667 MHz,1 TB,yes,,,,,,,2022-Q1,,,https://ark.intel.com/,1,high,
Intel,cpu,,Xeon,Intel Xeon D Processor,datacenter,Ice Lake-D (D-27xx),,Xeon D-2752TER,Intel Xeon D-2752TER Processor,12,12,,24,1.80 GHz,2.80 GHz,,,20 MB,77W,,10 nm,FCBGA2579,1,4.0,32,DDR4,4,2667 MHz,1 TB,yes,,,,,,,2022-Q1,1188,,https://ark.intel.com/,1,high,
Intel,cpu,,Xeon,Intel Xeon D Processor,datacenter,Ice Lake-D (D-27xx),,Xeon D-2753NT,Intel Xeon D-2753NT Processor,12,12,,24,2.00 GHz,3.10 GHz,,,20 MB,87W,,10 nm,FCBGA2579,1,4.0,32,DDR4,4,2667 MHz,1 TB,yes,,,,,,,2022-Q1,1229,,https://ark.intel.com/,1,high,
Intel,cpu,,Xeon,Intel Xeon D Processor,datacenter,Ice Lake-D (D-27xx),,Xeon D-2757NX,Intel Xeon D-2757NX Processor,12,12,,24,2.50 GHz,3.50 GHz,,,20 MB,107W,,10 nm,FCBGA2579,1,4.0,32,DDR4,4,2667 MHz,1 TB,yes,,,,,,,2022-Q3,,,https://ark.intel.com/,1,high,
Intel,cpu,,Xeon,Intel Xeon D Processor,datacenter,Ice Lake-D (D-27xx),,Xeon D-2766NT,Intel Xeon D-2766NT Processor,14,14,,28,2.00 GHz,3.10 GHz,,,20 MB,97W,,10 nm,FCBGA2579,1,4.0,32,DDR4,4,2667 MHz,1 TB,yes,,,,,,,2022-Q1,,,https://ark.intel.com/,1,high,
Intel,cpu,,Xeon,Intel Xeon D Processor,datacenter,Ice Lake-D (D-27xx),,Xeon D-2775TE,Intel Xeon D-2775TE Processor,16,16,,32,2.00 GHz,3.10 GHz,,,25 MB,100W,,10 nm,FCBGA2579,1,4.0,32,DDR4,4,2933 MHz,1 TB,yes,,,,,,,2022-Q1,1961,,https://ark.intel.com/,1,high,
Intel,cpu,,Xeon,Intel Xeon D Processor,datacenter,Ice Lake-D (D-27xx),,Xeon D-2776NT,Intel Xeon D-2776NT Processor,16,16,,32,2.10 GHz,3.20 GHz,,,25 MB,117W,,10 nm,FCBGA2579,1,4.0,32,DDR4,4,2933 MHz,1 TB,yes,,,,,,,2022-Q1,1961,,https://ark.intel.com/,1,high,
Intel,cpu,,Xeon,Intel Xeon D Processor,datacenter,Ice Lake-D (D-27xx),,Xeon D-2777NX,Intel Xeon D-2777NX Processor,16,16,,32,2.20 GHz,3.30 GHz,,,25 MB,116W,,10 nm,FCBGA2579,1,4.0,32,DDR4,4,2667 MHz,1 TB,yes,,,,,,,2022-Q3,2353,,https://ark.intel.com/,1,high,
Intel,cpu,,Xeon,Intel Xeon D Processor,datacenter,Ice Lake-D (D-27xx),,Xeon D-2779,Intel Xeon D-2779 Processor,16,16,,32,2.50 GHz,3.40 GHz,,,25 MB,126W,,10 nm,FCBGA2579,1,4.0,32,DDR4,4,3200 MHz,1 TB,yes,,,,,,,2022-Q1,1712,,https://ark.intel.com/,1,high,
Intel,cpu,,Xeon,Intel Xeon D Processor,datacenter,Ice Lake-D (D-27xx),,Xeon D-2786NTE,Intel Xeon D-2786NTE Processor,18,18,,36,2.10 GHz,3.10 GHz,,,27.5 MB,118W,,10 nm,FCBGA2579,1,4.0,32,DDR4,4,2933 MHz,1 TB,yes,,,,,,,2022-Q1,2353,,https://ark.intel.com/,1,high,
Intel,cpu,,Xeon,Intel Xeon D Processor,datacenter,Ice Lake-D (D-27xx),,Xeon D-2795NT,Intel Xeon D-2795NT Processor,20,20,,40,2.00 GHz,3.10 GHz,,,30 MB,110W,,10 nm,FCBGA2579,1,4.0,32,DDR4,4,2933 MHz,1 TB,yes,,,,,,,2022-Q1,2495,,https://ark.intel.com/,1,high,
Intel,cpu,,Xeon,Intel Xeon D Processor,datacenter,Ice Lake-D (D-27xx),,Xeon D-2796NT,Intel Xeon D-2796NT Processor,20,20,,40,2.00 GHz,3.10 GHz,,,30 MB,120W,,10 nm,FCBGA2579,1,4.0,32,DDR4,4,2933 MHz,1 TB,yes,,,,,,,2022-Q1,2379,,https://ark.intel.com/,1,high,
Intel,cpu,,Xeon,Intel Xeon D Processor,datacenter,Ice Lake-D (D-27xx),,Xeon D-2796TE,Intel Xeon D-2796TE Processor,20,20,,40,2.00 GHz,3.10 GHz,,,30 MB,118W,,10 nm,FCBGA2579,1,4.0,32,DDR4,4,2933 MHz,1 TB,yes,,,,,,,2022-Q1,2353,,https://ark.intel.com/,1,high,
Intel,cpu,,Xeon,Intel Xeon D Processor,datacenter,Ice Lake-D (D-27xx),,Xeon D-2798NT,Intel Xeon D-2798NT Processor,20,20,,40,2.10 GHz,3.10 GHz,,,30 MB,125W,,10 nm,FCBGA2579,1,4.0,32,DDR4,4,3200 MHz,1 TB,yes,,,,,,,2022-Q1,2418,,https://ark.intel.com/,1,high,
Intel,cpu,,Xeon,Intel Xeon D Processor,datacenter,Ice Lake-D (D-27xx),,Xeon D-2798NX,Intel Xeon D-2798NX Processor,20,20,,40,2.10 GHz,3.10 GHz,,,30 MB,126W,,10 nm,FCBGA2579,1,4.0,32,DDR4,4,2933 MHz,1 TB,yes,,,,,,,2022-Q3,2720,,https://ark.intel.com/,1,high,
Intel,cpu,,Xeon,Intel Xeon D Processor,datacenter,Ice Lake-D (D-27xx),,Xeon D-2799,Intel Xeon D-2799 Processor,20,20,,40,2.40 GHz,3.40 GHz,,,30 MB,129W,,10 nm,FCBGA2579,1,4.0,32,DDR4,4,3200 MHz,1 TB,yes,,,,,,,2022-Q1,2209,,https://ark.intel.com/,1,high,
Intel,cpu,,Xeon,Intel Xeon D Processor,datacenter,Ice Lake-D (D-27xx),,Xeon D-2832NT,Intel Xeon D-2832NT Processor,8,,,16,2.10 GHz,3.20 GHz,,,15 MB,70W,,,FCBGA2579,1,4.0,32,DDR4,4,2667 MHz,1 TB,yes,,,,,,,2023-Q4,732,,https://ark.intel.com/,1,high,
Intel,cpu,,Xeon,Intel Xeon E Processor,datacenter,Coffee Lake-E (E-21xx),,Xeon E-2124,Intel Xeon E-2124 Processor,4,,,4,3.30 GHz,4.30 GHz,4.30 GHz,,8 MB,71W,,14 nm,FCLGA1151,1,3.0,16,DDR4-2666,2,,128 GB,yes,,,,,,,2018-Q3,1858,,https://ark.intel.com/,1,high,Discontinued
Intel,cpu,,Xeon,Intel Xeon E Processor,datacenter,Coffee Lake-E (E-21xx),,Xeon E-2124G,Intel Xeon E-2124G Processor,4,,,4,3.40 GHz,4.50 GHz,4.50 GHz,,8 MB,71W,,14 nm,FCLGA1151,1,3.0,16,DDR4-2666,2,,128 GB,yes,,,Intel UHD Graphics P630,,1.15 GHz,,2018-Q3,245,,https://ark.intel.com/,1,high,
Intel,cpu,,Xeon,Intel Xeon E Processor,datacenter,Coffee Lake-E (E-21xx),,Xeon E-2126G,Intel Xeon E-2126G Processor,6,,,6,3.30 GHz,4.50 GHz,4.50 GHz,,12 MB,80W,,14 nm,FCLGA1151,1,3.0,16,DDR4-2666,2,,128 GB,yes,,,Intel UHD Graphics P630,,1.15 GHz,,2018-Q3,286,,https://ark.intel.com/,1,high,Discontinued
Intel,cpu,,Xeon,Intel Xeon E Processor,datacenter,Coffee Lake-E (E-21xx),,Xeon E-2134,Intel Xeon E-2134 Processor,4,,,8,3.50 GHz,4.50 GHz,4.50 GHz,,8 MB,71W,,14 nm,FCLGA1151,1,3.0,16,DDR4-2666,2,,128 GB,yes,,,,,,,2018-Q3,1176,,https://ark.intel.com/,1,high,Discontinued
Intel,cpu,,Xeon,Intel Xeon E Processor,datacenter,Coffee Lake-E (E-21xx),,Xeon E-2136,Intel Xeon E-2136 Processor,6,,,12,3.30 GHz,4.50 GHz,4.50 GHz,,12 MB,80W,,14 nm,FCLGA1151,1,3.0,16,DDR4-2666,2,,128 GB,yes,,,,,,,2018-Q3,319,,https://ark.intel.com/,1,high,Discontinued
Intel,cpu,,Xeon,Intel Xeon E Processor,datacenter,Coffee Lake-E (E-21xx),,Xeon E-2144G,Intel Xeon E-2144G Processor,4,,,8,3.60 GHz,4.50 GHz,4.50 GHz,,8 MB,71W,,14 nm,FCLGA1151,1,3.0,16,DDR4-2666,2,,128 GB,yes,,,Intel UHD Graphics P630,,1.15 GHz,,2018-Q3,6478,,https://ark.intel.com/,1,high,Discontinued
Intel,cpu,,Xeon,Intel Xeon E Processor,datacenter,Coffee Lake-E (E-21xx),,Xeon E-2146G,Intel Xeon E-2146G Processor,6,,,12,3.50 GHz,4.50 GHz,4.50 GHz,,12 MB,80W,,14 nm,FCLGA1151,1,3.0,16,DDR4-2666,2,,128 GB,yes,,,Intel UHD Graphics P630,,1.15 GHz,,2018-Q3,2573,,https://ark.intel.com/,1,high,Discontinued
Intel,cpu,,Xeon,Intel Xeon E Processor,datacenter,Coffee Lake-E (E-21xx),,Xeon E-2174G,Intel Xeon E-2174G Processor,4,,,8,3.80 GHz,4.70 GHz,4.70 GHz,,8 MB,71W,,14 nm,FCLGA1151,1,3.0,16,DDR4-2666,2,,128 GB,yes,,,Intel UHD Graphics P630,,1.20 GHz,,2018-Q3,370,,https://ark.intel.com/,1,high,Discontinued
Intel,cpu,,Xeon,Intel Xeon E Processor,datacenter,Coffee Lake-E (E-21xx),,Xeon E-2176G,Intel Xeon E-2176G Processor,6,,,12,3.70 GHz,4.70 GHz,4.70 GHz,,12 MB,80W,,14 nm,FCLGA1151,1,3.0,16,DDR4-2666,2,,128 GB,yes,,,Intel UHD Graphics P630,,1.20 GHz,,2017-Q4,406,,https://ark.intel.com/,1,high,
Intel,cpu,,Xeon,Intel Xeon E Processor,datacenter,Coffee Lake-E (E-21xx),,Xeon E-2186G,Intel Xeon E-2186G Processor,6,,,12,3.80 GHz,4.70 GHz,4.70 GHz,,12 MB,95W,,14 nm,FCLGA1151,1,3.0,16,DDR4-2666,2,,128 GB,yes,,,Intel UHD Graphics P630,,1.20 GHz,,2018-Q3,506,,https://ark.intel.com/,1,high,Discontinued
Intel,cpu,,Xeon,Intel Xeon E Processor,datacenter,Coffee Lake-E (E-21xx),,Xeon E-2224,Intel Xeon E-2224 Processor,4,,,4,3.40 GHz,4.60 GHz,4.60 GHz,,8 MB,71W,,14 nm,FCLGA1151,1,3.0,16,DDR4-2666,2,,128 GB,yes,,,,,,,2019-Q2,217,,https://ark.intel.com/,1,high,Discontinued
Intel,cpu,,Xeon,Intel Xeon E Processor,datacenter,Coffee Lake-E (E-21xx),,Xeon E-2224G,Intel Xeon E-2224G Processor,4,,,4,3.50 GHz,4.70 GHz,4.70 GHz,,8 MB,71W,,14 nm,FCLGA1151,1,3.0,16,DDR4-2666,2,,128 GB,yes,,,Intel UHD Graphics P630,,1.20 GHz,,2019-Q2,,,https://ark.intel.com/,1,high,Discontinued
Intel,cpu,,Xeon,Intel Xeon E Processor,datacenter,Coffee Lake-E (E-21xx),,Xeon E-2226G,Intel Xeon E-2226G Processor,6,,,6,3.40 GHz,4.70 GHz,4.70 GHz,,12 MB,80W,,14 nm,FCLGA1151,1,3.0,16,DDR4-2666,2,,128 GB,yes,,,Intel UHD Graphics P630,,1.20 GHz,,2019-Q2,286,,https://ark.intel.com/,1,high,Discontinued
Intel,cpu,,Xeon,Intel Xeon E Processor,datacenter,Coffee Lake-E (E-21xx),,Xeon E-2234,Intel Xeon E-2234 Processor,4,,,8,3.60 GHz,4.80 GHz,4.80 GHz,,8 MB,71W,,14 nm,FCLGA1151,1,3.0,16,DDR4-2666,2,,128 GB,yes,,,,,,,2019-Q2,1850,,https://ark.intel.com/,1,high,Discontinued
Intel,cpu,,Xeon,Intel Xeon E Processor,datacenter,Coffee Lake-E (E-21xx),,Xeon E-2236,Intel Xeon E-2236 Processor,6,,,12,3.40 GHz,4.80 GHz,4.80 GHz,,12 MB,80W,,14 nm,FCLGA1151,1,3.0,16,DDR4-2666,2,,128 GB,yes,,,,,,,2019-Q2,319,,https://ark.intel.com/,1,high,Discontinued
Intel,cpu,,Xeon,Intel Xeon E Processor,datacenter,Coffee Lake-E (E-21xx),,Xeon E-2244G,Intel Xeon E-2244G Processor,4,,,8,3.80 GHz,4.80 GHz,4.80 GHz,,8 MB,71W,,14 nm,FCLGA1151,1,3.0,16,DDR4-2666,2,,128 GB,yes,,,Intel UHD Graphics P630,,1.20 GHz,,2019-Q2,306,,https://ark.intel.com/,1,high,Discontinued
Intel,cpu,,Xeon,Intel Xeon E Processor,datacenter,Coffee Lake-E (E-21xx),,Xeon E-2246G,Intel Xeon E-2246G Processor,6,,,12,3.60 GHz,4.80 GHz,4.80 GHz,,12 MB,80W,,14 nm,FCLGA1151,1,3.0,16,DDR4-2666,2,,128 GB,yes,,,Intel UHD Graphics P630,,1.20 GHz,,2019-Q2,350,,https://ark.intel.com/,1,high,Discontinued
Intel,cpu,,Xeon,Intel Xeon E Processor,datacenter,Coffee Lake-E (E-21xx),,Xeon E-2274G,Intel Xeon E-2274G Processor,4,,,8,4.00 GHz,4.90 GHz,4.90 GHz,,8 MB,83W,,14 nm,FCLGA1151,1,3.0,16,DDR4-2666,2,,128 GB,yes,,,Intel UHD Graphics P630,,1.20 GHz,,2019-Q2,370,,https://ark.intel.com/,1,high,Discontinued
Intel,cpu,,Xeon,Intel Xeon E Processor,datacenter,Coffee Lake-E (E-21xx),,Xeon E-2276G,Intel Xeon E-2276G Processor,6,,,12,3.80 GHz,4.90 GHz,4.90 GHz,,12 MB,80W,,14 nm,FCLGA1151,1,3.0,16,DDR4-2666,2,,128 GB,yes,,,Intel UHD Graphics P630,,1.20 GHz,,2019-Q2,1495,,https://ark.intel.com/,1,high,Discontinued
Intel,cpu,,Xeon,Intel Xeon E Processor,datacenter,Coffee Lake-E (E-21xx),,Xeon E-2278G,Intel Xeon E-2278G Processor,8,,,16,3.40 GHz,5.00 GHz,5.00 GHz,,16 MB,80W,,14 nm,FCLGA1151,1,3.0,16,DDR4-2666,2,,128 GB,yes,,,Intel UHD Graphics P630,,1.20 GHz,,2019-Q2,494,,https://ark.intel.com/,1,high,Discontinued
Intel,cpu,,Xeon,Intel Xeon E Processor,datacenter,Coffee Lake-E (E-21xx),,Xeon E-2286G,Intel Xeon E-2286G Processor,6,,,12,4.00 GHz,4.90 GHz,4.90 GHz,,12 MB,95W,,14 nm,FCLGA1151,1,3.0,16,DDR4-2666,2,,128 GB,yes,,,Intel UHD Graphics P630,,1.20 GHz,,2019-Q2,1508,,https://ark.intel.com/,1,high,Discontinued
Intel,cpu,,Xeon,Intel Xeon E Processor,datacenter,Coffee Lake-E (E-21xx),,Xeon E-2288G,Intel Xeon E-2288G Processor,8,,,16,3.70 GHz,5.00 GHz,5.00 GHz,,16 MB,95W,,14 nm,FCLGA1151,1,3.0,16,DDR4-2666,2,,128 GB,yes,,,Intel UHD Graphics P630,,1.20 GHz,,2019-Q2,539,,https://ark.intel.com/,1,high,Discontinued
Intel,cpu,,Xeon,Intel Xeon E Processor,datacenter,Rocket Lake-E (E-23xx),,Xeon E-2314,Intel Xeon E-2314 Processor,4,,,4,2.80 GHz,4.50 GHz,4.50 GHz,,8 MB,65W,,14 nm,FCLGA1200,1,4.0,20,DDR4-3200,2,,128 GB,yes,,,,,,,2021-Q3,228,,https://ark.intel.com/,1,high,
Intel,cpu,,Xeon,Intel Xeon E Processor,datacenter,Rocket Lake-E (E-23xx),,Xeon E-2324G,Intel Xeon E-2324G Processor,4,,,4,3.10 GHz,4.60 GHz,4.60 GHz,,8 MB,65W,,14 nm,FCLGA1200,1,4.0,20,DDR4-3200,2,,128 GB,yes,,,Intel UHD Graphics P750,,1.30 GHz,,2021-Q3,273,,https://ark.intel.com/,1,high,
Intel,cpu,,Xeon,Intel Xeon E Processor,datacenter,Rocket Lake-E (E-23xx),,Xeon E-2334,Intel Xeon E-2334 Processor,4,,,8,3.40 GHz,4.80 GHz,4.80 GHz,,8 MB,65W,,14 nm,FCLGA1200,1,4.0,20,DDR4-3200,2,,128 GB,yes,,,,,,,2021-Q3,315,,https://ark.intel.com/,1,high,
Intel,cpu,,Xeon,Intel Xeon E Processor,datacenter,Rocket Lake-E (E-23xx),,Xeon E-2336,Intel Xeon E-2336 Processor,6,,,12,2.90 GHz,4.80 GHz,4.80 GHz,,12 MB,65W,,14 nm,FCLGA1200,1,4.0,20,DDR4-3200,2,,128 GB,yes,,,,,,,2021-Q3,357,,https://ark.intel.com/,1,high,
Intel,cpu,,Xeon,Intel Xeon E Processor,datacenter,Rocket Lake-E (E-23xx),,Xeon E-2356G,Intel Xeon E-2356G Processor,6,,,12,3.20 GHz,5.00 GHz,5.00 GHz,,12 MB,80W,,14 nm,FCLGA1200,1,4.0,20,DDR4-3200,2,,128 GB,yes,,,Intel UHD Graphics P750,,1.30 GHz,,2021-Q3,392,,https://ark.intel.com/,1,high,
Intel,cpu,,Xeon,Intel Xeon E Processor,datacenter,Rocket Lake-E (E-23xx),,Xeon E-2374G,Intel Xeon E-2374G Processor,4,,,8,3.70 GHz,5.00 GHz,5.00 GHz,,8 MB,80W,,14 nm,FCLGA1200,1,4.0,20,DDR4-3200,2,,128 GB,yes,,,Intel UHD Graphics P750,,1.30 GHz,,2021-Q3,420,,https://ark.intel.com/,1,high,
Intel,cpu,,Xeon,Intel Xeon E Processor,datacenter,Rocket Lake-E (E-23xx),,Xeon E-2378,Intel Xeon E-2378 Processor,8,,,16,2.60 GHz,4.80 GHz,4.80 GHz,,16 MB,65W,,14 nm,FCLGA1200,1,4.0,20,DDR4-3200,2,,128 GB,yes,,,,,,,2021-Q3,455,,https://ark.intel.com/,1,high,
Intel,cpu,,Xeon,Intel Xeon E Processor,datacenter,Rocket Lake-E (E-23xx),,Xeon E-2378G,Intel Xeon E-2378G Processor,8,,,16,2.80 GHz,5.10 GHz,5.10 GHz,,16 MB,80W,,14 nm,FCLGA1200,1,4.0,20,DDR4-3200,2,,128 GB,yes,,,Intel UHD Graphics P750,,1.30 GHz,,2021-Q3,623,,https://ark.intel.com/,1,high,
Intel,cpu,,Xeon,Intel Xeon E Processor,datacenter,Rocket Lake-E (E-23xx),,Xeon E-2386G,Intel Xeon E-2386G Processor,6,,,12,3.50 GHz,5.10 GHz,5.10 GHz,,12 MB,95W,,14 nm,FCLGA1200,1,4.0,20,DDR4-3200,2,,128 GB,yes,,,Intel UHD Graphics P750,,1.30 GHz,,2021-Q3,567,,https://ark.intel.com/,1,high,
Intel,cpu,,Xeon,Intel Xeon E Processor,datacenter,Rocket Lake-E (E-23xx),,Xeon E-2388G,Intel Xeon E-2388G Processor,8,,,16,3.20 GHz,5.10 GHz,5.10 GHz,,16 MB,95W,,14 nm,FCLGA1200,1,4.0,20,DDR4-3200,2,,128 GB,yes,,,Intel UHD Graphics P750,,1.30 GHz,,2021-Q3,679,,https://ark.intel.com/,1,high,
Intel,cpu,,Xeon,Intel Xeon Scalable Processors,datacenter,Skylake-SP,,Xeon Bronze 3104,Intel Xeon Bronze 3104 Processor,6,,,6,1.70 GHz,,,,8.25 MB,85W,,14 nm,FCLGA3647,2,3.0,48,DDR4-2133,6,2133 MHz,768 GB,yes,,2,,,,,2017-Q3,213,,https://ark.intel.com/,1,high,Discontinued
Intel,cpu,,Xeon,Intel Xeon Scalable Processors,datacenter,Skylake-SP,,Xeon Bronze 3106,Intel Xeon Bronze 3106 Processor,8,,,8,1.70 GHz,,,,11 MB,85W,,14 nm,FCLGA3647,2,3.0,48,DDR4-2133,6,2133 MHz,768 GB,yes,,2,,,,,2017-Q3,306,,https://ark.intel.com/,1,high,
Intel,cpu,,Xeon,Intel Xeon Scalable Processors,datacenter,Skylake-SP,,Xeon Gold 5115,Intel Xeon Gold 5115 Processor,10,,,20,2.40 GHz,3.20 GHz,,,13.75 MB,85W,,14 nm,FCLGA3647,4,3.0,48,DDR4-2400,6,2400 MHz,768 GB,yes,,2,,,,,2017-Q3,1221,,https://ark.intel.com/,1,high,Discontinued
Intel,cpu,,Xeon,Intel Xeon Scalable Processors,datacenter,Skylake-SP,,Xeon Gold 5118,Intel Xeon Gold 5118 Processor,12,,,24,2.30 GHz,3.20 GHz,,,16.5 MB,105W,,14 nm,FCLGA3647,4,3.0,48,DDR4-2400,6,2400 MHz,768 GB,yes,,2,,,,,2017-Q3,1273,,https://ark.intel.com/,1,high,
Intel,cpu,,Xeon,Intel Xeon Scalable Processors,datacenter,Skylake-SP,,Xeon Gold 5119T,Intel Xeon Gold 5119T Processor,14,,,28,1.90 GHz,3.20 GHz,,,19.25 MB,85W,,14 nm,FCLGA3647,4,3.0,48,DDR4-2400,6,2400 MHz,768 GB,yes,,2,,,,,2017-Q3,1555,,https://ark.intel.com/,1,high,
Intel,cpu,,Xeon,Intel Xeon Scalable Processors,datacenter,Skylake-SP,,Xeon Gold 5120,Intel Xeon Gold 5120 Processor,14,,,28,2.20 GHz,3.20 GHz,,,19.25 MB,105W,,14 nm,FCLGA3647,4,3.0,48,DDR4-2400,6,2400 MHz,768 GB,yes,,2,,,,,2017-Q3,1555,,https://ark.intel.com/,1,high,Discontinued
Intel,cpu,,Xeon,Intel Xeon Scalable Processors,datacenter,Skylake-SP,,Xeon Gold 5120T,Intel Xeon Gold 5120T Processor,14,,,28,2.20 GHz,3.20 GHz,,,19.25 MB,105W,,14 nm,FCLGA3647,4,3.0,48,DDR4-2400,6,2400 MHz,768 GB,yes,,2,,,,,2017-Q3,1727,,https://ark.intel.com/,1,high,
Intel,cpu,,Xeon,Intel Xeon Scalable Processors,datacenter,Skylake-SP,,Xeon Gold 5122,Intel Xeon Gold 5122 Processor,4,,,8,3.60 GHz,3.70 GHz,,,16.5 MB,105W,,14 nm,FCLGA3647,4,3.0,48,DDR4-2666,6,2666 MHz,768 GB,yes,,2,,,,,2017-Q3,1221,,https://ark.intel.com/,1,high,Discontinued
Intel,cpu,,Xeon,Intel Xeon Scalable Processors,datacenter,Skylake-SP,,Xeon Gold 6126,Intel Xeon Gold 6126 Processor,12,,,24,2.60 GHz,3.70 GHz,,,19.25 MB,125W,,14 nm,FCLGA3647,4,3.0,48,DDR4-2666,6,2666 MHz,768 GB,yes,,3,,,,,2017-Q3,1776,,https://ark.intel.com/,1,high,
Intel,cpu,,Xeon,Intel Xeon Scalable Processors,datacenter,Skylake-SP,,Xeon Gold 6126F,Intel Xeon Gold 6126F Processor,12,,,24,2.60 GHz,3.70 GHz,,,19.25 MB,135W,,14 nm,FCLGA3647,2,3.0,48,DDR4-2666,6,2666 MHz,768 GB,yes,,2,,,,,2017-Q3,1931,,https://ark.intel.com/,1,high,Discontinued
Intel,cpu,,Xeon,Intel Xeon Scalable Processors,datacenter,Skylake-SP,,Xeon Gold 6126T,Intel Xeon Gold 6126T Processor,12,,,24,2.60 GHz,3.70 GHz,,,19.25 MB,125W,,14 nm,FCLGA3647,4,3.0,48,DDR4-2666,6,2666 MHz,768 GB,yes,,3,,,,,2017-Q3,1865,,https://ark.intel.com/,1,high,
Intel,cpu,,Xeon,Intel Xeon Scalable Processors,datacenter,Skylake-SP,,Xeon Gold 6128,Intel Xeon Gold 6128 Processor,6,,,12,3.40 GHz,3.70 GHz,,,19.25 MB,115W,,14 nm,FCLGA3647,4,3.0,48,DDR4-2666,6,2666 MHz,768 GB,yes,,3,,,,,2017-Q3,1691,,https://ark.intel.com/,1,high,Discontinued
Intel,cpu,,Xeon,Intel Xeon Scalable Processors,datacenter,Skylake-SP,,Xeon Gold 6130,Intel Xeon Gold 6130 Processor,16,,,32,2.10 GHz,3.70 GHz,,,22 MB,125W,,14 nm,FCLGA3647,4,3.0,48,DDR4-2666,6,2666 MHz,768 GB,yes,,3,,,,,2017-Q3,1894,,https://ark.intel.com/,1,high,
Intel,cpu,,Xeon,Intel Xeon Scalable Processors,datacenter,Skylake-SP,,Xeon Gold 6130F,Intel Xeon Gold 6130F Processor,16,,,32,2.10 GHz,3.70 GHz,,,22 MB,135W,,14 nm,FCLGA3647,2,3.0,48,DDR4-2666,6,2666 MHz,768 GB,yes,,2,,,,,2017-Q3,2049,,https://ark.intel.com/,1,high,Discontinued
Intel,cpu,,Xeon,Intel Xeon Scalable Processors,datacenter,Skylake-SP,,Xeon Gold 6130T,Intel Xeon Gold 6130T Processor,16,,,32,2.10 GHz,3.70 GHz,,,22 MB,125W,,14 nm,FCLGA3647,4,3.0,48,DDR4-2666,6,2666 MHz,768 GB,yes,,3,,,,,2017-Q3,1988,,https://ark.intel.com/,1,high,
Intel,cpu,,Xeon,Intel Xeon Scalable Processors,datacenter,Skylake-SP,,Xeon Gold 6132,Intel Xeon Gold 6132 Processor,14,,,28,2.60 GHz,3.70 GHz,,,19.25 MB,140W,,14 nm,FCLGA3647,4,3.0,48,DDR4-2666,6,2666 MHz,768 GB,yes,,3,,,,,2017-Q3,2111,,https://ark.intel.com/,1,high,Discontinued
Intel,cpu,,Xeon,Intel Xeon Scalable Processors,datacenter,Skylake-SP,,Xeon Gold 6134,Intel Xeon Gold 6134 Processor,8,,,16,3.20 GHz,3.70 GHz,,,24.75 MB,130W,,14 nm,FCLGA3647,4,3.0,48,DDR4-2666,6,2666 MHz,768 GB,yes,,3,,,,,2017-Q3,2214,,https://ark.intel.com/,1,high,Discontinued
Intel,cpu,,Xeon,Intel Xeon Scalable Processors,datacenter,Skylake-SP,,Xeon Gold 6136,Intel Xeon Gold 6136 Processor,12,,,24,3.00 GHz,3.70 GHz,,,24.75 MB,150W,,14 nm,FCLGA3647,4,3.0,48,DDR4-2666,6,2666 MHz,768 GB,yes,,3,,,,,2017-Q3,2460,,https://ark.intel.com/,1,high,Discontinued
Intel,cpu,,Xeon,Intel Xeon Scalable Processors,datacenter,Skylake-SP,,Xeon Gold 6138,Intel Xeon Gold 6138 Processor,20,,,40,2.00 GHz,3.70 GHz,,,27.5 MB,125W,,14 nm,FCLGA3647,4,3.0,48,DDR4-2666,6,2666 MHz,768 GB,yes,,3,,,,,2017-Q3,2612,,https://ark.intel.com/,1,high,
Intel,cpu,,Xeon,Intel Xeon Scalable Processors,datacenter,Skylake-SP,,Xeon Gold 6138F,Intel Xeon Gold 6138F Processor,20,,,40,2.00 GHz,3.70 GHz,,,27.5 MB,135W,,14 nm,FCLGA3647,2,3.0,48,DDR4-2666,6,2666 MHz,768 GB,yes,,2,,,,,2017-Q3,2767,,https://ark.intel.com/,1,high,Discontinued
Intel,cpu,,Xeon,Intel Xeon Scalable Processors,datacenter,Skylake-SP,,Xeon Gold 6138P,Intel Xeon Gold 6138P Processor,20,,,40,2.00 GHz,3.70 GHz,,,27.5 MB,195W,,14 nm,FCLGA3647,2,3.0,48,DDR4-2666,6,2666 MHz,768 GB,yes,,3,,,,,2018-Q2,12314,,https://ark.intel.com/,1,high,Discontinued
Intel,cpu,,Xeon,Intel Xeon Scalable Processors,datacenter,Skylake-SP,,Xeon Gold 6138T,Intel Xeon Gold 6138T Processor,20,,,40,2.00 GHz,3.70 GHz,,,27.5 MB,125W,,14 nm,FCLGA3647,4,3.0,48,DDR4-2666,6,2666 MHz,768 GB,yes,,3,,,,,2017-Q3,2742,,https://ark.intel.com/,1,high,
Intel,cpu,,Xeon,Intel Xeon Scalable Processors,datacenter,Skylake-SP,,Xeon Gold 6140,Intel Xeon Gold 6140 Processor,18,,,36,2.30 GHz,3.70 GHz,,,24.75 MB,140W,,14 nm,FCLGA3647,4,3.0,48,DDR4-2666,6,2666 MHz,768 GB,yes,,3,,,,,2017-Q3,2445,,https://ark.intel.com/,1,high,Discontinued
Intel,cpu,,Xeon,Intel Xeon Scalable Processors,datacenter,Skylake-SP,,Xeon Gold 6142,Intel Xeon Gold 6142 Processor,16,,,32,2.60 GHz,3.70 GHz,,,22 MB,150W,,14 nm,FCLGA3647,4,3.0,48,DDR4-2666,6,2666 MHz,768 GB,yes,,3,,,,,2017-Q3,2946,,https://ark.intel.com/,1,high,Discontinued
Intel,cpu,,Xeon,Intel Xeon Scalable Processors,datacenter,Skylake-SP,,Xeon Gold 6142F,Intel Xeon Gold 6142F Processor,16,,,32,2.60 GHz,3.70 GHz,,,22 MB,160W,,14 nm,FCLGA3647,2,3.0,48,DDR4-2666,6,2666 MHz,768 GB,yes,,2,,,,,2017-Q3,3101,,https://ark.intel.com/,1,high,Discontinued
Intel,cpu,,Xeon,Intel Xeon Scalable Processors,datacenter,Skylake-SP,,Xeon Gold 6144,Intel Xeon Gold 6144 Processor,8,,,16,3.50 GHz,4.20 GHz,,,24.75 MB,150W,,14 nm,FCLGA3647,4,3.0,48,DDR4-2666,6,2666 MHz,768 GB,yes,,3,,,,,2017-Q3,2925,,https://ark.intel.com/,1,high,Discontinued
Intel,cpu,,Xeon,Intel Xeon Scalable Processors,datacenter,Skylake-SP,,Xeon Gold 6146,Intel Xeon Gold 6146 Processor,12,,,24,3.20 GHz,4.20 GHz,,,24.75 MB,165W,,14 nm,FCLGA3647,4,3.0,48,DDR4-2666,6,2666 MHz,768 GB,yes,,3,,,,,2017-Q3,3286,,https://ark.intel.com/,1,high,Discontinued
Intel,cpu,,Xeon,Intel Xeon Scalable Processors,datacenter,Skylake-SP,,Xeon Gold 6148,Intel Xeon Gold 6148 Processor,20,,,40,2.40 GHz,3.70 GHz,,,27.5 MB,150W,,14 nm,FCLGA3647,4,3.0,48,DDR4-2666,6,2666 MHz,768 GB,yes,,3,,,,,2017-Q3,3072,,https://ark.intel.com/,1,high,Discontinued
Intel,cpu,,Xeon,Intel Xeon Scalable Processors,datacenter,Skylake-SP,,Xeon Gold 6148F,Intel Xeon Gold 6148F Processor,20,,,40,2.40 GHz,3.70 GHz,,,27.5 MB,160W,,14 nm,FCLGA3647,2,3.0,48,DDR4-2666,6,2666 MHz,768 GB,yes,,2,,,,,2017-Q3,3227,,https://ark.intel.com/,1,high,Discontinued
Intel,cpu,,Xeon,Intel Xeon Scalable Processors,datacenter,Skylake-SP,,Xeon Gold 6150,Intel Xeon Gold 6150 Processor,18,,,36,2.70 GHz,3.70 GHz,,,24.75 MB,165W,,14 nm,FCLGA3647,4,3.0,48,DDR4-2666,6,2666 MHz,768 GB,yes,,3,,,,,2017-Q3,3358,,https://ark.intel.com/,1,high,Discontinued
Intel,cpu,,Xeon,Intel Xeon Scalable Processors,datacenter,Skylake-SP,,Xeon Gold 6152,Intel Xeon Gold 6152 Processor,22,,,44,2.10 GHz,3.70 GHz,,,30.25 MB,140W,,14 nm,FCLGA3647,4,3.0,48,DDR4-2666,6,2666 MHz,768 GB,yes,,3,,,,,2017-Q3,3655,,https://ark.intel.com/,1,high,Discontinued
Intel,cpu,,Xeon,Intel Xeon Scalable Processors,datacenter,Skylake-SP,,Xeon Gold 6154,Intel Xeon Gold 6154 Processor,18,,,36,3.00 GHz,3.70 GHz,,,24.75 MB,200W,,14 nm,FCLGA3647,4,3.0,48,DDR4-2666,6,2666 MHz,768 GB,yes,,3,,,,,2017-Q3,3543,,https://ark.intel.com/,1,high,Discontinued
Intel,cpu,,Xeon,Intel Xeon Scalable Processors,datacenter,Skylake-SP,,Xeon Platinum 8153,Intel Xeon Platinum 8153 Processor,16,,,32,2.00 GHz,2.80 GHz,,,22 MB,125W,,14 nm,FCLGA3647,8,3.0,48,DDR4-2666,6,2666 MHz,768 GB,yes,,3,,,,,2017-Q3,3115,,https://ark.intel.com/,1,high,Discontinued
Intel,cpu,,Xeon,Intel Xeon Scalable Processors,datacenter,Skylake-SP,,Xeon Platinum 8156,Intel Xeon Platinum 8156 Processor,4,,,8,3.60 GHz,3.70 GHz,,,16.5 MB,105W,,14 nm,FCLGA3647,8,3.0,48,DDR4-2666,6,2666 MHz,768 GB,yes,,3,,,,,2017-Q3,7007,,https://ark.intel.com/,1,high,Discontinued
Intel,cpu,,Xeon,Intel Xeon Scalable Processors,datacenter,Skylake-SP,,Xeon Platinum 8158,Intel Xeon Platinum 8158 Processor,12,,,24,3.00 GHz,3.70 GHz,,,24.75 MB,150W,,14 nm,FCLGA3647,8,3.0,48,DDR4-2666,6,2666 MHz,768 GB,yes,,3,,,,,2017-Q3,7007,,https://ark.intel.com/,1,high,Discontinued
Intel,cpu,,Xeon,Intel Xeon Scalable Processors,datacenter,Skylake-SP,,Xeon Platinum 8160,Intel Xeon Platinum 8160 Processor,24,,,48,2.10 GHz,3.70 GHz,,,33 MB,150W,,14 nm,FCLGA3647,8,3.0,48,DDR4-2666,6,2666 MHz,768 GB,yes,,3,,,,,2017-Q3,4702,,https://ark.intel.com/,1,high,Discontinued
Intel,cpu,,Xeon,Intel Xeon Scalable Processors,datacenter,Skylake-SP,,Xeon Platinum 8160F,Intel Xeon Platinum 8160F Processor,24,,,48,2.10 GHz,3.70 GHz,,,33 MB,160W,,14 nm,FCLGA3647,2,3.0,48,DDR4-2666,6,2666 MHz,768 GB,yes,,2,,,,,2017-Q3,4856,,https://ark.intel.com/,1,high,Discontinued
Intel,cpu,,Xeon,Intel Xeon Scalable Processors,datacenter,Skylake-SP,,Xeon Platinum 8160T,Intel Xeon Platinum 8160T Processor,24,,,48,2.10 GHz,3.70 GHz,,,33 MB,150W,,14 nm,FCLGA3647,8,3.0,48,DDR4-2666,6,2666 MHz,768 GB,yes,,3,,,,,2017-Q3,4936,,https://ark.intel.com/,1,high,
Intel,cpu,,Xeon,Intel Xeon Scalable Processors,datacenter,Skylake-SP,,Xeon Platinum 8164,Intel Xeon Platinum 8164 Processor,26,,,52,2.00 GHz,3.70 GHz,,,35.75 MB,150W,,14 nm,FCLGA3647,8,3.0,48,DDR4-2666,6,2666 MHz,768 GB,yes,,3,,,,,2017-Q3,6114,,https://ark.intel.com/,1,high,Discontinued
Intel,cpu,,Xeon,Intel Xeon Scalable Processors,datacenter,Skylake-SP,,Xeon Platinum 8168,Intel Xeon Platinum 8168 Processor,24,,,48,2.70 GHz,3.70 GHz,,,33 MB,205W,,14 nm,FCLGA3647,8,3.0,48,DDR4-2666,6,2666 MHz,768 GB,yes,,3,,,,,2017-Q3,5890,,https://ark.intel.com/,1,high,Discontinued
Intel,cpu,,Xeon,Intel Xeon Scalable Processors,datacenter,Skylake-SP,,Xeon Platinum 8170,Intel Xeon Platinum 8170 Processor,26,,,52,2.10 GHz,3.70 GHz,,,35.75 MB,165W,,14 nm,FCLGA3647,8,3.0,48,DDR4-2666,6,2666 MHz,768 GB,yes,,3,,,,,2017-Q3,7405,,https://ark.intel.com/,1,high,Discontinued
Intel,cpu,,Xeon,Intel Xeon Scalable Processors,datacenter,Skylake-SP,,Xeon Platinum 8176,Intel Xeon Platinum 8176 Processor,28,,,56,2.10 GHz,3.80 GHz,,,38.5 MB,165W,,14 nm,FCLGA3647,8,3.0,48,DDR4-2666,6,2666 MHz,768 GB,yes,,3,,,,,2017-Q3,8719,,https://ark.intel.com/,1,high,Discontinued
Intel,cpu,,Xeon,Intel Xeon Scalable Processors,datacenter,Skylake-SP,,Xeon Platinum 8176F,Intel Xeon Platinum 8176F Processor,28,,,56,2.10 GHz,3.80 GHz,,,38.5 MB,173W,,14 nm,FCLGA3647,2,3.0,48,DDR4-2666,6,2666 MHz,768 GB,yes,,2,,,,,2017-Q3,8874,,https://ark.intel.com/,1,high,Discontinued
Intel,cpu,,Xeon,Intel Xeon Scalable Processors,datacenter,Skylake-SP,,Xeon Platinum 8180,Intel Xeon Platinum 8180 Processor,28,,,56,2.50 GHz,3.80 GHz,,,38.5 MB,205W,,14 nm,FCLGA3647,8,3.0,48,DDR4-2666,6,2666 MHz,768 GB,yes,,3,,,,,2017-Q3,10009,,https://ark.intel.com/,1,high,Discontinued
Intel,cpu,,Xeon,Intel Xeon Scalable Processors,datacenter,Skylake-SP,,Xeon Silver 4108,Intel Xeon Silver 4108 Processor,8,,,16,1.80 GHz,3.00 GHz,,,11 MB,85W,,14 nm,FCLGA3647,2,3.0,48,DDR4-2400,6,2400 MHz,768 GB,yes,,2,,,,,2017-Q3,417,,https://ark.intel.com/,1,high,Discontinued
Intel,cpu,,Xeon,Intel Xeon Scalable Processors,datacenter,Skylake-SP,,Xeon Silver 4109T,Intel Xeon Silver 4109T Processor,8,,,16,2.00 GHz,3.00 GHz,,,11 MB,70W,,14 nm,FCLGA3647,2,3.0,48,DDR4-2400,6,2400 MHz,768 GB,yes,,2,,,,,2017-Q3,501,,https://ark.intel.com/,1,high,
Intel,cpu,,Xeon,Intel Xeon Scalable Processors,datacenter,Skylake-SP,,Xeon Silver 4110,Intel Xeon Silver 4110 Processor,8,,,16,2.10 GHz,3.00 GHz,,,11 MB,85W,,14 nm,FCLGA3647,2,3.0,48,DDR4-2400,6,2400 MHz,768 GB,yes,,2,,,,,2017-Q3,501,,https://ark.intel.com/,1,high,
Intel,cpu,,Xeon,Intel Xeon Scalable Processors,datacenter,Skylake-SP,,Xeon Silver 4112,Intel Xeon Silver 4112 Processor,4,,,8,2.60 GHz,3.00 GHz,,,8.25 MB,85W,,14 nm,FCLGA3647,2,3.0,48,DDR4-2400,6,2400 MHz,768 GB,yes,,2,,,,,2017-Q3,473,,https://ark.intel.com/,1,high,Discontinued
Intel,cpu,,Xeon,Intel Xeon Scalable Processors,datacenter,Skylake-SP,,Xeon Silver 4114,Intel Xeon Silver 4114 Processor,10,,,20,2.20 GHz,3.00 GHz,,,13.75 MB,85W,,14 nm,FCLGA3647,2,3.0,48,DDR4-2400,6,2400 MHz,768 GB,yes,,2,,,,,2017-Q3,694,,https://ark.intel.com/,1,high,Discontinued
Intel,cpu,,Xeon,Intel Xeon Scalable Processors,datacenter,Skylake-SP,,Xeon Silver 4114T,Intel Xeon Silver 4114T Processor,10,,,20,2.20 GHz,3.00 GHz,,,13.75 MB,85W,,14 nm,FCLGA3647,2,3.0,48,DDR4-2400,6,2400 MHz,768 GB,yes,,2,,,,,2017-Q3,773,,https://ark.intel.com/,1,high,
Intel,cpu,,Xeon,Intel Xeon Scalable Processors,datacenter,Skylake-SP,,Xeon Silver 4116,Intel Xeon Silver 4116 Processor,12,,,24,2.10 GHz,3.00 GHz,,,16.5 MB,85W,,14 nm,FCLGA3647,2,3.0,48,DDR4-2400,6,2400 MHz,768 GB,yes,,2,,,,,2017-Q3,1002,,https://ark.intel.com/,1,high,
Intel,cpu,,Xeon,Intel Xeon Scalable Processors,datacenter,Skylake-SP,,Xeon Silver 4116T,Intel Xeon Silver 4116T Processor,12,,,24,2.10 GHz,3.00 GHz,,,16.5 MB,85W,,14 nm,FCLGA3647,2,3.0,48,DDR4-2400,6,2400 MHz,768 GB,yes,,2,,,,,2017-Q3,1112,,https://ark.intel.com/,1,high,
Intel,cpu,,Xeon,Intel Xeon W Processor,workstation,Tiger Lake-H,Willow Cove,Xeon W-11155MLE,Intel Xeon W-11155MLE Processor,4,,,8,1.80 GHz,3.10 GHz,,,8 MB,25W,,10 nm SuperFin,FCBGA1787,,4,20,DDR4-3200,2,,128 GB,yes,,,Intel UHD Graphics for 11th Gen Intel Processors,,1.25 GHz,,2021-Q3,242,,https://ark.intel.com/,1,high,
Intel,cpu,,Xeon,Intel Xeon W Processor,workstation,Tiger Lake-H,Willow Cove,Xeon W-11155MRE,Intel Xeon W-11155MRE Processor,4,,,8,,4.40 GHz,,,8 MB,,45W,10 nm SuperFin,FCBGA1787,,4,20,DDR4-3200,2,,128 GB,yes,,,Intel UHD Graphics for 11th Gen Intel Processors,,1.25 GHz,,2021-Q3,249,,https://ark.intel.com/,1,high,
Intel,cpu,,Xeon,Intel Xeon W Processor,workstation,Tiger Lake-H,Willow Cove,Xeon W-11555MLE,Intel Xeon W-11555MLE Processor,6,,,12,1.90 GHz,4.40 GHz,,,12 MB,25W,,10 nm SuperFin,FCBGA1787,,4,20,DDR4-3200,2,,128 GB,yes,,,Intel UHD Graphics for 11th Gen Intel Processors,,1.35 GHz,,2021-Q3,317,,https://ark.intel.com/,1,high,
Intel,cpu,,Xeon,Intel Xeon W Processor,workstation,Tiger Lake-H,Willow Cove,Xeon W-11555MRE,Intel Xeon W-11555MRE Processor,6,,,12,,4.50 GHz,,,12 MB,,45W,10 nm SuperFin,FCBGA1787,,4,20,DDR4-3200,2,,128 GB,yes,,,Intel UHD Graphics for 11th Gen Intel Processors,,1.35 GHz,,2021-Q3,326,,https://ark.intel.com/,1,high,
Intel,cpu,,Xeon,Intel Xeon W Processor,workstation,Tiger Lake-H,Willow Cove,Xeon W-11865MLE,Intel Xeon W-11865MLE Processor,8,,,16,1.50 GHz,4.50 GHz,,,24 MB,25W,,10 nm SuperFin,FCBGA1787,,4,20,DDR4-3200,2,,128 GB,yes,,,Intel UHD Graphics for 11th Gen Intel Processors,,1.35 GHz,,2021-Q3,467,,https://ark.intel.com/,1,high,
Intel,cpu,,Xeon,Intel Xeon W Processor,workstation,Tiger Lake-H,Willow Cove,Xeon W-11865MRE,Intel Xeon W-11865MRE Processor,8,,,16,,4.70 GHz,,,24 MB,,45W,10 nm SuperFin,FCBGA1787,,4,20,DDR4-3200,2,,128 GB,yes,,,Intel UHD Graphics for 11th Gen Intel Processors,,1.35 GHz,,2021-Q3,480,,https://ark.intel.com/,1,high,
Intel,cpu,,Xeon,Intel Xeon W Processor,workstation,Comet Lake-W (W-12xx),,Xeon W-1250,Intel Xeon W-1250 Processor,6,,,12,3.30 GHz,4.70 GHz,4.70 GHz,,12 MB,80W,,14 nm,FCLGA1200,1,3.0,16,DDR4-2666,2,,128 GB,yes,,,Intel UHD Graphics P630,,1.20 GHz,,2020-Q2,280,,https://ark.intel.com/,1,high,
Intel,cpu,,Xeon,Intel Xeon W Processor,workstation,Comet Lake-W (W-12xx),,Xeon W-1250E,Intel Xeon W-1250E Processor,6,,,12,3.50 GHz,4.70 GHz,4.70 GHz,,12 MB,80W,,14 nm,FCLGA1200,1,3.0,16,DDR4-2666,2,,128 GB,yes,,,Intel UHD Graphics 630,,1.20 GHz,,2020-Q2,286,,https://ark.intel.com/,1,high,
Intel,cpu,,Xeon,Intel Xeon W Processor,workstation,Comet Lake-W (W-12xx),,Xeon W-1250P,Intel Xeon W-1250P Processor,6,,,12,4.10 GHz,4.80 GHz,4.80 GHz,,12 MB,125W,,14 nm,FCLGA1200,1,3.0,16,DDR4-2666,2,,128 GB,yes,,,Intel UHD Graphics P630,,1.20 GHz,,2020-Q2,342,,https://ark.intel.com/,1,high,Discontinued
Intel,cpu,,Xeon,Intel Xeon W Processor,workstation,Comet Lake-W (W-12xx),,Xeon W-1250TE,Intel Xeon W-1250TE Processor,6,,,12,2.40 GHz,3.80 GHz,3.80 GHz,,12 MB,35W,,14 nm,FCLGA1200,1,3.0,16,DDR4-2666,2,,128 GB,yes,,,Intel UHD Graphics 630,,1.15 GHz,,2020-Q2,286,,https://ark.intel.com/,1,high,
Intel,cpu,,Xeon,Intel Xeon W Processor,workstation,Comet Lake-W (W-12xx),,Xeon W-1270,Intel Xeon W-1270 Processor,8,,,16,3.40 GHz,5.00 GHz,4.90 GHz,,16 MB,80W,,14 nm,FCLGA1200,1,3.0,16,DDR4-2933,2,,128 GB,yes,,,Intel UHD Graphics P630,,1.20 GHz,,2020-Q2,398,,https://ark.intel.com/,1,high,Discontinued
Intel,cpu,,Xeon,Intel Xeon W Processor,workstation,Comet Lake-W (W-12xx),,Xeon W-1270E,Intel Xeon W-1270E Processor,8,,,16,3.40 GHz,4.80 GHz,,,16 MB,80W,,14 nm,FCLGA1200,1,3.0,16,DDR4-2933,2,,128 GB,yes,,,Intel UHD Graphics 630,,1.20 GHz,,2020-Q2,404,,https://ark.intel.com/,1,high,
Intel,cpu,,Xeon,Intel Xeon W Processor,workstation,Comet Lake-W (W-12xx),,Xeon W-1270P,Intel Xeon W-1270P Processor,8,,,16,3.80 GHz,5.10 GHz,5.00 GHz,,16 MB,125W,,14 nm,FCLGA1200,1,3.0,16,DDR4-2933,2,,128 GB,yes,,,Intel UHD Graphics P630,,1.20 GHz,,2020-Q2,472,,https://ark.intel.com/,1,high,Discontinued
Intel,cpu,,Xeon,Intel Xeon W Processor,workstation,Comet Lake-W (W-12xx),,Xeon W-1270TE,Intel Xeon W-1270TE Processor,8,,,16,2.00 GHz,4.40 GHz,,,16 MB,35W,,14 nm,FCLGA1200,1,3.0,16,DDR4-2933,2,,128 GB,yes,,,Intel UHD Graphics 630,,1.15 GHz,,2020-Q2,404,,https://ark.intel.com/,1,high,
Intel,cpu,,Xeon,Intel Xeon W Processor,workstation,Comet Lake-W (W-12xx),,Xeon W-1290,Intel Xeon W-1290 Processor,10,,,20,3.20 GHz,5.20 GHz,5.00 GHz,,20 MB,80W,,14 nm,FCLGA1200,1,3.0,16,DDR4-2933,2,,128 GB,yes,,,Intel UHD Graphics P630,,1.20 GHz,,2020-Q2,546,,https://ark.intel.com/,1,high,Discontinued
Intel,cpu,,Xeon,Intel Xeon W Processor,workstation,Comet Lake-W (W-12xx),,Xeon W-1290E,Intel Xeon W-1290E Processor,10,,,20,3.50 GHz,4.80 GHz,,,20 MB,95W,,14 nm,FCLGA1200,1,3.0,16,DDR4-2933,2,,128 GB,yes,,,Intel UHD Graphics 630,,1.20 GHz,,2020-Q2,552,,https://ark.intel.com/,1,high,
Intel,cpu,,Xeon,Intel Xeon W Processor,workstation,Comet Lake-W (W-12xx),,Xeon W-1290P,Intel Xeon W-1290P Processor,10,,,20,3.70 GHz,5.30 GHz,5.10 GHz,,20 MB,125W,,14 nm,FCLGA1200,1,3.0,16,DDR4-2933,2,,128 GB,yes,,,Intel UHD Graphics P630,,1.20 GHz,,2020-Q2,,,https://ark.intel.com/,1,high,Discontinued
Intel,cpu,,Xeon,Intel Xeon W Processor,workstation,Comet Lake-W (W-12xx),,Xeon W-1290T,Intel Xeon W-1290T Processor,10,,,20,1.90 GHz,4.70 GHz,4.60 GHz,,20 MB,35W,,14 nm,FCLGA1200,1,3.0,16,DDR4-2933,2,,128 GB,yes,,,Intel UHD Graphics P630,,1.20 GHz,,2020-Q2,546,,https://ark.intel.com/,1,high,Discontinued
Intel,cpu,,Xeon,Intel Xeon W Processor,workstation,Comet Lake-W (W-12xx),,Xeon W-1290TE,Intel Xeon W-1290TE Processor,10,,,20,1.80 GHz,4.50 GHz,,,20 MB,35W,,14 nm,FCLGA1200,1,3.0,16,DDR4-2933,2,,128 GB,yes,,,Intel UHD Graphics 630,,1.20 GHz,,2020-Q2,552,,https://ark.intel.com/,1,high,
Intel,cpu,,Xeon,Intel Xeon W Processor,workstation,Rocket Lake-W (W-13xx),,Xeon W-1350,Intel Xeon W-1350 Processor,6,,,12,3.30 GHz,5.00 GHz,5.00 GHz,,12 MB,80W,,14 nm,FCLGA1200,1,4.0,20,DDR4-3200,2,,128 GB,yes,,,Intel UHD Graphics P750,,1.30 GHz,,2021-Q2,280,,https://ark.intel.com/,1,high,Discontinued
Intel,cpu,,Xeon,Intel Xeon W Processor,workstation,Rocket Lake-W (W-13xx),,Xeon W-1350P,Intel Xeon W-1350P Processor,6,,,12,4.00 GHz,5.10 GHz,5.10 GHz,,12 MB,125W,,14 nm,FCLGA1200,1,4.0,20,DDR4-3200,2,,128 GB,yes,,,Intel UHD Graphics P750,,1.30 GHz,,2021-Q2,342,,https://ark.intel.com/,1,high,Discontinued
Intel,cpu,,Xeon,Intel Xeon W Processor,workstation,Rocket Lake-W (W-13xx),,Xeon W-1370,Intel Xeon W-1370 Processor,8,,,16,2.90 GHz,5.10 GHz,5.00 GHz,,16 MB,80W,,14 nm,FCLGA1200,1,4.0,20,DDR4-3200,2,,128 GB,yes,,,Intel UHD Graphics P750,,1.30 GHz,,2021-Q2,398,,https://ark.intel.com/,1,high,Discontinued
Intel,cpu,,Xeon,Intel Xeon W Processor,workstation,Rocket Lake-W (W-13xx),,Xeon W-1370P,Intel Xeon W-1370P Processor,8,,,16,3.60 GHz,5.20 GHz,5.10 GHz,,16 MB,125W,,14 nm,FCLGA1200,1,4.0,20,DDR4-3200,2,,128 GB,yes,,,Intel UHD Graphics P750,,1.30 GHz,,2021-Q2,472,,https://ark.intel.com/,1,high,Discontinued
Intel,cpu,,Xeon,Intel Xeon W Processor,workstation,Rocket Lake-W (W-13xx),,Xeon W-1390,Intel Xeon W-1390 Processor,8,,,16,2.80 GHz,5.20 GHz,5.00 GHz,,16 MB,80W,,14 nm,FCLGA1200,1,4.0,20,DDR4-3200,2,,128 GB,yes,,,Intel UHD Graphics P750,,1.30 GHz,,2021-Q2,546,,https://ark.intel.com/,1,high,Discontinued
Intel,cpu,,Xeon,Intel Xeon W Processor,workstation,Rocket Lake-W (W-13xx),,Xeon W-1390P,Intel Xeon W-1390P Processor,8,,,16,3.50 GHz,5.30 GHz,5.10 GHz,,16 MB,125W,,14 nm,FCLGA1200,1,4.0,20,DDR4-3200,2,,128 GB,yes,,,Intel UHD Graphics P750,,1.30 GHz,,2021-Q2,594,,https://ark.intel.com/,1,high,Discontinued
Intel,cpu,,Xeon,Intel Xeon W Processor,workstation,Rocket Lake-W (W-13xx),,Xeon W-1390T,Intel Xeon W-1390T Processor,8,,,16,1.50 GHz,4.90 GHz,4.80 GHz,,16 MB,35W,,14 nm,FCLGA1200,1,4.0,20,DDR4-3200,2,,128 GB,yes,,,Intel UHD Graphics P750,,1.20 GHz,,2021-Q2,546,,https://ark.intel.com/,1,high,Discontinued
Intel,cpu,,Xeon,Intel Xeon W Processor,workstation,Skylake-W (W-21xx),,Xeon W-2123,Intel Xeon W-2123 Processor,4,,,8,3.60 GHz,3.90 GHz,,,8.25 MB,120W,,14 nm,FCLGA2066,1,3.0,48,DDR4 1600/1866/2133/2400/2666,4,,512 GB,yes,,,,,,,2017-Q3,294,,https://ark.intel.com/,1,high,Discontinued
Intel,cpu,,Xeon,Intel Xeon W Processor,workstation,Skylake-W (W-21xx),,Xeon W-2125,Intel Xeon W-2125 Processor,4,,,8,4.00 GHz,4.50 GHz,,,8.25 MB,120W,,14 nm,FCLGA2066,1,3.0,48,DDR4 1600/1866/2133/2400/2666,4,,512 GB,yes,,,,,,,2017-Q3,444,,https://ark.intel.com/,1,high,Discontinued
Intel,cpu,,Xeon,Intel Xeon W Processor,workstation,Skylake-W (W-21xx),,Xeon W-2133,Intel Xeon W-2133 Processor,6,,,12,3.60 GHz,3.90 GHz,,,8.25 MB,140W,,14 nm,FCLGA2066,1,3.0,48,DDR4 1600/1866/2133/2400/2666,4,,512 GB,yes,,,,,,,2017-Q3,617,,https://ark.intel.com/,1,high,Discontinued
Intel,cpu,,Xeon,Intel Xeon W Processor,workstation,Skylake-W (W-21xx),,Xeon W-2135,Intel Xeon W-2135 Processor,6,,,12,3.70 GHz,4.50 GHz,,,8.25 MB,140W,,14 nm,FCLGA2066,1,3.0,48,DDR4 1600/1866/2133/2400/2666,4,,512 GB,yes,,,,,,,2017-Q3,835,,https://ark.intel.com/,1,high,Discontinued
Intel,cpu,,Xeon,Intel Xeon W Processor,workstation,Skylake-W (W-21xx),,Xeon W-2145,Intel Xeon W-2145 Processor,8,,,16,3.70 GHz,4.50 GHz,,,11 MB,140W,,14 nm,FCLGA2066,1,3.0,48,DDR4 1600/1866/2133/2400/2666,4,,512 GB,yes,,,,,,,2017-Q3,1113,,https://ark.intel.com/,1,high,Discontinued
Intel,cpu,,Xeon,Intel Xeon W Processor,workstation,Skylake-W (W-21xx),,Xeon W-2155,Intel Xeon W-2155 Processor,10,,,20,3.30 GHz,4.50 GHz,,,13.75 MB,140W,,14 nm,FCLGA2066,1,3.0,48,DDR4 1600/1866/2133/2400/2666,4,,512 GB,yes,,,,,,,2017-Q3,1440,,https://ark.intel.com/,1,high,Discontinued
Intel,cpu,,Xeon,Intel Xeon W Processor,workstation,Skylake-W (W-21xx),,Xeon W-2175,Intel Xeon W-2175 Processor,14,,,28,2.50 GHz,4.30 GHz,,,19 MB,140W,,14 nm,FCLGA2066,1,3.0,48,DDR4 1600/1866/2133/2400/2666,4,,512 GB,yes,,,,,,,2017-Q3,1947,,https://ark.intel.com/,1,high,Discontinued
Intel,cpu,,Xeon,Intel Xeon W Processor,workstation,Skylake-W (W-21xx),,Xeon W-2195,Intel Xeon W-2195 Processor,18,,,36,2.30 GHz,4.30 GHz,,,24.75 MB,140W,,14 nm,FCLGA2066,1,3.0,48,DDR4 1600/1866/2133/2400/2666,4,,512 GB,yes,,,,,,,2017-Q3,2553,,https://ark.intel.com/,1,high,Discontinued
Intel,cpu,,Xeon,Intel Xeon W Processor,workstation,Cascade Lake-W (W-22xx),,Xeon W-2223,Intel Xeon W-2223 Processor,4,,,8,3.60 GHz,3.90 GHz,,,8.25 MB,120W,,14 nm,FCLGA2066,1,3.0,48,DDR4 2666,4,,1 TB,yes,,,,,,,2019-Q4,325,,https://ark.intel.com/,1,high,
Intel,cpu,,Xeon,Intel Xeon W Processor,workstation,Cascade Lake-W (W-22xx),,Xeon W-2225,Intel Xeon W-2225 Processor,4,,,8,4.10 GHz,4.60 GHz,,,8.25 MB,105W,,14 nm,FCLGA2066,1,3.0,48,DDR4 2933,4,,1 TB,yes,,,,,,,2019-Q4,488,,https://ark.intel.com/,1,high,
Intel,cpu,,Xeon,Intel Xeon W Processor,workstation,Cascade Lake-W (W-22xx),,Xeon W-2235,Intel Xeon W-2235 Processor,6,,,12,3.80 GHz,4.60 GHz,,,8.25 MB,130W,,14 nm,FCLGA2066,1,3.0,48,DDR4 2933,4,,1 TB,yes,,,,,,,2019-Q4,610,,https://ark.intel.com/,1,high,
Intel,cpu,,Xeon,Intel Xeon W Processor,workstation,Cascade Lake-W (W-22xx),,Xeon W-2245,Intel Xeon W-2245 Processor,8,,,16,3.90 GHz,4.50 GHz,,,16.5 MB,155W,,14 nm,FCLGA2066,1,3.0,48,DDR4 2933,4,,1 TB,yes,,,,,,,2019-Q4,733,,https://ark.intel.com/,1,high,
Intel,cpu,,Xeon,Intel Xeon W Processor,workstation,Cascade Lake-W (W-22xx),,Xeon W-2255,Intel Xeon W-2255 Processor,10,,,20,3.70 GHz,4.50 GHz,,,19.25 MB,165W,,14 nm,FCLGA2066,1,3.0,48,DDR4 2933,4,,1 TB,yes,,,,,,,2019-Q4,,,https://ark.intel.com/,1,high,
Intel,cpu,,Xeon,Intel Xeon W Processor,workstation,Cascade Lake-W (W-22xx),,Xeon W-2265,Intel Xeon W-2265 Processor,12,,,24,3.50 GHz,4.60 GHz,,,19.25 MB,165W,,14 nm,FCLGA2066,1,3.0,48,DDR4 2933,4,,1 TB,yes,,,,,,,2019-Q4,1039,,https://ark.intel.com/,1,high,
Intel,cpu,,Xeon,Intel Xeon W Processor,workstation,Cascade Lake-W (W-22xx),,Xeon W-2275,Intel Xeon W-2275 Processor,14,,,28,3.30 GHz,4.60 GHz,,,19.25 MB,165W,,14 nm,FCLGA2066,1,3.0,48,DDR4 2933,4,,1 TB,yes,,,,,,,2019-Q4,1222,,https://ark.intel.com/,1,high,
Intel,cpu,,Xeon,Intel Xeon W Processor,workstation,Cascade Lake-W (W-22xx),,Xeon W-2295,Intel Xeon W-2295 Processor,18,,,36,3.00 GHz,4.60 GHz,,,24.75 MB,165W,,14 nm,FCLGA2066,1,3.0,48,DDR4 2933,4,,1 TB,yes,,,,,,,2019-Q4,1467,,https://ark.intel.com/,1,high,
Intel,cpu,,Xeon,Intel Xeon W Processor,workstation,Cascade Lake-W (W-32xx),,Xeon W-3223,Intel Xeon W-3223 Processor,8,,,16,3.50 GHz,4.00 GHz,,,16.5 MB,160W,,14 nm,FCLGA3647,1,3.0,64,DDR4-2666,6,2666 MHz,1 TB,yes,,,,,,,2019-Q2,,,https://ark.intel.com/,1,high,
Intel,cpu,,Xeon,Intel Xeon W Processor,workstation,Cascade Lake-W (W-32xx),,Xeon W-3225,Intel Xeon W-3225 Processor,8,,,16,3.70 GHz,4.30 GHz,,,16.5 MB,160W,,14 nm,FCLGA3647,1,3.0,64,DDR4-2666,6,2666 MHz,1 TB,yes,,,,,,,2019-Q2,1319,,https://ark.intel.com/,1,high,
Intel,cpu,,Xeon,Intel Xeon W Processor,workstation,Cascade Lake-W (W-32xx),,Xeon W-3235,Intel Xeon W-3235 Processor,12,,,24,3.30 GHz,4.40 GHz,,,19.25 MB,180W,,14 nm,FCLGA3647,1,3.0,64,DDR4-2933,6,2933 MHz,1 TB,yes,,,,,,,2019-Q2,1538,,https://ark.intel.com/,1,high,
Intel,cpu,,Xeon,Intel Xeon W Processor,workstation,Cascade Lake-W (W-32xx),,Xeon W-3245,Intel Xeon W-3245 Processor,16,,,32,3.20 GHz,4.40 GHz,,,22 MB,205W,,14 nm,FCLGA3647,1,3.0,64,DDR4-2933,6,2933 MHz,1 TB,yes,,,,,,,2019-Q2,2199,,https://ark.intel.com/,1,high,
Intel,cpu,,Xeon,Intel Xeon W Processor,workstation,Cascade Lake-W (W-32xx),,Xeon W-3245M,Intel Xeon W-3245M Processor,16,,,32,3.20 GHz,4.40 GHz,,,22 MB,205W,,14 nm,FCLGA3647,1,3.0,64,DDR4-2933,6,2933 MHz,2 TB,yes,,,,,,,2019-Q2,,,https://ark.intel.com/,1,high,
Intel,cpu,,Xeon,Intel Xeon W Processor,workstation,Cascade Lake-W (W-32xx),,Xeon W-3265,Intel Xeon W-3265 Processor,24,,,48,2.70 GHz,4.40 GHz,,,33 MB,205W,,14 nm,FCLGA3647,1,3.0,64,DDR4-2933,6,2933 MHz,1 TB,yes,,,,,,,2019-Q2,3684,,https://ark.intel.com/,1,high,
Intel,cpu,,Xeon,Intel Xeon W Processor,workstation,Cascade Lake-W (W-32xx),,Xeon W-3265M,Intel Xeon W-3265M Processor,24,,,48,2.70 GHz,4.40 GHz,,,33 MB,205W,,14 nm,FCLGA3647,1,3.0,64,DDR4-2933,6,2933 MHz,2 TB,yes,,,,,,,2019-Q2,,,https://ark.intel.com/,1,high,
Intel,cpu,,Xeon,Intel Xeon W Processor,workstation,Cascade Lake-W (W-32xx),,Xeon W-3275,Intel Xeon W-3275 Processor,28,,,56,2.50 GHz,4.40 GHz,,,38.5 MB,205W,,14 nm,FCLGA3647,1,3.0,64,DDR4-2933,6,2933 MHz,1 TB,yes,,,,,,,2019-Q2,,,https://ark.intel.com/,1,high,
Intel,cpu,,Xeon,Intel Xeon W Processor,workstation,Cascade Lake-W (W-32xx),,Xeon W-3275M,Intel Xeon W-3275M Processor,28,,,56,2.50 GHz,4.40 GHz,,,38.5 MB,205W,,14 nm,FCLGA3647,1,3.0,64,DDR4-2933,6,2933 MHz,2 TB,yes,,,,,,,2019-Q2,,,https://ark.intel.com/,1,high,
Intel,cpu,,Xeon,Intel Xeon W Processor,workstation,Ice Lake-W (W-33xx),,Xeon W-3323,Intel Xeon W-3323 Processor,12,,,24,3.50 GHz,3.90 GHz,,,21 MB,220W,,10 nm,FCLGA4189,1,4,64,DDR4-3200,8,3200 MHz,4 TB,yes,,,,,,,2021-Q3,1043,,https://ark.intel.com/,1,high,
Intel,cpu,,Xeon,Intel Xeon W Processor,workstation,Ice Lake-W (W-33xx),,Xeon W-3335,Intel Xeon W-3335 Processor,16,,,32,3.40 GHz,4.00 GHz,,,24 MB,250W,,10 nm,FCLGA4189,1,4,64,DDR4-3200,8,3200 MHz,4 TB,yes,,,,,,,2021-Q3,1430,,https://ark.intel.com/,1,high,
Intel,cpu,,Xeon,Intel Xeon W Processor,workstation,Ice Lake-W (W-33xx),,Xeon W-3345,Intel Xeon W-3345 Processor,24,,,48,3.00 GHz,4.00 GHz,,,36 MB,250W,,10 nm,FCLGA4189,1,4,64,DDR4-3200,8,3200 MHz,4 TB,yes,,,,,,,2021-Q3,2751,,https://ark.intel.com/,1,high,
Intel,cpu,,Xeon,Intel Xeon W Processor,workstation,Ice Lake-W (W-33xx),,Xeon W-3365,Intel Xeon W-3365 Processor,32,,,64,2.70 GHz,4.00 GHz,,,48 MB,270W,,10 nm,FCLGA4189,1,4,64,DDR4-3200,8,3200 MHz,4 TB,yes,,,,,,,2021-Q3,3851,,https://ark.intel.com/,1,high,
Intel,cpu,,Xeon,Intel Xeon W Processor,workstation,Ice Lake-W (W-33xx),,Xeon W-3375,Intel Xeon W-3375 Processor,38,,,76,2.50 GHz,4.00 GHz,,,57 MB,270W,,10 nm,FCLGA4189,1,4,64,DDR4-3200,8,3200 MHz,4 TB,yes,,,,,,,2021-Q3,4951,,https://ark.intel.com/,1,high,
Intel,cpu,,Xeon,Intel Xeon W Processor,workstation,Sapphire Rapids WS-2400/2500,,Xeon w3-2423,Intel Xeon w3-2423 Processor,6,6,0,12,2.10 GHz,4.20 GHz,4.00 GHz,,15 MB,120W,144W,Intel 7,FCLGA4677,1,5.0,64,DDR5-4400 (MT/s),4,4400 MT/s,2 TB,yes,,,,,,,2023-Q1,395,,https://ark.intel.com/,1,high,
Intel,cpu,,Xeon,Intel Xeon W Processor,workstation,Sapphire Rapids WS-2400/2500,,Xeon w3-2425,Intel Xeon w3-2425 Processor,6,6,0,12,3.00 GHz,4.40 GHz,4.00 GHz,,15 MB,130W,156W,Intel 7,FCLGA4677,1,5.0,64,DDR5-4400 (MT/s),4,4400 MT/s,2 TB,yes,,,,,,,2023-Q1,582,,https://ark.intel.com/,1,high,
Intel,cpu,,Xeon,Intel Xeon W Processor,workstation,Sapphire Rapids WS-2400/2500,,Xeon w3-2435,Intel Xeon w3-2435 Processor,8,8,0,16,3.10 GHz,4.50 GHz,4.30 GHz,,22.5 MB,165W,198W,Intel 7,FCLGA4677,1,5.0,64,DDR5-4400 (MT/s),4,4400 MT/s,2 TB,yes,,,,,,,2023-Q1,736,,https://ark.intel.com/,1,high,
Intel,cpu,,Xeon,Intel Xeon W Processor,workstation,Sapphire Rapids WS-2400/2500,,Xeon w5-2445,Intel Xeon w5-2445 Processor,10,10,0,20,3.10 GHz,4.60 GHz,4.40 GHz,,26.25 MB,175W,210W,Intel 7,FCLGA4677,1,5.0,64,DDR5-4800 (MT/s),4,4800 MT/s,2 TB,yes,,,,,,,2023-Q1,923,,https://ark.intel.com/,1,high,
Intel,cpu,,Xeon,Intel Xeon W Processor,workstation,Sapphire Rapids WS-2400/2500,,Xeon w5-2455X,Intel Xeon w5-2455X Processor,12,12,0,24,3.20 GHz,4.60 GHz,4.40 GHz,,30 MB,200W,240W,Intel 7,FCLGA4677,1,5.0,64,DDR5-4800 (MT/s),4,4800 MT/s,2 TB,yes,,,,,,,2023-Q1,1143,,https://ark.intel.com/,1,high,
Intel,cpu,,Xeon,Intel Xeon W Processor,workstation,Sapphire Rapids WS-2400/2500,,Xeon w5-2465X,Intel Xeon w5-2465X Processor,16,16,0,32,3.10 GHz,4.70 GHz,4.50 GHz,,33.75 MB,200W,240W,Intel 7,FCLGA4677,1,5.0,64,DDR5-4800 (MT/s),4,4800 MT/s,2 TB,yes,,,,,,,2023-Q1,1528,,https://ark.intel.com/,1,high,
Intel,cpu,,Xeon,Intel Xeon W Processor,workstation,Sapphire Rapids WS-3400/3500,,Xeon w5-3425,Intel Xeon w5-3425 Processor,12,12,0,24,3.20 GHz,4.60 GHz,4.40 GHz,,30 MB,270W,324W,Intel 7,FCLGA4677,1,5.0,112,DDR5-4800 (MT/s),8,4800 MT/s,4 TB,yes,,,,,,,2023-Q1,1308,,https://ark.intel.com/,1,high,
Intel,cpu,,Xeon,Intel Xeon W Processor,workstation,Sapphire Rapids WS-3400/3500,,Xeon w5-3435X,Intel Xeon w5-3435X Processor,16,16,0,32,3.10 GHz,4.70 GHz,4.50 GHz,,45 MB,270W,324W,Intel 7,FCLGA4677,1,5.0,112,DDR5-4800 (MT/s),8,4800 MT/s,4 TB,yes,,,,,,,2023-Q1,1748,,https://ark.intel.com/,1,high,
Intel,cpu,,Xeon,Intel Xeon W Processor,workstation,Sapphire Rapids WS-2400/2500,,Xeon w7-2475X,Intel Xeon w7-2475X Processor,20,20,0,40,2.60 GHz,4.80 GHz,4.60 GHz,,37.5 MB,225W,270W,Intel 7,FCLGA4677,1,5.0,64,DDR5-4800 (MT/s),4,4800 MT/s,2 TB,yes,,,,,,,2023-Q1,1968,,https://ark.intel.com/,1,high,
Intel,cpu,,Xeon,Intel Xeon W Processor,workstation,Sapphire Rapids WS-2400/2500,,Xeon w7-2495X,Intel Xeon w7-2495X Processor,24,24,0,48,2.50 GHz,4.80 GHz,4.60 GHz,,45 MB,225W,270W,Intel 7,FCLGA4677,1,5.0,64,DDR5-4800 (MT/s),4,4800 MT/s,2 TB,yes,,,,,,,2023-Q1,2408,,https://ark.intel.com/,1,high,
Intel,cpu,,Xeon,Intel Xeon W Processor,workstation,Sapphire Rapids WS-3400/3500,,Xeon w7-3445,Intel Xeon w7-3445 Processor,20,20,0,40,2.60 GHz,4.80 GHz,4.60 GHz,,52.5 MB,270W,324W,Intel 7,FCLGA4677,1,5.0,112,DDR5-4800 (MT/s),8,4800 MT/s,4 TB,yes,,,,,,,2023-Q1,2188,,https://ark.intel.com/,1,high,
Intel,cpu,,Xeon,Intel Xeon W Processor,workstation,Sapphire Rapids WS-3400/3500,,Xeon w7-3455,Intel Xeon w7-3455 Processor,24,24,0,48,2.50 GHz,4.80 GHz,4.60 GHz,,67.5 MB,270W,324W,Intel 7,FCLGA4677,1,5.0,112,DDR5-4800 (MT/s),8,4800 MT/s,4 TB,yes,,,,,,,2023-Q1,2738,,https://ark.intel.com/,1,high,
Intel,cpu,,Xeon,Intel Xeon W Processor,workstation,Sapphire Rapids WS-3400/3500,,Xeon w7-3465X,Intel Xeon w7-3465X Processor,28,28,0,56,2.50 GHz,4.80 GHz,4.60 GHz,,75 MB,300W,360W,Intel 7,FCLGA4677,1,5.0,112,DDR5-4800 (MT/s),8,4800 MT/s,4 TB,yes,,,,,,,2023-Q1,3178,,https://ark.intel.com/,1,high,
Intel,cpu,,Xeon,Intel Xeon W Processor,workstation,Sapphire Rapids WS-3400/3500,,Xeon w9-3475X,Intel Xeon w9-3475X Processor,36,36,0,72,2.20 GHz,4.80 GHz,4.60 GHz,,82.5 MB,300W,360W,Intel 7,FCLGA4677,1,5.0,112,DDR5-4800 (MT/s),8,4800 MT/s,4 TB,yes,,,,,,,2023-Q1,4113,,https://ark.intel.com/,1,high,
Intel,cpu,,Xeon,Intel Xeon W Processor,workstation,Sapphire Rapids WS-3400/3500,,Xeon w9-3495X,Intel Xeon w9-3495X Processor,56,56,0,112,1.90 GHz,4.80 GHz,4.60 GHz,,105 MB,350W,420W,Intel 7,FCLGA4677,1,5.0,112,DDR5-4800 (MT/s),8,4800 MT/s,4 TB,yes,,,,,,,2023-Q1,6478,,https://ark.intel.com/,1,high,
Intel,cpu,,Core,12th Generation Intel Core i5 Processors,desktop,Alder Lake-S,Golden Cove + Gracemont,Core i5-12500,Intel Core i5-12500 Processor,6,6,0,12,3.00 GHz,4.60 GHz,,7.5 MB,18 MB,65W,117W,Intel 7,FCLGA1700,1,5.0,20,Up to DDR5 4800 MT/s Up to DDR4 3200 MT/s,2,,128 GB,yes,,,Intel UHD Graphics 770,,1.45 GHz,,2022-Q1,362,,https://ark.intel.com/,1,high,
Intel,cpu,,Core,12th Generation Intel Core i5 Processors,desktop,Alder Lake-S,Golden Cove + Gracemont,Core i5-12500T,Intel Core i5-12500T Processor,6,6,0,12,2.00 GHz,4.40 GHz,,7.5 MB,18 MB,35W,74W,Intel 7,FCLGA1700,1,5.0,20,Up to DDR5 4800 MT/s Up to DDR4 3200 MT/s,2,,128 GB,yes,,,Intel UHD Graphics 770,,1.45 GHz,,2022-Q1,359,,https://ark.intel.com/,1,high,
Intel,cpu,,Core,12th Generation Intel Core i5 Processors,desktop,Alder Lake-S,Golden Cove + Gracemont,Core i5-12600,Intel Core i5-12600 Processor,6,6,0,12,3.30 GHz,4.80 GHz,,7.5 MB,18 MB,65W,117W,Intel 7,FCLGA1700,1,5.0,20,Up to DDR5 4800 MT/s Up to DDR4 3200 MT/s,2,,128 GB,yes,,,Intel UHD Graphics 770,,1.45 GHz,,2022-Q1,285,,https://ark.intel.com/,1,high,
Intel,cpu,,Core,12th Generation Intel Core i5 Processors,desktop,Alder Lake-S,Golden Cove + Gracemont,Core i5-12600T,Intel Core i5-12600T Processor,6,6,0,12,2.10 GHz,4.60 GHz,,7.5 MB,18 MB,35W,74W,Intel 7,FCLGA1700,1,5.0,20,Up to DDR5 4800 MT/s Up to DDR4 3200 MT/s,2,,128 GB,yes,,,Intel UHD Graphics 770,,1.45 GHz,,2022-Q1,312,,https://ark.intel.com/,1,high,
Intel,cpu,,Core,13th Generation Intel Core i3 Processors,desktop,Raptor Lake-S,,Core i3-13100,Intel Core i3-13100 Processor,4,4,0,8,3.40 GHz,4.50 GHz,,5 MB,12 MB,60W,110W,Intel 7,FCLGA1700,1,5.0,20,Up to DDR5 4800 MT/s Up to DDR4 3200 MT/s,2,,192 GB,,,,Intel UHD Graphics 730,,1.50 GHz,,2023-Q1,318,,https://ark.intel.com/,1,high,
Intel,cpu,,Core,13th Generation Intel Core i3 Processors,desktop,Raptor Lake-S,,Core i3-13100F,Intel Core i3-13100F Processor,4,4,0,8,3.40 GHz,4.50 GHz,,5 MB,12 MB,58W,110W,Intel 7,FCLGA1700,1,5.0,20,Up to DDR5 4800 MT/s Up to DDR4 3200 MT/s,2,,192 GB,,,,,,,,2023-Q1,290,,https://ark.intel.com/,1,high,
Intel,cpu,,Core,13th Generation Intel Core i3 Processors,desktop,Raptor Lake-S,,Core i3-13100T,Intel Core i3-13100T Processor,4,4,0,8,2.50 GHz,4.20 GHz,,5 MB,12 MB,35W,69W,Intel 7,FCLGA1700,1,5.0,20,Up to DDR5 4800 MT/s Up to DDR4 3200 MT/s,2,,192 GB,,,,Intel UHD Graphics 730,,1.50 GHz,,2023-Q1,450,,https://ark.intel.com/,1,high,
Intel,cpu,,Core,13th Generation Intel Core i5 Processors,desktop,Raptor Lake-S,,Core i5-13400,Intel Core i5-13400 Processor,10,6,4,16,2.50 GHz,4.60 GHz,,9.5 MB,20 MB,65W,148W,Intel 7,FCLGA1700,1,5.0,20,Up to DDR5 4800 MT/s Up to DDR4 3200 MT/s,2,,192 GB,,,,Intel UHD Graphics 730,,1.55 GHz,,2023-Q1,,,https://ark.intel.com/,1,high,
Intel,cpu,,Core,13th Generation Intel Core i5 Processors,desktop,Raptor Lake-S,,Core i5-13400F,Intel Core i5-13400F Processor,10,6,4,16,2.50 GHz,4.60 GHz,,9.5 MB,20 MB,65W,148W,Intel 7,FCLGA1700,1,5.0,20,Up to DDR5 4800 MT/s Up to DDR4 3200 MT/s,2,,192 GB,,,,,,,,2023-Q1,,,https://ark.intel.com/,1,high,
Intel,cpu,,Core,13th Generation Intel Core i5 Processors,desktop,Raptor Lake-S,,Core i5-13400T,Intel Core i5-13400T Processor,10,6,4,16,1.30 GHz,4.40 GHz,,9.5 MB,20 MB,35W,82W,Intel 7,FCLGA1700,1,5.0,20,Up to DDR5 4800 MT/s Up to DDR4 3200 MT/s,2,,192 GB,,,,Intel UHD Graphics 730,,1.55 GHz,,2023-Q1,373,,https://ark.intel.com/,1,high,
Intel,cpu,,Core,13th Generation Intel Core i5 Processors,desktop,Raptor Lake-S,,Core i5-13500,Intel Core i5-13500 Processor,14,6,8,20,2.50 GHz,4.80 GHz,,11.5 MB,24 MB,65W,154W,Intel 7,FCLGA1700,1,5.0,20,Up to DDR5 4800 MT/s Up to DDR4 3200 MT/s,2,,192 GB,yes,,,Intel UHD Graphics 770,,1.55 GHz,,2023-Q1,422,,https://ark.intel.com/,1,high,
Intel,cpu,,Core,13th Generation Intel Core i5 Processors,desktop,Raptor Lake-S,,Core i5-13500T,Intel Core i5-13500T Processor,14,6,8,20,1.60 GHz,4.60 GHz,,11.5 MB,24 MB,35W,92W,Intel 7,FCLGA1700,1,5.0,20,Up to DDR5 4800 MT/s Up to DDR4 3200 MT/s,2,,192 GB,yes,,,Intel UHD Graphics 770,,1.55 GHz,,2023-Q1,345,,https://ark.intel.com/,1,high,
Intel,cpu,,Core,13th Generation Intel Core i5 Processors,desktop,Raptor Lake-S,,Core i5-13600,Intel Core i5-13600 Processor,14,6,8,20,2.70 GHz,5.00 GHz,,11.5 MB,24 MB,65W,154W,Intel 7,FCLGA1700,1,5.0,20,Up to DDR5 4800 MT/s Up to DDR4 3200 MT/s,2,,192 GB,yes,,,Intel UHD Graphics 770,,1.55 GHz,,2023-Q1,184,,https://ark.intel.com/,1,high,
Intel,cpu,,Core,13th Generation Intel Core i5 Processors,desktop,Raptor Lake-S,,Core i5-13600K,Intel Core i5-13600K Processor,14,6,8,20,3.50 GHz,5.10 GHz,,20 MB,24 MB,125W,181W,Intel 7,FCLGA1700,1,5.0,20,Up to DDR5 5600 MT/s Up to DDR4 3200 MT/s,2,,192 GB,yes,,,Intel UHD Graphics 770,,1.50 GHz,,2022-Q4,,,https://ark.intel.com/,1,high,
Intel,cpu,,Core,13th Generation Intel Core i5 Processors,desktop,Raptor Lake-S,,Core i5-13600KF,Intel Core i5-13600KF Processor,14,6,8,20,3.50 GHz,5.10 GHz,,20 MB,24 MB,125W,181W,Intel 7,FCLGA1700,1,5.0,20,Up to DDR5 5600 MT/s Up to DDR4 3200 MT/s,2,,192 GB,,,,,,,,2022-Q4,378,,https://ark.intel.com/,1,high,
Intel,cpu,,Core,13th Generation Intel Core i5 Processors,desktop,Raptor Lake-S,,Core i5-13600T,Intel Core i5-13600T Processor,14,6,8,20,1.80 GHz,4.80 GHz,,11.5 MB,24 MB,35W,92W,Intel 7,FCLGA1700,1,5.0,20,Up to DDR5 4800 MT/s Up to DDR4 3200 MT/s,2,,192 GB,yes,,,Intel UHD Graphics 770,,1.55 GHz,,2023-Q1,211,,https://ark.intel.com/,1,high,
Intel,cpu,,Core,13th Generation Intel Core i7 Processors,desktop,Raptor Lake-S,,Core i7-13700,Intel Core i7-13700 Processor,16,8,8,24,2.10 GHz,5.20 GHz,,24 MB,30 MB,65W,219W,Intel 7,FCLGA1700,1,5.0,20,Up to DDR5 5600 MT/s Up to DDR4 3200 MT/s,2,,192 GB,yes,,,Intel UHD Graphics 770,,1.60 GHz,,2023-Q1,,,https://ark.intel.com/,1,high,
Intel,cpu,,Core,13th Generation Intel Core i7 Processors,desktop,Raptor Lake-S,,Core i7-13700F,Intel Core i7-13700F Processor,16,8,8,24,2.10 GHz,5.20 GHz,,24 MB,30 MB,65W,219W,Intel 7,FCLGA1700,1,5.0,20,Up to DDR5 5600 MT/s Up to DDR4 3200 MT/s,2,,192 GB,,,,,,,,2023-Q1,,,https://ark.intel.com/,1,high,
Intel,cpu,,Core,13th Generation Intel Core i7 Processors,desktop,Raptor Lake-S,,Core i7-13700K,Intel Core i7-13700K Processor,16,8,8,24,3.40 GHz,5.40 GHz,,24 MB,30 MB,125W,253W,Intel 7,FCLGA1700,1,5.0,20,Up to DDR5 5600 MT/s Up to DDR4 3200 MT/s,2,,192 GB,yes,,,Intel UHD Graphics 770,,1.60 GHz,,2022-Q4,306,,https://ark.intel.com/,1,high,
Intel,cpu,,Core,13th Generation Intel Core i7 Processors,desktop,Raptor Lake-S,,Core i7-13700KF,Intel Core i7-13700KF Processor,16,8,8,24,3.40 GHz,5.40 GHz,,24 MB,30 MB,125W,253W,Intel 7,FCLGA1700,1,5.0,20,Up to DDR5 5600 MT/s Up to DDR4 3200 MT/s,2,,192 GB,,,,,,,,2022-Q4,544,,https://ark.intel.com/,1,high,
Intel,cpu,,Core,13th Generation Intel Core i7 Processors,desktop,Raptor Lake-S,,Core i7-13700T,Intel Core i7-13700T Processor,16,8,8,24,1.40 GHz,4.90 GHz,,24 MB,30 MB,35W,106W,Intel 7,FCLGA1700,1,5.0,20,Up to DDR5 5600 MT/s Up to DDR4 3200 MT/s,2,,192 GB,yes,,,Intel UHD Graphics 770,,1.60 GHz,,2023-Q1,378,,https://ark.intel.com/,1,high,
Intel,cpu,,Core,13th Generation Intel Core i9 Processors,desktop,Raptor Lake-S,,Core i9-13900,Intel Core i9-13900 Processor,24,8,16,32,2.00 GHz,5.60 GHz,,32 MB,36 MB,65W,219W,Intel 7,FCLGA1700,1,5.0,20,Up to DDR5 5600 MT/s Up to DDR4 3200 MT/s,2,,192 GB,yes,,,Intel UHD Graphics 770,,1.65 GHz,,2023-Q1,138,,https://ark.intel.com/,1,high,
Intel,cpu,,Core,13th Generation Intel Core i9 Processors,desktop,Raptor Lake-S,,Core i9-13900F,Intel Core i9-13900F Processor,24,8,16,32,2.00 GHz,5.60 GHz,,32 MB,36 MB,65W,219W,Intel 7,FCLGA1700,1,5.0,20,Up to DDR5 5600 MT/s Up to DDR4 3200 MT/s,2,,192 GB,,,,,,,,2023-Q1,134,,https://ark.intel.com/,1,high,
Intel,cpu,,Core,13th Generation Intel Core i9 Processors,desktop,Raptor Lake-S,,Core i9-13900K,Intel Core i9-13900K Processor,24,8,16,32,3.00 GHz,5.80 GHz,,32 MB,36 MB,125W,253W,Intel 7,FCLGA1700,1,5.0,20,Up to DDR5 5600 MT/s Up to DDR4 3200 MT/s,2,,192 GB,yes,,,Intel UHD Graphics 770,,1.65 GHz,,2022-Q4,,,https://ark.intel.com/,1,high,
Intel,cpu,,Core,13th Generation Intel Core i9 Processors,desktop,Raptor Lake-S,,Core i9-13900KF,Intel Core i9-13900KF Processor,24,8,16,32,3.00 GHz,5.80 GHz,,32 MB,36 MB,125W,253W,Intel 7,FCLGA1700,1,5.0,20,Up to DDR5 5600 MT/s Up to DDR4 3200 MT/s,2,,192 GB,,,,,,,,2022-Q4,107,,https://ark.intel.com/,1,high,
Intel,cpu,,Core,13th Generation Intel Core i9 Processors,desktop,Raptor Lake-S,,Core i9-13900KS,Intel Core i9-13900KS Processor,24,8,16,32,3.20 GHz,6.00 GHz,,32 MB,36 MB,150W,253W,Intel 7,FCLGA1700,1,5.0,20,Up to DDR5 5600 MT/s Up to DDR4 3200 MT/s,2,,192 GB,yes,,,Intel UHD Graphics 770,,1.65 GHz,,2023-Q1,,,https://ark.intel.com/,1,high,
Intel,cpu,,Core,13th Generation Intel Core i9 Processors,desktop,Raptor Lake-S,,Core i9-13900T,Intel Core i9-13900T Processor,24,8,16,32,1.10 GHz,5.30 GHz,,32 MB,36 MB,35W,106W,Intel 7,FCLGA1700,1,5.0,20,Up to DDR5 5600 MT/s Up to DDR4 3200 MT/s,2,,192 GB,yes,,,Intel UHD Graphics 770,,1.65 GHz,,2023-Q1,138,,https://ark.intel.com/,1,high,
Intel,cpu,,Core Ultra,Intel Core Ultra Processors (Series 2),desktop,Arrow Lake-S,,Core Ultra 5 225,Intel Core Ultra 5 Processor 225,10,6,4,10,3.30 GHz,4.90 GHz,,22 MB,20 MB,65W,121W,TSMC N3B,FCLGA1851,1,5.0,24,Up to DDR5 6400 MT/s,2,,256 GB,no,,,Intel Graphics,2,1.80 GHz,13,2025-Q1,,,https://ark.intel.com/,1,high,0 of the E-cores are low-power (LP E-cores)
Intel,cpu,,Core Ultra,Intel Core Ultra Processors (Series 2),desktop,Arrow Lake-S,,Core Ultra 5 225F,Intel Core Ultra 5 Processor 225F,10,6,4,10,3.30 GHz,4.90 GHz,,22 MB,20 MB,65W,121W,TSMC N3B,FCLGA1851,1,5.0,24,Up to DDR5 6400 MT/s,2,,256 GB,no,,,,0,,13,2025-Q1,,,https://ark.intel.com/,1,high,0 of the E-cores are low-power (LP E-cores)
Intel,cpu,,Core Ultra,Intel Core Ultra Processors (Series 2),desktop,Arrow Lake-S,,Core Ultra 5 225T,Intel Core Ultra 5 Processor 225T,10,6,4,10,2.50 GHz,4.90 GHz,,22 MB,20 MB,35W,114W,TSMC N3B,FCLGA1851,1,5.0,24,Up to DDR5 6400 MT/s,2,,256 GB,no,,,Intel Graphics,2,1.80 GHz,13,2025-Q1,,,https://ark.intel.com/,1,high,0 of the E-cores are low-power (LP E-cores)
Intel,cpu,,Core Ultra,Intel Core Ultra Processors (Series 2),desktop,Arrow Lake-S,,Core Ultra 5 235,Intel Core Ultra 5 Processor 235,14,6,8,14,3.40 GHz,5.00 GHz,,26 MB,24 MB,65W,121W,TSMC N3B,FCLGA1851,1,5.0,24,Up to DDR5 6400 MT/s,2,,256 GB,yes,,,Intel Graphics,3,2.00 GHz,13,2025-Q1,,,https://ark.intel.com/,1,high,0 of the E-cores are low-power (LP E-cores)
Intel,cpu,,Core Ultra,Intel Core Ultra Processors (Series 2),desktop,Arrow Lake-S,,Core Ultra 5 235A,Intel Core Ultra 5 Processor 235A,14,6,8,14,3.40 GHz,5.00 GHz,,26 MB,24 MB,65W,121W,TSMC N3B,FCLGA1851,1,5.0,24,Up to DDR5 6400 MT/s,2,,256 GB,yes,,,Intel Graphics,3,2.00 GHz,13,2025-Q3,,,https://ark.intel.com/,1,high,0 of the E-cores are low-power (LP E-cores)
Intel,cpu,,Core Ultra,Intel Core Ultra Processors (Series 2),desktop,Arrow Lake-S,,Core Ultra 5 235T,Intel Core Ultra 5 Processor 235T,14,6,8,14,2.20 GHz,5.00 GHz,,26 MB,24 MB,35W,114W,TSMC N3B,FCLGA1851,1,5.0,24,Up to DDR5 6400 MT/s,2,,256 GB,yes,,,Intel Graphics,3,2.00 GHz,13,2025-Q1,,,https://ark.intel.com/,1,high,0 of the E-cores are low-power (LP E-cores)
Intel,cpu,,Core Ultra,Intel Core Ultra Processors (Series 2),desktop,Arrow Lake-S,,Core Ultra 5 235TA,Intel Core Ultra 5 Processor 235TA,14,6,8,14,2.20 GHz,5.00 GHz,,26 MB,24 MB,35W,114W,TSMC N3B,FCLGA1851,1,5.0,24,Up to DDR5 6400 MT/s,2,,256 GB,yes,,,Intel Graphics,3,2.00 GHz,13,2025-Q3,,,https://ark.intel.com/,1,high,0 of the E-cores are low-power (LP E-cores)
Intel,cpu,,Core Ultra,Intel Core Ultra Processors (Series 2),desktop,Arrow Lake-S,,Core Ultra 5 245,Intel Core Ultra 5 Processor 245,14,6,8,14,3.50 GHz,5.10 GHz,,26 MB,24 MB,65W,121W,TSMC N3B,FCLGA1851,1,5.0,24,Up to DDR5 6400 MT/s,2,,256 GB,yes,,,Intel Graphics,4,1.90 GHz,13,2025-Q1,,,https://ark.intel.com/,1,high,0 of the E-cores are low-power (LP E-cores)
Intel,cpu,,Core Ultra,Intel Core Ultra Processors (Series 2),desktop,Arrow Lake-S,,Core Ultra 5 245K,Intel Core Ultra 5 Processor 245K,14,6,8,14,4.20 GHz,5.20 GHz,,26 MB,24 MB,125W,159W,TSMC N3B,FCLGA1851,1,5.0,24,Up to DDR5 6400 MT/s,2,,256 GB,yes,,,Intel Graphics,4,1.90 GHz,13,2024-Q4,,,https://ark.intel.com/,1,high,0 of the E-cores are low-power (LP E-cores)
Intel,cpu,,Core Ultra,Intel Core Ultra Processors (Series 2),desktop,Arrow Lake-S,,Core Ultra 5 245KF,Intel Core Ultra 5 Processor 245KF,14,6,8,14,4.20 GHz,5.20 GHz,,26 MB,24 MB,125W,159W,TSMC N3B,FCLGA1851,1,5.0,24,Up to DDR5 6400 MT/s,2,,256 GB,no,,,,0,,13,2024-Q4,,,https://ark.intel.com/,1,high,0 of the E-cores are low-power (LP E-cores)
Intel,cpu,,Core Ultra,Intel Core Ultra Processors (Series 2),desktop,Arrow Lake-S,,Core Ultra 5 245T,Intel Core Ultra 5 Processor 245T,14,6,8,14,2.20 GHz,5.10 GHz,,26 MB,24 MB,35W,114W,TSMC N3B,FCLGA1851,1,5.0,24,Up to DDR5 6400 MT/s,2,,256 GB,yes,,,Intel Graphics,4,1.90 GHz,13,2025-Q1,,,https://ark.intel.com/,1,high,0 of the E-cores are low-power (LP E-cores)
Intel,cpu,,Core Ultra,Intel Core Ultra Processors (Series 2),desktop,Arrow Lake-S,Lion Cove + Skymont,Core Ultra 5 processor 250K Plus,Intel Core Ultra 5 processor 250K Plus,18,6,12,18,4.20 GHz,5.30 GHz,,30 MB,30 MB,125W,159W,TSMC N3B,FCLGA1851,1,5.0,24,,2,,256 GB,yes,,,Intel Graphics,4,1.90 GHz,13,2026-Q1,,,https://ark.intel.com/,1,high,0 of the E-cores are low-power (LP E-cores)
Intel,cpu,,Core Ultra,Intel Core Ultra Processors (Series 2),desktop,Arrow Lake-S,Lion Cove + Skymont,Core Ultra 5 processor 250KF Plus,Intel Core Ultra 5 processor 250KF Plus,18,6,12,18,4.20 GHz,5.30 GHz,,30 MB,30 MB,125W,159W,TSMC N3B,FCLGA1851,1,5.0,24,,2,,256 GB,no,,,,0,,13,2026-Q1,,,https://ark.intel.com/,1,high,0 of the E-cores are low-power (LP E-cores)
Intel,cpu,,Core Ultra,Intel Core Ultra Processors (Series 2),desktop,Arrow Lake-S,,Core Ultra 7 265,Intel Core Ultra 7 Processor 265,20,8,12,20,2.40 GHz,5.30 GHz,,36 MB,30 MB,65W,182W,TSMC N3B,FCLGA1851,1,5.0,24,Up to DDR5 6400 MT/s,2,,256 GB,yes,,,Intel Graphics,4,1.95 GHz,13,2025-Q1,,,https://ark.intel.com/,1,high,0 of the E-cores are low-power (LP E-cores)
Intel,cpu,,Core Ultra,Intel Core Ultra Processors (Series 2),desktop,Arrow Lake-S,,Core Ultra 7 265F,Intel Core Ultra 7 Processor 265F,20,8,12,20,2.40 GHz,5.30 GHz,,36 MB,30 MB,65W,182W,TSMC N3B,FCLGA1851,1,5.0,24,Up to DDR5 6400 MT/s,2,,256 GB,no,,,,0,,13,2025-Q1,,,https://ark.intel.com/,1,high,0 of the E-cores are low-power (LP E-cores)
Intel,cpu,,Core Ultra,Intel Core Ultra Processors (Series 2),desktop,Arrow Lake-S,,Core Ultra 7 265K,Intel Core Ultra 7 Processor 265K,20,8,12,20,3.90 GHz,5.50 GHz,,36 MB,30 MB,125W,250W,TSMC N3B,FCLGA1851,1,5.0,24,Up to DDR5 6400 MT/s,2,,256 GB,yes,,,Intel Graphics,4,2.00 GHz,13,2024-Q4,,,https://ark.intel.com/,1,high,0 of the E-cores are low-power (LP E-cores)
Intel,cpu,,Core Ultra,Intel Core Ultra Processors (Series 2),desktop,Arrow Lake-S,,Core Ultra 7 265KF,Intel Core Ultra 7 Processor 265KF,20,8,12,20,3.90 GHz,5.50 GHz,,36 MB,30 MB,125W,250W,TSMC N3B,FCLGA1851,1,5.0,24,Up to DDR5 6400 MT/s,2,,256 GB,no,,,,0,,13,2024-Q4,,,https://ark.intel.com/,1,high,0 of the E-cores are low-power (LP E-cores)
Intel,cpu,,Core Ultra,Intel Core Ultra Processors (Series 2),desktop,Arrow Lake-S,,Core Ultra 7 265T,Intel Core Ultra 7 Processor 265T,20,8,12,20,1.50 GHz,5.30 GHz,,36 MB,30 MB,35W,112W,TSMC N3B,FCLGA1851,1,5.0,24,Up to DDR5 6400 MT/s,2,,256 GB,yes,,,Intel Graphics,4,1.95 GHz,13,2025-Q1,,,https://ark.intel.com/,1,high,0 of the E-cores are low-power (LP E-cores)
Intel,cpu,,Core Ultra,Intel Core Ultra Processors (Series 2),desktop,Arrow Lake-S,Lion Cove + Skymont,Core Ultra 7 processor 270K Plus,Intel Core Ultra 7 processor 270K Plus,24,8,16,24,3.70 GHz,5.50 GHz,,40 MB,36 MB,125W,250W,TSMC N3B,FCLGA1851,1,5.0,24,,2,,256 GB,yes,,,Intel Graphics,4,2.00 GHz,13,2026-Q1,,,https://ark.intel.com/,1,high,0 of the E-cores are low-power (LP E-cores)
Intel,cpu,,Core Ultra,Intel Core Ultra Processors (Series 2),desktop,Arrow Lake-S,,Core Ultra 9 285,Intel Core Ultra 9 Processor 285,24,8,16,24,2.50 GHz,5.60 GHz,,40 MB,36 MB,65W,182W,TSMC N3B,FCLGA1851,1,5.0,24,Up to DDR5 6400 MT/s,2,,256 GB,yes,,,Intel Graphics,4,2.00 GHz,13,2025-Q1,,,https://ark.intel.com/,1,high,0 of the E-cores are low-power (LP E-cores)
Intel,cpu,,Core Ultra,Intel Core Ultra Processors (Series 2),desktop,Arrow Lake-S,,Core Ultra 9 285K,Intel Core Ultra 9 Processor 285K,24,8,16,24,3.70 GHz,5.70 GHz,,40 MB,36 MB,125W,250W,TSMC N3B,FCLGA1851,1,5.0,24,Up to DDR5 6400 MT/s,2,,256 GB,yes,,,Intel Graphics,4,2.00 GHz,13,2024-Q4,,,https://ark.intel.com/,1,high,0 of the E-cores are low-power (LP E-cores)
Intel,cpu,,Core Ultra,Intel Core Ultra Processors (Series 2),desktop,Arrow Lake-S,,Core Ultra 9 285T,Intel Core Ultra 9 Processor 285T,24,8,16,24,1.40 GHz,5.40 GHz,,40 MB,36 MB,35W,112W,TSMC N3B,FCLGA1851,1,5.0,24,Up to DDR5 6400 MT/s,2,,256 GB,yes,,,Intel Graphics,4,2.00 GHz,13,2025-Q1,,,https://ark.intel.com/,1,high,0 of the E-cores are low-power (LP E-cores)
Intel,cpu,,Core,Intel Core i3 Processors (14th gen),desktop,Raptor Lake-S,Raptor Cove + Gracemont,Core i3 processor 14100,Intel Core i3 processor 14100,4,4,0,8,3.50 GHz,4.70 GHz,,5 MB,12 MB,60W,110W,Intel 7,FCLGA1700,1,5.0,20,Up to DDR5 4800 MT/s Up to DDR4 3200 MT/s,2,,192 GB,,,,Intel UHD Graphics 730,,1.50 GHz,,2024-Q1,,,https://ark.intel.com/,1,high,
Intel,cpu,,Core,Intel Core i3 Processors (14th gen),desktop,Raptor Lake-S,Raptor Cove + Gracemont,Core i3 processor 14100F,Intel Core i3 processor 14100F,4,4,0,8,3.50 GHz,4.70 GHz,,5 MB,12 MB,58W,110W,Intel 7,FCLGA1700,1,5.0,20,Up to DDR5 4800 MT/s Up to DDR4 3200 MT/s,2,,192 GB,,,,,,,,2024-Q1,,,https://ark.intel.com/,1,high,
Intel,cpu,,Core,Intel Core i3 Processors (14th gen),desktop,Raptor Lake-S,Raptor Cove + Gracemont,Core i3 processor 14100T,Intel Core i3 processor 14100T,4,4,0,8,2.70 GHz,4.40 GHz,,5 MB,12 MB,35W,69W,Intel 7,FCLGA1700,1,5.0,20,Up to DDR5 4800 MT/s Up to DDR4 3200 MT/s,2,,192 GB,,,,Intel UHD Graphics 730,,1.50 GHz,,2024-Q1,,,https://ark.intel.com/,1,high,
Intel,cpu,,Core,Intel Core i5 Processors (14th gen),desktop,Raptor Lake-S,Raptor Cove + Gracemont,Core i5 processor 14500,Intel Core i5 processor 14500,14,6,8,20,2.60 GHz,5.00 GHz,,11.5 MB,24 MB,65W,154W,Intel 7,FCLGA1700,1,5.0,20,Up to DDR5 4800 MT/s Up to DDR4 3200 MT/s,2,,192 GB,yes,,,Intel UHD Graphics 770,,1.55 GHz,,2024-Q1,,,https://ark.intel.com/,1,high,
Intel,cpu,,Core,Intel Core i5 Processors (14th gen),desktop,Raptor Lake-S,Raptor Cove + Gracemont,Core i5 processor 14500T,Intel Core i5 processor 14500T,14,6,8,20,1.70 GHz,4.80 GHz,,11.5 MB,24 MB,35W,92W,Intel 7,FCLGA1700,1,5.0,20,Up to DDR5 4800 MT/s Up to DDR4 3200 MT/s,2,,192 GB,yes,,,Intel UHD Graphics 770,,1.55 GHz,,2024-Q1,,,https://ark.intel.com/,1,high,
Intel,cpu,,Core,Intel Core i5 Processors (14th gen),desktop,Raptor Lake-S,Raptor Cove + Gracemont,Core i5 processor 14600,Intel Core i5 processor 14600,14,6,8,20,2.70 GHz,5.20 GHz,,20 MB,24 MB,65W,154W,Intel 7,FCLGA1700,1,5.0,20,Up to DDR5 5600 MT/s Up to DDR4 3200 MT/s,2,,192 GB,yes,,,Intel UHD Graphics 770,,1.55 GHz,,2024-Q1,,,https://ark.intel.com/,1,high,
Intel,cpu,,Core,Intel Core i5 Processors (14th gen),desktop,Raptor Lake-S,Raptor Cove + Gracemont,Core i5 processor 14600K,Intel Core i5 processor 14600K,14,6,8,20,3.50 GHz,5.30 GHz,,20 MB,24 MB,125W,181W,Intel 7,FCLGA1700,1,5.0,20,Up to DDR5 5600 MT/s Up to DDR4 3200 MT/s,2,,192 GB,yes,,,Intel UHD Graphics 770,,1.55 GHz,,2023-Q4,,,https://ark.intel.com/,1,high,
Intel,cpu,,Core,Intel Core i5 Processors (14th gen),desktop,Raptor Lake-S,Raptor Cove + Gracemont,Core i5 processor 14600KF,Intel Core i5 processor 14600KF,14,6,8,20,3.50 GHz,5.30 GHz,,20 MB,24 MB,125W,181W,Intel 7,FCLGA1700,1,5.0,20,Up to DDR5 5600 MT/s Up to DDR4 3200 MT/s,2,,192 GB,,,,,,,,2023-Q4,,,https://ark.intel.com/,1,high,
Intel,cpu,,Core,Intel Core i5 Processors (14th gen),desktop,Raptor Lake-S,Raptor Cove + Gracemont,Core i5 processor 14600T,Intel Core i5 processor 14600T,14,6,8,20,1.80 GHz,5.10 GHz,,20 MB,24 MB,35W,92W,Intel 7,FCLGA1700,1,5.0,20,Up to DDR5 5600 MT/s Up to DDR4 3200 MT/s,2,,192 GB,yes,,,Intel UHD Graphics 770,,1.55 GHz,,2024-Q1,,,https://ark.intel.com/,1,high,
Intel,cpu,,Core,Intel Core i5 processors (14th gen),desktop,Raptor Lake-S,Raptor Cove + Gracemont,Core i5 processor 14400,Intel Core i5 processor 14400,10,6,4,16,2.50 GHz,4.70 GHz,,9.5 MB,20 MB,65W,148W,Intel 7,FCLGA1700,1,5.0,20,Up to DDR5 4800 MT/s Up to DDR4 3200 MT/s,2,,192 GB,,,,Intel UHD Graphics 730,,1.55 GHz,,2024-Q1,,,https://ark.intel.com/,1,high,
Intel,cpu,,Core,Intel Core i5 processors (14th gen),desktop,Raptor Lake-S,Raptor Cove + Gracemont,Core i5 processor 14400F,Intel Core i5 processor 14400F,10,6,4,16,2.50 GHz,4.70 GHz,,9.5 MB,20 MB,65W,148W,Intel 7,FCLGA1700,1,5.0,20,Up to DDR5 4800 MT/s Up to DDR4 3200 MT/s,2,,192 GB,,,,,,,,2024-Q1,,,https://ark.intel.com/,1,high,
Intel,cpu,,Core,Intel Core i5 processors (14th gen),desktop,Raptor Lake-S,Raptor Cove + Gracemont,Core i5 processor 14400T,Intel Core i5 processor 14400T,10,6,4,16,1.50 GHz,4.50 GHz,,9.5 MB,20 MB,35W,82W,Intel 7,FCLGA1700,1,5.0,20,Up to DDR5 4800 MT/s Up to DDR4 3200 MT/s,2,,192 GB,,,,Intel UHD Graphics 730,,1.55 GHz,,2024-Q1,,,https://ark.intel.com/,1,high,
Intel,cpu,,Core,Intel Core i7 Processors (14th gen),desktop,Raptor Lake-S,Raptor Cove + Gracemont,Core i7 processor 14700,Intel Core i7 processor 14700,20,8,12,28,2.10 GHz,5.40 GHz,,28 MB,33 MB,65W,219W,Intel 7,FCLGA1700,1,5.0,20,Up to DDR5 5600 MT/s Up to DDR4 3200 MT/s,2,,192 GB,yes,,,Intel UHD Graphics 770,,1.60 GHz,,2024-Q1,,,https://ark.intel.com/,1,high,
Intel,cpu,,Core,Intel Core i7 Processors (14th gen),desktop,Raptor Lake-S,Raptor Cove + Gracemont,Core i7 processor 14700F,Intel Core i7 processor 14700F,20,8,12,28,2.10 GHz,5.40 GHz,,28 MB,33 MB,65W,219W,Intel 7,FCLGA1700,1,5.0,20,Up to DDR5 5600 MT/s Up to DDR4 3200 MT/s,2,,192 GB,,,,,,,,2024-Q1,,,https://ark.intel.com/,1,high,
Intel,cpu,,Core,Intel Core i7 Processors (14th gen),desktop,Raptor Lake-S,Raptor Cove + Gracemont,Core i7 processor 14700K,Intel Core i7 processor 14700K,20,8,12,28,3.40 GHz,5.60 GHz,,28 MB,33 MB,125W,253W,Intel 7,FCLGA1700,1,5.0,20,Up to DDR5 5600 MT/s Up to DDR4 3200 MT/s,2,,192 GB,yes,,,Intel UHD Graphics 770,,1.60 GHz,,2023-Q4,,,https://ark.intel.com/,1,high,
Intel,cpu,,Core,Intel Core i7 Processors (14th gen),desktop,Raptor Lake-S,Raptor Cove + Gracemont,Core i7 processor 14700KF,Intel Core i7 processor 14700KF,20,8,12,28,3.40 GHz,5.60 GHz,,28 MB,33 MB,125W,253W,Intel 7,FCLGA1700,1,5.0,20,Up to DDR5 5600 MT/s Up to DDR4 3200 MT/s,2,,192 GB,,,,,,,,2023-Q4,,,https://ark.intel.com/,1,high,
Intel,cpu,,Core,Intel Core i7 Processors (14th gen),desktop,Raptor Lake-S,Raptor Cove + Gracemont,Core i7 processor 14700T,Intel Core i7 processor 14700T,20,8,12,28,1.30 GHz,5.20 GHz,,28 MB,33 MB,35W,106W,Intel 7,FCLGA1700,1,5.0,20,Up to DDR5 5600 MT/s Up to DDR4 3200 MT/s,2,,192 GB,yes,,,Intel UHD Graphics 770,,1.60 GHz,,2024-Q1,,,https://ark.intel.com/,1,high,
Intel,cpu,,Core,Intel Core i9 Processors (14th gen),desktop,Raptor Lake-S,Raptor Cove + Gracemont,Core i9 processor 14900,Intel Core i9 processor 14900,24,8,16,32,2.00 GHz,5.80 GHz,,32 MB,36 MB,65W,219W,Intel 7,FCLGA1700,1,5.0,20,Up to DDR5 5600 MT/s Up to DDR4 3200 MT/s,2,,192 GB,yes,,,Intel UHD Graphics 770,,1.65 GHz,,2024-Q1,,,https://ark.intel.com/,1,high,
Intel,cpu,,Core,Intel Core i9 Processors (14th gen),desktop,Raptor Lake-S,Raptor Cove + Gracemont,Core i9 processor 14900F,Intel Core i9 processor 14900F,24,8,16,32,2.00 GHz,5.80 GHz,,32 MB,36 MB,65W,219W,Intel 7,FCLGA1700,1,5.0,20,Up to DDR5 5600 MT/s Up to DDR4 3200 MT/s,2,,192 GB,,,,,,,,2024-Q1,,,https://ark.intel.com/,1,high,
Intel,cpu,,Core,Intel Core i9 Processors (14th gen),desktop,Raptor Lake-S,Raptor Cove + Gracemont,Core i9 processor 14900K,Intel Core i9 processor 14900K,24,8,16,32,3.20 GHz,6.00 GHz,,32 MB,36 MB,125W,253W,Intel 7,FCLGA1700,1,5.0,20,Up to DDR5 5600 MT/s Up to DDR4 3200 MT/s,2,,192 GB,yes,,,Intel UHD Graphics 770,,1.65 GHz,,2023-Q4,,,https://ark.intel.com/,1,high,
Intel,cpu,,Core,Intel Core i9 Processors (14th gen),desktop,Raptor Lake-S,Raptor Cove + Gracemont,Core i9 processor 14900KF,Intel Core i9 processor 14900KF,24,8,16,32,3.20 GHz,6.00 GHz,,32 MB,36 MB,125W,253W,Intel 7,FCLGA1700,1,5.0,20,Up to DDR5 5600 MT/s Up to DDR4 3200 MT/s,2,,192 GB,,,,,,,,2023-Q4,,,https://ark.intel.com/,1,high,
Intel,cpu,,Core,Intel Core i9 Processors (14th gen),desktop,Raptor Lake-S,Raptor Cove + Gracemont,Core i9 processor 14900T,Intel Core i9 processor 14900T,24,8,16,32,1.10 GHz,5.50 GHz,,32 MB,36 MB,35W,106W,Intel 7,FCLGA1700,1,5.0,20,Up to DDR5 5600 MT/s Up to DDR4 3200 MT/s,2,,192 GB,yes,,,Intel UHD Graphics 770,,1.65 GHz,,2024-Q1,,,https://ark.intel.com/,1,high,
Intel,cpu,,Core,Intel Core i9 processors (14th gen),desktop,Raptor Lake-S,Raptor Cove + Gracemont,Core i9 processor 14900KS,Intel Core i9 processor 14900KS,24,8,16,32,3.20 GHz,6.20 GHz,,32 MB,36 MB,150W,253W,Intel 7,FCLGA1700,1,5.0,20,Up to DDR5 5600 MT/s Up to DDR4 3200 MT/s,2,,192 GB,yes,,,Intel UHD Graphics 770,,1.65 GHz,,2024-Q1,,,https://ark.intel.com/,1,high,
Intel,cpu,,Intel,Intel Processor for Desktop,desktop,Raptor Lake-S,Raptor Cove,Processor 300,Intel Processor 300,2,2,0,4,3.90 GHz,,,2.5 MB,6 MB,46W,,Intel 7,FCLGA1700,1,5.0,20,Up to DDR5 4800 MT/s Up to DDR4 3200 MT/s,2,,192 GB,,,,Intel UHD Graphics 710,,1.45 GHz,,2024-Q1,82,,https://ark.intel.com/,1,medium,codename medium-confidence (researched; ARK has no Code Name field)
Intel,cpu,,Intel,Intel Processor for Desktop,desktop,Raptor Lake-S,Raptor Cove,Processor 300T,Intel Processor 300T,2,2,0,4,3.40 GHz,,,2.5 MB,6 MB,35W,,Intel 7,FCLGA1700,1,5.0,20,Up to DDR5 4800 MT/s Up to DDR4 3200 MT/s,2,,192 GB,,,,Intel UHD Graphics 710,,1.45 GHz,,2024-Q1,82,,https://ark.intel.com/,1,medium,codename medium-confidence (researched; ARK has no Code Name field)
Intel,cpu,,Xeon,Intel Xeon D Processor,desktop,Ice Lake-D (D-27xx),,Xeon D-2739NT,Intel Xeon D-2739NT Processor,8,8,,16,2.50 GHz,3.50 GHz,,,15 MB,97W,,10 nm,FCBGA2579,1,4.0,32,DDR4,4,2933 MHz,1 TB,yes,,,,,,,2022-Q1,1063,,https://ark.intel.com/,1,high,
Intel,cpu,,Xeon,Intel Xeon W Processor,desktop,Skylake-W (W-3175X),,Xeon W-3175X,Intel Xeon W-3175X Processor,28,,,56,3.10 GHz,3.80 GHz,,,38.5 MB,255W,,14 nm,FCLGA3647,1,3.0,48,DDR4-2666,6,2666 MHz,512 GB,yes,,,,,,,2018-Q4,712,,https://ark.intel.com/,1,high,Discontinued
Intel,cpu,,Core,12th Generation Intel Core i5 Processors,mobile,Alder Lake-H,Golden Cove + Gracemont,Core i5-12500H,Intel Core i5-12500H Processor,12,4,8,16,,4.50 GHz,,,18 MB,45W,95W,Intel 7,FCBGA1744,,4,28,Up to DDR5 4800 MT/s Up to DDR4 3200 MT/s Up to LPDDR5 5200 MT/s Up to LPDDR4x 4267 MT/s,2,,64 GB,no,,,Intel Iris Xe Graphics eligible,,1.30 GHz,,2022-Q1,384,,https://ark.intel.com/,1,high,
Intel,cpu,,Core,12th Generation Intel Core i5 Processors,mobile,Alder Lake-H,Golden Cove + Gracemont,Core i5-12600H,Intel Core i5-12600H Processor,12,4,8,16,,4.50 GHz,,,18 MB,45W,95W,Intel 7,FCBGA1744,,4,28,Up to DDR5 4800 MT/s Up to DDR4 3200 MT/s Up to LPDDR5 5200 MT/s Up to LPDDR4x 4267 MT/s,2,,64 GB,no,,,Intel Iris Xe Graphics eligible,,1.40 GHz,,2022-Q1,490,,https://ark.intel.com/,1,high,
Intel,cpu,,Core,13th Generation Intel Core i3 Processors,mobile,Raptor Lake-U,Raptor Cove + Gracemont,Core i3-1305U,Intel Core i3-1305U Processor,5,1,4,6,,4.50 GHz,,,10 MB,15W,55W,Intel 7,FCBGA1744,,4,20,Up to DDR5 5200 MT/s Up to DDR4 3200 MT/s Up to LPDDR5/x 5200 MT/s Up to LPDDR4x 4267 MT/s,2,,96 GB,no,,,Intel UHD Graphics for 13th Gen Intel Processors,,1.25 GHz,,2023-Q1,,,https://ark.intel.com/,1,high,
Intel,cpu,,Core,13th Generation Intel Core i3 Processors,mobile,Raptor Lake-U,Raptor Cove + Gracemont,Core i3-1315U,Intel Core i3-1315U Processor,6,2,4,8,,4.50 GHz,,,10 MB,15W,55W,Intel 7,FCBGA1744,,4,20,Up to DDR5 5200 MT/s Up to DDR4 3200 MT/s Up to LPDDR5/x 5200 MT/s Up to LPDDR4x 4267 MT/s,2,,96 GB,no,,,Intel UHD Graphics for 13th Gen Intel Processors,,1.25 GHz,,2023-Q1,200,,https://ark.intel.com/,1,high,
Intel,cpu,,Core,13th Generation Intel Core i5 Processors,mobile,Raptor Lake-U,Raptor Cove + Gracemont,Core i5-1334U,Intel Core i5-1334U Processor,10,2,8,12,,4.60 GHz,,,12 MB,15W,55W,Intel 7,FCBGA1744,,4,20,Up to DDR5 5200 MT/s Up to DDR4 3200 MT/s Up to LPDDR5/x 5200MT/s Up to LPDDR4x 4267 MT/s,2,,96 GB,no,,,Intel Iris Xe Graphics eligible,,1.25 GHz,,2023-Q1,211,,https://ark.intel.com/,1,high,
Intel,cpu,,Core,13th Generation Intel Core i5 Processors,mobile,Raptor Lake-U,Raptor Cove + Gracemont,Core i5-1335U,Intel Core i5-1335U Processor,10,2,8,12,,4.60 GHz,,,12 MB,15W,55W,Intel 7,FCBGA1744,,4,20,Up to DDR5 5200 MT/s Up to DDR4 3200 MT/s Up to LPDDR5/x 6400 MT/s Up to LPDDR4x 4267 MT/s,2,,96 GB,no,,,Intel Iris Xe Graphics eligible,,1.25 GHz,,2023-Q1,,,https://ark.intel.com/,1,high,
Intel,cpu,,Core,13th Generation Intel Core i5 Processors,mobile,Raptor Lake-P,Raptor Cove + Gracemont,Core i5-1340P,Intel Core i5-1340P Processor,12,4,8,16,,4.60 GHz,,,12 MB,28W,64W,Intel 7,FCBGA1744,,4,20,Up to DDR5 5200 MT/s Up to DDR4 3200 MT/s Up to LPDDR5/x 6400 MT/s Up to LPDDR4x 4267 MT/s,2,,96 GB,no,,,Intel Iris Xe Graphics eligible,,1.45 GHz,,2023-Q1,,,https://ark.intel.com/,1,high,
Intel,cpu,,Core,13th Generation Intel Core i5 Processors,mobile,Raptor Lake-H,Raptor Cove + Gracemont,Core i5-13420H,Intel Core i5-13420H Processor,8,4,4,12,,4.60 GHz,,,12 MB,45W,115W,Intel 7,FCBGA1744,,5,28,Up to DDR5 5200 MT/s Up to DDR4 3200 MT/s Up to LPDDR5/x 5200 MT/s Up to LPDDR4x 4267 MT/s,2,,96 GB,no,,,Intel UHD Graphics for 13th Gen Intel Processors,,1.40 GHz,,2023-Q1,,,https://ark.intel.com/,1,high,
Intel,cpu,,Core,13th Generation Intel Core i5 Processors,mobile,Raptor Lake-HX,Raptor Cove + Gracemont,Core i5-13450HX,Intel Core i5-13450HX Processor,10,6,4,16,,4.60 GHz,,,20 MB,55W,157W,Intel 7,FCBGA1964,1,5.0,20,Up to DDR5 4800 MT/s Up to DDR4 3200 MT/s,2,,192 GB,,,,Intel UHD Graphics for 13th Gen Intel Processors,,1.45 GHz,,2023-Q1,,,https://ark.intel.com/,1,high,
Intel,cpu,,Core,13th Generation Intel Core i5 Processors,mobile,Raptor Lake-U,Raptor Cove + Gracemont,Core i5-1345U,Intel Core i5-1345U Processor,10,2,8,12,,4.70 GHz,,,12 MB,15W,55W,Intel 7,FCBGA1744,,4,20,Up to DDR5 5200 MT/s Up to DDR4 3200 MT/s Up to LPDDR5/x 6400 MT/s Up to LPDDR4x 4267 MT/s,2,,96 GB,no,,,Intel Iris Xe Graphics eligible,,1.25 GHz,,2023-Q1,,,https://ark.intel.com/,1,high,
Intel,cpu,,Core,13th Generation Intel Core i5 Processors,mobile,Raptor Lake-H,Raptor Cove + Gracemont,Core i5-13500H,Intel Core i5-13500H Processor,12,4,8,16,,4.70 GHz,,,18 MB,45W,115W,Intel 7,FCBGA1744,,5,28,Up to DDR5 5200 MT/s Up to DDR4 3200 MT/s Up to LPDDR4x 4267 MT/s,2,,96 GB,no,,,Intel Iris Xe Graphics eligible,,1.45 GHz,,2023-Q1,157,,https://ark.intel.com/,1,high,
Intel,cpu,,Core,13th Generation Intel Core i5 Processors,mobile,Raptor Lake-HX,Raptor Cove + Gracemont,Core i5-13500HX,Intel Core i5-13500HX Processor,14,6,8,20,,4.70 GHz,,,24 MB,55W,157W,Intel 7,FCBGA1964,1,5.0,20,Up to DDR5 4800 MT/s Up to DDR4 3200 MT/s,2,,192 GB,,,,Intel UHD Graphics for 13th Gen Intel Processors,,1.50 GHz,,2023-Q1,483,,https://ark.intel.com/,1,high,
Intel,cpu,,Core,13th Generation Intel Core i5 Processors,mobile,Raptor Lake-H,Raptor Cove + Gracemont,Core i5-13505H,Intel Core i5-13505H Processor,12,4,8,16,,4.70 GHz,,,18 MB,45W,115W,Intel 7,FCBGA1792,,5,,Up to DDR5 5200 MT/s Up to DDR4 3200 MT/s Up to LPDDR5/x 6400 MT/s Up to LPDDR4x 4267 MT/s,2,,64 GB,no,,,Intel Iris Xe Graphics eligible,,1.45 GHz,,2023-Q1,,,https://ark.intel.com/,1,high,
Intel,cpu,,Core,13th Generation Intel Core i5 Processors,mobile,Raptor Lake-P,Raptor Cove + Gracemont,Core i5-1350P,Intel Core i5-1350P Processor,12,4,8,16,,4.70 GHz,,,12 MB,28W,64W,Intel 7,FCBGA1744,,4,20,Up to DDR5 5200 MT/s Up to DDR4 3200 MT/s Up to LPDDR5/x 6400 MT/s Up to LPDDR4x 4267 MT/s,2,,96 GB,no,,,Intel Iris Xe Graphics eligible,,1.50 GHz,,2023-Q1,564,,https://ark.intel.com/,1,high,
Intel,cpu,,Core,13th Generation Intel Core i5 Processors,mobile,Raptor Lake-H,Raptor Cove + Gracemont,Core i5-13600H,Intel Core i5-13600H Processor,12,4,8,16,,4.80 GHz,,,18 MB,45W,115W,Intel 7,FCBGA1744,,5,28,Up to DDR5 5200 MT/s Up to DDR4 3200 MT/s Up to LPDDR5/x 6400 MT/s Up to LPDDR4x 4267 MT/s,2,,96 GB,no,,,Intel Iris Xe Graphics eligible,,1.50 GHz,,2023-Q1,233,,https://ark.intel.com/,1,high,
Intel,cpu,,Core,13th Generation Intel Core i5 Processors,mobile,Raptor Lake-HX,Raptor Cove + Gracemont,Core i5-13600HX,Intel Core i5-13600HX Processor,14,6,8,20,,4.80 GHz,,,24 MB,55W,157W,Intel 7,FCBGA1964,1,5.0,20,Up to DDR5 4800 MT/s Up to DDR4 3200 MT/s,2,,192 GB,yes,,,Intel UHD Graphics for 13th Gen Intel Processors,,1.50 GHz,,2023-Q1,,,https://ark.intel.com/,1,high,
Intel,cpu,,Core,13th Generation Intel Core i7 Processors,mobile,Raptor Lake-U,Raptor Cove + Gracemont,Core i7-1355U,Intel Core i7-1355U Processor,10,2,8,12,,5.00 GHz,,,12 MB,15W,55W,Intel 7,FCBGA1744,,4,20,Up to DDR5 5200 MT/s Up to DDR4 3200 MT/s Up to LPDDR5/x 6400 MT/s Up to LPDDR4x 4267 MT/s,2,,96 GB,no,,,Intel Iris Xe Graphics eligible,,1.30 GHz,,2023-Q1,,,https://ark.intel.com/,1,high,
Intel,cpu,,Core,13th Generation Intel Core i7 Processors,mobile,Raptor Lake-P,Raptor Cove + Gracemont,Core i7-1360P,Intel Core i7-1360P Processor,12,4,8,16,,5.00 GHz,,,18 MB,28W,64W,Intel 7,FCBGA1744,,4,20,Up to DDR5 5200 MT/s Up to DDR4 3200 MT/s Up to LPDDR5/x 6400 MT/s Up to LPDDR4x 4267 MT/s,2,,96 GB,no,,,Intel Iris Xe Graphics eligible,,1.50 GHz,,2023-Q1,,,https://ark.intel.com/,1,high,
Intel,cpu,,Core,13th Generation Intel Core i7 Processors,mobile,Raptor Lake-H,Raptor Cove + Gracemont,Core i7-13620H,Intel Core i7-13620H Processor,10,6,4,16,,4.90 GHz,,,24 MB,45W,115W,Intel 7,FCBGA1744,,5,28,Up to DDR5 5200 MT/s Up to DDR4 3200 MT/s Up to LPDDR5/x 5200 MT/s Up to LPDDR4x 4267 MT/s,2,,96 GB,no,,,Intel UHD Graphics for 13th Gen Intel Processors,,1.50 GHz,,2023-Q1,,,https://ark.intel.com/,1,high,
Intel,cpu,,Core,13th Generation Intel Core i7 Processors,mobile,Raptor Lake-HX,Raptor Cove + Gracemont,Core i7-13650HX,Intel Core i7-13650HX Processor,14,6,8,20,,4.90 GHz,,,24 MB,55W,157W,Intel 7,FCBGA1964,1,5.0,20,Up to DDR5 4800 MT/s Up to DDR4 3200 MT/s,2,,192 GB,,,,Intel UHD Graphics for 13th Gen Intel Processors,,1.55 GHz,,2023-Q1,328,,https://ark.intel.com/,1,high,
Intel,cpu,,Core,13th Generation Intel Core i7 Processors,mobile,Raptor Lake-U,Raptor Cove + Gracemont,Core i7-1365U,Intel Core i7-1365U Processor,10,2,8,12,,5.20 GHz,,,12 MB,15W,55W,Intel 7,FCBGA1744,,4,20,Up to DDR5 5200 MT/s Up to DDR4 3200 MT/s Up to LPDDR5/x 6400 MT/s Up to LPDDR4x 4267 MT/s,2,,96 GB,no,,,Intel Iris Xe Graphics eligible,,1.30 GHz,,2023-Q1,,,https://ark.intel.com/,1,high,
Intel,cpu,,Core,13th Generation Intel Core i7 Processors,mobile,Raptor Lake-H,Raptor Cove + Gracemont,Core i7-13700H,Intel Core i7-13700H Processor,14,6,8,20,,5.00 GHz,,,24 MB,45W,115W,Intel 7,FCBGA1744,,5,28,Up to DDR5 5200 MT/s Up to DDR4 3200 MT/s Up to LPDDR5/x 6400 MT/s Up to LPDDR4x 4267 MT/s,2,,96 GB,no,,,Intel Iris Xe Graphics eligible,,1.50 GHz,,2023-Q1,,,https://ark.intel.com/,1,high,
Intel,cpu,,Core,13th Generation Intel Core i7 Processors,mobile,Raptor Lake-HX,Raptor Cove + Gracemont,Core i7-13700HX,Intel Core i7-13700HX Processor,16,8,8,24,,5.00 GHz,,,30 MB,55W,157W,Intel 7,FCBGA1964,1,5.0,20,Up to DDR5 4800 MT/s Up to DDR4 3200 MT/s,2,,192 GB,,,,Intel UHD Graphics for 13th Gen Intel Processors,,1.55 GHz,,2023-Q1,,,https://ark.intel.com/,1,high,
Intel,cpu,,Core,13th Generation Intel Core i7 Processors,mobile,Raptor Lake-H,Raptor Cove + Gracemont,Core i7-13705H,Intel Core i7-13705H Processor,14,6,8,20,,5.00 GHz,,,24 MB,45W,115W,Intel 7,FCBGA1792,,5,,Up to DDR5 5200 MT/s Up to DDR4 3200 MT/s Up to LPDDR5/x 6400 MT/s Up to LPDDR4x 4267 MT/s,2,,64 GB,no,,,Intel Iris Xe Graphics eligible,,1.50 GHz,,2023-Q1,211,,https://ark.intel.com/,1,high,
Intel,cpu,,Core,13th Generation Intel Core i7 Processors,mobile,Raptor Lake-P,Raptor Cove + Gracemont,Core i7-1370P,Intel Core i7-1370P Processor,14,6,8,20,,5.20 GHz,,,24 MB,28W,64W,Intel 7,FCBGA1744,,4,20,Up to DDR5 5200 MT/s Up to DDR4 3200 MT/s Up to LPDDR5/x 6400 MT/s Up to LPDDR4x 4267 MT/s,2,,96 GB,no,,,Intel Iris Xe Graphics eligible,,1.50 GHz,,2023-Q1,169,,https://ark.intel.com/,1,high,
Intel,cpu,,Core,13th Generation Intel Core i7 Processors,mobile,Raptor Lake-H,Raptor Cove + Gracemont,Core i7-13800H,Intel Core i7-13800H Processor,14,6,8,20,,5.20 GHz,,,24 MB,45W,115W,Intel 7,FCBGA1744,,5,28,Up to DDR5 5200 MT/s Up to DDR4 3200 MT/s Up to LPDDR5/x 6400 MT/s Up to LPDDR4x 4267 MT/s,2,,96 GB,no,,,Intel Iris Xe Graphics eligible,,1.50 GHz,,2023-Q1,421,,https://ark.intel.com/,1,high,
Intel,cpu,,Core,13th Generation Intel Core i7 Processors,mobile,Raptor Lake-HX,Raptor Cove + Gracemont,Core i7-13850HX,Intel Core i7-13850HX Processor,20,8,12,28,,5.30 GHz,,,30 MB,55W,157W,Intel 7,FCBGA1964,1,5.0,20,Up to DDR5 5600 MT/s Up to DDR4 3200 MT/s,2,,192 GB,yes,,,Intel UHD Graphics for 13th Gen Intel Processors,,1.60 GHz,,2023-Q1,464,,https://ark.intel.com/,1,high,
Intel,cpu,,Core,13th Generation Intel Core i9 Processors,mobile,Raptor Lake-H,Raptor Cove + Gracemont,Core i9-13900H,Intel Core i9-13900H Processor,14,6,8,20,,5.40 GHz,,,24 MB,45W,115W,Intel 7,FCBGA1744,,5,28,Up to DDR5 5200 MT/s Up to DDR4 3200 MT/s Up to LPDDR5/x 6400 MT/s Up to LPDDR4x 4267 MT/s,2,,96 GB,no,,,Intel Iris Xe Graphics eligible,,1.50 GHz,,2023-Q1,,,https://ark.intel.com/,1,high,
Intel,cpu,,Core,13th Generation Intel Core i9 Processors,mobile,Raptor Lake-H,Raptor Cove + Gracemont,Core i9-13900HK,Intel Core i9-13900HK Processor,14,6,8,20,,5.40 GHz,,,24 MB,45W,115W,Intel 7,FCBGA1744,,5,28,Up to DDR5 5200 MT/s Up to DDR4 3200 MT/s Up to LPDDR5/x 6400 MT/s Up to LPDDR4x 4267 MT/s,2,,96 GB,no,,,Intel Iris Xe Graphics eligible,,1.50 GHz,,2023-Q1,173,,https://ark.intel.com/,1,high,
Intel,cpu,,Core,13th Generation Intel Core i9 Processors,mobile,Raptor Lake-HX,Raptor Cove + Gracemont,Core i9-13900HX,Intel Core i9-13900HX Processor,24,8,16,32,,5.40 GHz,,,36 MB,55W,157W,Intel 7,FCBGA1964,1,5.0,20,Up to DDR5 5600 MT/s Up to DDR4 3200 MT/s,2,,192 GB,,,,Intel UHD Graphics for 13th Gen Intel Processors,,1.65 GHz,,2023-Q1,,,https://ark.intel.com/,1,high,
Intel,cpu,,Core,13th Generation Intel Core i9 Processors,mobile,Raptor Lake-H,Raptor Cove + Gracemont,Core i9-13905H,Intel Core i9-13905H Processor,14,6,8,20,,5.40 GHz,,,24 MB,45W,115W,Intel 7,FCBGA1792,,5,,Up to DDR5 5200 MT/s Up to DDR4 3200 MT/s Up to LPDDR5/x 6400 MT/s Up to LPDDR4x 4267 MT/s,2,,64 GB,no,,,Intel Iris Xe Graphics eligible,,1.50 GHz,,2023-Q1,,,https://ark.intel.com/,1,high,
Intel,cpu,,Core,13th Generation Intel Core i9 Processors,mobile,Raptor Lake-HX,Raptor Cove + Gracemont,Core i9-13950HX,Intel Core i9-13950HX Processor,24,8,16,32,,5.50 GHz,,,36 MB,55W,157W,Intel 7,FCBGA1964,1,5.0,20,Up to DDR5 5600 MT/s Up to DDR4 3200 MT/s,2,,192 GB,yes,,,Intel UHD Graphics for 13th Gen Intel Processors,,1.65 GHz,,2023-Q1,134,,https://ark.intel.com/,1,high,
Intel,cpu,,Core,13th Generation Intel Core i9 Processors,mobile,Raptor Lake-HX,Raptor Cove + Gracemont,Core i9-13980HX,Intel Core i9-13980HX Processor,24,8,16,32,,5.60 GHz,,,36 MB,55W,157W,Intel 7,FCBGA1964,1,5.0,20,Up to DDR5 5600 MT/s Up to DDR4 3200 MT/s,2,,192 GB,,,,Intel UHD Graphics for 13th Gen Intel Processors,,1.65 GHz,,2023-Q1,,,https://ark.intel.com/,1,high,
Intel,cpu,,Intel,Intel Arc G3 Processor Series,mobile,Panther Lake,Cougar Cove + Darkmont,Arc G3,Intel Arc G3 Processor,14,2,12,14,1.90 GHz,4.60 GHz,,,12 MB,25W,80W,Intel 18A,FCBGA2540,,5.0,12,Up to LPDDR5X 8533 MT/s,2,,96 GB,,,,Intel Arc B370 GPU,10,2.20 GHz,46,2026-Q2,,,https://ark.intel.com/,1,high,4 of the E-cores are low-power (LP E-cores)
Intel,cpu,,Intel,Intel Arc G3 Processor Series,mobile,Panther Lake,Cougar Cove + Darkmont,Arc G3 Extreme,Intel Arc G3 Extreme Processor,14,2,12,14,1.90 GHz,4.70 GHz,,,12 MB,25W,80W,Intel 18A,FCBGA2540,,5.0,12,Up to LPDDR5X 8533 MT/s,2,,96 GB,,,,Intel Arc B390 GPU,12,2.30 GHz,46,2026-Q2,,,https://ark.intel.com/,1,high,4 of the E-cores are low-power (LP E-cores)
Intel,cpu,,Atom,Intel Atom Processor X Series,mobile,SoFIA,SoFIA (Silvermont-based),Atom x3-C3200RK,Intel Atom x3-C3200RK Processor,4,,,,,1.10 GHz,,,1 MB,,,28 nm,,,,,1x32 LPDDR2/3 1066 2x16 DDR3L 1333,1,,2 GB,,,,,,,,2015-Q1,,,https://ark.intel.com/,1,high,Discontinued
Intel,cpu,,Atom,Intel Atom Processor X Series,mobile,SoFIA,SoFIA (Silvermont-based),Atom x3-C3205RK,Intel Atom x3-C3205RK Processor,4,,,,,1.20 GHz,,,1 MB,,,28 nm,VF2BGA361,,,,1x32 LPDDR2/3 1066 2x16 DDR3L 1333,1,,2 GB,,,,,,,,2016-Q4,,,https://ark.intel.com/,1,high,Discontinued
Intel,cpu,,Atom,Intel Atom Processor X Series,mobile,SoFIA,SoFIA (Silvermont-based),Atom x3-C3230RK,Intel Atom x3-C3230RK Processor,4,,,,,1.10 GHz,,,1 MB,,,28 nm,,,,,1x32 LPDDR2/3 1066 2x16 DDR3L 1333,1,,2 GB,,,,,,,,2015-Q1,,,https://ark.intel.com/,1,high,Discontinued
Intel,cpu,,Atom,Intel Atom Processor X Series,mobile,SoFIA,SoFIA (Silvermont-based),Atom x3-C3235RK,Intel Atom x3-C3235RK Processor,4,,,,,1.20 GHz,,,1 MB,,,28 nm,VF2BGA361,,,,1x32 LPDDR2/3 1066 2x16 DDR3L 1333,1,,2 GB,,,,,,,,2015-Q4,,,https://ark.intel.com/,1,high,Discontinued
Intel,cpu,,Atom,Intel Atom Processor X Series,mobile,SoFIA,SoFIA (Silvermont-based),Atom x3-C3265RK,Intel Atom x3-C3265RK Processor,4,,,,,,,,1 MB,,,28 nm,VF2BGA361,,,,1x32 LPDDR2/3 1066 2x16 DDR3L 1333,1,,2 GB,,,,,,,,2016-Q4,,,https://ark.intel.com/,1,high,Discontinued
Intel,cpu,,Atom,Intel Atom Processor X Series,mobile,SoFIA,SoFIA (Silvermont-based),Atom x3-C3295RK,Intel Atom x3-C3295RK Processor,4,,,,,,,,1 MB,,,28 nm,VF2BGA361,,,,1x32 LPDDR2/3 1066 2x16 DDR3L 1333,1,,2 GB,,,,,,,,2016-Q4,,,https://ark.intel.com/,1,high,Discontinued
Intel,cpu,,Atom,Intel Atom Processor X Series,mobile,SoFIA,SoFIA (Silvermont-based),Atom x3-C3405,Intel Atom x3-C3405 Processor,4,,,,1.20 GHz,1.40 GHz,,,1 MB,,,28 nm,,,,,1x32 LPDDR2/3 1066,1,,2 GB,,,,,,,,2015-Q1,,,https://ark.intel.com/,1,high,Announced
Intel,cpu,,Atom,Intel Atom Processor X Series,mobile,SoFIA,SoFIA (Silvermont-based),Atom x3-C3445,Intel Atom x3-C3445 Processor,4,,,,1.20 GHz,1.40 GHz,,,1 MB,,,28 nm,,,,,1x32 LPDDR2/3 1066,1,,2 GB,,,,,,,,2015-Q1,,,https://ark.intel.com/,1,high,Discontinued
Intel,cpu,,Atom,Intel Atom Processor X Series,mobile,Cherry Trail,Airmont,Atom x5-Z8300,Intel Atom x5-Z8300 Processor,4,,,,1.44 GHz,1.84 GHz,,,2 MB,,,14 nm,UTFCBGA592,,2.0,1,DDR3L-RS 1600,1,,2 GB,,,,,,,,2015-Q2,,,https://ark.intel.com/,1,high,Discontinued
Intel,cpu,,Atom,Intel Atom Processor X Series,mobile,Cherry Trail,Airmont,Atom x5-Z8330,Intel Atom x5-Z8330 Processor,4,,,,1.44 GHz,1.92 GHz,,,2 MB,,,14 nm,,,2.0,1,DDR3L-RS 1600,1,,2 GB,,,,,,,,2016-Q1,,,https://ark.intel.com/,1,high,Discontinued
Intel,cpu,,Atom,Intel Atom Processor X Series,mobile,Cherry Trail,Airmont,Atom x5-Z8350,Intel Atom x5-Z8350 Processor,4,,,,1.44 GHz,1.92 GHz,,,2 MB,,,14 nm,UTFCBGA592,,2.0,1,DDR3L-RS 1600,1,,2 GB,,,,,,0.50 GHz,,2016-Q1,,,https://ark.intel.com/,1,high,Discontinued
Intel,cpu,,Atom,Intel Atom Processor X Series,mobile,Cherry Trail,Airmont,Atom x5-Z8500,Intel Atom x5-Z8500 Processor,4,,,,1.44 GHz,2.24 GHz,,,2 MB,,,14 nm,UTFCBGA1380,,2.0,2,LPDDR3 1600,2,,8 GB,,,,,,,,2015-Q1,,,https://ark.intel.com/,1,high,Discontinued
Intel,cpu,,Atom,Intel Atom Processor X Series,mobile,Cherry Trail,Airmont,Atom x5-Z8550,Intel Atom x5-Z8550 Processor,4,,,,1.44 GHz,2.40 GHz,,,2 MB,,,14 nm,UTFCBGA1380,,2.0,2,LPDDR3 1600,2,,8 GB,,,,,,0.60 GHz,,2016-Q1,32,,https://ark.intel.com/,1,high,Discontinued
Intel,cpu,,Atom,Intel Atom Processor X Series,mobile,Cherry Trail,Airmont,Atom x7-Z8700,Intel Atom x7-Z8700 Processor,4,,,,1.60 GHz,2.40 GHz,,,2 MB,,,14 nm,UTFCBGA1380,,2.0,2,LPDDR3 1600,2,,8 GB,,,,,,,,2015-Q1,,,https://ark.intel.com/,1,high,Discontinued
Intel,cpu,,Atom,Intel Atom Processor X Series,mobile,Cherry Trail,Airmont,Atom x7-Z8750,Intel Atom x7-Z8750 Processor,4,,,,1.60 GHz,2.56 GHz,,,2 MB,,,14 nm,UTFCBGA1380,,2.0,2,LPDDR3 1600,2,,8 GB,,,,,,0.60 GHz,,2016-Q1,45,,https://ark.intel.com/,1,high,Discontinued
Intel,cpu,,Core,Intel Core Processor N-series,mobile,Twin Lake,,Core 3 N350,Intel Core 3 Processor N350,8,,,8,,3.90 GHz,,,6 MB,7W,,Intel 7,FCBGA1264,,,9,DDR4 3200 MT/s DDR5 4800 MT/s LPDDR5 4800 MT/s,1,4800 MHz,16 GB,no,,,Intel Graphics,,1.35 GHz,,2025-Q1,363,,https://ark.intel.com/,1,high,
Intel,cpu,,Core,Intel Core Processor N-series,mobile,Twin Lake,,Core 3 N355,Intel Core 3 Processor N355,8,,,8,,3.90 GHz,,,6 MB,15W,,Intel 7,FCBGA1264,,,9,DDR4 3200 MT/s DDR5 4800 MT/s LPDDR5 4800 MT/s,1,4800 MHz,16 GB,no,,,Intel Graphics,,1.35 GHz,,2025-Q1,498,,https://ark.intel.com/,1,high,
Intel,cpu,,Core,Intel Core Processor N-series,mobile,Alder Lake-N,,Core i3-N300,Intel Core i3-N300 Processor,8,,,8,,3.80 GHz,,,6 MB,7W,,Intel 7,FCBGA1264,,,9,DDR4 3200 MT/s DDR5 4800 MT/s LPDDR5 4800 MT/s,1,4800 MHz,16 GB,no,,,Intel UHD Graphics,,1.25 GHz,,2023-Q1,234,,https://ark.intel.com/,1,high,
Intel,cpu,,Core,Intel Core Processor N-series,mobile,Alder Lake-N,,Core i3-N305,Intel Core i3-N305 Processor,8,,,8,,3.80 GHz,,,6 MB,15W,,Intel 7,FCBGA1264,,,9,DDR4 3200 MT/s DDR5 4800 MT/s LPDDR5 4800 MT/s,1,4800 MHz,16 GB,no,,,Intel UHD Graphics,,1.25 GHz,,2023-Q1,538,,https://ark.intel.com/,1,high,
Intel,cpu,,Core Ultra,Intel Core Ultra Processors (Series 2),mobile,Arrow Lake-H,,Core Ultra 5 225H,Intel Core Ultra 5 Processor 225H,14,4,10,14,1.70 GHz,4.90 GHz,,,18 MB,28W,115W,TSMC N3B,FCBGA2049,,5.0,28,Up to LPDDR5/X 8400 MT/sUp to DDR5 6400 MT/s,2,,128 GB,no,,,Intel Arc 130T GPU,7,2.20 GHz,13,2025-Q1,,,https://ark.intel.com/,1,high,2 of the E-cores are low-power (LP E-cores)
Intel,cpu,,Core Ultra,Intel Core Ultra Processors (Series 2),mobile,Arrow Lake-U,,Core Ultra 5 225U,Intel Core Ultra 5 Processor 225U,12,2,10,14,1.50 GHz,4.80 GHz,,,12 MB,15W,57W,Intel 3,FCBGA2049,,4.0,20,Up to LPDDR5/X 8400 MT/sUp to DDR5 6400 MT/s,2,,128 GB,no,,,Intel Graphics,4,2.00 GHz,12,2025-Q1,,,https://ark.intel.com/,1,high,2 of the E-cores are low-power (LP E-cores)
Intel,cpu,,Core Ultra,Intel Core Ultra Processors (Series 2),mobile,Lunar Lake,,Core Ultra 5 226V,Intel Core Ultra 5 Processor 226V,8,4,4,8,2.10 GHz,4.50 GHz,,,8 MB,17W,37W,TSMC N3B,FCBGA2833,,5.0,8,Up to LPDDR5X 8533 MT/s,2,,16 GB,,,,Intel Arc 130V GPU,7,1.85 GHz,40,2024-Q3,,,https://ark.intel.com/,1,high,4 of the E-cores are low-power (LP E-cores)
Intel,cpu,,Core Ultra,Intel Core Ultra Processors (Series 2),mobile,Lunar Lake,,Core Ultra 5 228V,Intel Core Ultra 5 Processor 228V,8,4,4,8,2.10 GHz,4.50 GHz,,,8 MB,17W,37W,TSMC N3B,FCBGA2833,,5.0,8,Up to LPDDR5X 8533 MT/s,2,,32 GB,,,,Intel Arc 130V GPU,7,1.85 GHz,40,2024-Q3,,,https://ark.intel.com/,1,high,4 of the E-cores are low-power (LP E-cores)
Intel,cpu,,Core Ultra,Intel Core Ultra Processors (Series 2),mobile,Arrow Lake-H,,Core Ultra 5 235H,Intel Core Ultra 5 Processor 235H,14,4,10,14,2.40 GHz,5.00 GHz,,,18 MB,28W,115W,TSMC N3B,FCBGA2049,,5.0,28,Up to LPDDR5/X 8400 MT/sUp to DDR5 6400 MT/s,2,,128 GB,no,,,Intel Arc 140T GPU,8,2.25 GHz,13,2025-Q1,,,https://ark.intel.com/,1,high,2 of the E-cores are low-power (LP E-cores)
Intel,cpu,,Core Ultra,Intel Core Ultra Processors (Series 2),mobile,Arrow Lake-HX,,Core Ultra 5 235HX,Intel Core Ultra 5 Processor 235HX,14,6,8,14,2.90 GHz,5.10 GHz,,26 MB,24 MB,55W,160W,TSMC N3B,FCBGA2114,,5.0,24,Up to DDR5 6400 MT/s,2,,256 GB,no,,,Intel Graphics,3,1.80 GHz,13,2025-Q1,,,https://ark.intel.com/,1,high,0 of the E-cores are low-power (LP E-cores)
Intel,cpu,,Core Ultra,Intel Core Ultra Processors (Series 2),mobile,Arrow Lake-U,,Core Ultra 5 235U,Intel Core Ultra 5 Processor 235U,12,2,10,14,2.00 GHz,4.90 GHz,,,12 MB,15W,57W,Intel 3,FCBGA2049,,4.0,20,Up to LPDDR5/X 8400 MT/sUp to DDR5 6400 MT/s,2,,128 GB,no,,,Intel Graphics,4,2.05 GHz,12,2025-Q1,,,https://ark.intel.com/,1,high,2 of the E-cores are low-power (LP E-cores)
Intel,cpu,,Core Ultra,Intel Core Ultra Processors (Series 2),mobile,Arrow Lake-S,,Core Ultra 5 235UA,Intel Core Ultra 5 Processor 235UA,10,2,8,12,2.00 GHz,4.90 GHz,,,12 MB,15W,57W,Intel 3,,,4.0,20,Up to LPDDR5/X 8400 MT/sUp to DDR5 6400 MT/s,2,,128 GB,no,,,Intel Graphics,4,2.05 GHz,12,2025-Q3,,,https://ark.intel.com/,1,high,2 of the E-cores are low-power (LP E-cores)
Intel,cpu,,Core Ultra,Intel Core Ultra Processors (Series 2),mobile,Lunar Lake,,Core Ultra 5 236V,Intel Core Ultra 5 Processor 236V,8,4,4,8,2.10 GHz,4.70 GHz,,,8 MB,17W,37W,TSMC N3B,FCBGA2833,,5.0,8,Up to LPDDR5X 8533 MT/s,2,,16 GB,,,,Intel Arc 130V GPU,7,1.85 GHz,40,2024-Q3,,,https://ark.intel.com/,1,high,4 of the E-cores are low-power (LP E-cores)
Intel,cpu,,Core Ultra,Intel Core Ultra Processors (Series 2),mobile,Lunar Lake,,Core Ultra 5 238V,Intel Core Ultra 5 Processor 238V,8,4,4,8,2.10 GHz,4.70 GHz,,,8 MB,17W,37W,TSMC N3B,FCBGA2833,,5.0,8,Up to LPDDR5X 8533 MT/s,2,,32 GB,,,,Intel Arc 130V GPU,7,1.85 GHz,40,2024-Q3,,,https://ark.intel.com/,1,high,4 of the E-cores are low-power (LP E-cores)
Intel,cpu,,Core Ultra,Intel Core Ultra Processors (Series 2),mobile,Arrow Lake-HX,,Core Ultra 5 245HX,Intel Core Ultra 5 Processor 245HX,14,6,8,14,3.10 GHz,5.10 GHz,,26 MB,24 MB,55W,160W,TSMC N3B,FCBGA2114,,5.0,24,Up to DDR5 6400 MT/s,2,,256 GB,yes,,,Intel Graphics,3,1.90 GHz,13,2025-Q1,,,https://ark.intel.com/,1,high,0 of the E-cores are low-power (LP E-cores)
Intel,cpu,,Core Ultra,Intel Core Ultra Processors (Series 2),mobile,Arrow Lake-H,,Core Ultra 7 255H,Intel Core Ultra 7 Processor 255H,16,6,10,16,2.00 GHz,5.10 GHz,,,24 MB,28W,115W,TSMC N3B,FCBGA2049,,5.0,28,Up to LPDDR5/X 8400 MT/sUp to DDR5 6400 MT/s,2,,128 GB,no,,,Intel Arc 140T GPU,8,2.25 GHz,13,2025-Q1,,,https://ark.intel.com/,1,high,2 of the E-cores are low-power (LP E-cores)
Intel,cpu,,Core Ultra,Intel Core Ultra Processors (Series 2),mobile,Arrow Lake-HX,,Core Ultra 7 255HX,Intel Core Ultra 7 Processor 255HX,20,8,12,20,2.40 GHz,5.20 GHz,,36 MB,30 MB,55W,160W,TSMC N3B,FCBGA2114,,5.0,24,Up to DDR5 6400 MT/s,2,,256 GB,no,,,Intel Graphics,4,1.85 GHz,13,2025-Q1,,,https://ark.intel.com/,1,high,0 of the E-cores are low-power (LP E-cores)
Intel,cpu,,Core Ultra,Intel Core Ultra Processors (Series 2),mobile,Arrow Lake-U,,Core Ultra 7 255U,Intel Core Ultra 7 Processor 255U,12,2,10,14,2.00 GHz,5.20 GHz,,,12 MB,15W,57W,Intel 3,FCBGA2049,,4.0,20,Up to LPDDR5/X 8400 MT/sUp to DDR5 6400 MT/s,2,,128 GB,no,,,Intel Graphics,4,2.10 GHz,12,2025-Q1,,,https://ark.intel.com/,1,high,2 of the E-cores are low-power (LP E-cores)
Intel,cpu,,Core Ultra,Intel Core Ultra Processors (Series 2),mobile,Lunar Lake,,Core Ultra 7 256V,Intel Core Ultra 7 Processor 256V,8,4,4,8,2.20 GHz,4.80 GHz,,,12 MB,17W,37W,TSMC N3B,FCBGA2833,,5.0,8,Up to LPDDR5X 8533 MT/s,2,,16 GB,,,,Intel Arc 140V GPU,8,1.95 GHz,47,2024-Q3,,,https://ark.intel.com/,1,high,4 of the E-cores are low-power (LP E-cores)
Intel,cpu,,Core Ultra,Intel Core Ultra Processors (Series 2),mobile,Lunar Lake,,Core Ultra 7 258V,Intel Core Ultra 7 Processor 258V,8,4,4,8,2.20 GHz,4.80 GHz,,,12 MB,17W,37W,TSMC N3B,FCBGA2833,,5.0,8,Up to LPDDR5X 8533 MT/s,2,,32 GB,,,,Intel Arc 140V GPU,8,1.95 GHz,47,2024-Q3,,,https://ark.intel.com/,1,high,4 of the E-cores are low-power (LP E-cores)
Intel,cpu,,Core Ultra,Intel Core Ultra Processors (Series 2),mobile,Arrow Lake-H,,Core Ultra 7 265H,Intel Core Ultra 7 Processor 265H,16,6,10,16,2.20 GHz,5.30 GHz,,,24 MB,28W,115W,TSMC N3B,FCBGA2049,,5.0,28,Up to LPDDR5/X 8400 MT/sUp to DDR5 6400 MT/s,2,,128 GB,no,,,Intel Arc 140T GPU,8,2.30 GHz,13,2025-Q1,,,https://ark.intel.com/,1,high,2 of the E-cores are low-power (LP E-cores)
Intel,cpu,,Core Ultra,Intel Core Ultra Processors (Series 2),mobile,Arrow Lake-HX,,Core Ultra 7 265HX,Intel Core Ultra 7 Processor 265HX,20,8,12,20,2.60 GHz,5.30 GHz,,36 MB,30 MB,55W,160W,TSMC N3B,FCBGA2114,,5.0,24,Up to DDR5 6400 MT/s,2,,256 GB,yes,,,Intel Graphics,4,1.90 GHz,13,2025-Q1,,,https://ark.intel.com/,1,high,0 of the E-cores are low-power (LP E-cores)
Intel,cpu,,Core Ultra,Intel Core Ultra Processors (Series 2),mobile,Arrow Lake-U,,Core Ultra 7 265U,Intel Core Ultra 7 Processor 265U,12,2,10,14,2.10 GHz,5.30 GHz,,,12 MB,15W,57W,Intel 3,FCBGA2049,,4.0,20,Up to LPDDR5/X 8400 MT/sUp to DDR5 6400 MT/s,2,,128 GB,no,,,Intel Graphics,4,2.10 GHz,12,2025-Q1,,,https://ark.intel.com/,1,high,2 of the E-cores are low-power (LP E-cores)
Intel,cpu,,Core Ultra,Intel Core Ultra Processors (Series 2),mobile,Lunar Lake,,Core Ultra 7 266V,Intel Core Ultra 7 Processor 266V,8,4,4,8,2.20 GHz,5.00 GHz,,,12 MB,17W,37W,TSMC N3B,FCBGA2833,,5.0,8,Up to LPDDR5X 8533 MT/s,2,,16 GB,,,,Intel Arc 140V GPU,8,2.00 GHz,48,2024-Q3,,,https://ark.intel.com/,1,high,4 of the E-cores are low-power (LP E-cores)
Intel,cpu,,Core Ultra,Intel Core Ultra Processors (Series 2),mobile,Lunar Lake,,Core Ultra 7 268V,Intel Core Ultra 7 Processor 268V,8,4,4,8,2.20 GHz,5.00 GHz,,,12 MB,17W,37W,TSMC N3B,FCBGA2833,,5.0,8,Up to LPDDR5X 8533 MT/s,2,,32 GB,,,,Intel Arc 140V GPU,8,2.00 GHz,48,2024-Q3,,,https://ark.intel.com/,1,high,4 of the E-cores are low-power (LP E-cores)
Intel,cpu,,Core Ultra,Intel Core Ultra Processors (Series 2),mobile,Arrow Lake-HX,Lion Cove + Skymont,Core Ultra 7 processor 251HX,Intel Core Ultra 7 processor 251HX,18,6,12,18,2.90 GHz,5.10 GHz,,30 MB,30 MB,55W,160W,TSMC N3B,FCBGA2114,,5.0,24,,2,,256 GB,no,,,Intel Graphics,3,1.80 GHz,13,2026-Q1,,,https://ark.intel.com/,1,high,0 of the E-cores are low-power (LP E-cores)
Intel,cpu,,Core Ultra,Intel Core Ultra Processors (Series 2),mobile,Arrow Lake-HX,Lion Cove + Skymont,Core Ultra 7 processor 270HX Plus,Intel Core Ultra 7 processor 270HX Plus,20,8,12,20,2.40 GHz,5.30 GHz,,36 MB,30 MB,55W,160W,TSMC N3B,FCBGA2114,,5.0,24,,2,,256 GB,no,,,Intel Graphics,4,1.90 GHz,13,2026-Q1,,,https://ark.intel.com/,1,high,0 of the E-cores are low-power (LP E-cores)
Intel,cpu,,Core Ultra,Intel Core Ultra Processors (Series 2),mobile,Arrow Lake-HX,,Core Ultra 9 275HX,Intel Core Ultra 9 Processor 275HX,24,8,16,24,2.70 GHz,5.40 GHz,,40 MB,36 MB,55W,160W,TSMC N3B,FCBGA2114,,5.0,24,Up to DDR5 6400 MT/s,2,,256 GB,no,,,Intel Graphics,4,1.90 GHz,13,2025-Q1,,,https://ark.intel.com/,1,high,0 of the E-cores are low-power (LP E-cores)
Intel,cpu,,Core Ultra,Intel Core Ultra Processors (Series 2),mobile,Arrow Lake-H,,Core Ultra 9 285H,Intel Core Ultra 9 Processor 285H,16,6,10,16,2.90 GHz,5.40 GHz,,,24 MB,45W,115W,TSMC N3B,FCBGA2049,,5.0,28,Up to LPDDR5/X 8400 MT/sUp to DDR5 6400 MT/s,2,,128 GB,no,,,Intel Arc 140T GPU,8,2.35 GHz,13,2025-Q1,,,https://ark.intel.com/,1,high,2 of the E-cores are low-power (LP E-cores)
Intel,cpu,,Core Ultra,Intel Core Ultra Processors (Series 2),mobile,Arrow Lake-HX,,Core Ultra 9 285HX,Intel Core Ultra 9 Processor 285HX,24,8,16,24,2.80 GHz,5.50 GHz,,40 MB,36 MB,55W,160W,TSMC N3B,FCBGA2114,,5.0,24,Up to DDR5 6400 MT/s,2,,256 GB,yes,,,Intel Graphics,4,2.00 GHz,13,2025-Q1,,,https://ark.intel.com/,1,high,0 of the E-cores are low-power (LP E-cores)
Intel,cpu,,Core Ultra,Intel Core Ultra Processors (Series 2),mobile,Lunar Lake,,Core Ultra 9 288V,Intel Core Ultra 9 Processor 288V,8,4,4,8,3.30 GHz,5.10 GHz,,,12 MB,30W,37W,TSMC N3B,FCBGA2833,,5.0,8,Up to LPDDR5X 8533 MT/s,2,,32 GB,,,,Intel Arc 140V GPU,8,2.05 GHz,48,2024-Q3,,,https://ark.intel.com/,1,high,4 of the E-cores are low-power (LP E-cores)
Intel,cpu,,Core Ultra,Intel Core Ultra Processors (Series 2),mobile,Arrow Lake-HX,Lion Cove + Skymont,Core Ultra 9 processor 290HX Plus,Intel Core Ultra 9 processor 290HX Plus,24,8,16,24,2.70 GHz,5.50 GHz,,40 MB,36 MB,55W,160W,TSMC N3B,FCBGA2114,,5.0,24,,2,,256 GB,no,,,Intel Graphics,4,2.00 GHz,13,2026-Q1,,,https://ark.intel.com/,1,high,0 of the E-cores are low-power (LP E-cores)
Intel,cpu,,Core Ultra,Intel Core Ultra Series 3 processors,mobile,Panther Lake,,Core Ultra 5 322,Intel Core Ultra 5 Processor 322,6,2,4,6,2.50 GHz,4.40 GHz,,,12 MB,25W,55W,Intel 18A,FCBGA2540,,5.0,12,,2,,128 GB,,,,Intel Graphics,2,2.30 GHz,46,2026-Q1,,,https://ark.intel.com/,1,high,4 of the E-cores are low-power (LP E-cores)
Intel,cpu,,Core Ultra,Intel Core Ultra Series 3 processors,mobile,Panther Lake,,Core Ultra 5 325,Intel Core Ultra 5 Processor 325,8,4,4,8,2.10 GHz,4.50 GHz,,,12 MB,25W,55W,Intel 18A,FCBGA2540,,5.0,12,,2,,128 GB,,,,Intel Graphics,4,2.45 GHz,47,2026-Q1,,,https://ark.intel.com/,1,high,4 of the E-cores are low-power (LP E-cores)
Intel,cpu,,Core Ultra,Intel Core Ultra Series 3 processors,mobile,Panther Lake,,Core Ultra 5 332,Intel Core Ultra 5 Processor 332,6,2,4,6,2.50 GHz,4.40 GHz,,,12 MB,25W,55W,Intel 18A,FCBGA2540,,5.0,12,,2,,128 GB,,,,Intel Graphics,2,2.30 GHz,46,2026-Q1,,,https://ark.intel.com/,1,high,4 of the E-cores are low-power (LP E-cores)
Intel,cpu,,Core Ultra,Intel Core Ultra Series 3 processors,mobile,Panther Lake,,Core Ultra 5 335,Intel Core Ultra 5 Processor 335,8,4,4,8,2.20 GHz,4.60 GHz,,,12 MB,25W,55W,Intel 18A,FCBGA2540,,5.0,12,,2,,128 GB,,,,Intel Graphics,4,2.45 GHz,47,2026-Q1,,,https://ark.intel.com/,1,high,4 of the E-cores are low-power (LP E-cores)
Intel,cpu,,Core Ultra,Intel Core Ultra Series 3 processors,mobile,Panther Lake High Power,,Core Ultra 5 336H,Intel Core Ultra 5 Processor 336H,12,4,8,12,1.90 GHz,4.60 GHz,,,18 MB,25W,65W,Intel 18A,FCBGA2540,,5.0,20,,2,,128 GB,,,,Intel Graphics,4,2.30 GHz,47,2026-Q1,,,https://ark.intel.com/,1,high,4 of the E-cores are low-power (LP E-cores)
Intel,cpu,,Core Ultra,Intel Core Ultra Series 3 processors,mobile,Panther Lake High Power,,Core Ultra 5 338H,Intel Core Ultra 5 Processor 338H,12,4,8,12,1.90 GHz,4.70 GHz,,,18 MB,25W,65W,Intel 18A,FCBGA2540,,5.0,12,,2,,96 GB,,,,Intel Arc B370 GPU,10,2.40 GHz,47,2026-Q1,,,https://ark.intel.com/,1,high,4 of the E-cores are low-power (LP E-cores)
Intel,cpu,,Core Ultra,Intel Core Ultra Series 3 processors,mobile,Panther Lake,,Core Ultra 7 355,Intel Core Ultra 7 Processor 355,8,4,4,8,2.30 GHz,4.70 GHz,,,12 MB,25W,55W,Intel 18A,FCBGA2540,,5.0,12,,2,,128 GB,,,,Intel Graphics,4,2.50 GHz,49,2026-Q1,,,https://ark.intel.com/,1,high,4 of the E-cores are low-power (LP E-cores)
Intel,cpu,,Core Ultra,Intel Core Ultra Series 3 processors,mobile,Panther Lake High Power,,Core Ultra 7 356H,Intel Core Ultra 7 Processor 356H,16,4,12,16,1.90 GHz,4.70 GHz,,,18 MB,25W,80W,Intel 18A,FCBGA2540,,5.0,20,,2,,128 GB,,,,Intel Graphics,4,2.45 GHz,50,2026-Q1,,,https://ark.intel.com/,1,high,4 of the E-cores are low-power (LP E-cores)
Intel,cpu,,Core Ultra,Intel Core Ultra Series 3 processors,mobile,Panther Lake,,Core Ultra 7 365,Intel Core Ultra 7 Processor 365,8,4,4,8,2.40 GHz,4.80 GHz,,,12 MB,25W,55W,Intel 18A,FCBGA2540,,5.0,12,,2,,128 GB,,,,Intel Graphics,4,2.50 GHz,49,2026-Q1,,,https://ark.intel.com/,1,high,4 of the E-cores are low-power (LP E-cores)
Intel,cpu,,Core Ultra,Intel Core Ultra Series 3 processors,mobile,Panther Lake High Power,,Core Ultra 7 366H,Intel Core Ultra 7 Processor 366H,16,4,12,16,2.00 GHz,4.80 GHz,,,18 MB,25W,80W,Intel 18A,FCBGA2540,,5.0,20,,2,,128 GB,,,,Intel Graphics,4,2.50 GHz,50,2026-Q1,,,https://ark.intel.com/,1,high,4 of the E-cores are low-power (LP E-cores)
Intel,cpu,,Core Ultra,Intel Core Ultra Series 3 processors,mobile,Panther Lake High Power,,Core Ultra 9 386H,Intel Core Ultra 9 Processor 386H,16,4,12,16,2.10 GHz,4.90 GHz,,,18 MB,25W,80W,Intel 18A,FCBGA2540,,5.0,20,Up to LPDDR5X 9600MT/s,2,,128 GB,,,,Intel Graphics,4,2.50 GHz,50,2026-Q1,,,https://ark.intel.com/,1,high,4 of the E-cores are low-power (LP E-cores)
Intel,cpu,,Core Ultra,Intel Core Ultra Series 3 processors,mobile,Panther Lake High Power,,Core Ultra X7 358H,Intel Core Ultra X7 Processor 358H,16,4,12,16,1.90 GHz,4.80 GHz,,,18 MB,25W,80W,Intel 18A,FCBGA2540,,5.0,12,Up to LPDDR5X 9600 MT/s,2,,96 GB,,,,Intel Arc B390 GPU,12,2.50 GHz,50,2026-Q1,,,https://ark.intel.com/,1,high,4 of the E-cores are low-power (LP E-cores)
Intel,cpu,,Core Ultra,Intel Core Ultra Series 3 processors,mobile,Panther Lake High Power,,Core Ultra X7 368H,Intel Core Ultra X7 Processor 368H,16,4,12,16,2.00 GHz,5.00 GHz,,,18 MB,25W,80W,Intel 18A,FCBGA2540,,5.0,12,Up to LPDDR5X 9600 MT/s,2,,96 GB,,,,Intel Arc B390 GPU,12,2.50 GHz,50,2026-Q1,,,https://ark.intel.com/,1,high,4 of the E-cores are low-power (LP E-cores)
Intel,cpu,,Core Ultra,Intel Core Ultra Series 3 processors,mobile,Panther Lake High Power,,Core Ultra X9 388H,Intel Core Ultra X9 Processor 388H,16,4,12,16,2.10 GHz,5.10 GHz,,,18 MB,25W,80W,Intel 18A,FCBGA2540,,5.0,12,Up to LPDDR5X 9600 MT/s,2,,96 GB,,,,Intel Arc B390 GPU,12,2.50 GHz,50,2026-Q1,,,https://ark.intel.com/,1,high,4 of the E-cores are low-power (LP E-cores)
Intel,cpu,,Core Ultra,Intel Core Ultra Series 3 processors,mobile,Panther Lake,Cougar Cove + Darkmont,Core Ultra X9 processor 378H,Intel Core Ultra X9 processor 378H,16,4,12,16,2.00 GHz,5.00 GHz,,,18 MB,25W,80W,Intel 18A,FCBGA2540,,5.0,12,,2,,96 GB,,,,Intel Arc B390 GPU,12,2.50 GHz,50,2026-Q1,,,https://ark.intel.com/,1,high,4 of the E-cores are low-power (LP E-cores)
Intel,cpu,,Core Ultra,Intel Core Ultra processors (Series 1),mobile,Meteor Lake-H,,Core Ultra 5 125H,Intel Core Ultra 5 Processor 125H,14,4,10,18,1.20 GHz,4.50 GHz,,,18 MB,28W,115W,Intel 4,FCBGA2049,,5.0,28,Up to LPDDR5/X 7467 MT/sUp to DDR5 5600 MT/s,2,,96 GB,no,,,Intel Arc graphics,7,2.20 GHz,11,2023-Q4,,,https://ark.intel.com/,1,high,2 of the E-cores are low-power (LP E-cores)
Intel,cpu,,Core Ultra,Intel Core Ultra processors (Series 1),mobile,Meteor Lake-U,,Core Ultra 5 125U,Intel Core Ultra 5 Processor 125U,12,2,10,14,1.30 GHz,4.30 GHz,,,12 MB,15W,57W,Intel 4,FCBGA2049,,4.0,20,Up to LPDDR5/X 7467 MT/sUp to DDR5 5600 MT/s,2,,96 GB,no,,,Intel Graphics,4,1.85 GHz,11,2023-Q4,,,https://ark.intel.com/,1,high,2 of the E-cores are low-power (LP E-cores)
Intel,cpu,,Core Ultra,Intel Core Ultra processors (Series 1),mobile,Meteor Lake-U,,Core Ultra 5 134U,Intel Core Ultra 5 Processor 134U,12,2,10,14,0.70 GHz,4.40 GHz,,,12 MB,9W,30W,Intel 4,FCBGA2551,,4.0,12,Up to LPDDR5/X 6400 MT/s,2,,64 GB,no,,,Intel Graphics,4,1.75 GHz,11,2023-Q4,,,https://ark.intel.com/,1,high,2 of the E-cores are low-power (LP E-cores)
Intel,cpu,,Core Ultra,Intel Core Ultra processors (Series 1),mobile,Meteor Lake-H,,Core Ultra 5 135H,Intel Core Ultra 5 Processor 135H,14,4,10,18,1.70 GHz,4.60 GHz,,,18 MB,28W,115W,Intel 4,FCBGA2049,,5.0,28,Up to LPDDR5/X 7467 MT/sUp to DDR5 5600 MT/s,2,,96 GB,no,,,Intel Arc graphics,8,2.20 GHz,11,2023-Q4,,,https://ark.intel.com/,1,high,2 of the E-cores are low-power (LP E-cores)
Intel,cpu,,Core Ultra,Intel Core Ultra processors (Series 1),mobile,Meteor Lake-U,,Core Ultra 5 135U,Intel Core Ultra 5 Processor 135U,12,2,10,14,1.60 GHz,4.40 GHz,,,12 MB,15W,57W,Intel 4,FCBGA2049,,4.0,20,Up to LPDDR5/X 7467 MT/sUp to DDR5 5600 MT/s,2,,96 GB,no,,,Intel Graphics,4,1.90 GHz,11,2023-Q4,,,https://ark.intel.com/,1,high,2 of the E-cores are low-power (LP E-cores)
Intel,cpu,,Core Ultra,Intel Core Ultra processors (Series 1),mobile,Meteor Lake-H,,Core Ultra 7 155H,Intel Core Ultra 7 Processor 155H,16,6,10,22,1.40 GHz,4.80 GHz,,,24 MB,28W,115W,Intel 4,FCBGA2049,,5.0,28,Up to LPDDR5/X 7467 MT/sUp to DDR5 5600 MT/s,2,,96 GB,no,,,Intel Arc graphics,8,2.25 GHz,11,2023-Q4,,,https://ark.intel.com/,1,high,2 of the E-cores are low-power (LP E-cores)
Intel,cpu,,Core Ultra,Intel Core Ultra processors (Series 1),mobile,Meteor Lake-U,,Core Ultra 7 155U,Intel Core Ultra 7 Processor 155U,12,2,10,14,1.70 GHz,4.80 GHz,,,12 MB,15W,57W,Intel 4,FCBGA2049,,4.0,20,Up to LPDDR5/X 7467 MT/sUp to DDR5 5600 MT/s,2,,96 GB,no,,,Intel Graphics,4,1.95 GHz,11,2023-Q4,,,https://ark.intel.com/,1,high,2 of the E-cores are low-power (LP E-cores)
Intel,cpu,,Core Ultra,Intel Core Ultra processors (Series 1),mobile,Meteor Lake-U,,Core Ultra 7 164U,Intel Core Ultra 7 Processor 164U,12,2,10,14,1.10 GHz,4.80 GHz,,,12 MB,9W,30W,Intel 4,FCBGA2551,,4.0,12,Up to LPDDR5/X 6400 MT/s,2,,64 GB,no,,,Intel Graphics,4,1.80 GHz,11,2023-Q4,,,https://ark.intel.com/,1,high,2 of the E-cores are low-power (LP E-cores)
Intel,cpu,,Core Ultra,Intel Core Ultra processors (Series 1),mobile,Meteor Lake-H,,Core Ultra 7 165H,Intel Core Ultra 7 Processor 165H,16,6,10,22,1.40 GHz,5.00 GHz,,,24 MB,28W,115W,Intel 4,FCBGA2049,,5.0,28,Up to LPDDR5/X 7467 MT/sUp to DDR5 5600 MT/s,2,,96 GB,no,,,Intel Arc graphics,8,2.30 GHz,11,2023-Q4,,,https://ark.intel.com/,1,high,2 of the E-cores are low-power (LP E-cores)
Intel,cpu,,Core Ultra,Intel Core Ultra processors (Series 1),mobile,Meteor Lake-U,,Core Ultra 7 165U,Intel Core Ultra 7 Processor 165U,12,2,10,14,1.70 GHz,4.90 GHz,,,12 MB,15W,57W,Intel 4,FCBGA2049,,4.0,20,Up to LPDDR5/X 7467 MT/sUp to DDR5 5600 MT/s,2,,96 GB,no,,,Intel Graphics,4,2.00 GHz,11,2023-Q4,,,https://ark.intel.com/,1,high,2 of the E-cores are low-power (LP E-cores)
Intel,cpu,,Core Ultra,Intel Core Ultra processors (Series 1),mobile,Meteor Lake-H,,Core Ultra 9 185H,Intel Core Ultra 9 Processor 185H,16,6,10,22,2.30 GHz,5.10 GHz,,,24 MB,45W,115W,Intel 4,FCBGA2049,,5.0,28,Up to LPDDR5/X 7467 MT/sUp to DDR5 5600 MT/s,2,,96 GB,no,,,Intel Arc graphics,8,2.35 GHz,11,2023-Q4,,,https://ark.intel.com/,1,high,2 of the E-cores are low-power (LP E-cores)
Intel,cpu,,Core,Intel Core i5 Processors (14th gen),mobile,Raptor Lake-HX,Raptor Cove + Gracemont,Core i5 processor 14450HX,Intel Core i5 processor 14450HX,10,6,4,16,2.40 GHz,4.80 GHz,,,20 MB,55W,157W,Intel 7,FCBGA1964,1,5.0,20,Up to DDR5 5600 MT/s Up to DDR4 3200 MT/s,2,,192 GB,,,,Intel UHD Graphics for 14th Gen Intel Processors,,1.50 GHz,,2024-Q1,,,https://ark.intel.com/,1,high,
Intel,cpu,,Core,Intel Core i5 Processors (14th gen),mobile,Raptor Lake-HX,Raptor Cove + Gracemont,Core i5 processor 14500HX,Intel Core i5 processor 14500HX,14,6,8,20,2.60 GHz,4.90 GHz,,,24 MB,55W,157W,Intel 7,FCBGA1964,1,5.0,20,Up to DDR5 5600 MT/s Up to DDR4 3200 MT/s,2,,192 GB,,,,Intel UHD Graphics for 14th Gen Intel Processors,,1.55 GHz,,2024-Q1,,,https://ark.intel.com/,1,high,
Intel,cpu,,Core,Intel Core i7 Processors (14th gen),mobile,Raptor Lake-HX,Raptor Cove + Gracemont,Core i7 processor 14700HX,Intel Core i7 processor 14700HX,20,8,12,28,2.10 GHz,5.50 GHz,,,33 MB,55W,157W,Intel 7,FCBGA1964,1,5.0,20,Up to DDR5 5600 MT/s Up to DDR4 3200 MT/s,2,,192 GB,,,,Intel UHD Graphics for 14th Gen Intel Processors,,1.60 GHz,,2024-Q1,,,https://ark.intel.com/,1,high,
Intel,cpu,,Core,Intel Core i7 processors (14th gen),mobile,Raptor Lake-HX,Raptor Cove + Gracemont,Core i7 processor 14650HX,Intel Core i7 processor 14650HX,16,8,8,24,2.20 GHz,5.20 GHz,,,30 MB,55W,157W,Intel 7,FCBGA1964,1,5.0,20,Up to DDR5 5600 MT/s Up to DDR4 3200 MT/s,2,,192 GB,,,,Intel UHD Graphics for 14th Gen Intel Processors,,1.60 GHz,,2024-Q1,,,https://ark.intel.com/,1,high,
Intel,cpu,,Core,Intel Core i9 Processors (14th gen),mobile,Raptor Lake-HX,Raptor Cove + Gracemont,Core i9 processor 14900HX,Intel Core i9 processor 14900HX,24,8,16,32,2.20 GHz,5.80 GHz,,,36 MB,55W,157W,Intel 7,FCBGA1964,1,5.0,20,Up to DDR5 5600 MT/s Up to DDR4 3200 MT/s,2,,192 GB,,,,Intel UHD Graphics for 14th Gen Intel Processors,,1.65 GHz,,2024-Q1,,,https://ark.intel.com/,1,high,
Intel,cpu,,Core,Intel Core processors (Series 1),mobile,Raptor Lake-U,Raptor Cove + Gracemont,Core 3 processor 100U,Intel Core 3 processor 100U,6,2,4,8,1.20 GHz,4.70 GHz,,,10 MB,15W,55W,Intel 7,FCBGA1744,,4,20,Up to DDR5 5200 MT/sUp to DDR4 3200 MT/sUp to LPDDR5/X 5200 MT/sUp to LPDDR4X 4267 MT/s,2,,96 GB,no,,,Intel Graphics,,1.25 GHz,,2024-Q1,,,https://ark.intel.com/,1,high,0 of the E-cores are low-power (LP E-cores)
Intel,cpu,,Core,Intel Core processors (Series 1),mobile,Raptor Lake-U,Raptor Cove + Gracemont,Core 5 processor 120U,Intel Core 5 processor 120U,10,2,8,12,1.40 GHz,5.00 GHz,,,12 MB,15W,55W,Intel 7,FCBGA1744,,4,20,Up to DDR5 5200 MT/sUp to DDR4 3200 MT/sUp to LPDDR5/X 5200 MT/sUp to LPDDR4X 4267 MT/s,2,,96 GB,no,,,Intel Graphics,,1.30 GHz,,2024-Q1,,,https://ark.intel.com/,1,high,0 of the E-cores are low-power (LP E-cores)
Intel,cpu,,Core,Intel Core processors (Series 1),mobile,Raptor Lake-U,Raptor Cove + Gracemont,Core 7 processor 150U,Intel Core 7 processor 150U,10,2,8,12,1.80 GHz,5.40 GHz,,,12 MB,15W,55W,Intel 7,FCBGA1744,,4,20,Up to DDR5 5200 MT/sUp to DDR4 3200 MT/sUp to LPDDR5/X 5200 MT/sUp to LPDDR4X 4267 MT/s,2,,96 GB,no,,,Intel Graphics,,1.30 GHz,,2024-Q1,,,https://ark.intel.com/,1,high,0 of the E-cores are low-power (LP E-cores)
Intel,cpu,,Core,Intel Core processors (Series 2),mobile,Raptor Lake-H,Raptor Cove + Gracemont,Core 5 processor 210H,Intel Core 5 processor 210H,8,4,4,12,2.20 GHz,4.80 GHz,,,12 MB,45W,115W,Intel 7,FCBGA1744,,5,28,Up to DDR5 5200 MT/sUp to DDR4 3200 MT/sUp to LPDDR5/X 5200 MT/sUp to LPDDR4X 4267 MT/s,2,,96 GB,no,,,Intel Graphics,,1.40 GHz,,2024-Q4,,,https://ark.intel.com/,1,high,0 of the E-cores are low-power (LP E-cores)
Intel,cpu,,Core,Intel Core processors (Series 2),mobile,Raptor Lake-H,Raptor Cove + Gracemont,Core 5 processor 220H,Intel Core 5 processor 220H,12,4,8,16,2.70 GHz,4.90 GHz,,,18 MB,45W,115W,Intel 7,FCBGA1744,,5,28,Up to DDR5 5200 MT/sUp to DDR4 3200 MT/sUp to LPDDR5/X 6400 MT/sUp to LPDDR4X 4267 MT/s,2,,96 GB,no,,,Intel Graphics,,1.50 GHz,,2024-Q4,,,https://ark.intel.com/,1,high,0 of the E-cores are low-power (LP E-cores)
Intel,cpu,,Core,Intel Core processors (Series 2),mobile,Raptor Lake-U,Raptor Cove + Gracemont,Core 5 processor 220U,Intel Core 5 processor 220U,10,2,8,12,1.40 GHz,5.00 GHz,,,12 MB,15W,55W,Intel 7,FCBGA1744,,4,20,Up to DDR5 5200 MT/sUp to DDR4 3200 MT/sUp to LPDDR5/X 6400 MT/sUp to LPDDR4X 4267 MT/s,2,,96 GB,no,,,Intel Graphics,,1.30 GHz,,2025-Q1,,,https://ark.intel.com/,1,high,0 of the E-cores are low-power (LP E-cores)
Intel,cpu,,Core,Intel Core processors (Series 2),mobile,Raptor Lake-H,Raptor Cove + Gracemont,Core 7 processor 240H,Intel Core 7 processor 240H,10,6,4,16,2.50 GHz,5.20 GHz,,,24 MB,45W,115W,Intel 7,FCBGA1744,,5,28,Up to DDR5 6400 MT/sUp to DDR4 3200 MT/sUp to LPDDR5/X 6400 MT/sUp to LPDDR4X 4267 MT/s,2,,96 GB,no,,,Intel Graphics,,1.55 GHz,,2024-Q4,,,https://ark.intel.com/,1,high,0 of the E-cores are low-power (LP E-cores)
Intel,cpu,,Core,Intel Core processors (Series 2),mobile,Raptor Lake-H,Raptor Cove + Gracemont,Core 7 processor 250H,Intel Core 7 processor 250H,14,6,8,20,2.50 GHz,5.40 GHz,,,24 MB,45W,115W,Intel 7,FCBGA1744,,5,28,Up to DDR5 6400 MT/sUp to DDR4 3200 MT/sUp to LPDDR5/X 6400 MT/sUp to LPDDR4X 4267 MT/s,2,,96 GB,no,,,Intel Graphics,,1.55 GHz,,2024-Q4,,,https://ark.intel.com/,1,high,0 of the E-cores are low-power (LP E-cores)
Intel,cpu,,Core,Intel Core processors (Series 2),mobile,Raptor Lake-U,Raptor Cove + Gracemont,Core 7 processor 250U,Intel Core 7 processor 250U,10,2,8,12,1.80 GHz,5.40 GHz,,,12 MB,15W,55W,Intel 7,FCBGA1744,,4,20,Up to DDR5 5200 MT/sUp to DDR4 3200 MT/sUp to LPDDR5/X 6400 MT/sUp to LPDDR4X 4267 MT/s,2,,96 GB,no,,,Intel Graphics,,1.30 GHz,,2025-Q1,,,https://ark.intel.com/,1,high,0 of the E-cores are low-power (LP E-cores)
Intel,cpu,,Core,Intel Core processors (Series 2),mobile,Raptor Lake-H,Raptor Cove + Gracemont,Core 9 processor 270H,Intel Core 9 processor 270H,14,6,8,20,2.70 GHz,5.80 GHz,,,24 MB,45W,115W,Intel 7,FCBGA1744,,5,28,Up to DDR5 6400 MT/sUp to DDR4 3200 MT/sUp to LPDDR5/X 6400 MT/sUp to LPDDR4X 4267 MT/s,2,,96 GB,no,,,Intel Graphics,,1.55 GHz,,2024-Q4,,,https://ark.intel.com/,1,high,0 of the E-cores are low-power (LP E-cores)
Intel,cpu,,Core,Intel Core processors (Series 3),mobile,Wildcat Lake,Cougar Cove + Darkmont,Core 3 processor 304,Intel Core 3 processor 304,5,1,4,5,1.50 GHz,4.30 GHz,,,6 MB,15W,35W,Intel 18A,FCBGA1516,,4.0,6,Up to LPDDR5X 7467 MT/s Up to DDR5 6400 MT/s,1,,64 GB,,,,Intel Graphics,1,2.30 GHz,15,2026-Q2,,,https://ark.intel.com/,1,high,4 of the E-cores are low-power (LP E-cores)
Intel,cpu,,Core,Intel Core processors (Series 3),mobile,Wildcat Lake,Cougar Cove + Darkmont,Core 5 processor 315,Intel Core 5 processor 315,6,2,4,6,1.50 GHz,4.40 GHz,,,6 MB,15W,35W,Intel 18A,FCBGA1516,,4.0,6,Up to LPDDR5X 7467 MT/s Up to DDR5 6400 MT/s,1,,64 GB,,,,Intel Graphics,2,2.30 GHz,15,2026-Q2,,,https://ark.intel.com/,1,high,4 of the E-cores are low-power (LP E-cores)
Intel,cpu,,Core,Intel Core processors (Series 3),mobile,Wildcat Lake,Cougar Cove + Darkmont,Core 5 processor 320,Intel Core 5 processor 320,6,2,4,6,1.50 GHz,4.60 GHz,,,6 MB,15W,35W,Intel 18A,FCBGA1516,,4.0,6,Up to LPDDR5X 7467 MT/s Up to DDR5 6400 MT/s,1,,64 GB,,,,Intel Graphics,2,2.50 GHz,16,2026-Q2,,,https://ark.intel.com/,1,high,4 of the E-cores are low-power (LP E-cores)
Intel,cpu,,Core,Intel Core processors (Series 3),mobile,Wildcat Lake,Cougar Cove + Darkmont,Core 5 processor 330,Intel Core 5 processor 330,6,2,4,6,1.50 GHz,4.60 GHz,,,6 MB,15W,35W,Intel 18A,FCBGA1516,,4.0,6,Up to LPDDR5X 7467 MT/s Up to DDR5 6400 MT/s,1,,64 GB,,,,Intel Graphics,2,2.50 GHz,16,2026-Q2,,,https://ark.intel.com/,1,high,4 of the E-cores are low-power (LP E-cores)
Intel,cpu,,Core,Intel Core processors (Series 3),mobile,Wildcat Lake,Cougar Cove + Darkmont,Core 7 processor 350,Intel Core 7 processor 350,6,2,4,6,1.50 GHz,4.80 GHz,,,6 MB,15W,35W,Intel 18A,FCBGA1516,,4.0,6,Up to LPDDR5X 7467 MT/s Up to DDR5 6400 MT/s,1,,64 GB,,,,Intel Graphics,2,2.60 GHz,17,2026-Q2,,,https://ark.intel.com/,1,high,4 of the E-cores are low-power (LP E-cores)
Intel,cpu,,Core,Intel Core processors (Series 3),mobile,Wildcat Lake,Cougar Cove + Darkmont,Core 7 processor 360,Intel Core 7 processor 360,6,2,4,6,1.50 GHz,4.80 GHz,,,6 MB,15W,35W,Intel 18A,FCBGA1516,,4.0,6,Up to LPDDR5X 7467 MT/s Up to DDR5 6400 MT/s,1,,64 GB,,,,Intel Graphics,2,2.60 GHz,17,2026-Q2,,,https://ark.intel.com/,1,high,4 of the E-cores are low-power (LP E-cores)
Intel,cpu,,Intel Processor,Intel Processor N-series,mobile,Alder Lake-N,Gracemont,Processor N100,Intel Processor N100,4,,,4,,3.40 GHz,,,6 MB,6W,,Intel 7,FCBGA1264,,,9,DDR4 3200 MT/s DDR5 4800 MT/s LPDDR5 4800 MT/s,1,4800 MHz,16 GB,no,,,Intel UHD Graphics,,0.75 GHz,,2023-Q1,,,https://ark.intel.com/,1,high,
Intel,cpu,,Intel Processor,Intel Processor N-series,mobile,Twin Lake,Gracemont,Processor N150,Intel Processor N150,4,,,4,,3.60 GHz,,,6 MB,6W,,Intel 7,FCBGA1264,,,9,DDR4 3200 MT/s DDR5 4800 MT/s LPDDR5 4800 MT/s,1,4800 MHz,16 GB,no,,,Intel Graphics,,1.00 GHz,,2025-Q1,,,https://ark.intel.com/,1,high,
Intel,cpu,,Intel Processor,Intel Processor N-series,mobile,Alder Lake-N,Gracemont,Processor N200,Intel Processor N200,4,,,4,,3.70 GHz,,,6 MB,6W,,Intel 7,FCBGA1264,,,9,DDR4 3200 MT/s DDR5 4800 MT/s LPDDR5 4800 MT/s,1,4800 MHz,16 GB,no,,,Intel UHD Graphics,,0.75 GHz,,2023-Q1,,,https://ark.intel.com/,1,high,
Intel,cpu,,Intel Processor,Intel Processor N-series,mobile,Twin Lake,Gracemont,Processor N250,Intel Processor N250,4,,,4,,3.80 GHz,,,6 MB,6W,,Intel 7,FCBGA1264,,,9,DDR4 3200 MT/s DDR5 4800 MT/s LPDDR5 4800 MT/s,1,4800 MHz,16 GB,no,,,Intel Graphics,,1.25 GHz,,2025-Q1,,,https://ark.intel.com/,1,high,
Intel,cpu,,Intel Processor,Intel Processor U-series,mobile,Raptor Lake-U,Raptor Cove + Gracemont,Processor U300,Intel Processor U300,5,1,4,6,,4.40 GHz,,,8 MB,15W,55W,Intel 7,FCBGA1744,,4,20,Up to DDR5 5200 MT/s Up to DDR4 3200 MT/s Up to LPDDR5/x 5200 MT/s Up to LPDDR4x 4267 MT/s,2,,96 GB,no,,,Intel UHD Graphics for 13th Gen Intel Processors,,1.10 GHz,,2023-Q1,,,https://ark.intel.com/,1,high,
Intel,cpu,,Xeon,Intel Xeon E Processor,mobile,Coffee Lake-H,Coffee Lake,Xeon E-2176M,Intel Xeon E-2176M Processor,6,,,12,2.70 GHz,4.40 GHz,4.40 GHz,,12 MB,45W,,14 nm,FCBGA1440,,3.0,16,DDR4-2666 | LPDDR3-2133,2,,64 GB,yes,,,Intel UHD Graphics P630,,1.20 GHz,,2018-Q2,450,,https://ark.intel.com/,1,high,
Intel,cpu,,Xeon,Intel Xeon E Processor,mobile,Coffee Lake-H,Coffee Lake,Xeon E-2186M,Intel Xeon E-2186M Processor,6,,,12,2.90 GHz,4.80 GHz,,,12 MB,45W,,14 nm,FCBGA1440,,3.0,16,DDR4-2666 | LPDDR3-2133,2,,64 GB,yes,,,Intel UHD Graphics P630,,1.20 GHz,,2018-Q2,670,,https://ark.intel.com/,1,high,Discontinued
Intel,cpu,,Xeon,Intel Xeon E Processor,mobile,Coffee Lake-H Refresh,Coffee Lake,Xeon E-2276M,Intel Xeon E-2276M Processor,6,,,12,2.80 GHz,4.70 GHz,,,12 MB,45W,,14 nm,FCBGA1440,,3.0,16,DDR4-2666 | LPDDR3-2133,2,,128 GB,yes,,,Intel UHD Graphics P630,,1.20 GHz,,2019-Q2,,,https://ark.intel.com/,1,high,Discontinued
Intel,cpu,,Xeon,Intel Xeon E Processor,mobile,Coffee Lake-H Refresh,Coffee Lake,Xeon E-2286M,Intel Xeon E-2286M Processor,8,,,16,2.40 GHz,5.00 GHz,,,16 MB,45W,,14 nm,FCBGA1440,,3.0,16,DDR4-2666 | LPDDR3-2133,2,,128 GB,yes,,,Intel UHD Graphics P630,,1.25 GHz,,2019-Q2,,,https://ark.intel.com/,1,high,Discontinued
Intel,cpu,,Xeon,Intel Xeon W Processor,mobile,Comet Lake-H,Skylake (Comet Lake),Xeon W-10855M,Intel Xeon W-10855M Processor,6,,,12,2.80 GHz,5.10 GHz,,,12 MB,45W,,14 nm,FCBGA1440,,3.0,16,DDR4-2933,2,,128 GB,yes,,,Intel UHD Graphics for 10th Gen Intel Processors,,1.20 GHz,,2020-Q2,,,https://ark.intel.com/,1,high,Discontinued
Intel,cpu,,Xeon,Intel Xeon W Processor,mobile,Comet Lake-H,Skylake (Comet Lake),Xeon W-10885M,Intel Xeon W-10885M Processor,8,,,16,2.40 GHz,5.30 GHz,,,16 MB,45W,,14 nm,FCBGA1440,,3.0,16,DDR4-2933,2,,128 GB,yes,,,Intel UHD Graphics for 10th Gen Intel Processors,,1.25 GHz,,2020-Q2,,,https://ark.intel.com/,1,high,Discontinued
Intel,cpu,,Xeon,Intel Xeon W Processor,mobile,Tiger Lake-H,Willow Cove,Xeon W-11855M,Intel Xeon W-11855M Processor,6,,,12,,4.90 GHz,,,18 MB,,45W,10 nm SuperFin,FCBGA1787,,4,20,Up to 3200 MT/s,2,,128 GB,yes,,,Intel UHD Graphics for 11th Gen Intel Processors,,1.45 GHz,,2021-Q2,450,,https://ark.intel.com/,1,high,Discontinued
Intel,cpu,,Xeon,Intel Xeon W Processor,mobile,Tiger Lake-H,Willow Cove,Xeon W-11955M,Intel Xeon W-11955M Processor,8,,,16,,5.00 GHz,,,24 MB,,45W,10 nm SuperFin,FCBGA1787,,4,20,Up to 3200 MT/s,2,,128 GB,yes,,,Intel UHD Graphics for 11th Gen Intel Processors,,1.45 GHz,,2021-Q2,623,,https://ark.intel.com/,1,high,Discontinued
Intel,cpu,,Core,12th Generation Intel Core i3 Processors,embedded,Alder Lake-U,Golden Cove + Gracemont,Core i3-1215UL,Intel Core i3-1215UL Processor,6,2,4,8,1.20 GHz,4.40 GHz,,,10 MB,15W,28W,Intel 7,FCLGA1700,,4,20,Up to DDR5 4800 MT/s Up to DDR4 3200 MT/s,2,,64 GB,no,,,Intel UHD Graphics for 12th Gen Intel Processors,,1.10 GHz,,2022-Q3,510,,https://ark.intel.com/,1,high,
Intel,cpu,,Core,12th Generation Intel Core i5 Processors,embedded,Alder Lake-U,Golden Cove + Gracemont,Core i5-1235UL,Intel Core i5-1235UL Processor,10,2,8,12,1.30 GHz,4.40 GHz,,,12 MB,15W,28W,Intel 7,FCLGA1700,,4,20,Up to DDR5 4800 MT/s Up to DDR4 3200 MT/s,2,,64 GB,no,,,Intel Iris Xe Graphics eligible,,1.20 GHz,,2022-Q3,538,,https://ark.intel.com/,1,high,
Intel,cpu,,Core,12th Generation Intel Core i5 Processors,embedded,Alder Lake-U,Golden Cove + Gracemont,Core i5-1245UL,Intel Core i5-1245UL Processor,10,2,8,12,1.60 GHz,4.40 GHz,,,12 MB,15W,28W,Intel 7,FCLGA1700,,4,20,Up to DDR5 4800 MT/s Up to DDR4 3200 MT/s,2,,64 GB,no,,,Intel Iris Xe Graphics eligible,,1.25 GHz,,2022-Q3,373,,https://ark.intel.com/,1,high,
Intel,cpu,,Core,12th Generation Intel Core i5 Processors,embedded,Alder Lake-S,Golden Cove + Gracemont,Core i5-12500E,Intel Core i5-12500E Processor,6,6,0,12,2.90 GHz,4.50 GHz,,7.5 MB,18 MB,65W,,Intel 7,FCLGA1700,1,5.0,20,Up to DDR5 4800 MT/s Up to DDR4 3200 MT/s,2,,128 GB,yes,,,Intel UHD Graphics 770,,1.45 GHz,,2022-Q1,431,,https://ark.intel.com/,1,high,
Intel,cpu,,Core,12th Generation Intel Core i5 Processors,embedded,Alder Lake-H,Golden Cove + Gracemont,Core i5-12500HL,Intel Core i5-12500HL Processor,12,4,8,16,2.50 GHz,4.50 GHz,,,18 MB,45W,65W,Intel 7,FCLGA1700,,4,20,Up to DDR5 4800 MT/s Up to DDR4 3200 MT/s,2,,64 GB,no,,,Intel Iris Xe Graphics eligible,,1.40 GHz,,2022-Q3,544,,https://ark.intel.com/,1,high,
Intel,cpu,,Core,12th Generation Intel Core i5 Processors,embedded,Alder Lake-S,Golden Cove + Gracemont,Core i5-12500TE,Intel Core i5-12500TE Processor,6,6,0,12,1.90 GHz,4.30 GHz,,7.5 MB,18 MB,35W,,Intel 7,FCLGA1700,1,5.0,20,Up to DDR5 4800 MT/s Up to DDR4 3200 MT/s,2,,128 GB,yes,,,Intel UHD Graphics 770,,1.45 GHz,,2022-Q1,338,,https://ark.intel.com/,1,high,
Intel,cpu,,Core,12th Generation Intel Core i5 Processors,embedded,Alder Lake-H,Golden Cove + Gracemont,Core i5-12600HE,Intel Core i5-12600HE Processor,12,4,8,16,2.50 GHz,4.50 GHz,,,18 MB,45W,115W,Intel 7,FCBGA1744,,4,28,Up to DDR5 4800 MT/s Up to DDR4 3200 MT/s Up to LPDDR5 5200 MT/s Up to LPDDR4x 4267 MT/s,2,,64 GB,no,,,Intel Iris Xe Graphics eligible,,1.30 GHz,,2022-Q1,549,,https://ark.intel.com/,1,high,
Intel,cpu,,Core,12th Generation Intel Core i7 Processors,embedded,Alder Lake-U,Golden Cove + Gracemont,Core i7-1255UL,Intel Core i7-1255UL Processor,10,2,8,12,1.70 GHz,4.70 GHz,,,12 MB,15W,28W,Intel 7,FCLGA1700,,4,20,Up to DDR5 4800 MT/s Up to DDR4 3200 MT/s,2,,64 GB,no,,,Intel Iris Xe Graphics eligible,,1.25 GHz,,2022-Q3,648,,https://ark.intel.com/,1,high,
Intel,cpu,,Core,12th Generation Intel Core i7 Processors,embedded,Alder Lake-U,Golden Cove + Gracemont,Core i7-1265UL,Intel Core i7-1265UL Processor,10,2,8,12,1.80 GHz,4.80 GHz,,,12 MB,15W,28W,Intel 7,FCLGA1700,,4,20,Up to DDR5 4800 MT/s Up to DDR4 3200 MT/s,2,,64 GB,no,,,Intel Iris Xe Graphics eligible,,1.25 GHz,,2022-Q3,620,,https://ark.intel.com/,1,high,
Intel,cpu,,Core,13th Generation Intel Core i3 Processors,embedded,Raptor Lake-E,,Core i3-13100E,Intel Core i3-13100E Processor,4,4,0,8,3.30 GHz,4.40 GHz,,5 MB,12 MB,60W,,Intel 7,FCLGA1700,1,5.0,20,Up to DDR5 4800 MT/s Up to DDR4 3200 MT/s,2,,128 GB,yes,,,Intel UHD Graphics 730,,1.50 GHz,,2023-Q1,537,,https://ark.intel.com/,1,high,
Intel,cpu,,Core,13th Generation Intel Core i3 Processors,embedded,Raptor Lake-E,,Core i3-13100TE,Intel Core i3-13100TE Processor,4,4,0,8,2.40 GHz,4.10 GHz,,5 MB,12 MB,35W,,Intel 7,FCLGA1700,1,5.0,20,Up to DDR5 4800 MT/s Up to DDR4 3200 MT/s,2,,128 GB,yes,,,Intel UHD Graphics 730,,1.50 GHz,,2023-Q1,593,,https://ark.intel.com/,1,high,
Intel,cpu,,Core,13th Generation Intel Core i3 Processors,embedded,Raptor Lake-U,Raptor Cove + Gracemont,Core i3-1315UE,Intel Core i3-1315UE Processor,6,2,4,8,1.20 GHz,4.50 GHz,,,10 MB,15W,55W,Intel 7,FCBGA1744,,4,20,Up to DDR5 5200 MT/s Up to DDR4 3200 MT/s Up to LPDDR5/x 5200 MT/s Up to LPDDR4x 4267 MT/s,2,,96 GB,no,,,Intel UHD Graphics for 13th Gen Intel Processors,,1.20 GHz,,2023-Q1,,,https://ark.intel.com/,1,high,
Intel,cpu,,Core,13th Generation Intel Core i3 Processors,embedded,Raptor Lake-U,Raptor Cove + Gracemont,Core i3-1315URE,Intel Core i3-1315URE Processor,6,2,4,8,1.20 GHz,4.50 GHz,,,10 MB,15W,55W,Intel 7,FCBGA1744,,4,20,Up to DDR5 5200 MT/s Up to DDR4 3200 MT/s Up to LPDDR5/x 5200 MT/s Up to LPDDR4x 4267 MT/s,2,,96 GB,yes,,,Intel UHD Graphics for 13th Gen Intel Processors,,1.20 GHz,,2023-Q1,363,,https://ark.intel.com/,1,high,
Intel,cpu,,Core,13th Generation Intel Core i3 Processors,embedded,Raptor Lake-P,Raptor Cove + Gracemont,Core i3-1320PE,Intel Core i3-1320PE Processor,8,4,4,12,1.70 GHz,4.50 GHz,,,12 MB,28W,64W,Intel 7,FCBGA1744,,4,20,Up to DDR5 5200 MT/s Up to DDR4 3200 MT/s Up to LPDDR5/x 6400 MT/s Up to LPDDR4x 4267 MT/s,2,,96 GB,no,,,Intel UHD Graphics for 13th Gen Intel Processors,,1.20 GHz,,2023-Q1,,,https://ark.intel.com/,1,high,
Intel,cpu,,Core,13th Generation Intel Core i3 Processors,embedded,Raptor Lake-P,Raptor Cove + Gracemont,Core i3-1320PRE,Intel Core i3-1320PRE Processor,8,4,4,12,1.70 GHz,4.50 GHz,,,12 MB,28W,64W,Intel 7,FCBGA1744,,4,20,Up to DDR5 5200 MT/s Up to DDR4 3200 MT/s Up to LPDDR5/x 6400 MT/s Up to LPDDR4x 4267 MT/s,2,,96 GB,yes,,,Intel UHD Graphics for 13th Gen Intel Processors,,1.20 GHz,,2023-Q1,107,,https://ark.intel.com/,1,high,
Intel,cpu,,Core,13th Generation Intel Core i3 Processors,embedded,Raptor Lake-H,Raptor Cove + Gracemont,Core i3-13300HE,Intel Core i3-13300HE Processor,8,4,4,12,2.10 GHz,4.60 GHz,,,12 MB,45W,115W,Intel 7,FCBGA1744,,5,28,Up to DDR5 5200 MT/s Up to DDR4 3200 MT/s Up to LPDDR5/x 6400 MT/s Up to LPDDR4x 4267 MT/s,2,,96 GB,no,,,Intel UHD Graphics for 13th Gen Intel Processors,,1.30 GHz,,2023-Q1,134,,https://ark.intel.com/,1,high,
Intel,cpu,,Core,13th Generation Intel Core i3 Processors,embedded,Raptor Lake-H,Raptor Cove + Gracemont,Core i3-13300HRE,Intel Core i3-13300HRE Processor,8,4,4,12,2.10 GHz,4.60 GHz,,,12 MB,45W,115W,Intel 7,FCBGA1744,,5,28,Up to DDR5 5200 MT/s Up to DDR4 3200 MT/s Up to LPDDR5/x 6400 MT/s Up to LPDDR4x 4267 MT/s,2,,96 GB,yes,,,Intel UHD Graphics for 13th Gen Intel Processors,,1.30 GHz,,2023-Q1,214,,https://ark.intel.com/,1,high,
Intel,cpu,,Core,13th Generation Intel Core i5 Processors,embedded,Raptor Lake-U,Raptor Cove + Gracemont,Core i5-1335UE,Intel Core i5-1335UE Processor,10,2,8,12,1.30 GHz,4.50 GHz,,,12 MB,15W,55W,Intel 7,FCBGA1744,,4,20,Up to DDR5 5200 MT/s Up to DDR4 3200 MT/s Up to LPDDR5/x 6400 MT/s Up to LPDDR4x 4267 MT/s,2,,96 GB,no,,,Intel Iris Xe Graphics eligible,,1.25 GHz,,2023-Q1,134,,https://ark.intel.com/,1,high,
Intel,cpu,,Core,13th Generation Intel Core i5 Processors,embedded,Raptor Lake-E,,Core i5-13400E,Intel Core i5-13400E Processor,10,6,4,16,2.40 GHz,4.60 GHz,,9.5 MB,20 MB,65W,,Intel 7,FCLGA1700,1,5.0,20,Up to DDR5 4800 MT/s Up to DDR4 3200 MT/s,2,,128 GB,yes,,,Intel UHD Graphics 730,,1.55 GHz,,2023-Q1,157,,https://ark.intel.com/,1,high,
Intel,cpu,,Core,13th Generation Intel Core i5 Processors,embedded,Raptor Lake-P,Raptor Cove + Gracemont,Core i5-1340PE,Intel Core i5-1340PE Processor,12,4,8,16,1.80 GHz,4.50 GHz,,,12 MB,28W,64W,Intel 7,FCBGA1744,,4,20,Up to DDR5 5200 MT/s Up to DDR4 3200 MT/s Up to LPDDR5/x 6400 MT/s Up to LPDDR4x 4267 MT/s,2,,96 GB,no,,,Intel Iris Xe Graphics eligible,,1.35 GHz,,2023-Q1,384,,https://ark.intel.com/,1,high,
Intel,cpu,,Core,13th Generation Intel Core i5 Processors,embedded,Raptor Lake-U,Raptor Cove + Gracemont,Core i5-1345UE,Intel Core i5-1345UE Processor,10,2,8,12,1.40 GHz,4.60 GHz,,,12 MB,15W,55W,Intel 7,FCBGA1744,,4,20,Up to DDR5 5200 MT/s Up to DDR4 3200 MT/s Up to LPDDR5/x 6400 MT/s Up to LPDDR4x 4267 MT/s,2,,96 GB,no,,,Intel Iris Xe Graphics eligible,,1.25 GHz,,2023-Q1,285,,https://ark.intel.com/,1,high,
Intel,cpu,,Core,13th Generation Intel Core i5 Processors,embedded,Raptor Lake-U,Raptor Cove + Gracemont,Core i5-1345URE,Intel Core i5-1345URE Processor,10,2,8,12,1.40 GHz,4.60 GHz,,,12 MB,15W,55W,Intel 7,FCBGA1744,,4,20,Up to DDR5 5200 MT/s Up to DDR4 3200 MT/s Up to LPDDR5/x 6400 MT/s Up to LPDDR4x 4267 MT/s,2,,96 GB,yes,,,Intel Iris Xe Graphics eligible,,1.25 GHz,,2023-Q1,488,,https://ark.intel.com/,1,high,
Intel,cpu,,Core,13th Generation Intel Core i5 Processors,embedded,Raptor Lake-E,,Core i5-13500E,Intel Core i5-13500E Processor,14,6,8,20,2.40 GHz,4.60 GHz,,11.5 MB,24 MB,65W,,Intel 7,FCLGA1700,1,5.0,20,Up to DDR5 4800 MT/s Up to DDR4 3200 MT/s,2,,128 GB,yes,,,Intel UHD Graphics 770,,1.55 GHz,,2023-Q1,,,https://ark.intel.com/,1,high,
Intel,cpu,,Core,13th Generation Intel Core i5 Processors,embedded,Raptor Lake-E,,Core i5-13500TE,Intel Core i5-13500TE Processor,14,6,8,20,1.30 GHz,4.50 GHz,,11.5 MB,24 MB,35W,,Intel 7,FCLGA1700,1,5.0,20,Up to DDR5 4800 MT/s Up to DDR4 3200 MT/s,2,,128 GB,yes,,,Intel UHD Graphics 770,,1.55 GHz,,2023-Q1,,,https://ark.intel.com/,1,high,
Intel,cpu,,Core,13th Generation Intel Core i5 Processors,embedded,Raptor Lake-P,Raptor Cove + Gracemont,Core i5-1350PE,Intel Core i5-1350PE Processor,12,4,8,16,1.80 GHz,4.60 GHz,,,12 MB,28W,64W,Intel 7,FCBGA1744,,4,20,Up to DDR5 5200 MT/s Up to DDR4 3200 MT/s Up to LPDDR5/x 6400 MT/s Up to LPDDR4x 4267 MT/s,2,,96 GB,no,,,Intel Iris Xe Graphics eligible,,1.40 GHz,,2023-Q1,,,https://ark.intel.com/,1,high,
Intel,cpu,,Core,13th Generation Intel Core i5 Processors,embedded,Raptor Lake-P,Raptor Cove + Gracemont,Core i5-1350PRE,Intel Core i5-1350PRE Processor,12,4,8,16,1.80 GHz,4.60 GHz,,,12 MB,28W,64W,Intel 7,FCBGA1744,,4,20,Up to DDR5 5200 MT/s Up to DDR4 3200 MT/s Up to LPDDR5/x 6400 MT/s Up to LPDDR4x 4267 MT/s,2,,96 GB,yes,,,Intel Iris Xe Graphics eligible,,1.40 GHz,,2023-Q1,138,,https://ark.intel.com/,1,high,
Intel,cpu,,Core,13th Generation Intel Core i5 Processors,embedded,Raptor Lake-H,Raptor Cove + Gracemont,Core i5-13600HE,Intel Core i5-13600HE Processor,12,4,8,16,2.70 GHz,4.80 GHz,,,18 MB,45W,115W,Intel 7,FCBGA1744,,5,28,Up to DDR5 5200 MT/s Up to DDR4 3200 MT/s Up to LPDDR5/x 6400 MT/s Up to LPDDR4x 4267 MT/s,2,,96 GB,no,,,Intel Iris Xe Graphics eligible,,1.40 GHz,,2023-Q1,355,,https://ark.intel.com/,1,high,
Intel,cpu,,Core,13th Generation Intel Core i5 Processors,embedded,Raptor Lake-H,Raptor Cove + Gracemont,Core i5-13600HRE,Intel Core i5-13600HRE Processor,12,4,8,16,2.70 GHz,4.80 GHz,,,18 MB,45W,115W,Intel 7,FCBGA1744,,5,28,Up to DDR5 5200 MT/s Up to DDR4 3200 MT/s Up to LPDDR5/x 6400 MT/s Up to LPDDR4x 4267 MT/s,2,,96 GB,yes,,,Intel Iris Xe Graphics eligible,,1.40 GHz,,2023-Q1,107,,https://ark.intel.com/,1,high,
Intel,cpu,,Core,13th Generation Intel Core i7 Processors,embedded,Raptor Lake-U,Raptor Cove + Gracemont,Core i7-1365UE,Intel Core i7-1365UE Processor,10,2,8,12,1.70 GHz,4.90 GHz,,,12 MB,15W,55W,Intel 7,FCBGA1744,,4,20,Up to DDR5 5200 MT/s Up to DDR4 3200 MT/s Up to LPDDR5/x 6400 MT/s Up to LPDDR4x 4267 MT/s,2,,96 GB,no,,,Intel Iris Xe Graphics eligible,,1.30 GHz,,2023-Q1,,,https://ark.intel.com/,1,high,
Intel,cpu,,Core,13th Generation Intel Core i7 Processors,embedded,Raptor Lake-U,Raptor Cove + Gracemont,Core i7-1365URE,Intel Core i7-1365URE Processor,10,2,8,12,1.70 GHz,4.90 GHz,,,12 MB,15W,55W,Intel 7,FCBGA1744,,4,20,Up to DDR5 5200 MT/s Up to DDR4 3200 MT/s Up to LPDDR5/x 6400 MT/s Up to LPDDR4x 4267 MT/s,2,,96 GB,yes,,,Intel Iris Xe Graphics eligible,,1.30 GHz,,2023-Q1,488,,https://ark.intel.com/,1,high,
Intel,cpu,,Core,13th Generation Intel Core i7 Processors,embedded,Raptor Lake-U,Raptor Cove + Gracemont,Core i7-1366URE,Intel Core i7-1366URE Processor,10,2,8,12,1.70 GHz,4.90 GHz,,,12 MB,15W,55W,Intel 7,FCBGA1744,,4,20,Up to DDR5 5200 MT/s Up to DDR4 3200 MT/s Up to LPDDR5/x 6400 MT/s Up to LPDDR4x 4267 MT/s,2,,96 GB,yes,,,Intel Iris Xe Graphics eligible,,1.30 GHz,,2023-Q1,138,,https://ark.intel.com/,1,high,
Intel,cpu,,Core,13th Generation Intel Core i7 Processors,embedded,Raptor Lake-E,,Core i7-13700E,Intel Core i7-13700E Processor,16,8,8,24,1.90 GHz,5.10 GHz,,24 MB,30 MB,65W,,Intel 7,FCLGA1700,1,5.0,20,Up to DDR5 5600 MT/s Up to DDR4 3200 MT/s,2,,128 GB,yes,,,Intel UHD Graphics 770,,1.60 GHz,,2023-Q1,,,https://ark.intel.com/,1,high,
Intel,cpu,,Core,13th Generation Intel Core i7 Processors,embedded,Raptor Lake-E,,Core i7-13700TE,Intel Core i7-13700TE Processor,16,8,8,24,1.10 GHz,4.80 GHz,,24 MB,30 MB,35W,,Intel 7,FCLGA1700,1,5.0,20,Up to DDR5 5600 MT/s Up to DDR4 3200 MT/s,2,,128 GB,yes,,,Intel UHD Graphics 770,,1.60 GHz,,2023-Q1,,,https://ark.intel.com/,1,high,
Intel,cpu,,Core,13th Generation Intel Core i7 Processors,embedded,Raptor Lake-P,Raptor Cove + Gracemont,Core i7-1370PE,Intel Core i7-1370PE Processor,14,6,8,20,1.90 GHz,4.80 GHz,,,24 MB,28W,64W,Intel 7,FCBGA1744,,4,20,Up to DDR5 5200 MT/s Up to DDR4 3200 MT/s Up to LPDDR5/x 6400 MT/s Up to LPDDR4x 4267 MT/s,2,,96 GB,no,,,Intel Iris Xe Graphics eligible,,1.40 GHz,,2023-Q1,,,https://ark.intel.com/,1,high,
Intel,cpu,,Core,13th Generation Intel Core i7 Processors,embedded,Raptor Lake-P,Raptor Cove + Gracemont,Core i7-1370PRE,Intel Core i7-1370PRE Processor,14,6,8,20,1.90 GHz,4.80 GHz,,,24 MB,28W,64W,Intel 7,FCBGA1744,,4,20,Up to DDR5 5200 MT/s Up to DDR4 3200 MT/s Up to LPDDR5/x 6400 MT/s Up to LPDDR4x 4267 MT/s,2,,96 GB,yes,,,Intel Iris Xe Graphics eligible,,1.40 GHz,,2023-Q1,,,https://ark.intel.com/,1,high,
Intel,cpu,,Core,13th Generation Intel Core i7 Processors,embedded,Raptor Lake-P,Raptor Cove + Gracemont,Core i7-1375PRE,Intel Core i7-1375PRE Processor,14,6,8,20,1.90 GHz,4.80 GHz,,,24 MB,28W,64W,Intel 7,FCBGA1744,,4,20,Up to DDR5 5200 MT/s Up to DDR4 3200 MT/s Up to LPDDR5/x 6400 MT/s Up to LPDDR4x 4267 MT/s,2,,96 GB,yes,,,Intel Iris Xe Graphics eligible,,1.40 GHz,,2023-Q1,312,,https://ark.intel.com/,1,high,
Intel,cpu,,Core,13th Generation Intel Core i7 Processors,embedded,Raptor Lake-H,Raptor Cove + Gracemont,Core i7-13800HE,Intel Core i7-13800HE Processor,14,6,8,20,2.50 GHz,5.00 GHz,,,24 MB,45W,115W,Intel 7,FCBGA1744,,5,28,Up to DDR5 5200 MT/s Up to DDR4 3200 MT/s Up to LPDDR5/x 6400 MT/s Up to LPDDR4x 4267 MT/s,2,,96 GB,no,,,Intel Iris Xe Graphics eligible,,1.40 GHz,,2023-Q1,134,,https://ark.intel.com/,1,high,
Intel,cpu,,Core,13th Generation Intel Core i7 Processors,embedded,Raptor Lake-H,Raptor Cove + Gracemont,Core i7-13800HRE,Intel Core i7-13800HRE Processor,14,6,8,20,2.50 GHz,5.00 GHz,,,24 MB,45W,115W,Intel 7,FCBGA1744,,5,28,Up to DDR5 5200 MT/s Up to DDR4 3200 MT/s Up to LPDDR5/x 6400 MT/s Up to LPDDR4x 4267 MT/s,2,,96 GB,yes,,,Intel Iris Xe Graphics eligible,,1.40 GHz,,2023-Q1,214,,https://ark.intel.com/,1,high,
Intel,cpu,,Core,13th Generation Intel Core i9 Processors,embedded,Raptor Lake-E,,Core i9-13900E,Intel Core i9-13900E Processor,24,8,16,32,1.80 GHz,5.20 GHz,,32 MB,36 MB,65W,,Intel 7,FCLGA1700,1,5.0,20,Up to DDR5 5600 MT/s Up to DDR4 3200 MT/s,2,,128 GB,yes,,,Intel UHD Graphics 770,,1.65 GHz,,2023-Q1,355,,https://ark.intel.com/,1,high,
Intel,cpu,,Core,13th Generation Intel Core i9 Processors,embedded,Raptor Lake-E,,Core i9-13900TE,Intel Core i9-13900TE Processor,24,8,16,32,1.00 GHz,5.00 GHz,,32 MB,36 MB,35W,,Intel 7,FCLGA1700,1,5.0,20,Up to DDR5 5600 MT/s Up to DDR4 3200 MT/s,2,,128 GB,yes,,,Intel UHD Graphics 770,,1.65 GHz,,2023-Q1,,,https://ark.intel.com/,1,high,
Intel,cpu,,Atom,Intel Atom Processor C Series,embedded,Rangeley,Silvermont,Atom C2308,Intel Atom Processor C2308,2,,,2,1.25 GHz,,,,1 MB,6W,,22 nm,FCBGA1283,,2,4,DDR 1333,1,,16 GB,yes,,,,,,,2014-Q2,,,https://ark.intel.com/,1,high,
Intel,cpu,,Atom,Intel Atom Processor C Series,embedded,Rangeley,Silvermont,Atom C2316,Intel Atom Processor C2316,2,,,2,1.50 GHz,,,,1 MB,7W,,22 nm,FCBGA1283,,2,8,DDR 1333,1,,16 GB,yes,,,,,,,2017-Q3,,,https://ark.intel.com/,1,high,
Intel,cpu,,Atom,Intel Atom Processor C Series,embedded,Rangeley,Silvermont,Atom C2338,Intel Atom Processor C2338,2,,,2,1.70 GHz,2.00 GHz,2.00 GHz,,1 MB,7W,,22 nm,FCBGA1283,,2,8,DDR3/DDR3L 1333,1,,16 GB,yes,,,,,,,2013-Q3,,,https://ark.intel.com/,1,high,
Intel,cpu,,Atom,Intel Atom Processor C Series,embedded,Rangeley,Silvermont,Atom C2358,Intel Atom Processor C2358,2,,,2,1.70 GHz,2.00 GHz,2.00 GHz,,1 MB,7W,,22 nm,FCBGA1283,,2,8,DDR3/DDR3L 1333,1,,16 GB,yes,,,,,,,2013-Q3,,,https://ark.intel.com/,1,high,
Intel,cpu,,Atom,Intel Atom Processor C Series,embedded,Rangeley,Silvermont,Atom C2508,Intel Atom Processor C2508,4,,,4,1.25 GHz,,,,2 MB,9W,,22 nm,FCBGA1283,,2,8,DDR3 1333,2,,32 GB,yes,,,,,,,2014-Q2,,,https://ark.intel.com/,1,high,
Intel,cpu,,Atom,Intel Atom Processor C Series,embedded,Rangeley,Silvermont,Atom C2516,Intel Atom Processor C2516,4,,,4,1.40 GHz,,,,2 MB,10W,,22 nm,FCBGA1283,,2,8,DDR 1333,2,,32 GB,yes,,,,,,,2017-Q3,,,https://ark.intel.com/,1,high,
Intel,cpu,,Atom,Intel Atom Processor C Series,embedded,Rangeley,Silvermont,Atom C2518,Intel Atom Processor C2518,4,,,4,1.70 GHz,,,,2 MB,13W,,22 nm,FCBGA1283,,2,16,DDR3/DDR3L 1333,2,,32 GB,yes,,,,,,,2013-Q3,,,https://ark.intel.com/,1,high,
Intel,cpu,,Atom,Intel Atom Processor C Series,embedded,Rangeley,Silvermont,Atom C2538,Intel Atom Processor C2538,4,,,4,2.40 GHz,,,,2 MB,15W,,22 nm,FCBGA1283,,2,16,DDR3/DDR3L 1600,2,,64 GB,yes,,,,,,,2013-Q3,,,https://ark.intel.com/,1,high,
Intel,cpu,,Atom,Intel Atom Processor C Series,embedded,Rangeley,Silvermont,Atom C2558,Intel Atom Processor C2558,4,,,4,2.40 GHz,,,,2 MB,15W,,22 nm,FCBGA1283,,2,16,DDR3/DDR3L 1600,2,,64 GB,yes,,,,,,,2013-Q3,,,https://ark.intel.com/,1,high,
Intel,cpu,,Atom,Intel Atom Processor C Series,embedded,Rangeley,Silvermont,Atom C2718,Intel Atom Processor C2718,8,,,8,2.00 GHz,,,,4 MB,18W,,22 nm,FCBGA1283,,2,16,DDR3/DDR3L 1333,2,,32 GB,yes,,,,,,,2013-Q3,,,https://ark.intel.com/,1,high,
Intel,cpu,,Atom,Intel Atom Processor C Series,embedded,Rangeley,Silvermont,Atom C2738,Intel Atom Processor C2738,8,,,8,2.40 GHz,,,,4 MB,20W,,22 nm,FCBGA1283,,2,16,DDR3/DDR3L 1600,2,,64 GB,yes,,,,,,,2013-Q3,208,,https://ark.intel.com/,1,high,
Intel,cpu,,Atom,Intel Atom Processor C Series,embedded,Rangeley,Silvermont,Atom C2758,Intel Atom Processor C2758,8,,,8,2.40 GHz,,,,4 MB,20W,,22 nm,FCBGA1283,,2,16,DDR3/DDR3L 1600,2,,64 GB,yes,,,,,,,2013-Q3,208,,https://ark.intel.com/,1,high,
Intel,cpu,,Atom,Intel Atom Processor X Series,embedded,Apollo Lake,Goldmont,Atom x5-E3930,Intel Atom x5-E3930 Processor,2,,,2,1.30 GHz,1.80 GHz,,,2 MB,6W,,14 nm,FCBGA1296,,2.0,6,DDR3L (ECC and Non ECC) up to 1866 MT/s;LPDDR4 up to 2133 MT/s,4,,8 GB,yes,,,Intel HD Graphics 500,,,,2016-Q4,26,,https://ark.intel.com/,1,high,
Intel,cpu,,Atom,Intel Atom Processor X Series,embedded,Apollo Lake,Goldmont,Atom x5-E3940,Intel Atom x5-E3940 Processor,4,,,4,1.60 GHz,1.80 GHz,,,2 MB,9W,,14 nm,FCBGA1296,,2.0,6,DDR3L (ECC and Non ECC) up to 1866 MT/s; LPDDR4 up to 2133 MT/s,4,,8 GB,yes,,,Intel HD Graphics 500,,,,2016-Q4,34,,https://ark.intel.com/,1,high,
Intel,cpu,,Atom,Intel Atom Processor X Series,embedded,Apollo Lake,Goldmont,Atom x5-E8000,Intel Atom x5-E8000 Processor,4,,,4,1.04 GHz,,,,2 MB,5W,,14 nm,FCBGA1170,,2.0,4,DDR3L-1600,2,,8 GB,no,,,Intel HD Graphics for Intel Celeron Processor N3000 Series,,,,2016-Q1,18,,https://ark.intel.com/,1,high,
Intel,cpu,,Atom,Intel Atom Processor X Series,embedded,Elkhart Lake,Tremont,Atom x6200FE,Intel Atom x6200FE Processor,2,,,2,1.00 GHz,,,,1.5 MB,4W,,10 nm,FCBGA1493,,3.0,8,4x32 LPDDR4/x 2400MT/s Max 16GB / 2x64 DDR4 2400MT/s Max 32GB LPDDR4/x & DDR4 with In Band ECC,4,,32 GB,yes,,,,,,,2021-Q1,45,,https://ark.intel.com/,1,high,
Intel,cpu,,Atom,Intel Atom Processor X Series,embedded,Elkhart Lake,Tremont,Atom x6211E,Intel Atom x6211E Processor,2,,,2,1.30 GHz,3.00 GHz,,,1.5 MB,6W,,10 nm,FCBGA1493,,3.0,8,4x32 LPDDR4/x 3200MT/s Max 16GB / 2x64 DDR4 3200MT/s Max 32GB LPDDR4/x & DDR4 with In Band ECC,4,,32 GB,no,,,Intel UHD Graphics for 10th Gen Intel Processors,,,,2021-Q1,42,,https://ark.intel.com/,1,high,
Intel,cpu,,Atom,Intel Atom Processor X Series,embedded,Elkhart Lake,Tremont,Atom x6212RE,Intel Atom x6212RE Processor,2,,,2,1.20 GHz,,,,1.5 MB,6W,,10 nm,FCBGA1493,,3.0,8,4x32 LPDDR4/x 3200MT/s Max 16GB / 2x64 DDR4 3200MT/s Max 32GB LPDDR4/x & DDR4 with In Band ECC,4,,32 GB,no,,,Intel UHD Graphics for 10th Gen Intel Processors,,,,2021-Q1,45,,https://ark.intel.com/,1,high,
Intel,cpu,,Atom,Intel Atom Processor X Series,embedded,Elkhart Lake,Tremont,Atom x6214RE,Intel Atom x6214RE Processor,2,,,2,1.40 GHz,,,,1.5 MB,6W,,10 nm,FCBGA1493,,3.0,8,4x32 LPDDR4/x 3200MT/s Max 16GB / 2x64 DDR4 3200MT/s Max 32GB LPDDR4/x & DDR4 with In-Band ECC,4,,32 GB,no,,,Intel UHD Graphics for 10th Gen Intel Processors,,,,2023-Q1,47,,https://ark.intel.com/,1,high,
Intel,cpu,,Atom,Intel Atom Processor X Series,embedded,Elkhart Lake,Tremont,Atom x6413E,Intel Atom x6413E Processor,4,,,4,1.50 GHz,3.00 GHz,,,1.5 MB,9W,,10 nm,FCBGA1493,,3.0,8,4x32 LPDDR4/x 3200MT/s Max 16GB / 2x64 DDR4 3200MT/s Max 32GB LPDDR4/x & DDR4 with In Band ECC,4,,32 GB,no,,,Intel UHD Graphics for 10th Gen Intel Processors,,,,2021-Q1,51,,https://ark.intel.com/,1,high,
Intel,cpu,,Atom,Intel Atom Processor X Series,embedded,Elkhart Lake,Tremont,Atom x6414RE,Intel Atom x6414RE Processor,4,,,4,1.50 GHz,,,,1.5 MB,9W,,10 nm,FCBGA1493,,3.0,8,4x32 LPDDR4/x 3200MT/s Max 16GB / 2x64 DDR4 3200MT/s Max 32GB LPDDR4/x & DDR4 with In Band ECC,4,,32 GB,no,,,Intel UHD Graphics for 10th Gen Intel Processors,,,,2021-Q1,55,,https://ark.intel.com/,1,high,
Intel,cpu,,Atom,Intel Atom Processor X Series,embedded,Elkhart Lake,Tremont,Atom x6416RE,Intel Atom x6416RE Processor,4,,,4,1.70 GHz,,,,1.5 MB,9W,,10 nm,FCBGA1493,,3.0,8,4x32 LPDDR4/x 3200MT/s Max 16GB / 2x64 DDR4 3200MT/s Max 32GB LPDDR4/x & DDR4 with In Band ECC,4,,32 GB,no,,,Intel UHD Graphics for 10th Gen Intel Processors,,,,2023-Q1,63,,https://ark.intel.com/,1,high,
Intel,cpu,,Atom,Intel Atom Processor X Series,embedded,Elkhart Lake,Tremont,Atom x6425E,Intel Atom x6425E Processor,4,,,4,2.00 GHz,3.00 GHz,,,1.5 MB,12W,,10 nm,FCBGA1493,,3.0,8,4x32 LPDDR4/x 3733MT/s Max (8GB | 16GB @3200MT/s) / 2x64 DDR4 3200MT/s Max 32GB LPDDR4/x & DDR4 with In Band ECC,4,,32 GB,no,,,Intel UHD Graphics for 10th Gen Intel Processors,,,,2021-Q1,67,,https://ark.intel.com/,1,high,
Intel,cpu,,Atom,Intel Atom Processor X Series,embedded,Elkhart Lake,Tremont,Atom x6425RE,Intel Atom x6425RE Processor,4,,,4,1.90 GHz,,,,1.5 MB,12W,,10 nm,FCBGA1493,,3.0,8,4x32 LPDDR4/x 4267MT/s Max (8GB | 16GB | @3200MT/s) / 2x64 DDR4 3200MT/s Max 32GB Max 32GB With In Band ECC,4,,32 GB,no,,,Intel UHD Graphics for 10th Gen Intel Processors,,,,2021-Q1,71,,https://ark.intel.com/,1,high,
Intel,cpu,,Atom,Intel Atom Processor X Series,embedded,Elkhart Lake,Tremont,Atom x6427FE,Intel Atom x6427FE Processor,4,,,4,1.90 GHz,,,,1.5 MB,12W,,10 nm,FCBGA1493,,3.0,8,4x32 LPDDR4/x 4267MT/s Max (8GB | 16GB | @3200MT/s) / 2x64 DDR4 3200MT/s Max 32GB Max 32GB With In Band ECC,4,,32 GB,no,,,Intel UHD Graphics for 10th Gen Intel Processors,,,,2021-Q1,83,,https://ark.intel.com/,1,high,
Intel,cpu,,Atom,Intel Atom Processor X Series,embedded,Apollo Lake,Goldmont,Atom x7-E3950,Intel Atom x7-E3950 Processor,4,,,4,1.60 GHz,2.00 GHz,,,2 MB,12W,,14 nm,FCBGA1296,,2.0,6,DDR3L (ECC and Non ECC) up to 1866MT/s; LPDDR4 up to 2400 MT/s,4,,8 GB,yes,,,Intel HD Graphics 505,,,,2016-Q4,45,,https://ark.intel.com/,1,high,
Intel,cpu,,Atom,Intel Atom Processor X Series,embedded,Amston Lake,Gracemont,Atom x7203C,Intel Atom x7203C Processor,2,,,,,3.20 GHz,,,6 MB,9W,,Intel 7,FCBGA1264,,,9,DDR4 3200 MT/s DDR5 4800 MT/s LPDDR5 4800 MT/s,1,4800 MHz,32 GB,,,,,,,,2024-Q2,39,,https://ark.intel.com/,1,high,
Intel,cpu,,Atom,Intel Atom Processor X Series,embedded,Alder Lake-N,Gracemont,Atom x7211E,Intel Atom x7211E Processor,2,,,,,3.20 GHz,,,6 MB,6W,,Intel 7,FCBGA1264,,,9,DDR4 3200 MT/s DDR5 4800 MT/s LPDDR5 4800 MT/s,1,4800 MHz,32 GB,,,,Intel UHD Graphics,,1.00 GHz,,2023-Q1,39,,https://ark.intel.com/,1,high,
Intel,cpu,,Atom,Intel Atom Processor X Series,embedded,Atom Embedded,,Atom x7211RE,Intel Atom x7211RE Processor,2,,,,,3.20 GHz,,,6 MB,6W,,Intel 7,FCBGA1264,,,9,DDR4 3200 MT/s DDR5 4800 MT/s LPDDR5 4800 MT/s,1,4800 MHz,32 GB,,,,Intel UHD Graphics,,1.00 GHz,,2024-Q2,42,,https://ark.intel.com/,1,high,
Intel,cpu,,Atom,Intel Atom Processor X Series,embedded,Alder Lake-N,Gracemont,Atom x7213E,Intel Atom x7213E Processor,2,,,,,3.20 GHz,,,6 MB,10W,,Intel 7,FCBGA1264,,,9,DDR4 3200 MT/s DDR5 4800 MT/s LPDDR5 4800 MT/s,1,4800 MHz,32 GB,,,,Intel UHD Graphics,,1.00 GHz,,2023-Q1,47,,https://ark.intel.com/,1,high,
Intel,cpu,,Atom,Intel Atom Processor X Series,embedded,Amston Lake,Gracemont,Atom x7213RE,Intel Atom x7213RE Processor,2,,,,,3.40 GHz,,,6 MB,9W,,Intel 7,FCBGA1264,,,9,DDR4 3200 MT/s DDR5 4800 MT/s LPDDR5 4800 MT/s,1,4800 MHz,32 GB,,,,Intel UHD Graphics,,1.00 GHz,,2024-Q2,47,,https://ark.intel.com/,1,high,
Intel,cpu,,Atom,Intel Atom Processor X Series,embedded,Amston Lake,Gracemont,Atom x7405C,Intel Atom x7405C Processor,4,,,,,3.40 GHz,,,6 MB,12W,,Intel 7,FCBGA1264,,,9,DDR4 3200 MT/s DDR5 4800 MT/s LPDDR5 4800 MT/s,1,4800 MHz,32 GB,,,,,,,,2024-Q2,57,,https://ark.intel.com/,1,high,
Intel,cpu,,Atom,Intel Atom Processor X Series,embedded,Alder Lake-N,Gracemont,Atom x7425E,Intel Atom x7425E Processor,4,,,,,3.40 GHz,,,6 MB,12W,,Intel 7,FCBGA1264,,,9,DDR4 3200 MT/s DDR5 4800 MT/s LPDDR5 4800 MT/s,1,4800 MHz,32 GB,,,,Intel UHD Graphics,,1.00 GHz,,2023-Q1,58,,https://ark.intel.com/,1,high,
Intel,cpu,,Atom,Intel Atom Processor X Series,embedded,Amston Lake,Gracemont,Atom x7433FE,Intel Atom x7433FE Processor,4,,,,,3.40 GHz,,,6 MB,9W,,Intel 7,FCBGA1264,,,9,DDR4 3200 MT/sDDR5 4800 MT/sLPDDR5 4800 MT/s,1,4800 MHz,32 GB,,,,Intel UHD Graphics,,1.00 GHz,,2025-Q3,75,,https://ark.intel.com/,1,high,
Intel,cpu,,Atom,Intel Atom Processor X Series,embedded,Amston Lake,Gracemont,Atom x7433RE,Intel Atom x7433RE Processor,4,,,,,3.40 GHz,,,6 MB,9W,,Intel 7,FCBGA1264,,,9,DDR4 3200 MT/s DDR5 4800 MT/s LPDDR5 4800 MT/s,1,4800 MHz,32 GB,,,,Intel UHD Graphics,,1.00 GHz,,2024-Q2,63,,https://ark.intel.com/,1,high,
Intel,cpu,,Atom,Intel Atom Processor X Series,embedded,Amston Lake,Gracemont,Atom x7809C,Intel Atom x7809C Processor,8,,,,,3.60 GHz,,,6 MB,25W,,Intel 7,FCBGA1264,,,9,DDR4 3200 MT/s DDR5 4800 MT/s LPDDR5 4800 MT/s,1,4800 MHz,32 GB,,,,,,,,2024-Q2,117,,https://ark.intel.com/,1,high,
Intel,cpu,,Atom,Intel Atom Processor X Series,embedded,Amston Lake,Gracemont,Atom x7835FE,Intel Atom x7835FE Processor,8,,,,,3.60 GHz,,,6 MB,12W,,Intel 7,FCBGA1264,,,9,DDR4 3200 MT/sDDR5 4800 MT/sLPDDR5 4800 MT/s,1,4800 MHz,32 GB,,,,Intel UHD Graphics,,1.20 GHz,,2025-Q3,150,,https://ark.intel.com/,1,high,
Intel,cpu,,Atom,Intel Atom Processor X Series,embedded,Amston Lake,Gracemont,Atom x7835RE,Intel Atom x7835RE Processor,8,,,,,3.60 GHz,,,6 MB,12W,,Intel 7,FCBGA1264,,,9,DDR4 3200 MT/s DDR5 4800 MT/s LPDDR5 4800 MT/s,1,4800 MHz,32 GB,,,,Intel UHD Graphics,,1.20 GHz,,2024-Q2,127,,https://ark.intel.com/,1,high,
Intel,cpu,,Core Ultra,Intel Core Ultra processors (Series 1),embedded,Meteor Lake-U,,Core Ultra 3 105UL,Intel Core Ultra 3 Processor 105UL,8,2,6,10,1.50 GHz,4.20 GHz,,,10 MB,15W,57W,Intel 4,FCLGA1851,,4.0,20,Up to DDR5 5600 MT/s,2,,96 GB,no,,,Intel Graphics,3,1.80 GHz,,2024-Q2,,,https://ark.intel.com/,1,high,2 of the E-cores are low-power (LP E-cores)
Intel,cpu,,Core Ultra,Intel Core Ultra processors (Series 1),embedded,Meteor Lake-H,,Core Ultra 5 125HL,Intel Core Ultra 5 Processor 125HL,14,4,10,18,2.50 GHz,4.50 GHz,,,18 MB,45W,115W,Intel 4,FCLGA1851,,4.0,20,Up to DDR5 5600 MT/s,2,,96 GB,no,,,Intel Arc graphics,7,2.20 GHz,,2024-Q2,,,https://ark.intel.com/,1,high,2 of the E-cores are low-power (LP E-cores)
Intel,cpu,,Core Ultra,Intel Core Ultra processors (Series 1),embedded,Meteor Lake-U,,Core Ultra 5 125UL,Intel Core Ultra 5 Processor 125UL,12,2,10,14,1.30 GHz,4.30 GHz,,,12 MB,15W,57W,Intel 4,FCLGA1851,,4.0,20,Up to DDR5 5600 MT/s,2,,96 GB,no,,,Intel Graphics,4,1.85 GHz,,2024-Q2,,,https://ark.intel.com/,1,high,2 of the E-cores are low-power (LP E-cores)
Intel,cpu,,Core Ultra,Intel Core Ultra processors (Series 1),embedded,Meteor Lake-H,,Core Ultra 5 135HL,Intel Core Ultra 5 Processor 135HL,14,4,10,18,1.70 GHz,4.60 GHz,,,18 MB,45W,115W,Intel 4,FCLGA1851,,4.0,20,Up to DDR5 5600 MT/s,2,,96 GB,no,,,Intel Arc graphics,8,2.20 GHz,,2024-Q2,,,https://ark.intel.com/,1,high,2 of the E-cores are low-power (LP E-cores)
Intel,cpu,,Core Ultra,Intel Core Ultra processors (Series 1),embedded,Meteor Lake-U,,Core Ultra 5 135UL,Intel Core Ultra 5 Processor 135UL,12,2,10,14,1.60 GHz,4.40 GHz,,,12 MB,15W,57W,Intel 4,FCLGA1851,,4.0,20,Up to DDR5 5600 MT/s,2,,96 GB,no,,,Intel Graphics,4,1.90 GHz,,2024-Q2,,,https://ark.intel.com/,1,high,2 of the E-cores are low-power (LP E-cores)
Intel,cpu,,Core Ultra,Intel Core Ultra processors (Series 1),embedded,Meteor Lake-H,,Core Ultra 7 155HL,Intel Core Ultra 7 Processor 155HL,16,6,10,22,2.40 GHz,4.80 GHz,,,24 MB,45W,115W,Intel 4,FCLGA1851,,4.0,20,Up to DDR5 5600 MT/s,2,,96 GB,no,,,Intel Arc graphics,8,2.25 GHz,,2024-Q2,,,https://ark.intel.com/,1,high,2 of the E-cores are low-power (LP E-cores)
Intel,cpu,,Core Ultra,Intel Core Ultra processors (Series 1),embedded,Meteor Lake-U,,Core Ultra 7 155UL,Intel Core Ultra 7 Processor 155UL,12,2,10,14,1.70 GHz,4.80 GHz,,,12 MB,15W,57W,Intel 4,FCLGA1851,,4.0,20,Up to DDR5 5600 MT/s,2,,96 GB,no,,,Intel Graphics,4,1.95 GHz,,2024-Q2,,,https://ark.intel.com/,1,high,2 of the E-cores are low-power (LP E-cores)
Intel,cpu,,Core Ultra,Intel Core Ultra processors (Series 1),embedded,Meteor Lake-H,,Core Ultra 7 165HL,Intel Core Ultra 7 Processor 165HL,16,6,10,22,1.40 GHz,5.00 GHz,,,24 MB,45W,115W,Intel 4,FCLGA1851,,4.0,20,Up to DDR5 5600 MT/s,2,,96 GB,no,,,Intel Arc graphics,8,2.30 GHz,,2024-Q2,,,https://ark.intel.com/,1,high,2 of the E-cores are low-power (LP E-cores)
Intel,cpu,,Core Ultra,Intel Core Ultra processors (Series 1),embedded,Meteor Lake-U,,Core Ultra 7 165UL,Intel Core Ultra 7 Processor 165UL,12,2,10,14,1.70 GHz,4.90 GHz,,,12 MB,15W,57W,Intel 4,FCLGA1851,,4.0,20,Up to DDR5 5600 MT/s,2,,96 GB,no,,,Intel Graphics,4,2.00 GHz,,2024-Q2,,,https://ark.intel.com/,1,high,2 of the E-cores are low-power (LP E-cores)
Intel,cpu,,Core,Intel Core i5 processors (14th gen),embedded,Raptor Lake-S,Raptor Cove + Gracemont,Core i5 processor 14401E,Intel Core i5 processor 14401E,6,6,0,12,2.50 GHz,4.70 GHz,,12 MB,24 MB,65W,,Intel 7,FCLGA1700,1,5.0,20,Up to DDR5 4800 MT/s Up to DDR4 3200 MT/s,2,,192 GB,yes,,,Intel UHD Graphics 730,,1.55 GHz,,2024-Q3,,,https://ark.intel.com/,1,high,
Intel,cpu,,Core,Intel Core i5 processors (14th gen),embedded,Raptor Lake-S,Raptor Cove + Gracemont,Core i5 processor 14401TE,Intel Core i5 processor 14401TE,6,6,0,12,2.00 GHz,4.50 GHz,,12 MB,24 MB,45W,,Intel 7,FCLGA1700,1,5.0,20,Up to DDR5 4800 MT/s Up to DDR4 3200 MT/s,2,,192 GB,yes,,,Intel UHD Graphics 730,,1.55 GHz,,2024-Q3,,,https://ark.intel.com/,1,high,
Intel,cpu,,Core,Intel Core i5 processors (14th gen),embedded,Raptor Lake-S,Raptor Cove + Gracemont,Core i5 processor 14501E,Intel Core i5 processor 14501E,6,6,0,12,3.30 GHz,5.20 GHz,,12 MB,24 MB,65W,,Intel 7,FCLGA1700,1,5.0,20,Up to DDR5 4800 MT/s Up to DDR4 3200 MT/s,2,,192 GB,yes,,,Intel UHD Graphics 770,,1.55 GHz,,2024-Q3,,,https://ark.intel.com/,1,high,
Intel,cpu,,Core,Intel Core i5 processors (14th gen),embedded,Raptor Lake-S,Raptor Cove + Gracemont,Core i5 processor 14501TE,Intel Core i5 processor 14501TE,6,6,0,12,2.20 GHz,5.10 GHz,,12 MB,24 MB,45W,,Intel 7,FCLGA1700,1,5.0,20,Up to DDR5 4800 MT/s Up to DDR4 3200 MT/s,2,,192 GB,yes,,,Intel UHD Graphics 770,,1.55 GHz,,2024-Q3,,,https://ark.intel.com/,1,high,
Intel,cpu,,Core,Intel Core i7 processors (14th gen),embedded,Raptor Lake-S,Raptor Cove + Gracemont,Core i7 processor 14701E,Intel Core i7 processor 14701E,8,8,0,16,2.60 GHz,5.40 GHz,,16 MB,33 MB,65W,,Intel 7,FCLGA1700,1,5.0,20,Up to DDR5 5600 MT/s Up to DDR4 3200 MT/s,2,,192 GB,yes,,,Intel UHD Graphics 770,,1.65 GHz,,2024-Q3,,,https://ark.intel.com/,1,high,
Intel,cpu,,Core,Intel Core i7 processors (14th gen),embedded,Raptor Lake-S,Raptor Cove + Gracemont,Core i7 processor 14701TE,Intel Core i7 processor 14701TE,8,8,0,16,2.10 GHz,5.20 GHz,,16 MB,33 MB,45W,,Intel 7,FCLGA1700,1,5.0,20,Up to DDR5 5600 MT/s Up to DDR4 3200 MT/s,2,,192 GB,yes,,,Intel UHD Graphics 770,,1.65 GHz,,2024-Q3,,,https://ark.intel.com/,1,high,
Intel,cpu,,Core,Intel Core i9 processors (14th gen),embedded,Raptor Lake-S,Raptor Cove + Gracemont,Core i9 processor 14901E,Intel Core i9 processor 14901E,8,8,0,16,2.80 GHz,5.60 GHz,,16 MB,36 MB,65W,,Intel 7,FCLGA1700,1,5.0,20,Up to DDR5 5600 MT/s Up to DDR4 3200 MT/s,2,,192 GB,yes,,,Intel UHD Graphics 770,,1.65 GHz,,2024-Q3,,,https://ark.intel.com/,1,high,
Intel,cpu,,Core,Intel Core i9 processors (14th gen),embedded,Raptor Lake-S,Raptor Cove + Gracemont,Core i9 processor 14901TE,Intel Core i9 processor 14901TE,8,8,0,16,2.30 GHz,5.50 GHz,,16 MB,36 MB,45W,,Intel 7,FCLGA1700,1,5.0,20,Up to DDR5 5600 MT/s Up to DDR4 3200 MT/s,2,,192 GB,yes,,,Intel UHD Graphics 770,,1.65 GHz,,2024-Q3,,,https://ark.intel.com/,1,high,
Intel,cpu,,Core,Intel Core processors (Series 1),embedded,Raptor Lake-H,Raptor Cove + Gracemont,Core 3 processor 100HL,Intel Core 3 processor 100HL,8,4,4,12,2.10 GHz,4.60 GHz,,,12 MB,45W,115W,Intel 7,FCLGA1700,,4,20,Up to DDR5 5200 MT/s Up to DDR4 3200 MT/s,2,,96 GB,no,,,Intel Graphics,,1.30 GHz,,2024-Q2,,,https://ark.intel.com/,1,high,0 of the E-cores are low-power (LP E-cores)
Intel,cpu,,Core,Intel Core processors (Series 1),embedded,Raptor Lake-U,Raptor Cove + Gracemont,Core 3 processor 100UL,Intel Core 3 processor 100UL,6,2,4,8,,4.50 GHz,,,10 MB,15W,55W,Intel 7,FCLGA1700,,4,20,Up to DDR5 5200 MT/s Up to DDR4 3200 MT/s,2,,96 GB,no,,,Intel Graphics,,1.25 GHz,,2024-Q2,,,https://ark.intel.com/,1,high,0 of the E-cores are low-power (LP E-cores)
Intel,cpu,,Core,Intel Core processors (Series 1),embedded,Raptor Lake-H,Raptor Cove + Gracemont,Core 5 processor 120HL,Intel Core 5 processor 120HL,12,4,8,16,,4.70 GHz,,,18 MB,45W,95W,Intel 7,FCLGA1700,,4,20,Up to DDR5 5200 MT/s Up to DDR4 3200 MT/s,2,,96 GB,no,,,Intel Graphics,,1.45 GHz,,2024-Q2,,,https://ark.intel.com/,1,high,0 of the E-cores are low-power (LP E-cores)
Intel,cpu,,Core,Intel Core processors (Series 1),embedded,Raptor Lake-U,Raptor Cove + Gracemont,Core 5 processor 120UL,Intel Core 5 processor 120UL,10,2,8,12,,4.60 GHz,,,12 MB,15W,55W,Intel 7,FCLGA1700,,4,20,Up to DDR5 5200 MT/s Up to DDR4 3200 MT/s,2,,96 GB,no,,,Intel Graphics,,1.25 GHz,,2024-Q2,,,https://ark.intel.com/,1,high,0 of the E-cores are low-power (LP E-cores)
Intel,cpu,,Core,Intel Core processors (Series 1),embedded,Raptor Lake-H,Raptor Cove + Gracemont,Core 5 processor 130HL,Intel Core 5 processor 130HL,12,4,8,16,,4.80 GHz,,,18 MB,45W,95W,Intel 7,FCLGA1700,,4,20,Up to DDR5 5200 MT/s Up to DDR4 3200 MT/s,2,,96 GB,no,,,Intel Graphics,,1.50 GHz,,2024-Q2,,,https://ark.intel.com/,1,high,0 of the E-cores are low-power (LP E-cores)
Intel,cpu,,Core,Intel Core processors (Series 1),embedded,Raptor Lake-U,Raptor Cove + Gracemont,Core 5 processor 130UL,Intel Core 5 processor 130UL,10,2,8,12,,4.70 GHz,,,12 MB,15W,55W,Intel 7,FCLGA1700,,4,20,Up to DDR5 5200 MT/s Up to DDR4 3200 MT/s,2,,96 GB,no,,,Intel Graphics,,1.25 GHz,,2024-Q2,,,https://ark.intel.com/,1,high,0 of the E-cores are low-power (LP E-cores)
Intel,cpu,,Core,Intel Core processors (Series 1),embedded,Raptor Lake-H,Raptor Cove + Gracemont,Core 7 processor 150HL,Intel Core 7 processor 150HL,14,6,8,20,,5.00 GHz,,,24 MB,45W,115W,Intel 7,FCLGA1700,,4,20,Up to DDR5 5200 MT/s Up to DDR4 3200 MT/s,2,,96 GB,no,,,Intel Graphics,,1.50 GHz,,2024-Q2,,,https://ark.intel.com/,1,high,0 of the E-cores are low-power (LP E-cores)
Intel,cpu,,Core,Intel Core processors (Series 1),embedded,Raptor Lake-U,Raptor Cove + Gracemont,Core 7 processor 150UL,Intel Core 7 processor 150UL,10,2,8,12,,5.00 GHz,,,12 MB,15W,55W,Intel 7,FCLGA1700,,4,20,Up to DDR5 5200 MT/s Up to DDR4 3200 MT/s,2,,96 GB,no,,,Intel Graphics,,1.30 GHz,,2024-Q2,,,https://ark.intel.com/,1,high,0 of the E-cores are low-power (LP E-cores)
Intel,cpu,,Core,Intel Core processors (Series 1),embedded,Raptor Lake-H,Raptor Cove + Gracemont,Core 7 processor 160HL,Intel Core 7 processor 160HL,14,6,8,20,,5.20 GHz,,,24 MB,45W,115W,Intel 7,FCLGA1700,,4,20,Up to DDR5 5200 MT/s Up to DDR4 3200 MT/s,2,,96 GB,no,,,Intel Graphics,,1.50 GHz,,2024-Q2,,,https://ark.intel.com/,1,high,0 of the E-cores are low-power (LP E-cores)
Intel,cpu,,Core,Intel Core processors (Series 1),embedded,Raptor Lake-U,Raptor Cove + Gracemont,Core 7 processor 160UL,Intel Core 7 processor 160UL,10,2,8,12,,5.20 GHz,,,12 MB,15W,55W,Intel 7,FCLGA1700,,4,20,Up to DDR5 5200 MT/s Up to DDR4 3200 MT/s,2,,96 GB,no,,,Intel Graphics,,1.30 GHz,,2024-Q2,,,https://ark.intel.com/,1,high,0 of the E-cores are low-power (LP E-cores)
Intel,cpu,,Core,Intel Core processors (Series 2),embedded,Bartlett Lake-S,Raptor Cove + Gracemont,Core 3 201E,Intel Core 3 Processor 201E,4,4,0,8,3.60 GHz,4.80 GHz,,,12 MB,60W,,,FCLGA1700,1,5.0,20,Up to DDR5 4800 MT/s Up to DDR4 3200 MT/s,2,,192 GB,yes,,,Intel UHD Graphics 730,,1.55 GHz,,2025-Q1,,,https://ark.intel.com/,1,high,
Intel,cpu,,Core,Intel Core processors (Series 2),embedded,Bartlett Lake-S,Raptor Cove + Gracemont,Core 3 201TE,Intel Core 3 Processor 201TE,4,4,0,8,2.90 GHz,4.60 GHz,,,12 MB,45W,,,FCLGA1700,1,5.0,20,Up to DDR5 4800 MT/s Up to DDR4 3200 MT/s,2,,192 GB,yes,,,Intel UHD Graphics 730,,1.55 GHz,,2025-Q1,,,https://ark.intel.com/,1,high,
Intel,cpu,,Core,Intel Core processors (Series 2),embedded,Bartlett Lake-S,Raptor Cove + Gracemont,Core 5 211E,Intel Core 5 Processor 211E,10,6,4,16,2.70 GHz,4.90 GHz,,,20 MB,65W,,,FCLGA1700,1,5.0,20,Up to DDR5 4800 MT/s Up to DDR4 3200 MT/s,2,,192 GB,yes,,,Intel UHD Graphics 730,,1.55 GHz,,2025-Q1,,,https://ark.intel.com/,1,high,
Intel,cpu,,Core,Intel Core processors (Series 2),embedded,Bartlett Lake-S,Raptor Cove + Gracemont,Core 5 211TE,Intel Core 5 Processor 211TE,10,6,4,16,1.70 GHz,4.80 GHz,,,20 MB,45W,,,FCLGA1700,1,5.0,20,Up to DDR5 4800 MT/s Up to DDR4 3200 MT/s,2,,192 GB,yes,,,Intel UHD Graphics 730,,1.55 GHz,,2025-Q1,,,https://ark.intel.com/,1,high,
Intel,cpu,,Core,Intel Core processors (Series 2),embedded,Bartlett Lake-S,Raptor Cove,Core 5 213PE,Intel Core 5 Processor 213PE,8,8,0,16,2.70 GHz,5.20 GHz,,,24 MB,65W,,Intel 7,FCLGA1700,1,5.0,20,DDR5 up to 4800 MT/s DDR4 up to 3200 MT/s,2,,192 GB,yes,,,Intel UHD Graphics 730,,1.65 GHz,,2026-Q1,,,https://ark.intel.com/,1,high,
Intel,cpu,,Core,Intel Core processors (Series 2),embedded,Bartlett Lake-S,Raptor Cove,Core 5 213PTE,Intel Core 5 Processor 213PTE,8,8,0,16,2.10 GHz,5.20 GHz,,,24 MB,45W,,Intel 7,FCLGA1700,1,5.0,20,DDR5 up to 4800 MT/s DDR4 up to 3200 MT/s,2,,192 GB,yes,,,Intel UHD Graphics 730,,1.65 GHz,,2026-Q1,,,https://ark.intel.com/,1,high,
Intel,cpu,,Core,Intel Core processors (Series 2),embedded,Bartlett Lake-S,Raptor Cove + Gracemont,Core 5 221E,Intel Core 5 Processor 221E,14,6,8,20,2.70 GHz,5.20 GHz,,,24 MB,65W,,,FCLGA1700,1,5.0,20,Up to DDR5 5600 MT/s Up to DDR4 3200 MT/s,2,,192 GB,yes,,,Intel UHD Graphics 770,,1.55 GHz,,2025-Q1,,,https://ark.intel.com/,1,high,
Intel,cpu,,Core,Intel Core processors (Series 2),embedded,Bartlett Lake-S,Raptor Cove + Gracemont,Core 5 221TE,Intel Core 5 Processor 221TE,14,6,8,20,1.80 GHz,5.00 GHz,,,24 MB,45W,,,FCLGA1700,1,5.0,20,Up to DDR5 4800 MT/s Up to DDR4 3200 MT/s,2,,192 GB,yes,,,Intel UHD Graphics 770,,1.55 GHz,,2025-Q1,,,https://ark.intel.com/,1,high,
Intel,cpu,,Core,Intel Core processors (Series 2),embedded,Bartlett Lake-S,Raptor Cove,Core 5 223PE,Intel Core 5 Processor 223PE,8,8,0,16,2.90 GHz,5.40 GHz,,,24 MB,65W,,Intel 7,FCLGA1700,1,5.0,20,DDR5 up to 5600 MT/s DDR4 up to 3200 MT/s,2,,192 GB,yes,,,Intel UHD Graphics 770,,1.65 GHz,,2026-Q1,,,https://ark.intel.com/,1,high,
Intel,cpu,,Core,Intel Core processors (Series 2),embedded,Bartlett Lake-S,Raptor Cove,Core 5 223PQE,Intel Core 5 Processor 223PQE,8,8,0,16,4.00 GHz,5.50 GHz,,,24 MB,125W,,Intel 7,FCLGA1700,1,5.0,20,DDR5 up to 5600 MT/s DDR4 up to 3200 MT/s,2,,192 GB,yes,,,Intel UHD Graphics 770,,1.65 GHz,,2026-Q1,,,https://ark.intel.com/,1,high,
Intel,cpu,,Core,Intel Core processors (Series 2),embedded,Bartlett Lake-S,Raptor Cove,Core 5 223PTE,Intel Core 5 Processor 223PTE,8,8,0,16,2.30 GHz,5.40 GHz,,,24 MB,45W,,Intel 7,FCLGA1700,1,5.0,20,DDR5 up to 5600 MT/s DDR4 up to 3200 MT/s,2,,192 GB,yes,,,Intel UHD Graphics 770,,1.65 GHz,,2026-Q1,,,https://ark.intel.com/,1,high,
Intel,cpu,,Core,Intel Core processors (Series 2),embedded,Bartlett Lake-S,Raptor Cove + Gracemont,Core 7 251E,Intel Core 7 Processor 251E,24,8,16,32,2.10 GHz,5.60 GHz,,,36 MB,65W,,,FCLGA1700,1,5.0,20,Up to DDR5 5600 MT/s Up to DDR4 3200 MT/s,2,,192 GB,yes,,,Intel UHD Graphics 770,,1.66 GHz,,2025-Q1,,,https://ark.intel.com/,1,high,
Intel,cpu,,Core,Intel Core processors (Series 2),embedded,Bartlett Lake-S,Raptor Cove + Gracemont,Core 7 251TE,Intel Core 7 Processor 251TE,24,8,16,32,1.40 GHz,5.40 GHz,,,36 MB,45W,,,FCLGA1700,1,5.0,20,Up to DDR5 5600 MT/s Up to DDR4 3200 MT/s,2,,192 GB,yes,,,Intel UHD Graphics 770,,1.60 GHz,,2025-Q1,,,https://ark.intel.com/,1,high,
Intel,cpu,,Core,Intel Core processors (Series 2),embedded,Bartlett Lake-S,Raptor Cove,Core 7 253PE,Intel Core 7 Processor 253PE,10,10,0,20,2.50 GHz,5.50 GHz,,,33 MB,65W,,Intel 7,FCLGA1700,1,5.0,20,DDR5 up to 5600 MT/s DDR4 up to 3200 MT/s,2,,192 GB,yes,,,Intel UHD Graphics 770,,1.65 GHz,,2026-Q1,,,https://ark.intel.com/,1,high,
Intel,cpu,,Core,Intel Core processors (Series 2),embedded,Bartlett Lake-S,Raptor Cove,Core 7 253PQE,Intel Core 7 Processor 253PQE,10,10,0,20,3.50 GHz,5.70 GHz,,,33 MB,125W,,Intel 7,FCLGA1700,1,5.0,20,DDR5 up to 5600 MT/s DDR4 up to 3200 MT/s,2,,192 GB,yes,,,Intel UHD Graphics 770,,1.65 GHz,,2026-Q1,,,https://ark.intel.com/,1,high,
Intel,cpu,,Core,Intel Core processors (Series 2),embedded,Bartlett Lake-S,Raptor Cove,Core 7 253PTE,Intel Core 7 Processor 253PTE,10,10,0,20,1.80 GHz,5.40 GHz,,,33 MB,45W,,Intel 7,FCLGA1700,1,5.0,20,DDR5 up to 5600 MT/s DDR4 up to 3200 MT/s,2,,192 GB,yes,,,Intel UHD Graphics 770,,1.65 GHz,,2026-Q1,,,https://ark.intel.com/,1,high,
Intel,cpu,,Core,Intel Core processors (Series 2),embedded,Bartlett Lake-S,Raptor Cove,Core 9 273PE,Intel Core 9 Processor 273PE,12,12,0,24,2.30 GHz,5.70 GHz,,,36 MB,65W,,Intel 7,FCLGA1700,1,5.0,20,DDR5 up to 5600 MT/s DDR4 up to 3200 MT/s,2,,192 GB,yes,,,Intel UHD Graphics 770,,1.65 GHz,,2026-Q1,,,https://ark.intel.com/,1,high,
Intel,cpu,,Core,Intel Core processors (Series 2),embedded,Bartlett Lake-S,Raptor Cove,Core 9 273PQE,Intel Core 9 Processor 273PQE,12,12,0,24,3.40 GHz,5.90 GHz,,,36 MB,125W,,Intel 7,FCLGA1700,1,5.0,20,DDR5 up to 5600 MT/s DDR4 up to 3200 MT/s,2,,192 GB,yes,,,Intel UHD Graphics 770,,1.65 GHz,,2026-Q1,,,https://ark.intel.com/,1,high,
Intel,cpu,,Core,Intel Core processors (Series 2),embedded,Bartlett Lake-S,Raptor Cove,Core 9 273PTE,Intel Core 9 Processor 273PTE,12,12,0,24,1.40 GHz,5.50 GHz,,,36 MB,45W,,Intel 7,FCLGA1700,1,5.0,20,DDR5 up to 5600 MT/s DDR4 up to 3200 MT/s,2,,192 GB,yes,,,Intel UHD Graphics 770,,1.65 GHz,,2026-Q1,,,https://ark.intel.com/,1,high,
Intel,cpu,,Core,Intel Core processors (Series 3),embedded,Wildcat Lake,Cougar Cove + Darkmont,Core 3 processor 305,Intel Core 3 processor 305,6,2,4,6,1.50 GHz,4.30 GHz,,,6 MB,15W,35W,Intel 18A,FCBGA1516,,4.0,6,Up to LPDDR5X 7467 MT/s Up to DDR5 6400 MT/s,1,,64 GB,,,,Intel Graphics,1,2.30 GHz,,2026-Q2,,,https://ark.intel.com/,1,high,4 of the E-cores are low-power (LP E-cores)
Intel,cpu,,Intel Processor,Intel Processor N-series,embedded,Alder Lake-N,Gracemont,Processor N97,Intel Processor N97,4,,,,,3.60 GHz,,,6 MB,12W,,Intel 7,FCBGA1264,,,9,DDR4 3200 MT/s DDR5 4800 MT/s LPDDR5 4800 MT/s,1,4800 MHz,32 GB,,,,Intel UHD Graphics,,1.20 GHz,,2023-Q1,128,,https://ark.intel.com/,1,high,
Intel,cpu,,Intel Processor,Intel Processor U-series,embedded,Raptor Lake-U,Raptor Cove + Gracemont,Processor U300E,Intel Processor U300E,5,1,4,6,1.10 GHz,4.30 GHz,,,8 MB,15W,55W,Intel 7,FCBGA1744,,4,20,Up to DDR5 5200 MT/s Up to DDR4 3200 MT/s Up to LPDDR5/x 5200 MT/s Up to LPDDR4x 4267 MT/s,2,,96 GB,no,,,Intel UHD Graphics for 13th Gen Intel Processors,,1.10 GHz,,2023-Q1,196,,https://ark.intel.com/,1,high,
Intel,cpu,,Intel Processor,Intel Processor U-series,embedded,Raptor Lake-U,Raptor Cove + Gracemont,Processor U300L,Intel Processor U300L,5,1,4,6,,4.40 GHz,,,8 MB,15W,55W,,FCLGA1700,,4,20,Up to DDR5 5200 MT/s Up to DDR4 3200 MT/s,2,,96 GB,no,,,Intel Graphics,,1.10 GHz,,2024-Q2,107,,https://ark.intel.com/,1,high,
Intel,cpu,,Intel Processor,Intel Processor U-series,embedded,Raptor Lake-U,Raptor Cove + Gracemont,Processor U301L,Intel Processor U301L,5,1,4,6,,2.20 GHz,,,8 MB,15W,55W,,FCLGA1700,,4,20,Up to DDR5 5200 MT/s Up to DDR4 3200 MT/s,2,,96 GB,no,,,Intel Graphics,,1.10 GHz,,2024-Q2,107,,https://ark.intel.com/,1,high,
Intel,cpu,,Intel Processor,Intel Processor U-series,embedded,Raptor Lake-U,Raptor Cove + Gracemont,Processor U302L,Intel Processor U302L,5,1,4,6,,2.40 GHz,,,10 MB,15W,55W,,FCLGA1700,,4,20,Up to DDR5 5200 MT/s Up to DDR4 3200 MT/s,2,,96 GB,no,,,Intel Graphics,,1.10 GHz,,2024-Q2,285,,https://ark.intel.com/,1,high,
Intel,cpu,,Intel Processor,Intel Processor U-series,embedded,Raptor Lake-U,Raptor Cove + Gracemont,Processor U303L,Intel Processor U303L,5,1,4,6,,2.60 GHz,,,12 MB,15W,55W,,FCLGA1700,,4,20,Up to DDR5 5200 MT/s Up to DDR4 3200 MT/s,2,,96 GB,no,,,Intel Graphics,,1.10 GHz,,2024-Q2,285,,https://ark.intel.com/,1,high,
Intel,cpu,,Xeon,Intel Xeon E Processor,embedded,Coffee Lake-E (E-21xx),,Xeon E-2226GE,Intel Xeon E-2226GE Processor,6,,,6,3.40 GHz,4.60 GHz,4.60 GHz,,12 MB,80W,,14 nm,FCLGA1151,1,3.0,16,DDR4-2666,2,,128 GB,yes,,,Intel UHD Graphics 630,,1.20 GHz,,2019-Q2,286,,https://ark.intel.com/,1,high,
Intel,cpu,,Xeon,Intel Xeon E Processor,embedded,Whiskey Lake-U/H,Whiskey Lake,Xeon E-2254ME,Intel Xeon E-2254ME Processor,4,,,8,2.60 GHz,3.80 GHz,3.80 GHz,,8 MB,45W,,14 nm,FCBGA1440,,3.0,16,DDR4-2666,2,,64 GB,yes,,,Intel UHD Graphics P630,,1.10 GHz,,2019-Q2,322,,https://ark.intel.com/,1,medium,codename medium-confidence (researched; ARK has no Code Name field)
Intel,cpu,,Xeon,Intel Xeon E Processor,embedded,Whiskey Lake-U/H,Whiskey Lake,Xeon E-2254ML,Intel Xeon E-2254ML Processor,4,,,8,1.70 GHz,3.50 GHz,3.50 GHz,,8 MB,25W,,14 nm,FCBGA1440,,3.0,16,DDR4-2666,2,,64 GB,yes,,,Intel UHD Graphics P630,,1.10 GHz,,2019-Q2,322,,https://ark.intel.com/,1,medium,codename medium-confidence (researched; ARK has no Code Name field)
Intel,cpu,,Xeon,Intel Xeon E Processor,embedded,Coffee Lake-H Refresh,Coffee Lake,Xeon E-2276ME,Intel Xeon E-2276ME Processor,6,,,12,2.80 GHz,4.50 GHz,4.50 GHz,,12 MB,45W,,14 nm,FCBGA1440,,3.0,16,DDR4-2666,2,,64 GB,yes,,,Intel UHD Graphics P630,,1.15 GHz,,2019-Q2,450,,https://ark.intel.com/,1,high,
Intel,cpu,,Xeon,Intel Xeon E Processor,embedded,Coffee Lake-H Refresh,Coffee Lake,Xeon E-2276ML,Intel Xeon E-2276ML Processor,6,,,12,2.00 GHz,4.20 GHz,4.20 GHz,,12 MB,25W,,14 nm,FCBGA1440,,3.0,16,DDR4-2666,2,,64 GB,yes,,,Intel UHD Graphics P630,,1.15 GHz,,2019-Q2,450,,https://ark.intel.com/,1,high,
Intel,cpu,,Xeon,Intel Xeon E Processor,embedded,Coffee Lake-E (E-21xx),,Xeon E-2278GE,Intel Xeon E-2278GE Processor,8,,,16,3.30 GHz,4.70 GHz,4.70 GHz,,16 MB,80W,,14 nm,FCLGA1151,1,3.0,16,DDR4-2666,2,,128 GB,yes,,,Intel UHD Graphics 630,,1.20 GHz,,2019-Q2,519,,https://ark.intel.com/,1,high,
Intel,cpu,,Xeon,Intel Xeon E Processor,embedded,Coffee Lake-E (E-21xx),,Xeon E-2278GEL,Intel Xeon E-2278GEL Processor,8,,,16,2.00 GHz,3.90 GHz,3.90 GHz,,16 MB,35W,,14 nm,FCLGA1151,1,3.0,16,DDR4-2666,2,,128 GB,yes,,,Intel UHD Graphics 630,,1.20 GHz,,2019-Q2,519,,https://ark.intel.com/,1,high,
